model,scenario,season_year,season,count,interval_name,variable
ACCESS1-0,historical,2003,DJF,1,pr 50mm,Precipitation
ACCESS1-3,historical,2002,DJF,1,pr 50mm,Precipitation
ACCESS1-3,historical,2005,DJF,1,pr 50mm,Precipitation
BNU-ESM,historical,2003,DJF,1,pr 50mm,Precipitation
BNU-ESM,historical,2005,DJF,1,pr 50mm,Precipitation
CCSM4,historical,2000,DJF,1,pr 50mm,Precipitation
CCSM4,historical,2005,DJF,1,pr 50mm,Precipitation
CESM1-CAM5,historical,2000,DJF,2,pr 50mm,Precipitation
CESM1-CAM5,historical,2002,DJF,2,pr 50mm,Precipitation
CESM1-CAM5,historical,2003,DJF,1,pr 50mm,Precipitation
CESM1-CAM5,historical,2004,DJF,1,pr 50mm,Precipitation
CMCC-CESM,historical,2002,DJF,1,pr 50mm,Precipitation
CMCC-CESM,historical,2005,DJF,1,pr 50mm,Precipitation
CMCC-CM,historical,2000,DJF,2,pr 50mm,Precipitation
CMCC-CM,historical,2002,DJF,1,pr 50mm,Precipitation
CMCC-CM,historical,2004,DJF,2,pr 50mm,Precipitation
CMCC-CMS,historical,2000,DJF,2,pr 50mm,Precipitation
CNRM-CM5,historical,2000,DJF,2,pr 50mm,Precipitation
CNRM-CM5,historical,2002,DJF,1,pr 50mm,Precipitation
CSIRO-Mk3-6-0,historical,2005,DJF,2,pr 50mm,Precipitation
CanESM2,historical,2001,DJF,1,pr 50mm,Precipitation
CanESM2,historical,2003,DJF,1,pr 50mm,Precipitation
EC-EARTH,historical,2001,DJF,1,pr 50mm,Precipitation
EC-EARTH,historical,2004,DJF,1,pr 50mm,Precipitation
EC-EARTH,historical,2005,DJF,1,pr 50mm,Precipitation
FGOALS-g2,historical,2000,DJF,1,pr 50mm,Precipitation
FGOALS-g2,historical,2004,DJF,1,pr 50mm,Precipitation
GFDL-CM3,historical,2001,DJF,1,pr 50mm,Precipitation
GFDL-CM3,historical,2003,DJF,1,pr 50mm,Precipitation
GFDL-ESM2G,historical,2002,DJF,1,pr 50mm,Precipitation
GFDL-ESM2G,historical,2003,DJF,3,pr 50mm,Precipitation
GFDL-ESM2G,historical,2005,DJF,1,pr 50mm,Precipitation
GFDL-ESM2M,historical,2004,DJF,1,pr 50mm,Precipitation
IPSL-CM5A-LR,historical,2001,DJF,1,pr 50mm,Precipitation
IPSL-CM5A-LR,historical,2002,DJF,2,pr 50mm,Precipitation
IPSL-CM5B-LR,historical,2002,DJF,1,pr 50mm,Precipitation
IPSL-CM5B-LR,historical,2003,DJF,1,pr 50mm,Precipitation
IPSL-CM5B-LR,historical,2005,DJF,1,pr 50mm,Precipitation
MIROC-ESM,historical,2004,DJF,1,pr 50mm,Precipitation
MIROC-ESM-CHEM,historical,2000,DJF,1,pr 50mm,Precipitation
MIROC-ESM-CHEM,historical,2003,DJF,2,pr 50mm,Precipitation
MIROC-ESM-CHEM,historical,2004,DJF,1,pr 50mm,Precipitation
MIROC-ESM-CHEM,historical,2005,DJF,1,pr 50mm,Precipitation
MIROC5,historical,2004,DJF,2,pr 50mm,Precipitation
MPI-ESM-MR,historical,2000,DJF,2,pr 50mm,Precipitation
MPI-ESM-MR,historical,2001,DJF,1,pr 50mm,Precipitation
MPI-ESM-MR,historical,2004,DJF,1,pr 50mm,Precipitation
MRI-CGCM3,historical,2003,DJF,1,pr 50mm,Precipitation
MRI-CGCM3,historical,2005,DJF,2,pr 50mm,Precipitation
MRI-ESM1,historical,2000,DJF,1,pr 50mm,Precipitation
NorESM1-M,historical,2001,DJF,1,pr 50mm,Precipitation
NorESM1-M,historical,2002,DJF,1,pr 50mm,Precipitation
NorESM1-M,historical,2004,DJF,1,pr 50mm,Precipitation
bcc-csm1-1,historical,2000,DJF,2,pr 50mm,Precipitation
bcc-csm1-1,historical,2001,DJF,1,pr 50mm,Precipitation
bcc-csm1-1,historical,2002,DJF,1,pr 50mm,Precipitation
bcc-csm1-1-m,historical,2000,DJF,1,pr 50mm,Precipitation
bcc-csm1-1-m,historical,2001,DJF,1,pr 50mm,Precipitation
bcc-csm1-1-m,historical,2002,DJF,1,pr 50mm,Precipitation
bcc-csm1-1-m,historical,2003,DJF,1,pr 50mm,Precipitation
bcc-csm1-1-m,historical,2005,DJF,1,pr 50mm,Precipitation
inmcm4,historical,2001,DJF,2,pr 50mm,Precipitation
inmcm4,historical,2002,DJF,3,pr 50mm,Precipitation
inmcm4,historical,2004,DJF,1,pr 50mm,Precipitation
ACCESS1-0,historical,2000,JJA,1,pr 50mm,Precipitation
ACCESS1-0,historical,2001,JJA,2,pr 50mm,Precipitation
ACCESS1-0,historical,2002,JJA,3,pr 50mm,Precipitation
ACCESS1-0,historical,2003,JJA,1,pr 50mm,Precipitation
ACCESS1-0,historical,2004,JJA,1,pr 50mm,Precipitation
ACCESS1-0,historical,2005,JJA,4,pr 50mm,Precipitation
ACCESS1-3,historical,2000,JJA,3,pr 50mm,Precipitation
ACCESS1-3,historical,2001,JJA,2,pr 50mm,Precipitation
ACCESS1-3,historical,2002,JJA,5,pr 50mm,Precipitation
ACCESS1-3,historical,2003,JJA,1,pr 50mm,Precipitation
ACCESS1-3,historical,2004,JJA,5,pr 50mm,Precipitation
ACCESS1-3,historical,2005,JJA,4,pr 50mm,Precipitation
BNU-ESM,historical,2000,JJA,1,pr 50mm,Precipitation
BNU-ESM,historical,2001,JJA,2,pr 50mm,Precipitation
BNU-ESM,historical,2002,JJA,8,pr 50mm,Precipitation
BNU-ESM,historical,2003,JJA,4,pr 50mm,Precipitation
BNU-ESM,historical,2004,JJA,4,pr 50mm,Precipitation
BNU-ESM,historical,2005,JJA,6,pr 50mm,Precipitation
CCSM4,historical,2000,JJA,2,pr 50mm,Precipitation
CCSM4,historical,2002,JJA,1,pr 50mm,Precipitation
CCSM4,historical,2003,JJA,3,pr 50mm,Precipitation
CCSM4,historical,2004,JJA,1,pr 50mm,Precipitation
CCSM4,historical,2005,JJA,1,pr 50mm,Precipitation
CESM1-BGC,historical,2000,JJA,4,pr 50mm,Precipitation
CESM1-BGC,historical,2001,JJA,5,pr 50mm,Precipitation
CESM1-BGC,historical,2002,JJA,7,pr 50mm,Precipitation
CESM1-BGC,historical,2003,JJA,4,pr 50mm,Precipitation
CESM1-BGC,historical,2004,JJA,1,pr 50mm,Precipitation
CESM1-BGC,historical,2005,JJA,4,pr 50mm,Precipitation
CESM1-CAM5,historical,2000,JJA,4,pr 50mm,Precipitation
CESM1-CAM5,historical,2001,JJA,4,pr 50mm,Precipitation
CESM1-CAM5,historical,2002,JJA,1,pr 50mm,Precipitation
CESM1-CAM5,historical,2003,JJA,2,pr 50mm,Precipitation
CESM1-CAM5,historical,2004,JJA,3,pr 50mm,Precipitation
CESM1-CAM5,historical,2005,JJA,2,pr 50mm,Precipitation
CMCC-CESM,historical,2000,JJA,5,pr 50mm,Precipitation
CMCC-CESM,historical,2001,JJA,4,pr 50mm,Precipitation
CMCC-CESM,historical,2002,JJA,4,pr 50mm,Precipitation
CMCC-CESM,historical,2003,JJA,4,pr 50mm,Precipitation
CMCC-CESM,historical,2004,JJA,10,pr 50mm,Precipitation
CMCC-CM,historical,2000,JJA,4,pr 50mm,Precipitation
CMCC-CM,historical,2001,JJA,4,pr 50mm,Precipitation
CMCC-CM,historical,2004,JJA,1,pr 50mm,Precipitation
CMCC-CM,historical,2005,JJA,4,pr 50mm,Precipitation
CMCC-CMS,historical,2000,JJA,7,pr 50mm,Precipitation
CMCC-CMS,historical,2001,JJA,6,pr 50mm,Precipitation
CMCC-CMS,historical,2002,JJA,10,pr 50mm,Precipitation
CMCC-CMS,historical,2003,JJA,3,pr 50mm,Precipitation
CMCC-CMS,historical,2004,JJA,1,pr 50mm,Precipitation
CMCC-CMS,historical,2005,JJA,4,pr 50mm,Precipitation
CNRM-CM5,historical,2000,JJA,3,pr 50mm,Precipitation
CNRM-CM5,historical,2001,JJA,4,pr 50mm,Precipitation
CNRM-CM5,historical,2002,JJA,3,pr 50mm,Precipitation
CNRM-CM5,historical,2003,JJA,2,pr 50mm,Precipitation
CNRM-CM5,historical,2004,JJA,4,pr 50mm,Precipitation
CNRM-CM5,historical,2005,JJA,2,pr 50mm,Precipitation
CSIRO-Mk3-6-0,historical,2000,JJA,1,pr 50mm,Precipitation
CSIRO-Mk3-6-0,historical,2001,JJA,4,pr 50mm,Precipitation
CSIRO-Mk3-6-0,historical,2002,JJA,3,pr 50mm,Precipitation
CSIRO-Mk3-6-0,historical,2004,JJA,3,pr 50mm,Precipitation
CSIRO-Mk3-6-0,historical,2005,JJA,2,pr 50mm,Precipitation
CanESM2,historical,2000,JJA,7,pr 50mm,Precipitation
CanESM2,historical,2001,JJA,5,pr 50mm,Precipitation
CanESM2,historical,2002,JJA,5,pr 50mm,Precipitation
CanESM2,historical,2003,JJA,4,pr 50mm,Precipitation
CanESM2,historical,2004,JJA,3,pr 50mm,Precipitation
CanESM2,historical,2005,JJA,3,pr 50mm,Precipitation
EC-EARTH,historical,2000,JJA,2,pr 50mm,Precipitation
EC-EARTH,historical,2001,JJA,2,pr 50mm,Precipitation
EC-EARTH,historical,2003,JJA,9,pr 50mm,Precipitation
EC-EARTH,historical,2004,JJA,1,pr 50mm,Precipitation
EC-EARTH,historical,2005,JJA,2,pr 50mm,Precipitation
FGOALS-g2,historical,2000,JJA,3,pr 50mm,Precipitation
FGOALS-g2,historical,2001,JJA,3,pr 50mm,Precipitation
FGOALS-g2,historical,2002,JJA,2,pr 50mm,Precipitation
FGOALS-g2,historical,2003,JJA,4,pr 50mm,Precipitation
FGOALS-g2,historical,2004,JJA,1,pr 50mm,Precipitation
FGOALS-g2,historical,2005,JJA,1,pr 50mm,Precipitation
GFDL-CM3,historical,2001,JJA,1,pr 50mm,Precipitation
GFDL-CM3,historical,2002,JJA,1,pr 50mm,Precipitation
GFDL-CM3,historical,2003,JJA,4,pr 50mm,Precipitation
GFDL-CM3,historical,2004,JJA,2,pr 50mm,Precipitation
GFDL-CM3,historical,2005,JJA,1,pr 50mm,Precipitation
GFDL-ESM2G,historical,2001,JJA,5,pr 50mm,Precipitation
GFDL-ESM2G,historical,2002,JJA,5,pr 50mm,Precipitation
GFDL-ESM2G,historical,2004,JJA,3,pr 50mm,Precipitation
GFDL-ESM2G,historical,2005,JJA,2,pr 50mm,Precipitation
GFDL-ESM2M,historical,2000,JJA,6,pr 50mm,Precipitation
GFDL-ESM2M,historical,2001,JJA,5,pr 50mm,Precipitation
GFDL-ESM2M,historical,2002,JJA,2,pr 50mm,Precipitation
GFDL-ESM2M,historical,2003,JJA,8,pr 50mm,Precipitation
GFDL-ESM2M,historical,2004,JJA,5,pr 50mm,Precipitation
GFDL-ESM2M,historical,2005,JJA,3,pr 50mm,Precipitation
IPSL-CM5A-LR,historical,2000,JJA,1,pr 50mm,Precipitation
IPSL-CM5A-LR,historical,2001,JJA,2,pr 50mm,Precipitation
IPSL-CM5A-LR,historical,2002,JJA,2,pr 50mm,Precipitation
IPSL-CM5A-LR,historical,2004,JJA,1,pr 50mm,Precipitation
IPSL-CM5A-LR,historical,2005,JJA,1,pr 50mm,Precipitation
IPSL-CM5A-MR,historical,2000,JJA,3,pr 50mm,Precipitation
IPSL-CM5A-MR,historical,2001,JJA,6,pr 50mm,Precipitation
IPSL-CM5A-MR,historical,2002,JJA,10,pr 50mm,Precipitation
IPSL-CM5A-MR,historical,2003,JJA,4,pr 50mm,Precipitation
IPSL-CM5A-MR,historical,2004,JJA,2,pr 50mm,Precipitation
IPSL-CM5A-MR,historical,2005,JJA,10,pr 50mm,Precipitation
IPSL-CM5B-LR,historical,2000,JJA,5,pr 50mm,Precipitation
IPSL-CM5B-LR,historical,2001,JJA,8,pr 50mm,Precipitation
IPSL-CM5B-LR,historical,2002,JJA,4,pr 50mm,Precipitation
IPSL-CM5B-LR,historical,2003,JJA,2,pr 50mm,Precipitation
IPSL-CM5B-LR,historical,2004,JJA,2,pr 50mm,Precipitation
IPSL-CM5B-LR,historical,2005,JJA,7,pr 50mm,Precipitation
MIROC-ESM,historical,2000,JJA,1,pr 50mm,Precipitation
MIROC-ESM,historical,2001,JJA,6,pr 50mm,Precipitation
MIROC-ESM,historical,2002,JJA,2,pr 50mm,Precipitation
MIROC-ESM,historical,2003,JJA,1,pr 50mm,Precipitation
MIROC-ESM,historical,2005,JJA,3,pr 50mm,Precipitation
MIROC-ESM-CHEM,historical,2000,JJA,14,pr 50mm,Precipitation
MIROC-ESM-CHEM,historical,2001,JJA,2,pr 50mm,Precipitation
MIROC-ESM-CHEM,historical,2003,JJA,5,pr 50mm,Precipitation
MIROC-ESM-CHEM,historical,2004,JJA,5,pr 50mm,Precipitation
MIROC-ESM-CHEM,historical,2005,JJA,9,pr 50mm,Precipitation
MIROC5,historical,2000,JJA,4,pr 50mm,Precipitation
MIROC5,historical,2001,JJA,6,pr 50mm,Precipitation
MIROC5,historical,2002,JJA,2,pr 50mm,Precipitation
MIROC5,historical,2003,JJA,1,pr 50mm,Precipitation
MIROC5,historical,2004,JJA,6,pr 50mm,Precipitation
MIROC5,historical,2005,JJA,4,pr 50mm,Precipitation
MPI-ESM-LR,historical,2000,JJA,2,pr 50mm,Precipitation
MPI-ESM-LR,historical,2001,JJA,1,pr 50mm,Precipitation
MPI-ESM-LR,historical,2002,JJA,3,pr 50mm,Precipitation
MPI-ESM-LR,historical,2003,JJA,4,pr 50mm,Precipitation
MPI-ESM-LR,historical,2004,JJA,3,pr 50mm,Precipitation
MPI-ESM-LR,historical,2005,JJA,4,pr 50mm,Precipitation
MPI-ESM-MR,historical,2000,JJA,2,pr 50mm,Precipitation
MPI-ESM-MR,historical,2001,JJA,2,pr 50mm,Precipitation
MPI-ESM-MR,historical,2002,JJA,4,pr 50mm,Precipitation
MPI-ESM-MR,historical,2003,JJA,5,pr 50mm,Precipitation
MPI-ESM-MR,historical,2004,JJA,4,pr 50mm,Precipitation
MPI-ESM-MR,historical,2005,JJA,4,pr 50mm,Precipitation
MRI-CGCM3,historical,2000,JJA,1,pr 50mm,Precipitation
MRI-CGCM3,historical,2001,JJA,3,pr 50mm,Precipitation
MRI-CGCM3,historical,2002,JJA,4,pr 50mm,Precipitation
MRI-CGCM3,historical,2003,JJA,2,pr 50mm,Precipitation
MRI-CGCM3,historical,2004,JJA,4,pr 50mm,Precipitation
MRI-CGCM3,historical,2005,JJA,2,pr 50mm,Precipitation
MRI-ESM1,historical,2000,JJA,3,pr 50mm,Precipitation
MRI-ESM1,historical,2001,JJA,5,pr 50mm,Precipitation
MRI-ESM1,historical,2002,JJA,2,pr 50mm,Precipitation
MRI-ESM1,historical,2003,JJA,6,pr 50mm,Precipitation
MRI-ESM1,historical,2004,JJA,2,pr 50mm,Precipitation
MRI-ESM1,historical,2005,JJA,3,pr 50mm,Precipitation
NorESM1-M,historical,2000,JJA,9,pr 50mm,Precipitation
NorESM1-M,historical,2001,JJA,3,pr 50mm,Precipitation
NorESM1-M,historical,2002,JJA,1,pr 50mm,Precipitation
NorESM1-M,historical,2003,JJA,3,pr 50mm,Precipitation
NorESM1-M,historical,2004,JJA,3,pr 50mm,Precipitation
NorESM1-M,historical,2005,JJA,7,pr 50mm,Precipitation
bcc-csm1-1,historical,2000,JJA,3,pr 50mm,Precipitation
bcc-csm1-1,historical,2001,JJA,3,pr 50mm,Precipitation
bcc-csm1-1,historical,2002,JJA,4,pr 50mm,Precipitation
bcc-csm1-1,historical,2003,JJA,1,pr 50mm,Precipitation
bcc-csm1-1,historical,2004,JJA,3,pr 50mm,Precipitation
bcc-csm1-1,historical,2005,JJA,3,pr 50mm,Precipitation
bcc-csm1-1-m,historical,2000,JJA,1,pr 50mm,Precipitation
bcc-csm1-1-m,historical,2001,JJA,1,pr 50mm,Precipitation
bcc-csm1-1-m,historical,2002,JJA,2,pr 50mm,Precipitation
bcc-csm1-1-m,historical,2003,JJA,3,pr 50mm,Precipitation
bcc-csm1-1-m,historical,2004,JJA,2,pr 50mm,Precipitation
inmcm4,historical,2000,JJA,7,pr 50mm,Precipitation
inmcm4,historical,2001,JJA,4,pr 50mm,Precipitation
inmcm4,historical,2002,JJA,4,pr 50mm,Precipitation
inmcm4,historical,2003,JJA,4,pr 50mm,Precipitation
inmcm4,historical,2004,JJA,1,pr 50mm,Precipitation
inmcm4,historical,2005,JJA,2,pr 50mm,Precipitation
ACCESS1-0,historical,2000,MAM,2,pr 50mm,Precipitation
ACCESS1-0,historical,2001,MAM,2,pr 50mm,Precipitation
ACCESS1-0,historical,2002,MAM,1,pr 50mm,Precipitation
ACCESS1-0,historical,2003,MAM,1,pr 50mm,Precipitation
ACCESS1-0,historical,2004,MAM,7,pr 50mm,Precipitation
ACCESS1-0,historical,2005,MAM,3,pr 50mm,Precipitation
ACCESS1-3,historical,2000,MAM,2,pr 50mm,Precipitation
ACCESS1-3,historical,2001,MAM,3,pr 50mm,Precipitation
ACCESS1-3,historical,2002,MAM,2,pr 50mm,Precipitation
ACCESS1-3,historical,2004,MAM,2,pr 50mm,Precipitation
BNU-ESM,historical,2000,MAM,1,pr 50mm,Precipitation
BNU-ESM,historical,2001,MAM,4,pr 50mm,Precipitation
BNU-ESM,historical,2004,MAM,3,pr 50mm,Precipitation
BNU-ESM,historical,2005,MAM,2,pr 50mm,Precipitation
CCSM4,historical,2001,MAM,5,pr 50mm,Precipitation
CCSM4,historical,2002,MAM,1,pr 50mm,Precipitation
CCSM4,historical,2004,MAM,1,pr 50mm,Precipitation
CESM1-BGC,historical,2005,MAM,1,pr 50mm,Precipitation
CESM1-CAM5,historical,2003,MAM,1,pr 50mm,Precipitation
CESM1-CAM5,historical,2004,MAM,1,pr 50mm,Precipitation
CESM1-CAM5,historical,2005,MAM,2,pr 50mm,Precipitation
CMCC-CESM,historical,2000,MAM,3,pr 50mm,Precipitation
CMCC-CESM,historical,2002,MAM,2,pr 50mm,Precipitation
CMCC-CESM,historical,2003,MAM,3,pr 50mm,Precipitation
CMCC-CESM,historical,2005,MAM,1,pr 50mm,Precipitation
CMCC-CM,historical,2000,MAM,1,pr 50mm,Precipitation
CMCC-CM,historical,2001,MAM,2,pr 50mm,Precipitation
CMCC-CM,historical,2002,MAM,2,pr 50mm,Precipitation
CMCC-CM,historical,2003,MAM,2,pr 50mm,Precipitation
CMCC-CM,historical,2005,MAM,1,pr 50mm,Precipitation
CMCC-CMS,historical,2003,MAM,2,pr 50mm,Precipitation
CMCC-CMS,historical,2005,MAM,1,pr 50mm,Precipitation
CNRM-CM5,historical,2000,MAM,1,pr 50mm,Precipitation
CNRM-CM5,historical,2004,MAM,1,pr 50mm,Precipitation
CNRM-CM5,historical,2005,MAM,2,pr 50mm,Precipitation
CSIRO-Mk3-6-0,historical,2000,MAM,1,pr 50mm,Precipitation
CSIRO-Mk3-6-0,historical,2001,MAM,1,pr 50mm,Precipitation
CSIRO-Mk3-6-0,historical,2002,MAM,2,pr 50mm,Precipitation
CSIRO-Mk3-6-0,historical,2004,MAM,1,pr 50mm,Precipitation
CSIRO-Mk3-6-0,historical,2005,MAM,4,pr 50mm,Precipitation
CanESM2,historical,2001,MAM,1,pr 50mm,Precipitation
CanESM2,historical,2002,MAM,3,pr 50mm,Precipitation
CanESM2,historical,2003,MAM,2,pr 50mm,Precipitation
CanESM2,historical,2004,MAM,2,pr 50mm,Precipitation
CanESM2,historical,2005,MAM,2,pr 50mm,Precipitation
EC-EARTH,historical,2000,MAM,2,pr 50mm,Precipitation
EC-EARTH,historical,2001,MAM,3,pr 50mm,Precipitation
EC-EARTH,historical,2002,MAM,2,pr 50mm,Precipitation
EC-EARTH,historical,2003,MAM,2,pr 50mm,Precipitation
EC-EARTH,historical,2004,MAM,1,pr 50mm,Precipitation
FGOALS-g2,historical,2000,MAM,1,pr 50mm,Precipitation
FGOALS-g2,historical,2001,MAM,1,pr 50mm,Precipitation
FGOALS-g2,historical,2003,MAM,2,pr 50mm,Precipitation
FGOALS-g2,historical,2004,MAM,5,pr 50mm,Precipitation
GFDL-CM3,historical,2000,MAM,1,pr 50mm,Precipitation
GFDL-ESM2G,historical,2002,MAM,2,pr 50mm,Precipitation
GFDL-ESM2G,historical,2004,MAM,1,pr 50mm,Precipitation
GFDL-ESM2G,historical,2005,MAM,1,pr 50mm,Precipitation
GFDL-ESM2M,historical,2000,MAM,1,pr 50mm,Precipitation
GFDL-ESM2M,historical,2002,MAM,3,pr 50mm,Precipitation
GFDL-ESM2M,historical,2003,MAM,2,pr 50mm,Precipitation
GFDL-ESM2M,historical,2005,MAM,1,pr 50mm,Precipitation
IPSL-CM5A-LR,historical,2000,MAM,2,pr 50mm,Precipitation
IPSL-CM5A-LR,historical,2001,MAM,1,pr 50mm,Precipitation
IPSL-CM5A-MR,historical,2000,MAM,2,pr 50mm,Precipitation
IPSL-CM5A-MR,historical,2001,MAM,1,pr 50mm,Precipitation
IPSL-CM5A-MR,historical,2002,MAM,1,pr 50mm,Precipitation
IPSL-CM5A-MR,historical,2005,MAM,2,pr 50mm,Precipitation
IPSL-CM5B-LR,historical,2000,MAM,3,pr 50mm,Precipitation
IPSL-CM5B-LR,historical,2002,MAM,2,pr 50mm,Precipitation
IPSL-CM5B-LR,historical,2003,MAM,1,pr 50mm,Precipitation
MIROC-ESM,historical,2000,MAM,3,pr 50mm,Precipitation
MIROC-ESM,historical,2001,MAM,1,pr 50mm,Precipitation
MIROC-ESM,historical,2002,MAM,7,pr 50mm,Precipitation
MIROC-ESM,historical,2004,MAM,2,pr 50mm,Precipitation
MIROC-ESM,historical,2005,MAM,1,pr 50mm,Precipitation
MIROC-ESM-CHEM,historical,2000,MAM,2,pr 50mm,Precipitation
MIROC-ESM-CHEM,historical,2001,MAM,4,pr 50mm,Precipitation
MIROC-ESM-CHEM,historical,2002,MAM,4,pr 50mm,Precipitation
MIROC-ESM-CHEM,historical,2003,MAM,1,pr 50mm,Precipitation
MIROC-ESM-CHEM,historical,2004,MAM,2,pr 50mm,Precipitation
MIROC-ESM-CHEM,historical,2005,MAM,1,pr 50mm,Precipitation
MIROC5,historical,2001,MAM,2,pr 50mm,Precipitation
MIROC5,historical,2003,MAM,1,pr 50mm,Precipitation
MIROC5,historical,2005,MAM,4,pr 50mm,Precipitation
MPI-ESM-LR,historical,2000,MAM,1,pr 50mm,Precipitation
MPI-ESM-LR,historical,2004,MAM,3,pr 50mm,Precipitation
MPI-ESM-MR,historical,2001,MAM,3,pr 50mm,Precipitation
MPI-ESM-MR,historical,2002,MAM,1,pr 50mm,Precipitation
MPI-ESM-MR,historical,2003,MAM,2,pr 50mm,Precipitation
MPI-ESM-MR,historical,2004,MAM,3,pr 50mm,Precipitation
MRI-CGCM3,historical,2000,MAM,2,pr 50mm,Precipitation
MRI-CGCM3,historical,2001,MAM,3,pr 50mm,Precipitation
MRI-CGCM3,historical,2003,MAM,2,pr 50mm,Precipitation
MRI-CGCM3,historical,2004,MAM,2,pr 50mm,Precipitation
MRI-CGCM3,historical,2005,MAM,1,pr 50mm,Precipitation
MRI-ESM1,historical,2000,MAM,1,pr 50mm,Precipitation
MRI-ESM1,historical,2001,MAM,1,pr 50mm,Precipitation
MRI-ESM1,historical,2002,MAM,2,pr 50mm,Precipitation
MRI-ESM1,historical,2004,MAM,1,pr 50mm,Precipitation
NorESM1-M,historical,2001,MAM,2,pr 50mm,Precipitation
NorESM1-M,historical,2004,MAM,3,pr 50mm,Precipitation
NorESM1-M,historical,2005,MAM,3,pr 50mm,Precipitation
bcc-csm1-1,historical,2000,MAM,5,pr 50mm,Precipitation
bcc-csm1-1,historical,2003,MAM,3,pr 50mm,Precipitation
bcc-csm1-1,historical,2004,MAM,3,pr 50mm,Precipitation
bcc-csm1-1-m,historical,2000,MAM,2,pr 50mm,Precipitation
bcc-csm1-1-m,historical,2003,MAM,2,pr 50mm,Precipitation
bcc-csm1-1-m,historical,2004,MAM,1,pr 50mm,Precipitation
bcc-csm1-1-m,historical,2005,MAM,1,pr 50mm,Precipitation
inmcm4,historical,2000,MAM,3,pr 50mm,Precipitation
inmcm4,historical,2001,MAM,4,pr 50mm,Precipitation
inmcm4,historical,2005,MAM,3,pr 50mm,Precipitation
ACCESS1-0,historical,2001,SON,7,pr 50mm,Precipitation
ACCESS1-0,historical,2003,SON,2,pr 50mm,Precipitation
ACCESS1-0,historical,2004,SON,8,pr 50mm,Precipitation
ACCESS1-3,historical,2000,SON,3,pr 50mm,Precipitation
ACCESS1-3,historical,2002,SON,6,pr 50mm,Precipitation
ACCESS1-3,historical,2003,SON,6,pr 50mm,Precipitation
BNU-ESM,historical,2000,SON,2,pr 50mm,Precipitation
BNU-ESM,historical,2001,SON,6,pr 50mm,Precipitation
BNU-ESM,historical,2002,SON,6,pr 50mm,Precipitation
BNU-ESM,historical,2003,SON,6,pr 50mm,Precipitation
BNU-ESM,historical,2004,SON,4,pr 50mm,Precipitation
BNU-ESM,historical,2005,SON,6,pr 50mm,Precipitation
CCSM4,historical,2000,SON,1,pr 50mm,Precipitation
CCSM4,historical,2001,SON,1,pr 50mm,Precipitation
CCSM4,historical,2002,SON,4,pr 50mm,Precipitation
CCSM4,historical,2003,SON,7,pr 50mm,Precipitation
CCSM4,historical,2005,SON,4,pr 50mm,Precipitation
CESM1-BGC,historical,2000,SON,8,pr 50mm,Precipitation
CESM1-BGC,historical,2001,SON,4,pr 50mm,Precipitation
CESM1-BGC,historical,2002,SON,4,pr 50mm,Precipitation
CESM1-BGC,historical,2003,SON,4,pr 50mm,Precipitation
CESM1-BGC,historical,2004,SON,1,pr 50mm,Precipitation
CESM1-BGC,historical,2005,SON,3,pr 50mm,Precipitation
CESM1-CAM5,historical,2000,SON,9,pr 50mm,Precipitation
CESM1-CAM5,historical,2001,SON,3,pr 50mm,Precipitation
CESM1-CAM5,historical,2002,SON,3,pr 50mm,Precipitation
CESM1-CAM5,historical,2003,SON,8,pr 50mm,Precipitation
CESM1-CAM5,historical,2004,SON,3,pr 50mm,Precipitation
CESM1-CAM5,historical,2005,SON,5,pr 50mm,Precipitation
CMCC-CESM,historical,2002,SON,4,pr 50mm,Precipitation
CMCC-CESM,historical,2003,SON,4,pr 50mm,Precipitation
CMCC-CESM,historical,2004,SON,1,pr 50mm,Precipitation
CMCC-CESM,historical,2005,SON,1,pr 50mm,Precipitation
CMCC-CM,historical,2000,SON,1,pr 50mm,Precipitation
CMCC-CM,historical,2001,SON,1,pr 50mm,Precipitation
CMCC-CM,historical,2002,SON,3,pr 50mm,Precipitation
CMCC-CM,historical,2003,SON,6,pr 50mm,Precipitation
CMCC-CM,historical,2004,SON,3,pr 50mm,Precipitation
CMCC-CM,historical,2005,SON,8,pr 50mm,Precipitation
CMCC-CMS,historical,2001,SON,1,pr 50mm,Precipitation
CMCC-CMS,historical,2002,SON,9,pr 50mm,Precipitation
CMCC-CMS,historical,2003,SON,4,pr 50mm,Precipitation
CMCC-CMS,historical,2004,SON,1,pr 50mm,Precipitation
CMCC-CMS,historical,2005,SON,1,pr 50mm,Precipitation
CNRM-CM5,historical,2000,SON,3,pr 50mm,Precipitation
CNRM-CM5,historical,2001,SON,5,pr 50mm,Precipitation
CNRM-CM5,historical,2002,SON,6,pr 50mm,Precipitation
CNRM-CM5,historical,2003,SON,4,pr 50mm,Precipitation
CNRM-CM5,historical,2004,SON,2,pr 50mm,Precipitation
CNRM-CM5,historical,2005,SON,1,pr 50mm,Precipitation
CSIRO-Mk3-6-0,historical,2000,SON,1,pr 50mm,Precipitation
CSIRO-Mk3-6-0,historical,2001,SON,5,pr 50mm,Precipitation
CSIRO-Mk3-6-0,historical,2002,SON,2,pr 50mm,Precipitation
CSIRO-Mk3-6-0,historical,2003,SON,3,pr 50mm,Precipitation
CSIRO-Mk3-6-0,historical,2004,SON,3,pr 50mm,Precipitation
CSIRO-Mk3-6-0,historical,2005,SON,2,pr 50mm,Precipitation
CanESM2,historical,2001,SON,2,pr 50mm,Precipitation
CanESM2,historical,2002,SON,4,pr 50mm,Precipitation
CanESM2,historical,2003,SON,5,pr 50mm,Precipitation
CanESM2,historical,2004,SON,6,pr 50mm,Precipitation
CanESM2,historical,2005,SON,2,pr 50mm,Precipitation
EC-EARTH,historical,2000,SON,3,pr 50mm,Precipitation
EC-EARTH,historical,2001,SON,3,pr 50mm,Precipitation
EC-EARTH,historical,2002,SON,2,pr 50mm,Precipitation
EC-EARTH,historical,2003,SON,4,pr 50mm,Precipitation
EC-EARTH,historical,2004,SON,1,pr 50mm,Precipitation
EC-EARTH,historical,2005,SON,7,pr 50mm,Precipitation
FGOALS-g2,historical,2000,SON,5,pr 50mm,Precipitation
FGOALS-g2,historical,2001,SON,6,pr 50mm,Precipitation
FGOALS-g2,historical,2002,SON,2,pr 50mm,Precipitation
FGOALS-g2,historical,2003,SON,3,pr 50mm,Precipitation
FGOALS-g2,historical,2004,SON,4,pr 50mm,Precipitation
FGOALS-g2,historical,2005,SON,4,pr 50mm,Precipitation
GFDL-CM3,historical,2000,SON,8,pr 50mm,Precipitation
GFDL-CM3,historical,2001,SON,7,pr 50mm,Precipitation
GFDL-CM3,historical,2002,SON,5,pr 50mm,Precipitation
GFDL-CM3,historical,2003,SON,4,pr 50mm,Precipitation
GFDL-CM3,historical,2004,SON,2,pr 50mm,Precipitation
GFDL-CM3,historical,2005,SON,6,pr 50mm,Precipitation
GFDL-ESM2G,historical,2004,SON,5,pr 50mm,Precipitation
GFDL-ESM2M,historical,2001,SON,2,pr 50mm,Precipitation
GFDL-ESM2M,historical,2002,SON,4,pr 50mm,Precipitation
GFDL-ESM2M,historical,2003,SON,3,pr 50mm,Precipitation
GFDL-ESM2M,historical,2004,SON,3,pr 50mm,Precipitation
IPSL-CM5A-LR,historical,2000,SON,1,pr 50mm,Precipitation
IPSL-CM5A-LR,historical,2002,SON,2,pr 50mm,Precipitation
IPSL-CM5A-LR,historical,2003,SON,3,pr 50mm,Precipitation
IPSL-CM5A-LR,historical,2004,SON,1,pr 50mm,Precipitation
IPSL-CM5A-MR,historical,2002,SON,1,pr 50mm,Precipitation
IPSL-CM5A-MR,historical,2004,SON,5,pr 50mm,Precipitation
IPSL-CM5A-MR,historical,2005,SON,4,pr 50mm,Precipitation
IPSL-CM5B-LR,historical,2000,SON,8,pr 50mm,Precipitation
IPSL-CM5B-LR,historical,2001,SON,1,pr 50mm,Precipitation
IPSL-CM5B-LR,historical,2003,SON,1,pr 50mm,Precipitation
IPSL-CM5B-LR,historical,2004,SON,3,pr 50mm,Precipitation
IPSL-CM5B-LR,historical,2005,SON,3,pr 50mm,Precipitation
MIROC-ESM,historical,2000,SON,1,pr 50mm,Precipitation
MIROC-ESM,historical,2001,SON,2,pr 50mm,Precipitation
MIROC-ESM,historical,2002,SON,2,pr 50mm,Precipitation
MIROC-ESM,historical,2003,SON,2,pr 50mm,Precipitation
MIROC-ESM,historical,2004,SON,4,pr 50mm,Precipitation
MIROC-ESM,historical,2005,SON,6,pr 50mm,Precipitation
MIROC-ESM-CHEM,historical,2000,SON,3,pr 50mm,Precipitation
MIROC-ESM-CHEM,historical,2001,SON,8,pr 50mm,Precipitation
MIROC-ESM-CHEM,historical,2002,SON,2,pr 50mm,Precipitation
MIROC-ESM-CHEM,historical,2003,SON,2,pr 50mm,Precipitation
MIROC-ESM-CHEM,historical,2004,SON,2,pr 50mm,Precipitation
MIROC-ESM-CHEM,historical,2005,SON,1,pr 50mm,Precipitation
MIROC5,historical,2000,SON,2,pr 50mm,Precipitation
MIROC5,historical,2001,SON,1,pr 50mm,Precipitation
MIROC5,historical,2002,SON,6,pr 50mm,Precipitation
MIROC5,historical,2003,SON,1,pr 50mm,Precipitation
MIROC5,historical,2004,SON,2,pr 50mm,Precipitation
MIROC5,historical,2005,SON,2,pr 50mm,Precipitation
MPI-ESM-LR,historical,2000,SON,9,pr 50mm,Precipitation
MPI-ESM-LR,historical,2001,SON,5,pr 50mm,Precipitation
MPI-ESM-LR,historical,2002,SON,2,pr 50mm,Precipitation
MPI-ESM-LR,historical,2003,SON,7,pr 50mm,Precipitation
MPI-ESM-LR,historical,2004,SON,2,pr 50mm,Precipitation
MPI-ESM-LR,historical,2005,SON,1,pr 50mm,Precipitation
MPI-ESM-MR,historical,2000,SON,2,pr 50mm,Precipitation
MPI-ESM-MR,historical,2001,SON,3,pr 50mm,Precipitation
MPI-ESM-MR,historical,2002,SON,2,pr 50mm,Precipitation
MPI-ESM-MR,historical,2003,SON,5,pr 50mm,Precipitation
MPI-ESM-MR,historical,2004,SON,1,pr 50mm,Precipitation
MPI-ESM-MR,historical,2005,SON,4,pr 50mm,Precipitation
MRI-CGCM3,historical,2000,SON,1,pr 50mm,Precipitation
MRI-CGCM3,historical,2001,SON,3,pr 50mm,Precipitation
MRI-CGCM3,historical,2002,SON,3,pr 50mm,Precipitation
MRI-CGCM3,historical,2003,SON,7,pr 50mm,Precipitation
MRI-CGCM3,historical,2004,SON,3,pr 50mm,Precipitation
MRI-CGCM3,historical,2005,SON,1,pr 50mm,Precipitation
MRI-ESM1,historical,2000,SON,2,pr 50mm,Precipitation
MRI-ESM1,historical,2001,SON,2,pr 50mm,Precipitation
MRI-ESM1,historical,2002,SON,3,pr 50mm,Precipitation
MRI-ESM1,historical,2003,SON,2,pr 50mm,Precipitation
MRI-ESM1,historical,2004,SON,3,pr 50mm,Precipitation
MRI-ESM1,historical,2005,SON,3,pr 50mm,Precipitation
NorESM1-M,historical,2000,SON,5,pr 50mm,Precipitation
NorESM1-M,historical,2001,SON,4,pr 50mm,Precipitation
NorESM1-M,historical,2003,SON,3,pr 50mm,Precipitation
NorESM1-M,historical,2004,SON,1,pr 50mm,Precipitation
NorESM1-M,historical,2005,SON,6,pr 50mm,Precipitation
bcc-csm1-1,historical,2001,SON,2,pr 50mm,Precipitation
bcc-csm1-1,historical,2002,SON,7,pr 50mm,Precipitation
bcc-csm1-1,historical,2003,SON,3,pr 50mm,Precipitation
bcc-csm1-1,historical,2004,SON,1,pr 50mm,Precipitation
bcc-csm1-1,historical,2005,SON,4,pr 50mm,Precipitation
bcc-csm1-1-m,historical,2000,SON,1,pr 50mm,Precipitation
bcc-csm1-1-m,historical,2003,SON,4,pr 50mm,Precipitation
bcc-csm1-1-m,historical,2004,SON,4,pr 50mm,Precipitation
bcc-csm1-1-m,historical,2005,SON,1,pr 50mm,Precipitation
inmcm4,historical,2000,SON,3,pr 50mm,Precipitation
inmcm4,historical,2001,SON,3,pr 50mm,Precipitation
inmcm4,historical,2002,SON,5,pr 50mm,Precipitation
inmcm4,historical,2003,SON,2,pr 50mm,Precipitation
inmcm4,historical,2004,SON,3,pr 50mm,Precipitation
inmcm4,historical,2005,SON,3,pr 50mm,Precipitation
BNU-ESM,rcp26,2011,DJF,1,pr 50mm,Precipitation
BNU-ESM,rcp26,2023,DJF,1,pr 50mm,Precipitation
BNU-ESM,rcp26,2025,DJF,2,pr 50mm,Precipitation
BNU-ESM,rcp26,2027,DJF,1,pr 50mm,Precipitation
BNU-ESM,rcp26,2030,DJF,1,pr 50mm,Precipitation
BNU-ESM,rcp26,2034,DJF,1,pr 50mm,Precipitation
BNU-ESM,rcp26,2035,DJF,1,pr 50mm,Precipitation
BNU-ESM,rcp26,2036,DJF,1,pr 50mm,Precipitation
CCSM4,rcp26,2007,DJF,1,pr 50mm,Precipitation
CCSM4,rcp26,2011,DJF,1,pr 50mm,Precipitation
CCSM4,rcp26,2015,DJF,1,pr 50mm,Precipitation
CCSM4,rcp26,2017,DJF,1,pr 50mm,Precipitation
CCSM4,rcp26,2018,DJF,1,pr 50mm,Precipitation
CCSM4,rcp26,2019,DJF,1,pr 50mm,Precipitation
CCSM4,rcp26,2022,DJF,1,pr 50mm,Precipitation
CESM1-CAM5,rcp26,2007,DJF,1,pr 50mm,Precipitation
CESM1-CAM5,rcp26,2009,DJF,1,pr 50mm,Precipitation
CESM1-CAM5,rcp26,2014,DJF,1,pr 50mm,Precipitation
CESM1-CAM5,rcp26,2022,DJF,1,pr 50mm,Precipitation
CESM1-CAM5,rcp26,2026,DJF,1,pr 50mm,Precipitation
CESM1-CAM5,rcp26,2027,DJF,1,pr 50mm,Precipitation
CESM1-CAM5,rcp26,2029,DJF,2,pr 50mm,Precipitation
CESM1-CAM5,rcp26,2033,DJF,2,pr 50mm,Precipitation
CESM1-CAM5,rcp26,2035,DJF,1,pr 50mm,Precipitation
CESM1-CAM5,rcp26,2036,DJF,2,pr 50mm,Precipitation
CNRM-CM5,rcp26,2006,DJF,1,pr 50mm,Precipitation
CNRM-CM5,rcp26,2007,DJF,1,pr 50mm,Precipitation
CNRM-CM5,rcp26,2010,DJF,2,pr 50mm,Precipitation
CNRM-CM5,rcp26,2013,DJF,2,pr 50mm,Precipitation
CNRM-CM5,rcp26,2020,DJF,1,pr 50mm,Precipitation
CNRM-CM5,rcp26,2022,DJF,1,pr 50mm,Precipitation
CNRM-CM5,rcp26,2023,DJF,3,pr 50mm,Precipitation
CNRM-CM5,rcp26,2024,DJF,2,pr 50mm,Precipitation
CNRM-CM5,rcp26,2025,DJF,3,pr 50mm,Precipitation
CNRM-CM5,rcp26,2027,DJF,5,pr 50mm,Precipitation
CNRM-CM5,rcp26,2028,DJF,4,pr 50mm,Precipitation
CNRM-CM5,rcp26,2032,DJF,4,pr 50mm,Precipitation
CNRM-CM5,rcp26,2034,DJF,2,pr 50mm,Precipitation
CNRM-CM5,rcp26,2035,DJF,1,pr 50mm,Precipitation
CNRM-CM5,rcp26,2036,DJF,1,pr 50mm,Precipitation
CSIRO-Mk3-6-0,rcp26,2010,DJF,1,pr 50mm,Precipitation
CSIRO-Mk3-6-0,rcp26,2014,DJF,1,pr 50mm,Precipitation
CSIRO-Mk3-6-0,rcp26,2019,DJF,2,pr 50mm,Precipitation
CSIRO-Mk3-6-0,rcp26,2020,DJF,1,pr 50mm,Precipitation
CSIRO-Mk3-6-0,rcp26,2030,DJF,1,pr 50mm,Precipitation
CSIRO-Mk3-6-0,rcp26,2035,DJF,1,pr 50mm,Precipitation
CSIRO-Mk3-6-0,rcp26,2036,DJF,1,pr 50mm,Precipitation
CanESM2,rcp26,2006,DJF,1,pr 50mm,Precipitation
CanESM2,rcp26,2008,DJF,1,pr 50mm,Precipitation
CanESM2,rcp26,2009,DJF,2,pr 50mm,Precipitation
CanESM2,rcp26,2013,DJF,1,pr 50mm,Precipitation
CanESM2,rcp26,2016,DJF,2,pr 50mm,Precipitation
CanESM2,rcp26,2017,DJF,1,pr 50mm,Precipitation
CanESM2,rcp26,2026,DJF,2,pr 50mm,Precipitation
CanESM2,rcp26,2032,DJF,1,pr 50mm,Precipitation
CanESM2,rcp26,2034,DJF,1,pr 50mm,Precipitation
FGOALS-g2,rcp26,2008,DJF,2,pr 50mm,Precipitation
FGOALS-g2,rcp26,2012,DJF,1,pr 50mm,Precipitation
FGOALS-g2,rcp26,2020,DJF,1,pr 50mm,Precipitation
FGOALS-g2,rcp26,2021,DJF,1,pr 50mm,Precipitation
FGOALS-g2,rcp26,2022,DJF,2,pr 50mm,Precipitation
FGOALS-g2,rcp26,2024,DJF,2,pr 50mm,Precipitation
FGOALS-g2,rcp26,2025,DJF,2,pr 50mm,Precipitation
FGOALS-g2,rcp26,2026,DJF,1,pr 50mm,Precipitation
FGOALS-g2,rcp26,2031,DJF,1,pr 50mm,Precipitation
GFDL-CM3,rcp26,2009,DJF,1,pr 50mm,Precipitation
GFDL-CM3,rcp26,2010,DJF,1,pr 50mm,Precipitation
GFDL-CM3,rcp26,2011,DJF,1,pr 50mm,Precipitation
GFDL-CM3,rcp26,2012,DJF,1,pr 50mm,Precipitation
GFDL-CM3,rcp26,2016,DJF,1,pr 50mm,Precipitation
GFDL-CM3,rcp26,2021,DJF,1,pr 50mm,Precipitation
GFDL-CM3,rcp26,2022,DJF,1,pr 50mm,Precipitation
GFDL-CM3,rcp26,2024,DJF,1,pr 50mm,Precipitation
GFDL-CM3,rcp26,2027,DJF,1,pr 50mm,Precipitation
GFDL-CM3,rcp26,2028,DJF,1,pr 50mm,Precipitation
GFDL-CM3,rcp26,2031,DJF,1,pr 50mm,Precipitation
GFDL-CM3,rcp26,2032,DJF,1,pr 50mm,Precipitation
GFDL-CM3,rcp26,2033,DJF,2,pr 50mm,Precipitation
GFDL-ESM2G,rcp26,2012,DJF,1,pr 50mm,Precipitation
GFDL-ESM2G,rcp26,2018,DJF,2,pr 50mm,Precipitation
GFDL-ESM2G,rcp26,2019,DJF,2,pr 50mm,Precipitation
GFDL-ESM2G,rcp26,2020,DJF,1,pr 50mm,Precipitation
GFDL-ESM2G,rcp26,2021,DJF,1,pr 50mm,Precipitation
GFDL-ESM2G,rcp26,2023,DJF,1,pr 50mm,Precipitation
GFDL-ESM2G,rcp26,2025,DJF,1,pr 50mm,Precipitation
IPSL-CM5A-LR,rcp26,2014,DJF,1,pr 50mm,Precipitation
IPSL-CM5A-LR,rcp26,2015,DJF,2,pr 50mm,Precipitation
IPSL-CM5A-LR,rcp26,2018,DJF,2,pr 50mm,Precipitation
IPSL-CM5A-LR,rcp26,2021,DJF,1,pr 50mm,Precipitation
IPSL-CM5A-LR,rcp26,2025,DJF,1,pr 50mm,Precipitation
IPSL-CM5A-LR,rcp26,2026,DJF,3,pr 50mm,Precipitation
IPSL-CM5A-LR,rcp26,2028,DJF,1,pr 50mm,Precipitation
IPSL-CM5A-LR,rcp26,2034,DJF,1,pr 50mm,Precipitation
IPSL-CM5A-LR,rcp26,2035,DJF,3,pr 50mm,Precipitation
IPSL-CM5A-MR,rcp26,2006,DJF,1,pr 50mm,Precipitation
IPSL-CM5A-MR,rcp26,2009,DJF,2,pr 50mm,Precipitation
IPSL-CM5A-MR,rcp26,2011,DJF,1,pr 50mm,Precipitation
IPSL-CM5A-MR,rcp26,2014,DJF,1,pr 50mm,Precipitation
IPSL-CM5A-MR,rcp26,2028,DJF,1,pr 50mm,Precipitation
IPSL-CM5A-MR,rcp26,2029,DJF,1,pr 50mm,Precipitation
IPSL-CM5A-MR,rcp26,2030,DJF,1,pr 50mm,Precipitation
IPSL-CM5A-MR,rcp26,2034,DJF,2,pr 50mm,Precipitation
IPSL-CM5A-MR,rcp26,2035,DJF,1,pr 50mm,Precipitation
MIROC-ESM,rcp26,2007,DJF,2,pr 50mm,Precipitation
MIROC-ESM,rcp26,2015,DJF,1,pr 50mm,Precipitation
MIROC-ESM,rcp26,2018,DJF,1,pr 50mm,Precipitation
MIROC-ESM,rcp26,2020,DJF,1,pr 50mm,Precipitation
MIROC-ESM,rcp26,2026,DJF,1,pr 50mm,Precipitation
MIROC-ESM,rcp26,2028,DJF,2,pr 50mm,Precipitation
MIROC-ESM,rcp26,2032,DJF,1,pr 50mm,Precipitation
MIROC-ESM,rcp26,2033,DJF,2,pr 50mm,Precipitation
MIROC-ESM,rcp26,2035,DJF,1,pr 50mm,Precipitation
MIROC-ESM,rcp26,2037,DJF,1,pr 50mm,Precipitation
MIROC-ESM-CHEM,rcp26,2006,DJF,2,pr 50mm,Precipitation
MIROC-ESM-CHEM,rcp26,2012,DJF,1,pr 50mm,Precipitation
MIROC-ESM-CHEM,rcp26,2016,DJF,1,pr 50mm,Precipitation
MIROC-ESM-CHEM,rcp26,2019,DJF,1,pr 50mm,Precipitation
MIROC-ESM-CHEM,rcp26,2021,DJF,1,pr 50mm,Precipitation
MIROC-ESM-CHEM,rcp26,2022,DJF,1,pr 50mm,Precipitation
MIROC-ESM-CHEM,rcp26,2032,DJF,3,pr 50mm,Precipitation
MIROC-ESM-CHEM,rcp26,2033,DJF,4,pr 50mm,Precipitation
MIROC-ESM-CHEM,rcp26,2034,DJF,1,pr 50mm,Precipitation
MIROC5,rcp26,2006,DJF,1,pr 50mm,Precipitation
MIROC5,rcp26,2016,DJF,2,pr 50mm,Precipitation
MIROC5,rcp26,2018,DJF,1,pr 50mm,Precipitation
MIROC5,rcp26,2023,DJF,2,pr 50mm,Precipitation
MIROC5,rcp26,2024,DJF,3,pr 50mm,Precipitation
MIROC5,rcp26,2025,DJF,1,pr 50mm,Precipitation
MIROC5,rcp26,2029,DJF,1,pr 50mm,Precipitation
MIROC5,rcp26,2031,DJF,1,pr 50mm,Precipitation
MIROC5,rcp26,2033,DJF,1,pr 50mm,Precipitation
MIROC5,rcp26,2034,DJF,1,pr 50mm,Precipitation
MIROC5,rcp26,2036,DJF,4,pr 50mm,Precipitation
MPI-ESM-LR,rcp26,2006,DJF,1,pr 50mm,Precipitation
MPI-ESM-LR,rcp26,2008,DJF,1,pr 50mm,Precipitation
MPI-ESM-LR,rcp26,2010,DJF,1,pr 50mm,Precipitation
MPI-ESM-LR,rcp26,2011,DJF,1,pr 50mm,Precipitation
MPI-ESM-LR,rcp26,2017,DJF,1,pr 50mm,Precipitation
MPI-ESM-LR,rcp26,2018,DJF,3,pr 50mm,Precipitation
MPI-ESM-LR,rcp26,2020,DJF,2,pr 50mm,Precipitation
MPI-ESM-LR,rcp26,2022,DJF,1,pr 50mm,Precipitation
MPI-ESM-LR,rcp26,2032,DJF,2,pr 50mm,Precipitation
MPI-ESM-LR,rcp26,2036,DJF,3,pr 50mm,Precipitation
MPI-ESM-MR,rcp26,2009,DJF,1,pr 50mm,Precipitation
MPI-ESM-MR,rcp26,2010,DJF,1,pr 50mm,Precipitation
MPI-ESM-MR,rcp26,2012,DJF,1,pr 50mm,Precipitation
MPI-ESM-MR,rcp26,2015,DJF,2,pr 50mm,Precipitation
MPI-ESM-MR,rcp26,2022,DJF,1,pr 50mm,Precipitation
MPI-ESM-MR,rcp26,2027,DJF,1,pr 50mm,Precipitation
MPI-ESM-MR,rcp26,2030,DJF,1,pr 50mm,Precipitation
MPI-ESM-MR,rcp26,2035,DJF,3,pr 50mm,Precipitation
MRI-CGCM3,rcp26,2007,DJF,1,pr 50mm,Precipitation
MRI-CGCM3,rcp26,2012,DJF,1,pr 50mm,Precipitation
MRI-CGCM3,rcp26,2016,DJF,2,pr 50mm,Precipitation
MRI-CGCM3,rcp26,2017,DJF,1,pr 50mm,Precipitation
MRI-CGCM3,rcp26,2021,DJF,1,pr 50mm,Precipitation
MRI-CGCM3,rcp26,2024,DJF,1,pr 50mm,Precipitation
MRI-CGCM3,rcp26,2029,DJF,1,pr 50mm,Precipitation
MRI-CGCM3,rcp26,2033,DJF,1,pr 50mm,Precipitation
MRI-CGCM3,rcp26,2035,DJF,2,pr 50mm,Precipitation
MRI-CGCM3,rcp26,2037,DJF,2,pr 50mm,Precipitation
NorESM1-M,rcp26,2007,DJF,1,pr 50mm,Precipitation
NorESM1-M,rcp26,2010,DJF,2,pr 50mm,Precipitation
NorESM1-M,rcp26,2013,DJF,1,pr 50mm,Precipitation
NorESM1-M,rcp26,2020,DJF,1,pr 50mm,Precipitation
NorESM1-M,rcp26,2022,DJF,3,pr 50mm,Precipitation
NorESM1-M,rcp26,2028,DJF,2,pr 50mm,Precipitation
NorESM1-M,rcp26,2034,DJF,1,pr 50mm,Precipitation
bcc-csm1-1,rcp26,2010,DJF,1,pr 50mm,Precipitation
bcc-csm1-1,rcp26,2011,DJF,1,pr 50mm,Precipitation
bcc-csm1-1,rcp26,2013,DJF,2,pr 50mm,Precipitation
bcc-csm1-1,rcp26,2014,DJF,1,pr 50mm,Precipitation
bcc-csm1-1,rcp26,2023,DJF,1,pr 50mm,Precipitation
bcc-csm1-1,rcp26,2025,DJF,2,pr 50mm,Precipitation
bcc-csm1-1,rcp26,2027,DJF,1,pr 50mm,Precipitation
bcc-csm1-1,rcp26,2029,DJF,1,pr 50mm,Precipitation
bcc-csm1-1,rcp26,2030,DJF,1,pr 50mm,Precipitation
bcc-csm1-1,rcp26,2031,DJF,3,pr 50mm,Precipitation
bcc-csm1-1,rcp26,2036,DJF,2,pr 50mm,Precipitation
bcc-csm1-1-m,rcp26,2007,DJF,1,pr 50mm,Precipitation
bcc-csm1-1-m,rcp26,2015,DJF,2,pr 50mm,Precipitation
bcc-csm1-1-m,rcp26,2017,DJF,1,pr 50mm,Precipitation
bcc-csm1-1-m,rcp26,2018,DJF,1,pr 50mm,Precipitation
bcc-csm1-1-m,rcp26,2022,DJF,1,pr 50mm,Precipitation
bcc-csm1-1-m,rcp26,2025,DJF,1,pr 50mm,Precipitation
bcc-csm1-1-m,rcp26,2030,DJF,1,pr 50mm,Precipitation
bcc-csm1-1-m,rcp26,2033,DJF,1,pr 50mm,Precipitation
BNU-ESM,rcp26,2006,JJA,6,pr 50mm,Precipitation
BNU-ESM,rcp26,2007,JJA,3,pr 50mm,Precipitation
BNU-ESM,rcp26,2010,JJA,4,pr 50mm,Precipitation
BNU-ESM,rcp26,2011,JJA,4,pr 50mm,Precipitation
BNU-ESM,rcp26,2012,JJA,3,pr 50mm,Precipitation
BNU-ESM,rcp26,2013,JJA,6,pr 50mm,Precipitation
BNU-ESM,rcp26,2014,JJA,3,pr 50mm,Precipitation
BNU-ESM,rcp26,2015,JJA,2,pr 50mm,Precipitation
BNU-ESM,rcp26,2018,JJA,17,pr 50mm,Precipitation
BNU-ESM,rcp26,2019,JJA,4,pr 50mm,Precipitation
BNU-ESM,rcp26,2021,JJA,3,pr 50mm,Precipitation
BNU-ESM,rcp26,2022,JJA,3,pr 50mm,Precipitation
BNU-ESM,rcp26,2023,JJA,5,pr 50mm,Precipitation
BNU-ESM,rcp26,2024,JJA,4,pr 50mm,Precipitation
BNU-ESM,rcp26,2025,JJA,5,pr 50mm,Precipitation
BNU-ESM,rcp26,2027,JJA,2,pr 50mm,Precipitation
BNU-ESM,rcp26,2030,JJA,2,pr 50mm,Precipitation
BNU-ESM,rcp26,2031,JJA,12,pr 50mm,Precipitation
BNU-ESM,rcp26,2032,JJA,4,pr 50mm,Precipitation
BNU-ESM,rcp26,2034,JJA,2,pr 50mm,Precipitation
BNU-ESM,rcp26,2035,JJA,5,pr 50mm,Precipitation
BNU-ESM,rcp26,2036,JJA,5,pr 50mm,Precipitation
CCSM4,rcp26,2006,JJA,6,pr 50mm,Precipitation
CCSM4,rcp26,2007,JJA,4,pr 50mm,Precipitation
CCSM4,rcp26,2008,JJA,2,pr 50mm,Precipitation
CCSM4,rcp26,2009,JJA,9,pr 50mm,Precipitation
CCSM4,rcp26,2010,JJA,6,pr 50mm,Precipitation
CCSM4,rcp26,2011,JJA,6,pr 50mm,Precipitation
CCSM4,rcp26,2012,JJA,3,pr 50mm,Precipitation
CCSM4,rcp26,2013,JJA,5,pr 50mm,Precipitation
CCSM4,rcp26,2014,JJA,4,pr 50mm,Precipitation
CCSM4,rcp26,2015,JJA,12,pr 50mm,Precipitation
CCSM4,rcp26,2016,JJA,11,pr 50mm,Precipitation
CCSM4,rcp26,2017,JJA,1,pr 50mm,Precipitation
CCSM4,rcp26,2018,JJA,1,pr 50mm,Precipitation
CCSM4,rcp26,2019,JJA,6,pr 50mm,Precipitation
CCSM4,rcp26,2020,JJA,10,pr 50mm,Precipitation
CCSM4,rcp26,2021,JJA,2,pr 50mm,Precipitation
CCSM4,rcp26,2022,JJA,6,pr 50mm,Precipitation
CCSM4,rcp26,2023,JJA,5,pr 50mm,Precipitation
CCSM4,rcp26,2024,JJA,1,pr 50mm,Precipitation
CCSM4,rcp26,2025,JJA,3,pr 50mm,Precipitation
CCSM4,rcp26,2026,JJA,7,pr 50mm,Precipitation
CCSM4,rcp26,2028,JJA,8,pr 50mm,Precipitation
CCSM4,rcp26,2029,JJA,2,pr 50mm,Precipitation
CCSM4,rcp26,2030,JJA,7,pr 50mm,Precipitation
CCSM4,rcp26,2031,JJA,1,pr 50mm,Precipitation
CCSM4,rcp26,2032,JJA,8,pr 50mm,Precipitation
CCSM4,rcp26,2033,JJA,4,pr 50mm,Precipitation
CCSM4,rcp26,2035,JJA,6,pr 50mm,Precipitation
CCSM4,rcp26,2036,JJA,2,pr 50mm,Precipitation
CESM1-CAM5,rcp26,2006,JJA,4,pr 50mm,Precipitation
CESM1-CAM5,rcp26,2007,JJA,5,pr 50mm,Precipitation
CESM1-CAM5,rcp26,2008,JJA,1,pr 50mm,Precipitation
CESM1-CAM5,rcp26,2009,JJA,4,pr 50mm,Precipitation
CESM1-CAM5,rcp26,2010,JJA,3,pr 50mm,Precipitation
CESM1-CAM5,rcp26,2011,JJA,1,pr 50mm,Precipitation
CESM1-CAM5,rcp26,2012,JJA,4,pr 50mm,Precipitation
CESM1-CAM5,rcp26,2013,JJA,5,pr 50mm,Precipitation
CESM1-CAM5,rcp26,2014,JJA,1,pr 50mm,Precipitation
CESM1-CAM5,rcp26,2016,JJA,1,pr 50mm,Precipitation
CESM1-CAM5,rcp26,2017,JJA,2,pr 50mm,Precipitation
CESM1-CAM5,rcp26,2018,JJA,4,pr 50mm,Precipitation
CESM1-CAM5,rcp26,2019,JJA,6,pr 50mm,Precipitation
CESM1-CAM5,rcp26,2020,JJA,3,pr 50mm,Precipitation
CESM1-CAM5,rcp26,2021,JJA,3,pr 50mm,Precipitation
CESM1-CAM5,rcp26,2023,JJA,1,pr 50mm,Precipitation
CESM1-CAM5,rcp26,2024,JJA,5,pr 50mm,Precipitation
CESM1-CAM5,rcp26,2026,JJA,6,pr 50mm,Precipitation
CESM1-CAM5,rcp26,2027,JJA,2,pr 50mm,Precipitation
CESM1-CAM5,rcp26,2028,JJA,4,pr 50mm,Precipitation
CESM1-CAM5,rcp26,2029,JJA,1,pr 50mm,Precipitation
CESM1-CAM5,rcp26,2030,JJA,3,pr 50mm,Precipitation
CESM1-CAM5,rcp26,2031,JJA,2,pr 50mm,Precipitation
CESM1-CAM5,rcp26,2032,JJA,3,pr 50mm,Precipitation
CESM1-CAM5,rcp26,2033,JJA,2,pr 50mm,Precipitation
CESM1-CAM5,rcp26,2034,JJA,4,pr 50mm,Precipitation
CESM1-CAM5,rcp26,2035,JJA,7,pr 50mm,Precipitation
CESM1-CAM5,rcp26,2036,JJA,9,pr 50mm,Precipitation
CNRM-CM5,rcp26,2006,JJA,8,pr 50mm,Precipitation
CNRM-CM5,rcp26,2007,JJA,1,pr 50mm,Precipitation
CNRM-CM5,rcp26,2008,JJA,5,pr 50mm,Precipitation
CNRM-CM5,rcp26,2009,JJA,3,pr 50mm,Precipitation
CNRM-CM5,rcp26,2010,JJA,1,pr 50mm,Precipitation
CNRM-CM5,rcp26,2011,JJA,6,pr 50mm,Precipitation
CNRM-CM5,rcp26,2013,JJA,2,pr 50mm,Precipitation
CNRM-CM5,rcp26,2015,JJA,2,pr 50mm,Precipitation
CNRM-CM5,rcp26,2016,JJA,2,pr 50mm,Precipitation
CNRM-CM5,rcp26,2017,JJA,3,pr 50mm,Precipitation
CNRM-CM5,rcp26,2018,JJA,4,pr 50mm,Precipitation
CNRM-CM5,rcp26,2019,JJA,1,pr 50mm,Precipitation
CNRM-CM5,rcp26,2020,JJA,11,pr 50mm,Precipitation
CNRM-CM5,rcp26,2021,JJA,3,pr 50mm,Precipitation
CNRM-CM5,rcp26,2022,JJA,4,pr 50mm,Precipitation
CNRM-CM5,rcp26,2023,JJA,4,pr 50mm,Precipitation
CNRM-CM5,rcp26,2024,JJA,4,pr 50mm,Precipitation
CNRM-CM5,rcp26,2025,JJA,8,pr 50mm,Precipitation
CNRM-CM5,rcp26,2027,JJA,3,pr 50mm,Precipitation
CNRM-CM5,rcp26,2028,JJA,5,pr 50mm,Precipitation
CNRM-CM5,rcp26,2029,JJA,4,pr 50mm,Precipitation
CNRM-CM5,rcp26,2030,JJA,1,pr 50mm,Precipitation
CNRM-CM5,rcp26,2031,JJA,1,pr 50mm,Precipitation
CNRM-CM5,rcp26,2032,JJA,5,pr 50mm,Precipitation
CNRM-CM5,rcp26,2033,JJA,6,pr 50mm,Precipitation
CNRM-CM5,rcp26,2034,JJA,2,pr 50mm,Precipitation
CNRM-CM5,rcp26,2035,JJA,1,pr 50mm,Precipitation
CNRM-CM5,rcp26,2036,JJA,2,pr 50mm,Precipitation
CSIRO-Mk3-6-0,rcp26,2006,JJA,3,pr 50mm,Precipitation
CSIRO-Mk3-6-0,rcp26,2007,JJA,3,pr 50mm,Precipitation
CSIRO-Mk3-6-0,rcp26,2008,JJA,8,pr 50mm,Precipitation
CSIRO-Mk3-6-0,rcp26,2009,JJA,6,pr 50mm,Precipitation
CSIRO-Mk3-6-0,rcp26,2010,JJA,2,pr 50mm,Precipitation
CSIRO-Mk3-6-0,rcp26,2011,JJA,3,pr 50mm,Precipitation
CSIRO-Mk3-6-0,rcp26,2012,JJA,2,pr 50mm,Precipitation
CSIRO-Mk3-6-0,rcp26,2013,JJA,2,pr 50mm,Precipitation
CSIRO-Mk3-6-0,rcp26,2014,JJA,4,pr 50mm,Precipitation
CSIRO-Mk3-6-0,rcp26,2015,JJA,2,pr 50mm,Precipitation
CSIRO-Mk3-6-0,rcp26,2016,JJA,7,pr 50mm,Precipitation
CSIRO-Mk3-6-0,rcp26,2017,JJA,12,pr 50mm,Precipitation
CSIRO-Mk3-6-0,rcp26,2018,JJA,4,pr 50mm,Precipitation
CSIRO-Mk3-6-0,rcp26,2019,JJA,1,pr 50mm,Precipitation
CSIRO-Mk3-6-0,rcp26,2020,JJA,5,pr 50mm,Precipitation
CSIRO-Mk3-6-0,rcp26,2021,JJA,1,pr 50mm,Precipitation
CSIRO-Mk3-6-0,rcp26,2022,JJA,5,pr 50mm,Precipitation
CSIRO-Mk3-6-0,rcp26,2023,JJA,1,pr 50mm,Precipitation
CSIRO-Mk3-6-0,rcp26,2024,JJA,7,pr 50mm,Precipitation
CSIRO-Mk3-6-0,rcp26,2025,JJA,5,pr 50mm,Precipitation
CSIRO-Mk3-6-0,rcp26,2026,JJA,7,pr 50mm,Precipitation
CSIRO-Mk3-6-0,rcp26,2027,JJA,4,pr 50mm,Precipitation
CSIRO-Mk3-6-0,rcp26,2028,JJA,4,pr 50mm,Precipitation
CSIRO-Mk3-6-0,rcp26,2029,JJA,6,pr 50mm,Precipitation
CSIRO-Mk3-6-0,rcp26,2030,JJA,1,pr 50mm,Precipitation
CSIRO-Mk3-6-0,rcp26,2031,JJA,6,pr 50mm,Precipitation
CSIRO-Mk3-6-0,rcp26,2032,JJA,1,pr 50mm,Precipitation
CSIRO-Mk3-6-0,rcp26,2033,JJA,4,pr 50mm,Precipitation
CSIRO-Mk3-6-0,rcp26,2034,JJA,5,pr 50mm,Precipitation
CSIRO-Mk3-6-0,rcp26,2035,JJA,6,pr 50mm,Precipitation
CSIRO-Mk3-6-0,rcp26,2036,JJA,2,pr 50mm,Precipitation
CanESM2,rcp26,2006,JJA,3,pr 50mm,Precipitation
CanESM2,rcp26,2007,JJA,8,pr 50mm,Precipitation
CanESM2,rcp26,2008,JJA,1,pr 50mm,Precipitation
CanESM2,rcp26,2009,JJA,1,pr 50mm,Precipitation
CanESM2,rcp26,2010,JJA,3,pr 50mm,Precipitation
CanESM2,rcp26,2012,JJA,5,pr 50mm,Precipitation
CanESM2,rcp26,2013,JJA,4,pr 50mm,Precipitation
CanESM2,rcp26,2014,JJA,12,pr 50mm,Precipitation
CanESM2,rcp26,2015,JJA,3,pr 50mm,Precipitation
CanESM2,rcp26,2016,JJA,2,pr 50mm,Precipitation
CanESM2,rcp26,2018,JJA,2,pr 50mm,Precipitation
CanESM2,rcp26,2019,JJA,4,pr 50mm,Precipitation
CanESM2,rcp26,2020,JJA,8,pr 50mm,Precipitation
CanESM2,rcp26,2021,JJA,6,pr 50mm,Precipitation
CanESM2,rcp26,2022,JJA,1,pr 50mm,Precipitation
CanESM2,rcp26,2023,JJA,3,pr 50mm,Precipitation
CanESM2,rcp26,2024,JJA,1,pr 50mm,Precipitation
CanESM2,rcp26,2025,JJA,3,pr 50mm,Precipitation
CanESM2,rcp26,2026,JJA,6,pr 50mm,Precipitation
CanESM2,rcp26,2027,JJA,10,pr 50mm,Precipitation
CanESM2,rcp26,2028,JJA,2,pr 50mm,Precipitation
CanESM2,rcp26,2029,JJA,4,pr 50mm,Precipitation
CanESM2,rcp26,2031,JJA,7,pr 50mm,Precipitation
CanESM2,rcp26,2032,JJA,1,pr 50mm,Precipitation
CanESM2,rcp26,2033,JJA,5,pr 50mm,Precipitation
CanESM2,rcp26,2034,JJA,1,pr 50mm,Precipitation
CanESM2,rcp26,2035,JJA,4,pr 50mm,Precipitation
FGOALS-g2,rcp26,2006,JJA,8,pr 50mm,Precipitation
FGOALS-g2,rcp26,2007,JJA,5,pr 50mm,Precipitation
FGOALS-g2,rcp26,2008,JJA,4,pr 50mm,Precipitation
FGOALS-g2,rcp26,2010,JJA,4,pr 50mm,Precipitation
FGOALS-g2,rcp26,2011,JJA,2,pr 50mm,Precipitation
FGOALS-g2,rcp26,2012,JJA,5,pr 50mm,Precipitation
FGOALS-g2,rcp26,2013,JJA,3,pr 50mm,Precipitation
FGOALS-g2,rcp26,2014,JJA,4,pr 50mm,Precipitation
FGOALS-g2,rcp26,2015,JJA,5,pr 50mm,Precipitation
FGOALS-g2,rcp26,2016,JJA,2,pr 50mm,Precipitation
FGOALS-g2,rcp26,2017,JJA,3,pr 50mm,Precipitation
FGOALS-g2,rcp26,2018,JJA,3,pr 50mm,Precipitation
FGOALS-g2,rcp26,2019,JJA,2,pr 50mm,Precipitation
FGOALS-g2,rcp26,2020,JJA,2,pr 50mm,Precipitation
FGOALS-g2,rcp26,2021,JJA,5,pr 50mm,Precipitation
FGOALS-g2,rcp26,2022,JJA,4,pr 50mm,Precipitation
FGOALS-g2,rcp26,2023,JJA,7,pr 50mm,Precipitation
FGOALS-g2,rcp26,2024,JJA,2,pr 50mm,Precipitation
FGOALS-g2,rcp26,2025,JJA,7,pr 50mm,Precipitation
FGOALS-g2,rcp26,2026,JJA,1,pr 50mm,Precipitation
FGOALS-g2,rcp26,2027,JJA,2,pr 50mm,Precipitation
FGOALS-g2,rcp26,2028,JJA,8,pr 50mm,Precipitation
FGOALS-g2,rcp26,2029,JJA,2,pr 50mm,Precipitation
FGOALS-g2,rcp26,2030,JJA,1,pr 50mm,Precipitation
FGOALS-g2,rcp26,2031,JJA,2,pr 50mm,Precipitation
FGOALS-g2,rcp26,2032,JJA,3,pr 50mm,Precipitation
FGOALS-g2,rcp26,2033,JJA,2,pr 50mm,Precipitation
FGOALS-g2,rcp26,2034,JJA,3,pr 50mm,Precipitation
FGOALS-g2,rcp26,2035,JJA,3,pr 50mm,Precipitation
FGOALS-g2,rcp26,2036,JJA,8,pr 50mm,Precipitation
GFDL-CM3,rcp26,2006,JJA,2,pr 50mm,Precipitation
GFDL-CM3,rcp26,2007,JJA,10,pr 50mm,Precipitation
GFDL-CM3,rcp26,2008,JJA,8,pr 50mm,Precipitation
GFDL-CM3,rcp26,2009,JJA,5,pr 50mm,Precipitation
GFDL-CM3,rcp26,2010,JJA,2,pr 50mm,Precipitation
GFDL-CM3,rcp26,2011,JJA,2,pr 50mm,Precipitation
GFDL-CM3,rcp26,2013,JJA,2,pr 50mm,Precipitation
GFDL-CM3,rcp26,2014,JJA,4,pr 50mm,Precipitation
GFDL-CM3,rcp26,2016,JJA,2,pr 50mm,Precipitation
GFDL-CM3,rcp26,2017,JJA,6,pr 50mm,Precipitation
GFDL-CM3,rcp26,2018,JJA,5,pr 50mm,Precipitation
GFDL-CM3,rcp26,2019,JJA,7,pr 50mm,Precipitation
GFDL-CM3,rcp26,2020,JJA,2,pr 50mm,Precipitation
GFDL-CM3,rcp26,2021,JJA,11,pr 50mm,Precipitation
GFDL-CM3,rcp26,2022,JJA,1,pr 50mm,Precipitation
GFDL-CM3,rcp26,2023,JJA,1,pr 50mm,Precipitation
GFDL-CM3,rcp26,2025,JJA,6,pr 50mm,Precipitation
GFDL-CM3,rcp26,2026,JJA,5,pr 50mm,Precipitation
GFDL-CM3,rcp26,2027,JJA,1,pr 50mm,Precipitation
GFDL-CM3,rcp26,2028,JJA,3,pr 50mm,Precipitation
GFDL-CM3,rcp26,2029,JJA,4,pr 50mm,Precipitation
GFDL-CM3,rcp26,2030,JJA,1,pr 50mm,Precipitation
GFDL-CM3,rcp26,2031,JJA,3,pr 50mm,Precipitation
GFDL-CM3,rcp26,2032,JJA,9,pr 50mm,Precipitation
GFDL-CM3,rcp26,2033,JJA,6,pr 50mm,Precipitation
GFDL-CM3,rcp26,2034,JJA,6,pr 50mm,Precipitation
GFDL-CM3,rcp26,2035,JJA,1,pr 50mm,Precipitation
GFDL-CM3,rcp26,2036,JJA,7,pr 50mm,Precipitation
GFDL-ESM2G,rcp26,2006,JJA,10,pr 50mm,Precipitation
GFDL-ESM2G,rcp26,2007,JJA,4,pr 50mm,Precipitation
GFDL-ESM2G,rcp26,2008,JJA,6,pr 50mm,Precipitation
GFDL-ESM2G,rcp26,2009,JJA,8,pr 50mm,Precipitation
GFDL-ESM2G,rcp26,2010,JJA,3,pr 50mm,Precipitation
GFDL-ESM2G,rcp26,2011,JJA,1,pr 50mm,Precipitation
GFDL-ESM2G,rcp26,2012,JJA,5,pr 50mm,Precipitation
GFDL-ESM2G,rcp26,2013,JJA,7,pr 50mm,Precipitation
GFDL-ESM2G,rcp26,2014,JJA,3,pr 50mm,Precipitation
GFDL-ESM2G,rcp26,2015,JJA,8,pr 50mm,Precipitation
GFDL-ESM2G,rcp26,2016,JJA,6,pr 50mm,Precipitation
GFDL-ESM2G,rcp26,2017,JJA,5,pr 50mm,Precipitation
GFDL-ESM2G,rcp26,2018,JJA,2,pr 50mm,Precipitation
GFDL-ESM2G,rcp26,2019,JJA,4,pr 50mm,Precipitation
GFDL-ESM2G,rcp26,2020,JJA,4,pr 50mm,Precipitation
GFDL-ESM2G,rcp26,2021,JJA,4,pr 50mm,Precipitation
GFDL-ESM2G,rcp26,2022,JJA,3,pr 50mm,Precipitation
GFDL-ESM2G,rcp26,2023,JJA,5,pr 50mm,Precipitation
GFDL-ESM2G,rcp26,2024,JJA,7,pr 50mm,Precipitation
GFDL-ESM2G,rcp26,2025,JJA,10,pr 50mm,Precipitation
GFDL-ESM2G,rcp26,2026,JJA,3,pr 50mm,Precipitation
GFDL-ESM2G,rcp26,2027,JJA,4,pr 50mm,Precipitation
GFDL-ESM2G,rcp26,2028,JJA,11,pr 50mm,Precipitation
GFDL-ESM2G,rcp26,2029,JJA,8,pr 50mm,Precipitation
GFDL-ESM2G,rcp26,2030,JJA,13,pr 50mm,Precipitation
GFDL-ESM2G,rcp26,2031,JJA,11,pr 50mm,Precipitation
GFDL-ESM2G,rcp26,2032,JJA,1,pr 50mm,Precipitation
GFDL-ESM2G,rcp26,2033,JJA,8,pr 50mm,Precipitation
GFDL-ESM2G,rcp26,2034,JJA,3,pr 50mm,Precipitation
GFDL-ESM2G,rcp26,2035,JJA,4,pr 50mm,Precipitation
GFDL-ESM2G,rcp26,2036,JJA,4,pr 50mm,Precipitation
IPSL-CM5A-LR,rcp26,2006,JJA,2,pr 50mm,Precipitation
IPSL-CM5A-LR,rcp26,2007,JJA,7,pr 50mm,Precipitation
IPSL-CM5A-LR,rcp26,2008,JJA,5,pr 50mm,Precipitation
IPSL-CM5A-LR,rcp26,2010,JJA,2,pr 50mm,Precipitation
IPSL-CM5A-LR,rcp26,2011,JJA,6,pr 50mm,Precipitation
IPSL-CM5A-LR,rcp26,2012,JJA,8,pr 50mm,Precipitation
IPSL-CM5A-LR,rcp26,2013,JJA,6,pr 50mm,Precipitation
IPSL-CM5A-LR,rcp26,2014,JJA,5,pr 50mm,Precipitation
IPSL-CM5A-LR,rcp26,2015,JJA,1,pr 50mm,Precipitation
IPSL-CM5A-LR,rcp26,2017,JJA,6,pr 50mm,Precipitation
IPSL-CM5A-LR,rcp26,2018,JJA,5,pr 50mm,Precipitation
IPSL-CM5A-LR,rcp26,2019,JJA,8,pr 50mm,Precipitation
IPSL-CM5A-LR,rcp26,2020,JJA,2,pr 50mm,Precipitation
IPSL-CM5A-LR,rcp26,2021,JJA,2,pr 50mm,Precipitation
IPSL-CM5A-LR,rcp26,2022,JJA,2,pr 50mm,Precipitation
IPSL-CM5A-LR,rcp26,2023,JJA,1,pr 50mm,Precipitation
IPSL-CM5A-LR,rcp26,2024,JJA,2,pr 50mm,Precipitation
IPSL-CM5A-LR,rcp26,2025,JJA,2,pr 50mm,Precipitation
IPSL-CM5A-LR,rcp26,2027,JJA,1,pr 50mm,Precipitation
IPSL-CM5A-LR,rcp26,2028,JJA,5,pr 50mm,Precipitation
IPSL-CM5A-LR,rcp26,2029,JJA,3,pr 50mm,Precipitation
IPSL-CM5A-LR,rcp26,2030,JJA,1,pr 50mm,Precipitation
IPSL-CM5A-LR,rcp26,2031,JJA,8,pr 50mm,Precipitation
IPSL-CM5A-LR,rcp26,2034,JJA,4,pr 50mm,Precipitation
IPSL-CM5A-LR,rcp26,2035,JJA,2,pr 50mm,Precipitation
IPSL-CM5A-LR,rcp26,2036,JJA,4,pr 50mm,Precipitation
IPSL-CM5A-MR,rcp26,2006,JJA,3,pr 50mm,Precipitation
IPSL-CM5A-MR,rcp26,2007,JJA,2,pr 50mm,Precipitation
IPSL-CM5A-MR,rcp26,2008,JJA,2,pr 50mm,Precipitation
IPSL-CM5A-MR,rcp26,2009,JJA,3,pr 50mm,Precipitation
IPSL-CM5A-MR,rcp26,2010,JJA,9,pr 50mm,Precipitation
IPSL-CM5A-MR,rcp26,2011,JJA,1,pr 50mm,Precipitation
IPSL-CM5A-MR,rcp26,2012,JJA,4,pr 50mm,Precipitation
IPSL-CM5A-MR,rcp26,2013,JJA,3,pr 50mm,Precipitation
IPSL-CM5A-MR,rcp26,2014,JJA,4,pr 50mm,Precipitation
IPSL-CM5A-MR,rcp26,2015,JJA,1,pr 50mm,Precipitation
IPSL-CM5A-MR,rcp26,2017,JJA,1,pr 50mm,Precipitation
IPSL-CM5A-MR,rcp26,2018,JJA,3,pr 50mm,Precipitation
IPSL-CM5A-MR,rcp26,2019,JJA,6,pr 50mm,Precipitation
IPSL-CM5A-MR,rcp26,2021,JJA,12,pr 50mm,Precipitation
IPSL-CM5A-MR,rcp26,2022,JJA,2,pr 50mm,Precipitation
IPSL-CM5A-MR,rcp26,2023,JJA,6,pr 50mm,Precipitation
IPSL-CM5A-MR,rcp26,2024,JJA,1,pr 50mm,Precipitation
IPSL-CM5A-MR,rcp26,2025,JJA,3,pr 50mm,Precipitation
IPSL-CM5A-MR,rcp26,2026,JJA,2,pr 50mm,Precipitation
IPSL-CM5A-MR,rcp26,2027,JJA,3,pr 50mm,Precipitation
IPSL-CM5A-MR,rcp26,2028,JJA,2,pr 50mm,Precipitation
IPSL-CM5A-MR,rcp26,2029,JJA,1,pr 50mm,Precipitation
IPSL-CM5A-MR,rcp26,2030,JJA,2,pr 50mm,Precipitation
IPSL-CM5A-MR,rcp26,2031,JJA,10,pr 50mm,Precipitation
IPSL-CM5A-MR,rcp26,2032,JJA,1,pr 50mm,Precipitation
IPSL-CM5A-MR,rcp26,2033,JJA,2,pr 50mm,Precipitation
IPSL-CM5A-MR,rcp26,2034,JJA,7,pr 50mm,Precipitation
IPSL-CM5A-MR,rcp26,2035,JJA,8,pr 50mm,Precipitation
IPSL-CM5A-MR,rcp26,2036,JJA,2,pr 50mm,Precipitation
MIROC-ESM,rcp26,2006,JJA,3,pr 50mm,Precipitation
MIROC-ESM,rcp26,2007,JJA,1,pr 50mm,Precipitation
MIROC-ESM,rcp26,2008,JJA,6,pr 50mm,Precipitation
MIROC-ESM,rcp26,2010,JJA,7,pr 50mm,Precipitation
MIROC-ESM,rcp26,2011,JJA,7,pr 50mm,Precipitation
MIROC-ESM,rcp26,2012,JJA,3,pr 50mm,Precipitation
MIROC-ESM,rcp26,2013,JJA,6,pr 50mm,Precipitation
MIROC-ESM,rcp26,2015,JJA,5,pr 50mm,Precipitation
MIROC-ESM,rcp26,2016,JJA,4,pr 50mm,Precipitation
MIROC-ESM,rcp26,2018,JJA,4,pr 50mm,Precipitation
MIROC-ESM,rcp26,2019,JJA,2,pr 50mm,Precipitation
MIROC-ESM,rcp26,2021,JJA,4,pr 50mm,Precipitation
MIROC-ESM,rcp26,2023,JJA,9,pr 50mm,Precipitation
MIROC-ESM,rcp26,2024,JJA,5,pr 50mm,Precipitation
MIROC-ESM,rcp26,2026,JJA,3,pr 50mm,Precipitation
MIROC-ESM,rcp26,2027,JJA,1,pr 50mm,Precipitation
MIROC-ESM,rcp26,2028,JJA,6,pr 50mm,Precipitation
MIROC-ESM,rcp26,2029,JJA,3,pr 50mm,Precipitation
MIROC-ESM,rcp26,2032,JJA,3,pr 50mm,Precipitation
MIROC-ESM,rcp26,2033,JJA,12,pr 50mm,Precipitation
MIROC-ESM,rcp26,2034,JJA,4,pr 50mm,Precipitation
MIROC-ESM,rcp26,2035,JJA,2,pr 50mm,Precipitation
MIROC-ESM-CHEM,rcp26,2006,JJA,3,pr 50mm,Precipitation
MIROC-ESM-CHEM,rcp26,2007,JJA,1,pr 50mm,Precipitation
MIROC-ESM-CHEM,rcp26,2008,JJA,3,pr 50mm,Precipitation
MIROC-ESM-CHEM,rcp26,2009,JJA,2,pr 50mm,Precipitation
MIROC-ESM-CHEM,rcp26,2010,JJA,7,pr 50mm,Precipitation
MIROC-ESM-CHEM,rcp26,2011,JJA,3,pr 50mm,Precipitation
MIROC-ESM-CHEM,rcp26,2012,JJA,1,pr 50mm,Precipitation
MIROC-ESM-CHEM,rcp26,2013,JJA,8,pr 50mm,Precipitation
MIROC-ESM-CHEM,rcp26,2014,JJA,3,pr 50mm,Precipitation
MIROC-ESM-CHEM,rcp26,2015,JJA,1,pr 50mm,Precipitation
MIROC-ESM-CHEM,rcp26,2016,JJA,3,pr 50mm,Precipitation
MIROC-ESM-CHEM,rcp26,2017,JJA,3,pr 50mm,Precipitation
MIROC-ESM-CHEM,rcp26,2018,JJA,1,pr 50mm,Precipitation
MIROC-ESM-CHEM,rcp26,2019,JJA,7,pr 50mm,Precipitation
MIROC-ESM-CHEM,rcp26,2020,JJA,4,pr 50mm,Precipitation
MIROC-ESM-CHEM,rcp26,2021,JJA,2,pr 50mm,Precipitation
MIROC-ESM-CHEM,rcp26,2022,JJA,1,pr 50mm,Precipitation
MIROC-ESM-CHEM,rcp26,2023,JJA,3,pr 50mm,Precipitation
MIROC-ESM-CHEM,rcp26,2024,JJA,3,pr 50mm,Precipitation
MIROC-ESM-CHEM,rcp26,2025,JJA,4,pr 50mm,Precipitation
MIROC-ESM-CHEM,rcp26,2026,JJA,7,pr 50mm,Precipitation
MIROC-ESM-CHEM,rcp26,2027,JJA,2,pr 50mm,Precipitation
MIROC-ESM-CHEM,rcp26,2028,JJA,3,pr 50mm,Precipitation
MIROC-ESM-CHEM,rcp26,2029,JJA,8,pr 50mm,Precipitation
MIROC-ESM-CHEM,rcp26,2030,JJA,2,pr 50mm,Precipitation
MIROC-ESM-CHEM,rcp26,2031,JJA,5,pr 50mm,Precipitation
MIROC-ESM-CHEM,rcp26,2032,JJA,3,pr 50mm,Precipitation
MIROC-ESM-CHEM,rcp26,2033,JJA,7,pr 50mm,Precipitation
MIROC-ESM-CHEM,rcp26,2034,JJA,1,pr 50mm,Precipitation
MIROC-ESM-CHEM,rcp26,2035,JJA,1,pr 50mm,Precipitation
MIROC-ESM-CHEM,rcp26,2036,JJA,9,pr 50mm,Precipitation
MIROC5,rcp26,2006,JJA,1,pr 50mm,Precipitation
MIROC5,rcp26,2007,JJA,4,pr 50mm,Precipitation
MIROC5,rcp26,2008,JJA,3,pr 50mm,Precipitation
MIROC5,rcp26,2009,JJA,1,pr 50mm,Precipitation
MIROC5,rcp26,2010,JJA,5,pr 50mm,Precipitation
MIROC5,rcp26,2011,JJA,7,pr 50mm,Precipitation
MIROC5,rcp26,2012,JJA,6,pr 50mm,Precipitation
MIROC5,rcp26,2013,JJA,6,pr 50mm,Precipitation
MIROC5,rcp26,2014,JJA,4,pr 50mm,Precipitation
MIROC5,rcp26,2015,JJA,4,pr 50mm,Precipitation
MIROC5,rcp26,2016,JJA,4,pr 50mm,Precipitation
MIROC5,rcp26,2017,JJA,5,pr 50mm,Precipitation
MIROC5,rcp26,2018,JJA,2,pr 50mm,Precipitation
MIROC5,rcp26,2019,JJA,5,pr 50mm,Precipitation
MIROC5,rcp26,2020,JJA,5,pr 50mm,Precipitation
MIROC5,rcp26,2021,JJA,3,pr 50mm,Precipitation
MIROC5,rcp26,2022,JJA,3,pr 50mm,Precipitation
MIROC5,rcp26,2023,JJA,6,pr 50mm,Precipitation
MIROC5,rcp26,2025,JJA,7,pr 50mm,Precipitation
MIROC5,rcp26,2026,JJA,7,pr 50mm,Precipitation
MIROC5,rcp26,2027,JJA,3,pr 50mm,Precipitation
MIROC5,rcp26,2028,JJA,6,pr 50mm,Precipitation
MIROC5,rcp26,2029,JJA,5,pr 50mm,Precipitation
MIROC5,rcp26,2030,JJA,5,pr 50mm,Precipitation
MIROC5,rcp26,2031,JJA,3,pr 50mm,Precipitation
MIROC5,rcp26,2032,JJA,2,pr 50mm,Precipitation
MIROC5,rcp26,2033,JJA,2,pr 50mm,Precipitation
MIROC5,rcp26,2034,JJA,8,pr 50mm,Precipitation
MIROC5,rcp26,2035,JJA,2,pr 50mm,Precipitation
MIROC5,rcp26,2036,JJA,5,pr 50mm,Precipitation
MPI-ESM-LR,rcp26,2006,JJA,2,pr 50mm,Precipitation
MPI-ESM-LR,rcp26,2007,JJA,5,pr 50mm,Precipitation
MPI-ESM-LR,rcp26,2008,JJA,7,pr 50mm,Precipitation
MPI-ESM-LR,rcp26,2009,JJA,4,pr 50mm,Precipitation
MPI-ESM-LR,rcp26,2010,JJA,3,pr 50mm,Precipitation
MPI-ESM-LR,rcp26,2011,JJA,2,pr 50mm,Precipitation
MPI-ESM-LR,rcp26,2012,JJA,4,pr 50mm,Precipitation
MPI-ESM-LR,rcp26,2013,JJA,6,pr 50mm,Precipitation
MPI-ESM-LR,rcp26,2014,JJA,6,pr 50mm,Precipitation
MPI-ESM-LR,rcp26,2015,JJA,2,pr 50mm,Precipitation
MPI-ESM-LR,rcp26,2016,JJA,2,pr 50mm,Precipitation
MPI-ESM-LR,rcp26,2018,JJA,8,pr 50mm,Precipitation
MPI-ESM-LR,rcp26,2019,JJA,6,pr 50mm,Precipitation
MPI-ESM-LR,rcp26,2020,JJA,6,pr 50mm,Precipitation
MPI-ESM-LR,rcp26,2021,JJA,4,pr 50mm,Precipitation
MPI-ESM-LR,rcp26,2022,JJA,13,pr 50mm,Precipitation
MPI-ESM-LR,rcp26,2023,JJA,3,pr 50mm,Precipitation
MPI-ESM-LR,rcp26,2024,JJA,3,pr 50mm,Precipitation
MPI-ESM-LR,rcp26,2025,JJA,1,pr 50mm,Precipitation
MPI-ESM-LR,rcp26,2026,JJA,1,pr 50mm,Precipitation
MPI-ESM-LR,rcp26,2027,JJA,2,pr 50mm,Precipitation
MPI-ESM-LR,rcp26,2028,JJA,3,pr 50mm,Precipitation
MPI-ESM-LR,rcp26,2029,JJA,4,pr 50mm,Precipitation
MPI-ESM-LR,rcp26,2030,JJA,4,pr 50mm,Precipitation
MPI-ESM-LR,rcp26,2031,JJA,2,pr 50mm,Precipitation
MPI-ESM-LR,rcp26,2032,JJA,3,pr 50mm,Precipitation
MPI-ESM-LR,rcp26,2033,JJA,2,pr 50mm,Precipitation
MPI-ESM-LR,rcp26,2034,JJA,2,pr 50mm,Precipitation
MPI-ESM-LR,rcp26,2035,JJA,6,pr 50mm,Precipitation
MPI-ESM-LR,rcp26,2036,JJA,1,pr 50mm,Precipitation
MPI-ESM-MR,rcp26,2006,JJA,13,pr 50mm,Precipitation
MPI-ESM-MR,rcp26,2007,JJA,9,pr 50mm,Precipitation
MPI-ESM-MR,rcp26,2008,JJA,6,pr 50mm,Precipitation
MPI-ESM-MR,rcp26,2009,JJA,6,pr 50mm,Precipitation
MPI-ESM-MR,rcp26,2010,JJA,6,pr 50mm,Precipitation
MPI-ESM-MR,rcp26,2011,JJA,1,pr 50mm,Precipitation
MPI-ESM-MR,rcp26,2012,JJA,6,pr 50mm,Precipitation
MPI-ESM-MR,rcp26,2013,JJA,9,pr 50mm,Precipitation
MPI-ESM-MR,rcp26,2014,JJA,2,pr 50mm,Precipitation
MPI-ESM-MR,rcp26,2015,JJA,1,pr 50mm,Precipitation
MPI-ESM-MR,rcp26,2016,JJA,4,pr 50mm,Precipitation
MPI-ESM-MR,rcp26,2017,JJA,4,pr 50mm,Precipitation
MPI-ESM-MR,rcp26,2018,JJA,5,pr 50mm,Precipitation
MPI-ESM-MR,rcp26,2019,JJA,5,pr 50mm,Precipitation
MPI-ESM-MR,rcp26,2020,JJA,3,pr 50mm,Precipitation
MPI-ESM-MR,rcp26,2021,JJA,6,pr 50mm,Precipitation
MPI-ESM-MR,rcp26,2022,JJA,6,pr 50mm,Precipitation
MPI-ESM-MR,rcp26,2023,JJA,8,pr 50mm,Precipitation
MPI-ESM-MR,rcp26,2024,JJA,5,pr 50mm,Precipitation
MPI-ESM-MR,rcp26,2025,JJA,6,pr 50mm,Precipitation
MPI-ESM-MR,rcp26,2026,JJA,5,pr 50mm,Precipitation
MPI-ESM-MR,rcp26,2027,JJA,11,pr 50mm,Precipitation
MPI-ESM-MR,rcp26,2028,JJA,3,pr 50mm,Precipitation
MPI-ESM-MR,rcp26,2029,JJA,12,pr 50mm,Precipitation
MPI-ESM-MR,rcp26,2030,JJA,5,pr 50mm,Precipitation
MPI-ESM-MR,rcp26,2031,JJA,3,pr 50mm,Precipitation
MPI-ESM-MR,rcp26,2032,JJA,3,pr 50mm,Precipitation
MPI-ESM-MR,rcp26,2033,JJA,1,pr 50mm,Precipitation
MPI-ESM-MR,rcp26,2034,JJA,5,pr 50mm,Precipitation
MPI-ESM-MR,rcp26,2035,JJA,3,pr 50mm,Precipitation
MPI-ESM-MR,rcp26,2036,JJA,6,pr 50mm,Precipitation
MRI-CGCM3,rcp26,2006,JJA,4,pr 50mm,Precipitation
MRI-CGCM3,rcp26,2007,JJA,3,pr 50mm,Precipitation
MRI-CGCM3,rcp26,2008,JJA,3,pr 50mm,Precipitation
MRI-CGCM3,rcp26,2009,JJA,1,pr 50mm,Precipitation
MRI-CGCM3,rcp26,2010,JJA,5,pr 50mm,Precipitation
MRI-CGCM3,rcp26,2011,JJA,5,pr 50mm,Precipitation
MRI-CGCM3,rcp26,2012,JJA,4,pr 50mm,Precipitation
MRI-CGCM3,rcp26,2013,JJA,3,pr 50mm,Precipitation
MRI-CGCM3,rcp26,2014,JJA,5,pr 50mm,Precipitation
MRI-CGCM3,rcp26,2016,JJA,3,pr 50mm,Precipitation
MRI-CGCM3,rcp26,2017,JJA,3,pr 50mm,Precipitation
MRI-CGCM3,rcp26,2018,JJA,2,pr 50mm,Precipitation
MRI-CGCM3,rcp26,2019,JJA,5,pr 50mm,Precipitation
MRI-CGCM3,rcp26,2020,JJA,3,pr 50mm,Precipitation
MRI-CGCM3,rcp26,2021,JJA,9,pr 50mm,Precipitation
MRI-CGCM3,rcp26,2022,JJA,3,pr 50mm,Precipitation
MRI-CGCM3,rcp26,2023,JJA,6,pr 50mm,Precipitation
MRI-CGCM3,rcp26,2024,JJA,9,pr 50mm,Precipitation
MRI-CGCM3,rcp26,2025,JJA,6,pr 50mm,Precipitation
MRI-CGCM3,rcp26,2026,JJA,1,pr 50mm,Precipitation
MRI-CGCM3,rcp26,2027,JJA,3,pr 50mm,Precipitation
MRI-CGCM3,rcp26,2028,JJA,4,pr 50mm,Precipitation
MRI-CGCM3,rcp26,2030,JJA,1,pr 50mm,Precipitation
MRI-CGCM3,rcp26,2031,JJA,2,pr 50mm,Precipitation
MRI-CGCM3,rcp26,2032,JJA,6,pr 50mm,Precipitation
MRI-CGCM3,rcp26,2033,JJA,2,pr 50mm,Precipitation
MRI-CGCM3,rcp26,2034,JJA,4,pr 50mm,Precipitation
MRI-CGCM3,rcp26,2035,JJA,2,pr 50mm,Precipitation
MRI-CGCM3,rcp26,2036,JJA,3,pr 50mm,Precipitation
NorESM1-M,rcp26,2006,JJA,5,pr 50mm,Precipitation
NorESM1-M,rcp26,2007,JJA,8,pr 50mm,Precipitation
NorESM1-M,rcp26,2008,JJA,13,pr 50mm,Precipitation
NorESM1-M,rcp26,2009,JJA,8,pr 50mm,Precipitation
NorESM1-M,rcp26,2010,JJA,2,pr 50mm,Precipitation
NorESM1-M,rcp26,2011,JJA,1,pr 50mm,Precipitation
NorESM1-M,rcp26,2012,JJA,9,pr 50mm,Precipitation
NorESM1-M,rcp26,2013,JJA,3,pr 50mm,Precipitation
NorESM1-M,rcp26,2015,JJA,2,pr 50mm,Precipitation
NorESM1-M,rcp26,2016,JJA,3,pr 50mm,Precipitation
NorESM1-M,rcp26,2017,JJA,8,pr 50mm,Precipitation
NorESM1-M,rcp26,2018,JJA,1,pr 50mm,Precipitation
NorESM1-M,rcp26,2019,JJA,2,pr 50mm,Precipitation
NorESM1-M,rcp26,2020,JJA,8,pr 50mm,Precipitation
NorESM1-M,rcp26,2021,JJA,4,pr 50mm,Precipitation
NorESM1-M,rcp26,2023,JJA,3,pr 50mm,Precipitation
NorESM1-M,rcp26,2024,JJA,10,pr 50mm,Precipitation
NorESM1-M,rcp26,2025,JJA,5,pr 50mm,Precipitation
NorESM1-M,rcp26,2026,JJA,4,pr 50mm,Precipitation
NorESM1-M,rcp26,2027,JJA,8,pr 50mm,Precipitation
NorESM1-M,rcp26,2029,JJA,11,pr 50mm,Precipitation
NorESM1-M,rcp26,2030,JJA,8,pr 50mm,Precipitation
NorESM1-M,rcp26,2031,JJA,15,pr 50mm,Precipitation
NorESM1-M,rcp26,2032,JJA,7,pr 50mm,Precipitation
NorESM1-M,rcp26,2033,JJA,5,pr 50mm,Precipitation
NorESM1-M,rcp26,2034,JJA,15,pr 50mm,Precipitation
NorESM1-M,rcp26,2035,JJA,2,pr 50mm,Precipitation
NorESM1-M,rcp26,2036,JJA,1,pr 50mm,Precipitation
bcc-csm1-1,rcp26,2006,JJA,2,pr 50mm,Precipitation
bcc-csm1-1,rcp26,2007,JJA,4,pr 50mm,Precipitation
bcc-csm1-1,rcp26,2008,JJA,12,pr 50mm,Precipitation
bcc-csm1-1,rcp26,2009,JJA,2,pr 50mm,Precipitation
bcc-csm1-1,rcp26,2010,JJA,1,pr 50mm,Precipitation
bcc-csm1-1,rcp26,2011,JJA,4,pr 50mm,Precipitation
bcc-csm1-1,rcp26,2012,JJA,4,pr 50mm,Precipitation
bcc-csm1-1,rcp26,2013,JJA,1,pr 50mm,Precipitation
bcc-csm1-1,rcp26,2014,JJA,2,pr 50mm,Precipitation
bcc-csm1-1,rcp26,2016,JJA,2,pr 50mm,Precipitation
bcc-csm1-1,rcp26,2017,JJA,4,pr 50mm,Precipitation
bcc-csm1-1,rcp26,2018,JJA,7,pr 50mm,Precipitation
bcc-csm1-1,rcp26,2019,JJA,3,pr 50mm,Precipitation
bcc-csm1-1,rcp26,2020,JJA,2,pr 50mm,Precipitation
bcc-csm1-1,rcp26,2021,JJA,3,pr 50mm,Precipitation
bcc-csm1-1,rcp26,2022,JJA,6,pr 50mm,Precipitation
bcc-csm1-1,rcp26,2024,JJA,6,pr 50mm,Precipitation
bcc-csm1-1,rcp26,2025,JJA,2,pr 50mm,Precipitation
bcc-csm1-1,rcp26,2026,JJA,4,pr 50mm,Precipitation
bcc-csm1-1,rcp26,2027,JJA,6,pr 50mm,Precipitation
bcc-csm1-1,rcp26,2029,JJA,6,pr 50mm,Precipitation
bcc-csm1-1,rcp26,2030,JJA,7,pr 50mm,Precipitation
bcc-csm1-1,rcp26,2032,JJA,3,pr 50mm,Precipitation
bcc-csm1-1,rcp26,2033,JJA,1,pr 50mm,Precipitation
bcc-csm1-1,rcp26,2034,JJA,2,pr 50mm,Precipitation
bcc-csm1-1,rcp26,2035,JJA,5,pr 50mm,Precipitation
bcc-csm1-1,rcp26,2036,JJA,2,pr 50mm,Precipitation
bcc-csm1-1-m,rcp26,2006,JJA,5,pr 50mm,Precipitation
bcc-csm1-1-m,rcp26,2007,JJA,2,pr 50mm,Precipitation
bcc-csm1-1-m,rcp26,2008,JJA,4,pr 50mm,Precipitation
bcc-csm1-1-m,rcp26,2009,JJA,3,pr 50mm,Precipitation
bcc-csm1-1-m,rcp26,2010,JJA,4,pr 50mm,Precipitation
bcc-csm1-1-m,rcp26,2011,JJA,2,pr 50mm,Precipitation
bcc-csm1-1-m,rcp26,2012,JJA,2,pr 50mm,Precipitation
bcc-csm1-1-m,rcp26,2013,JJA,4,pr 50mm,Precipitation
bcc-csm1-1-m,rcp26,2014,JJA,3,pr 50mm,Precipitation
bcc-csm1-1-m,rcp26,2015,JJA,5,pr 50mm,Precipitation
bcc-csm1-1-m,rcp26,2016,JJA,4,pr 50mm,Precipitation
bcc-csm1-1-m,rcp26,2017,JJA,1,pr 50mm,Precipitation
bcc-csm1-1-m,rcp26,2019,JJA,2,pr 50mm,Precipitation
bcc-csm1-1-m,rcp26,2020,JJA,2,pr 50mm,Precipitation
bcc-csm1-1-m,rcp26,2022,JJA,5,pr 50mm,Precipitation
bcc-csm1-1-m,rcp26,2023,JJA,5,pr 50mm,Precipitation
bcc-csm1-1-m,rcp26,2024,JJA,8,pr 50mm,Precipitation
bcc-csm1-1-m,rcp26,2025,JJA,1,pr 50mm,Precipitation
bcc-csm1-1-m,rcp26,2026,JJA,1,pr 50mm,Precipitation
bcc-csm1-1-m,rcp26,2027,JJA,4,pr 50mm,Precipitation
bcc-csm1-1-m,rcp26,2029,JJA,5,pr 50mm,Precipitation
bcc-csm1-1-m,rcp26,2030,JJA,1,pr 50mm,Precipitation
bcc-csm1-1-m,rcp26,2031,JJA,1,pr 50mm,Precipitation
bcc-csm1-1-m,rcp26,2033,JJA,3,pr 50mm,Precipitation
bcc-csm1-1-m,rcp26,2034,JJA,3,pr 50mm,Precipitation
bcc-csm1-1-m,rcp26,2035,JJA,1,pr 50mm,Precipitation
bcc-csm1-1-m,rcp26,2036,JJA,1,pr 50mm,Precipitation
BNU-ESM,rcp26,2006,MAM,1,pr 50mm,Precipitation
BNU-ESM,rcp26,2010,MAM,2,pr 50mm,Precipitation
BNU-ESM,rcp26,2011,MAM,1,pr 50mm,Precipitation
BNU-ESM,rcp26,2013,MAM,4,pr 50mm,Precipitation
BNU-ESM,rcp26,2015,MAM,2,pr 50mm,Precipitation
BNU-ESM,rcp26,2016,MAM,2,pr 50mm,Precipitation
BNU-ESM,rcp26,2017,MAM,1,pr 50mm,Precipitation
BNU-ESM,rcp26,2018,MAM,1,pr 50mm,Precipitation
BNU-ESM,rcp26,2019,MAM,1,pr 50mm,Precipitation
BNU-ESM,rcp26,2022,MAM,2,pr 50mm,Precipitation
BNU-ESM,rcp26,2023,MAM,4,pr 50mm,Precipitation
BNU-ESM,rcp26,2024,MAM,1,pr 50mm,Precipitation
BNU-ESM,rcp26,2025,MAM,1,pr 50mm,Precipitation
BNU-ESM,rcp26,2026,MAM,5,pr 50mm,Precipitation
BNU-ESM,rcp26,2029,MAM,3,pr 50mm,Precipitation
BNU-ESM,rcp26,2032,MAM,2,pr 50mm,Precipitation
BNU-ESM,rcp26,2034,MAM,1,pr 50mm,Precipitation
CCSM4,rcp26,2006,MAM,1,pr 50mm,Precipitation
CCSM4,rcp26,2008,MAM,1,pr 50mm,Precipitation
CCSM4,rcp26,2010,MAM,1,pr 50mm,Precipitation
CCSM4,rcp26,2013,MAM,2,pr 50mm,Precipitation
CCSM4,rcp26,2014,MAM,2,pr 50mm,Precipitation
CCSM4,rcp26,2019,MAM,1,pr 50mm,Precipitation
CCSM4,rcp26,2020,MAM,2,pr 50mm,Precipitation
CCSM4,rcp26,2022,MAM,1,pr 50mm,Precipitation
CCSM4,rcp26,2024,MAM,1,pr 50mm,Precipitation
CCSM4,rcp26,2025,MAM,1,pr 50mm,Precipitation
CCSM4,rcp26,2026,MAM,3,pr 50mm,Precipitation
CCSM4,rcp26,2027,MAM,3,pr 50mm,Precipitation
CCSM4,rcp26,2030,MAM,1,pr 50mm,Precipitation
CCSM4,rcp26,2034,MAM,1,pr 50mm,Precipitation
CCSM4,rcp26,2036,MAM,1,pr 50mm,Precipitation
CESM1-CAM5,rcp26,2006,MAM,4,pr 50mm,Precipitation
CESM1-CAM5,rcp26,2007,MAM,1,pr 50mm,Precipitation
CESM1-CAM5,rcp26,2008,MAM,2,pr 50mm,Precipitation
CESM1-CAM5,rcp26,2009,MAM,2,pr 50mm,Precipitation
CESM1-CAM5,rcp26,2010,MAM,1,pr 50mm,Precipitation
CESM1-CAM5,rcp26,2011,MAM,2,pr 50mm,Precipitation
CESM1-CAM5,rcp26,2012,MAM,1,pr 50mm,Precipitation
CESM1-CAM5,rcp26,2014,MAM,4,pr 50mm,Precipitation
CESM1-CAM5,rcp26,2015,MAM,1,pr 50mm,Precipitation
CESM1-CAM5,rcp26,2016,MAM,5,pr 50mm,Precipitation
CESM1-CAM5,rcp26,2017,MAM,4,pr 50mm,Precipitation
CESM1-CAM5,rcp26,2018,MAM,1,pr 50mm,Precipitation
CESM1-CAM5,rcp26,2020,MAM,4,pr 50mm,Precipitation
CESM1-CAM5,rcp26,2021,MAM,1,pr 50mm,Precipitation
CESM1-CAM5,rcp26,2023,MAM,1,pr 50mm,Precipitation
CESM1-CAM5,rcp26,2025,MAM,2,pr 50mm,Precipitation
CESM1-CAM5,rcp26,2026,MAM,4,pr 50mm,Precipitation
CESM1-CAM5,rcp26,2027,MAM,1,pr 50mm,Precipitation
CESM1-CAM5,rcp26,2029,MAM,2,pr 50mm,Precipitation
CESM1-CAM5,rcp26,2030,MAM,3,pr 50mm,Precipitation
CESM1-CAM5,rcp26,2034,MAM,2,pr 50mm,Precipitation
CNRM-CM5,rcp26,2006,MAM,4,pr 50mm,Precipitation
CNRM-CM5,rcp26,2007,MAM,3,pr 50mm,Precipitation
CNRM-CM5,rcp26,2008,MAM,3,pr 50mm,Precipitation
CNRM-CM5,rcp26,2010,MAM,1,pr 50mm,Precipitation
CNRM-CM5,rcp26,2013,MAM,2,pr 50mm,Precipitation
CNRM-CM5,rcp26,2017,MAM,1,pr 50mm,Precipitation
CNRM-CM5,rcp26,2020,MAM,2,pr 50mm,Precipitation
CNRM-CM5,rcp26,2022,MAM,1,pr 50mm,Precipitation
CNRM-CM5,rcp26,2026,MAM,2,pr 50mm,Precipitation
CNRM-CM5,rcp26,2028,MAM,1,pr 50mm,Precipitation
CNRM-CM5,rcp26,2029,MAM,4,pr 50mm,Precipitation
CNRM-CM5,rcp26,2031,MAM,3,pr 50mm,Precipitation
CNRM-CM5,rcp26,2032,MAM,2,pr 50mm,Precipitation
CNRM-CM5,rcp26,2033,MAM,2,pr 50mm,Precipitation
CNRM-CM5,rcp26,2035,MAM,1,pr 50mm,Precipitation
CSIRO-Mk3-6-0,rcp26,2007,MAM,1,pr 50mm,Precipitation
CSIRO-Mk3-6-0,rcp26,2009,MAM,2,pr 50mm,Precipitation
CSIRO-Mk3-6-0,rcp26,2010,MAM,1,pr 50mm,Precipitation
CSIRO-Mk3-6-0,rcp26,2012,MAM,1,pr 50mm,Precipitation
CSIRO-Mk3-6-0,rcp26,2018,MAM,1,pr 50mm,Precipitation
CSIRO-Mk3-6-0,rcp26,2020,MAM,2,pr 50mm,Precipitation
CSIRO-Mk3-6-0,rcp26,2021,MAM,2,pr 50mm,Precipitation
CSIRO-Mk3-6-0,rcp26,2031,MAM,1,pr 50mm,Precipitation
CSIRO-Mk3-6-0,rcp26,2033,MAM,1,pr 50mm,Precipitation
CSIRO-Mk3-6-0,rcp26,2035,MAM,3,pr 50mm,Precipitation
CSIRO-Mk3-6-0,rcp26,2036,MAM,1,pr 50mm,Precipitation
CanESM2,rcp26,2006,MAM,4,pr 50mm,Precipitation
CanESM2,rcp26,2008,MAM,1,pr 50mm,Precipitation
CanESM2,rcp26,2009,MAM,3,pr 50mm,Precipitation
CanESM2,rcp26,2010,MAM,1,pr 50mm,Precipitation
CanESM2,rcp26,2012,MAM,1,pr 50mm,Precipitation
CanESM2,rcp26,2013,MAM,6,pr 50mm,Precipitation
CanESM2,rcp26,2015,MAM,1,pr 50mm,Precipitation
CanESM2,rcp26,2017,MAM,2,pr 50mm,Precipitation
CanESM2,rcp26,2018,MAM,5,pr 50mm,Precipitation
CanESM2,rcp26,2019,MAM,1,pr 50mm,Precipitation
CanESM2,rcp26,2021,MAM,2,pr 50mm,Precipitation
CanESM2,rcp26,2022,MAM,2,pr 50mm,Precipitation
CanESM2,rcp26,2023,MAM,1,pr 50mm,Precipitation
CanESM2,rcp26,2024,MAM,1,pr 50mm,Precipitation
CanESM2,rcp26,2025,MAM,1,pr 50mm,Precipitation
CanESM2,rcp26,2026,MAM,1,pr 50mm,Precipitation
CanESM2,rcp26,2028,MAM,1,pr 50mm,Precipitation
CanESM2,rcp26,2029,MAM,1,pr 50mm,Precipitation
CanESM2,rcp26,2030,MAM,1,pr 50mm,Precipitation
CanESM2,rcp26,2033,MAM,1,pr 50mm,Precipitation
CanESM2,rcp26,2035,MAM,1,pr 50mm,Precipitation
CanESM2,rcp26,2036,MAM,1,pr 50mm,Precipitation
FGOALS-g2,rcp26,2006,MAM,1,pr 50mm,Precipitation
FGOALS-g2,rcp26,2007,MAM,2,pr 50mm,Precipitation
FGOALS-g2,rcp26,2009,MAM,1,pr 50mm,Precipitation
FGOALS-g2,rcp26,2010,MAM,2,pr 50mm,Precipitation
FGOALS-g2,rcp26,2014,MAM,1,pr 50mm,Precipitation
FGOALS-g2,rcp26,2017,MAM,1,pr 50mm,Precipitation
FGOALS-g2,rcp26,2018,MAM,4,pr 50mm,Precipitation
FGOALS-g2,rcp26,2019,MAM,1,pr 50mm,Precipitation
FGOALS-g2,rcp26,2021,MAM,1,pr 50mm,Precipitation
FGOALS-g2,rcp26,2022,MAM,1,pr 50mm,Precipitation
FGOALS-g2,rcp26,2023,MAM,1,pr 50mm,Precipitation
FGOALS-g2,rcp26,2024,MAM,2,pr 50mm,Precipitation
FGOALS-g2,rcp26,2025,MAM,1,pr 50mm,Precipitation
FGOALS-g2,rcp26,2027,MAM,3,pr 50mm,Precipitation
FGOALS-g2,rcp26,2028,MAM,1,pr 50mm,Precipitation
FGOALS-g2,rcp26,2029,MAM,1,pr 50mm,Precipitation
FGOALS-g2,rcp26,2030,MAM,1,pr 50mm,Precipitation
FGOALS-g2,rcp26,2031,MAM,1,pr 50mm,Precipitation
FGOALS-g2,rcp26,2035,MAM,1,pr 50mm,Precipitation
GFDL-CM3,rcp26,2007,MAM,1,pr 50mm,Precipitation
GFDL-CM3,rcp26,2009,MAM,1,pr 50mm,Precipitation
GFDL-CM3,rcp26,2010,MAM,1,pr 50mm,Precipitation
GFDL-CM3,rcp26,2014,MAM,1,pr 50mm,Precipitation
GFDL-CM3,rcp26,2015,MAM,1,pr 50mm,Precipitation
GFDL-CM3,rcp26,2017,MAM,1,pr 50mm,Precipitation
GFDL-CM3,rcp26,2019,MAM,1,pr 50mm,Precipitation
GFDL-CM3,rcp26,2021,MAM,3,pr 50mm,Precipitation
GFDL-CM3,rcp26,2023,MAM,2,pr 50mm,Precipitation
GFDL-CM3,rcp26,2025,MAM,1,pr 50mm,Precipitation
GFDL-CM3,rcp26,2026,MAM,3,pr 50mm,Precipitation
GFDL-CM3,rcp26,2029,MAM,2,pr 50mm,Precipitation
GFDL-CM3,rcp26,2030,MAM,1,pr 50mm,Precipitation
GFDL-CM3,rcp26,2031,MAM,1,pr 50mm,Precipitation
GFDL-CM3,rcp26,2032,MAM,1,pr 50mm,Precipitation
GFDL-CM3,rcp26,2033,MAM,1,pr 50mm,Precipitation
GFDL-CM3,rcp26,2034,MAM,4,pr 50mm,Precipitation
GFDL-CM3,rcp26,2035,MAM,2,pr 50mm,Precipitation
GFDL-CM3,rcp26,2036,MAM,2,pr 50mm,Precipitation
GFDL-ESM2G,rcp26,2007,MAM,2,pr 50mm,Precipitation
GFDL-ESM2G,rcp26,2008,MAM,3,pr 50mm,Precipitation
GFDL-ESM2G,rcp26,2011,MAM,3,pr 50mm,Precipitation
GFDL-ESM2G,rcp26,2013,MAM,1,pr 50mm,Precipitation
GFDL-ESM2G,rcp26,2014,MAM,4,pr 50mm,Precipitation
GFDL-ESM2G,rcp26,2016,MAM,3,pr 50mm,Precipitation
GFDL-ESM2G,rcp26,2017,MAM,3,pr 50mm,Precipitation
GFDL-ESM2G,rcp26,2018,MAM,2,pr 50mm,Precipitation
GFDL-ESM2G,rcp26,2019,MAM,1,pr 50mm,Precipitation
GFDL-ESM2G,rcp26,2020,MAM,1,pr 50mm,Precipitation
GFDL-ESM2G,rcp26,2021,MAM,1,pr 50mm,Precipitation
GFDL-ESM2G,rcp26,2022,MAM,2,pr 50mm,Precipitation
GFDL-ESM2G,rcp26,2023,MAM,1,pr 50mm,Precipitation
GFDL-ESM2G,rcp26,2025,MAM,2,pr 50mm,Precipitation
GFDL-ESM2G,rcp26,2026,MAM,1,pr 50mm,Precipitation
GFDL-ESM2G,rcp26,2027,MAM,1,pr 50mm,Precipitation
GFDL-ESM2G,rcp26,2028,MAM,3,pr 50mm,Precipitation
GFDL-ESM2G,rcp26,2029,MAM,1,pr 50mm,Precipitation
GFDL-ESM2G,rcp26,2030,MAM,3,pr 50mm,Precipitation
GFDL-ESM2G,rcp26,2031,MAM,1,pr 50mm,Precipitation
GFDL-ESM2G,rcp26,2032,MAM,3,pr 50mm,Precipitation
GFDL-ESM2G,rcp26,2033,MAM,3,pr 50mm,Precipitation
GFDL-ESM2G,rcp26,2034,MAM,3,pr 50mm,Precipitation
IPSL-CM5A-LR,rcp26,2008,MAM,2,pr 50mm,Precipitation
IPSL-CM5A-LR,rcp26,2010,MAM,1,pr 50mm,Precipitation
IPSL-CM5A-LR,rcp26,2011,MAM,2,pr 50mm,Precipitation
IPSL-CM5A-LR,rcp26,2014,MAM,1,pr 50mm,Precipitation
IPSL-CM5A-LR,rcp26,2015,MAM,3,pr 50mm,Precipitation
IPSL-CM5A-LR,rcp26,2017,MAM,1,pr 50mm,Precipitation
IPSL-CM5A-LR,rcp26,2019,MAM,2,pr 50mm,Precipitation
IPSL-CM5A-LR,rcp26,2021,MAM,3,pr 50mm,Precipitation
IPSL-CM5A-LR,rcp26,2026,MAM,1,pr 50mm,Precipitation
IPSL-CM5A-LR,rcp26,2028,MAM,2,pr 50mm,Precipitation
IPSL-CM5A-LR,rcp26,2029,MAM,1,pr 50mm,Precipitation
IPSL-CM5A-LR,rcp26,2030,MAM,1,pr 50mm,Precipitation
IPSL-CM5A-LR,rcp26,2031,MAM,1,pr 50mm,Precipitation
IPSL-CM5A-LR,rcp26,2032,MAM,2,pr 50mm,Precipitation
IPSL-CM5A-LR,rcp26,2033,MAM,3,pr 50mm,Precipitation
IPSL-CM5A-LR,rcp26,2034,MAM,1,pr 50mm,Precipitation
IPSL-CM5A-LR,rcp26,2036,MAM,1,pr 50mm,Precipitation
IPSL-CM5A-MR,rcp26,2006,MAM,2,pr 50mm,Precipitation
IPSL-CM5A-MR,rcp26,2010,MAM,1,pr 50mm,Precipitation
IPSL-CM5A-MR,rcp26,2012,MAM,2,pr 50mm,Precipitation
IPSL-CM5A-MR,rcp26,2013,MAM,2,pr 50mm,Precipitation
IPSL-CM5A-MR,rcp26,2014,MAM,4,pr 50mm,Precipitation
IPSL-CM5A-MR,rcp26,2015,MAM,1,pr 50mm,Precipitation
IPSL-CM5A-MR,rcp26,2016,MAM,1,pr 50mm,Precipitation
IPSL-CM5A-MR,rcp26,2018,MAM,2,pr 50mm,Precipitation
IPSL-CM5A-MR,rcp26,2019,MAM,2,pr 50mm,Precipitation
IPSL-CM5A-MR,rcp26,2024,MAM,2,pr 50mm,Precipitation
IPSL-CM5A-MR,rcp26,2025,MAM,1,pr 50mm,Precipitation
IPSL-CM5A-MR,rcp26,2026,MAM,1,pr 50mm,Precipitation
IPSL-CM5A-MR,rcp26,2027,MAM,4,pr 50mm,Precipitation
IPSL-CM5A-MR,rcp26,2029,MAM,1,pr 50mm,Precipitation
IPSL-CM5A-MR,rcp26,2031,MAM,1,pr 50mm,Precipitation
IPSL-CM5A-MR,rcp26,2032,MAM,1,pr 50mm,Precipitation
IPSL-CM5A-MR,rcp26,2033,MAM,1,pr 50mm,Precipitation
IPSL-CM5A-MR,rcp26,2034,MAM,1,pr 50mm,Precipitation
IPSL-CM5A-MR,rcp26,2035,MAM,4,pr 50mm,Precipitation
IPSL-CM5A-MR,rcp26,2036,MAM,2,pr 50mm,Precipitation
MIROC-ESM,rcp26,2006,MAM,3,pr 50mm,Precipitation
MIROC-ESM,rcp26,2007,MAM,2,pr 50mm,Precipitation
MIROC-ESM,rcp26,2008,MAM,1,pr 50mm,Precipitation
MIROC-ESM,rcp26,2009,MAM,1,pr 50mm,Precipitation
MIROC-ESM,rcp26,2010,MAM,1,pr 50mm,Precipitation
MIROC-ESM,rcp26,2011,MAM,2,pr 50mm,Precipitation
MIROC-ESM,rcp26,2015,MAM,2,pr 50mm,Precipitation
MIROC-ESM,rcp26,2017,MAM,3,pr 50mm,Precipitation
MIROC-ESM,rcp26,2018,MAM,1,pr 50mm,Precipitation
MIROC-ESM,rcp26,2019,MAM,1,pr 50mm,Precipitation
MIROC-ESM,rcp26,2021,MAM,2,pr 50mm,Precipitation
MIROC-ESM,rcp26,2022,MAM,7,pr 50mm,Precipitation
MIROC-ESM,rcp26,2025,MAM,1,pr 50mm,Precipitation
MIROC-ESM,rcp26,2027,MAM,1,pr 50mm,Precipitation
MIROC-ESM,rcp26,2028,MAM,2,pr 50mm,Precipitation
MIROC-ESM,rcp26,2030,MAM,3,pr 50mm,Precipitation
MIROC-ESM,rcp26,2032,MAM,1,pr 50mm,Precipitation
MIROC-ESM,rcp26,2033,MAM,9,pr 50mm,Precipitation
MIROC-ESM,rcp26,2035,MAM,1,pr 50mm,Precipitation
MIROC-ESM-CHEM,rcp26,2007,MAM,2,pr 50mm,Precipitation
MIROC-ESM-CHEM,rcp26,2009,MAM,3,pr 50mm,Precipitation
MIROC-ESM-CHEM,rcp26,2011,MAM,1,pr 50mm,Precipitation
MIROC-ESM-CHEM,rcp26,2014,MAM,2,pr 50mm,Precipitation
MIROC-ESM-CHEM,rcp26,2016,MAM,2,pr 50mm,Precipitation
MIROC-ESM-CHEM,rcp26,2017,MAM,6,pr 50mm,Precipitation
MIROC-ESM-CHEM,rcp26,2018,MAM,3,pr 50mm,Precipitation
MIROC-ESM-CHEM,rcp26,2019,MAM,3,pr 50mm,Precipitation
MIROC-ESM-CHEM,rcp26,2020,MAM,3,pr 50mm,Precipitation
MIROC-ESM-CHEM,rcp26,2023,MAM,1,pr 50mm,Precipitation
MIROC-ESM-CHEM,rcp26,2024,MAM,1,pr 50mm,Precipitation
MIROC-ESM-CHEM,rcp26,2026,MAM,1,pr 50mm,Precipitation
MIROC-ESM-CHEM,rcp26,2027,MAM,3,pr 50mm,Precipitation
MIROC-ESM-CHEM,rcp26,2028,MAM,1,pr 50mm,Precipitation
MIROC-ESM-CHEM,rcp26,2030,MAM,1,pr 50mm,Precipitation
MIROC-ESM-CHEM,rcp26,2031,MAM,1,pr 50mm,Precipitation
MIROC-ESM-CHEM,rcp26,2032,MAM,5,pr 50mm,Precipitation
MIROC-ESM-CHEM,rcp26,2033,MAM,4,pr 50mm,Precipitation
MIROC-ESM-CHEM,rcp26,2036,MAM,3,pr 50mm,Precipitation
MIROC5,rcp26,2009,MAM,3,pr 50mm,Precipitation
MIROC5,rcp26,2011,MAM,2,pr 50mm,Precipitation
MIROC5,rcp26,2012,MAM,1,pr 50mm,Precipitation
MIROC5,rcp26,2013,MAM,1,pr 50mm,Precipitation
MIROC5,rcp26,2015,MAM,1,pr 50mm,Precipitation
MIROC5,rcp26,2016,MAM,1,pr 50mm,Precipitation
MIROC5,rcp26,2017,MAM,4,pr 50mm,Precipitation
MIROC5,rcp26,2018,MAM,1,pr 50mm,Precipitation
MIROC5,rcp26,2020,MAM,5,pr 50mm,Precipitation
MIROC5,rcp26,2027,MAM,1,pr 50mm,Precipitation
MIROC5,rcp26,2028,MAM,2,pr 50mm,Precipitation
MIROC5,rcp26,2029,MAM,2,pr 50mm,Precipitation
MIROC5,rcp26,2030,MAM,3,pr 50mm,Precipitation
MIROC5,rcp26,2032,MAM,2,pr 50mm,Precipitation
MIROC5,rcp26,2034,MAM,1,pr 50mm,Precipitation
MIROC5,rcp26,2035,MAM,3,pr 50mm,Precipitation
MIROC5,rcp26,2036,MAM,1,pr 50mm,Precipitation
MPI-ESM-LR,rcp26,2006,MAM,1,pr 50mm,Precipitation
MPI-ESM-LR,rcp26,2008,MAM,1,pr 50mm,Precipitation
MPI-ESM-LR,rcp26,2009,MAM,1,pr 50mm,Precipitation
MPI-ESM-LR,rcp26,2010,MAM,3,pr 50mm,Precipitation
MPI-ESM-LR,rcp26,2011,MAM,4,pr 50mm,Precipitation
MPI-ESM-LR,rcp26,2012,MAM,1,pr 50mm,Precipitation
MPI-ESM-LR,rcp26,2016,MAM,1,pr 50mm,Precipitation
MPI-ESM-LR,rcp26,2017,MAM,2,pr 50mm,Precipitation
MPI-ESM-LR,rcp26,2021,MAM,2,pr 50mm,Precipitation
MPI-ESM-LR,rcp26,2023,MAM,4,pr 50mm,Precipitation
MPI-ESM-LR,rcp26,2024,MAM,1,pr 50mm,Precipitation
MPI-ESM-LR,rcp26,2026,MAM,4,pr 50mm,Precipitation
MPI-ESM-LR,rcp26,2027,MAM,2,pr 50mm,Precipitation
MPI-ESM-LR,rcp26,2028,MAM,2,pr 50mm,Precipitation
MPI-ESM-LR,rcp26,2029,MAM,2,pr 50mm,Precipitation
MPI-ESM-LR,rcp26,2030,MAM,2,pr 50mm,Precipitation
MPI-ESM-LR,rcp26,2031,MAM,1,pr 50mm,Precipitation
MPI-ESM-LR,rcp26,2032,MAM,1,pr 50mm,Precipitation
MPI-ESM-LR,rcp26,2033,MAM,1,pr 50mm,Precipitation
MPI-ESM-LR,rcp26,2034,MAM,1,pr 50mm,Precipitation
MPI-ESM-LR,rcp26,2035,MAM,1,pr 50mm,Precipitation
MPI-ESM-LR,rcp26,2036,MAM,1,pr 50mm,Precipitation
MPI-ESM-MR,rcp26,2007,MAM,1,pr 50mm,Precipitation
MPI-ESM-MR,rcp26,2009,MAM,3,pr 50mm,Precipitation
MPI-ESM-MR,rcp26,2010,MAM,1,pr 50mm,Precipitation
MPI-ESM-MR,rcp26,2011,MAM,2,pr 50mm,Precipitation
MPI-ESM-MR,rcp26,2014,MAM,1,pr 50mm,Precipitation
MPI-ESM-MR,rcp26,2015,MAM,2,pr 50mm,Precipitation
MPI-ESM-MR,rcp26,2016,MAM,6,pr 50mm,Precipitation
MPI-ESM-MR,rcp26,2017,MAM,5,pr 50mm,Precipitation
MPI-ESM-MR,rcp26,2018,MAM,7,pr 50mm,Precipitation
MPI-ESM-MR,rcp26,2019,MAM,1,pr 50mm,Precipitation
MPI-ESM-MR,rcp26,2020,MAM,1,pr 50mm,Precipitation
MPI-ESM-MR,rcp26,2021,MAM,4,pr 50mm,Precipitation
MPI-ESM-MR,rcp26,2022,MAM,1,pr 50mm,Precipitation
MPI-ESM-MR,rcp26,2025,MAM,2,pr 50mm,Precipitation
MPI-ESM-MR,rcp26,2026,MAM,2,pr 50mm,Precipitation
MPI-ESM-MR,rcp26,2027,MAM,3,pr 50mm,Precipitation
MPI-ESM-MR,rcp26,2028,MAM,1,pr 50mm,Precipitation
MPI-ESM-MR,rcp26,2030,MAM,2,pr 50mm,Precipitation
MPI-ESM-MR,rcp26,2031,MAM,3,pr 50mm,Precipitation
MPI-ESM-MR,rcp26,2033,MAM,1,pr 50mm,Precipitation
MPI-ESM-MR,rcp26,2034,MAM,4,pr 50mm,Precipitation
MPI-ESM-MR,rcp26,2035,MAM,1,pr 50mm,Precipitation
MPI-ESM-MR,rcp26,2036,MAM,1,pr 50mm,Precipitation
MRI-CGCM3,rcp26,2008,MAM,1,pr 50mm,Precipitation
MRI-CGCM3,rcp26,2012,MAM,1,pr 50mm,Precipitation
MRI-CGCM3,rcp26,2013,MAM,1,pr 50mm,Precipitation
MRI-CGCM3,rcp26,2014,MAM,1,pr 50mm,Precipitation
MRI-CGCM3,rcp26,2015,MAM,1,pr 50mm,Precipitation
MRI-CGCM3,rcp26,2016,MAM,2,pr 50mm,Precipitation
MRI-CGCM3,rcp26,2017,MAM,2,pr 50mm,Precipitation
MRI-CGCM3,rcp26,2018,MAM,1,pr 50mm,Precipitation
MRI-CGCM3,rcp26,2019,MAM,1,pr 50mm,Precipitation
MRI-CGCM3,rcp26,2022,MAM,2,pr 50mm,Precipitation
MRI-CGCM3,rcp26,2023,MAM,1,pr 50mm,Precipitation
MRI-CGCM3,rcp26,2024,MAM,3,pr 50mm,Precipitation
MRI-CGCM3,rcp26,2025,MAM,2,pr 50mm,Precipitation
MRI-CGCM3,rcp26,2026,MAM,1,pr 50mm,Precipitation
MRI-CGCM3,rcp26,2027,MAM,1,pr 50mm,Precipitation
MRI-CGCM3,rcp26,2029,MAM,2,pr 50mm,Precipitation
MRI-CGCM3,rcp26,2031,MAM,2,pr 50mm,Precipitation
MRI-CGCM3,rcp26,2033,MAM,2,pr 50mm,Precipitation
MRI-CGCM3,rcp26,2034,MAM,1,pr 50mm,Precipitation
MRI-CGCM3,rcp26,2035,MAM,1,pr 50mm,Precipitation
MRI-CGCM3,rcp26,2036,MAM,3,pr 50mm,Precipitation
NorESM1-M,rcp26,2006,MAM,8,pr 50mm,Precipitation
NorESM1-M,rcp26,2007,MAM,1,pr 50mm,Precipitation
NorESM1-M,rcp26,2008,MAM,3,pr 50mm,Precipitation
NorESM1-M,rcp26,2009,MAM,2,pr 50mm,Precipitation
NorESM1-M,rcp26,2013,MAM,1,pr 50mm,Precipitation
NorESM1-M,rcp26,2014,MAM,2,pr 50mm,Precipitation
NorESM1-M,rcp26,2015,MAM,3,pr 50mm,Precipitation
NorESM1-M,rcp26,2018,MAM,3,pr 50mm,Precipitation
NorESM1-M,rcp26,2020,MAM,3,pr 50mm,Precipitation
NorESM1-M,rcp26,2023,MAM,1,pr 50mm,Precipitation
NorESM1-M,rcp26,2024,MAM,2,pr 50mm,Precipitation
NorESM1-M,rcp26,2025,MAM,1,pr 50mm,Precipitation
NorESM1-M,rcp26,2026,MAM,2,pr 50mm,Precipitation
NorESM1-M,rcp26,2029,MAM,1,pr 50mm,Precipitation
NorESM1-M,rcp26,2031,MAM,3,pr 50mm,Precipitation
NorESM1-M,rcp26,2032,MAM,3,pr 50mm,Precipitation
NorESM1-M,rcp26,2036,MAM,1,pr 50mm,Precipitation
bcc-csm1-1,rcp26,2006,MAM,1,pr 50mm,Precipitation
bcc-csm1-1,rcp26,2007,MAM,2,pr 50mm,Precipitation
bcc-csm1-1,rcp26,2009,MAM,2,pr 50mm,Precipitation
bcc-csm1-1,rcp26,2012,MAM,2,pr 50mm,Precipitation
bcc-csm1-1,rcp26,2013,MAM,2,pr 50mm,Precipitation
bcc-csm1-1,rcp26,2014,MAM,4,pr 50mm,Precipitation
bcc-csm1-1,rcp26,2015,MAM,4,pr 50mm,Precipitation
bcc-csm1-1,rcp26,2016,MAM,2,pr 50mm,Precipitation
bcc-csm1-1,rcp26,2017,MAM,1,pr 50mm,Precipitation
bcc-csm1-1,rcp26,2018,MAM,2,pr 50mm,Precipitation
bcc-csm1-1,rcp26,2019,MAM,2,pr 50mm,Precipitation
bcc-csm1-1,rcp26,2021,MAM,8,pr 50mm,Precipitation
bcc-csm1-1,rcp26,2022,MAM,1,pr 50mm,Precipitation
bcc-csm1-1,rcp26,2026,MAM,2,pr 50mm,Precipitation
bcc-csm1-1,rcp26,2027,MAM,2,pr 50mm,Precipitation
bcc-csm1-1,rcp26,2028,MAM,1,pr 50mm,Precipitation
bcc-csm1-1,rcp26,2029,MAM,1,pr 50mm,Precipitation
bcc-csm1-1,rcp26,2031,MAM,2,pr 50mm,Precipitation
bcc-csm1-1,rcp26,2033,MAM,1,pr 50mm,Precipitation
bcc-csm1-1,rcp26,2036,MAM,1,pr 50mm,Precipitation
bcc-csm1-1-m,rcp26,2007,MAM,1,pr 50mm,Precipitation
bcc-csm1-1-m,rcp26,2015,MAM,1,pr 50mm,Precipitation
bcc-csm1-1-m,rcp26,2016,MAM,1,pr 50mm,Precipitation
bcc-csm1-1-m,rcp26,2021,MAM,1,pr 50mm,Precipitation
bcc-csm1-1-m,rcp26,2028,MAM,1,pr 50mm,Precipitation
bcc-csm1-1-m,rcp26,2034,MAM,1,pr 50mm,Precipitation
BNU-ESM,rcp26,2006,SON,4,pr 50mm,Precipitation
BNU-ESM,rcp26,2007,SON,3,pr 50mm,Precipitation
BNU-ESM,rcp26,2008,SON,3,pr 50mm,Precipitation
BNU-ESM,rcp26,2009,SON,4,pr 50mm,Precipitation
BNU-ESM,rcp26,2010,SON,3,pr 50mm,Precipitation
BNU-ESM,rcp26,2013,SON,12,pr 50mm,Precipitation
BNU-ESM,rcp26,2016,SON,5,pr 50mm,Precipitation
BNU-ESM,rcp26,2019,SON,7,pr 50mm,Precipitation
BNU-ESM,rcp26,2020,SON,6,pr 50mm,Precipitation
BNU-ESM,rcp26,2021,SON,6,pr 50mm,Precipitation
BNU-ESM,rcp26,2022,SON,9,pr 50mm,Precipitation
BNU-ESM,rcp26,2023,SON,5,pr 50mm,Precipitation
BNU-ESM,rcp26,2024,SON,1,pr 50mm,Precipitation
BNU-ESM,rcp26,2025,SON,2,pr 50mm,Precipitation
BNU-ESM,rcp26,2026,SON,3,pr 50mm,Precipitation
BNU-ESM,rcp26,2027,SON,1,pr 50mm,Precipitation
BNU-ESM,rcp26,2029,SON,2,pr 50mm,Precipitation
BNU-ESM,rcp26,2030,SON,3,pr 50mm,Precipitation
BNU-ESM,rcp26,2031,SON,4,pr 50mm,Precipitation
BNU-ESM,rcp26,2032,SON,3,pr 50mm,Precipitation
BNU-ESM,rcp26,2033,SON,4,pr 50mm,Precipitation
BNU-ESM,rcp26,2034,SON,4,pr 50mm,Precipitation
BNU-ESM,rcp26,2036,SON,7,pr 50mm,Precipitation
CCSM4,rcp26,2006,SON,10,pr 50mm,Precipitation
CCSM4,rcp26,2007,SON,3,pr 50mm,Precipitation
CCSM4,rcp26,2008,SON,1,pr 50mm,Precipitation
CCSM4,rcp26,2009,SON,4,pr 50mm,Precipitation
CCSM4,rcp26,2010,SON,3,pr 50mm,Precipitation
CCSM4,rcp26,2011,SON,4,pr 50mm,Precipitation
CCSM4,rcp26,2013,SON,3,pr 50mm,Precipitation
CCSM4,rcp26,2014,SON,1,pr 50mm,Precipitation
CCSM4,rcp26,2015,SON,3,pr 50mm,Precipitation
CCSM4,rcp26,2017,SON,5,pr 50mm,Precipitation
CCSM4,rcp26,2018,SON,1,pr 50mm,Precipitation
CCSM4,rcp26,2019,SON,3,pr 50mm,Precipitation
CCSM4,rcp26,2020,SON,3,pr 50mm,Precipitation
CCSM4,rcp26,2021,SON,6,pr 50mm,Precipitation
CCSM4,rcp26,2022,SON,3,pr 50mm,Precipitation
CCSM4,rcp26,2023,SON,6,pr 50mm,Precipitation
CCSM4,rcp26,2024,SON,4,pr 50mm,Precipitation
CCSM4,rcp26,2025,SON,5,pr 50mm,Precipitation
CCSM4,rcp26,2026,SON,3,pr 50mm,Precipitation
CCSM4,rcp26,2027,SON,5,pr 50mm,Precipitation
CCSM4,rcp26,2028,SON,5,pr 50mm,Precipitation
CCSM4,rcp26,2029,SON,1,pr 50mm,Precipitation
CCSM4,rcp26,2030,SON,1,pr 50mm,Precipitation
CCSM4,rcp26,2031,SON,2,pr 50mm,Precipitation
CCSM4,rcp26,2032,SON,2,pr 50mm,Precipitation
CCSM4,rcp26,2033,SON,7,pr 50mm,Precipitation
CCSM4,rcp26,2034,SON,4,pr 50mm,Precipitation
CCSM4,rcp26,2035,SON,1,pr 50mm,Precipitation
CCSM4,rcp26,2036,SON,3,pr 50mm,Precipitation
CESM1-CAM5,rcp26,2006,SON,4,pr 50mm,Precipitation
CESM1-CAM5,rcp26,2007,SON,2,pr 50mm,Precipitation
CESM1-CAM5,rcp26,2008,SON,4,pr 50mm,Precipitation
CESM1-CAM5,rcp26,2009,SON,4,pr 50mm,Precipitation
CESM1-CAM5,rcp26,2010,SON,4,pr 50mm,Precipitation
CESM1-CAM5,rcp26,2011,SON,3,pr 50mm,Precipitation
CESM1-CAM5,rcp26,2012,SON,2,pr 50mm,Precipitation
CESM1-CAM5,rcp26,2013,SON,6,pr 50mm,Precipitation
CESM1-CAM5,rcp26,2014,SON,10,pr 50mm,Precipitation
CESM1-CAM5,rcp26,2015,SON,2,pr 50mm,Precipitation
CESM1-CAM5,rcp26,2016,SON,8,pr 50mm,Precipitation
CESM1-CAM5,rcp26,2017,SON,3,pr 50mm,Precipitation
CESM1-CAM5,rcp26,2018,SON,7,pr 50mm,Precipitation
CESM1-CAM5,rcp26,2020,SON,9,pr 50mm,Precipitation
CESM1-CAM5,rcp26,2021,SON,1,pr 50mm,Precipitation
CESM1-CAM5,rcp26,2022,SON,4,pr 50mm,Precipitation
CESM1-CAM5,rcp26,2023,SON,7,pr 50mm,Precipitation
CESM1-CAM5,rcp26,2024,SON,4,pr 50mm,Precipitation
CESM1-CAM5,rcp26,2026,SON,3,pr 50mm,Precipitation
CESM1-CAM5,rcp26,2027,SON,3,pr 50mm,Precipitation
CESM1-CAM5,rcp26,2029,SON,2,pr 50mm,Precipitation
CESM1-CAM5,rcp26,2030,SON,4,pr 50mm,Precipitation
CESM1-CAM5,rcp26,2031,SON,6,pr 50mm,Precipitation
CESM1-CAM5,rcp26,2033,SON,1,pr 50mm,Precipitation
CESM1-CAM5,rcp26,2034,SON,2,pr 50mm,Precipitation
CESM1-CAM5,rcp26,2036,SON,6,pr 50mm,Precipitation
CNRM-CM5,rcp26,2006,SON,5,pr 50mm,Precipitation
CNRM-CM5,rcp26,2007,SON,6,pr 50mm,Precipitation
CNRM-CM5,rcp26,2008,SON,9,pr 50mm,Precipitation
CNRM-CM5,rcp26,2009,SON,3,pr 50mm,Precipitation
CNRM-CM5,rcp26,2010,SON,5,pr 50mm,Precipitation
CNRM-CM5,rcp26,2011,SON,1,pr 50mm,Precipitation
CNRM-CM5,rcp26,2013,SON,2,pr 50mm,Precipitation
CNRM-CM5,rcp26,2015,SON,10,pr 50mm,Precipitation
CNRM-CM5,rcp26,2017,SON,6,pr 50mm,Precipitation
CNRM-CM5,rcp26,2018,SON,4,pr 50mm,Precipitation
CNRM-CM5,rcp26,2019,SON,3,pr 50mm,Precipitation
CNRM-CM5,rcp26,2020,SON,2,pr 50mm,Precipitation
CNRM-CM5,rcp26,2021,SON,1,pr 50mm,Precipitation
CNRM-CM5,rcp26,2022,SON,5,pr 50mm,Precipitation
CNRM-CM5,rcp26,2023,SON,3,pr 50mm,Precipitation
CNRM-CM5,rcp26,2024,SON,1,pr 50mm,Precipitation
CNRM-CM5,rcp26,2025,SON,7,pr 50mm,Precipitation
CNRM-CM5,rcp26,2026,SON,4,pr 50mm,Precipitation
CNRM-CM5,rcp26,2027,SON,1,pr 50mm,Precipitation
CNRM-CM5,rcp26,2028,SON,1,pr 50mm,Precipitation
CNRM-CM5,rcp26,2029,SON,1,pr 50mm,Precipitation
CNRM-CM5,rcp26,2030,SON,1,pr 50mm,Precipitation
CNRM-CM5,rcp26,2031,SON,6,pr 50mm,Precipitation
CNRM-CM5,rcp26,2032,SON,6,pr 50mm,Precipitation
CNRM-CM5,rcp26,2033,SON,5,pr 50mm,Precipitation
CNRM-CM5,rcp26,2034,SON,2,pr 50mm,Precipitation
CNRM-CM5,rcp26,2035,SON,4,pr 50mm,Precipitation
CNRM-CM5,rcp26,2036,SON,6,pr 50mm,Precipitation
CSIRO-Mk3-6-0,rcp26,2006,SON,1,pr 50mm,Precipitation
CSIRO-Mk3-6-0,rcp26,2007,SON,2,pr 50mm,Precipitation
CSIRO-Mk3-6-0,rcp26,2008,SON,6,pr 50mm,Precipitation
CSIRO-Mk3-6-0,rcp26,2009,SON,1,pr 50mm,Precipitation
CSIRO-Mk3-6-0,rcp26,2010,SON,5,pr 50mm,Precipitation
CSIRO-Mk3-6-0,rcp26,2011,SON,3,pr 50mm,Precipitation
CSIRO-Mk3-6-0,rcp26,2013,SON,3,pr 50mm,Precipitation
CSIRO-Mk3-6-0,rcp26,2014,SON,8,pr 50mm,Precipitation
CSIRO-Mk3-6-0,rcp26,2017,SON,8,pr 50mm,Precipitation
CSIRO-Mk3-6-0,rcp26,2018,SON,4,pr 50mm,Precipitation
CSIRO-Mk3-6-0,rcp26,2019,SON,3,pr 50mm,Precipitation
CSIRO-Mk3-6-0,rcp26,2020,SON,5,pr 50mm,Precipitation
CSIRO-Mk3-6-0,rcp26,2021,SON,2,pr 50mm,Precipitation
CSIRO-Mk3-6-0,rcp26,2022,SON,1,pr 50mm,Precipitation
CSIRO-Mk3-6-0,rcp26,2023,SON,2,pr 50mm,Precipitation
CSIRO-Mk3-6-0,rcp26,2024,SON,3,pr 50mm,Precipitation
CSIRO-Mk3-6-0,rcp26,2025,SON,5,pr 50mm,Precipitation
CSIRO-Mk3-6-0,rcp26,2026,SON,2,pr 50mm,Precipitation
CSIRO-Mk3-6-0,rcp26,2027,SON,1,pr 50mm,Precipitation
CSIRO-Mk3-6-0,rcp26,2028,SON,3,pr 50mm,Precipitation
CSIRO-Mk3-6-0,rcp26,2029,SON,4,pr 50mm,Precipitation
CSIRO-Mk3-6-0,rcp26,2030,SON,2,pr 50mm,Precipitation
CSIRO-Mk3-6-0,rcp26,2031,SON,1,pr 50mm,Precipitation
CSIRO-Mk3-6-0,rcp26,2032,SON,5,pr 50mm,Precipitation
CSIRO-Mk3-6-0,rcp26,2033,SON,2,pr 50mm,Precipitation
CSIRO-Mk3-6-0,rcp26,2034,SON,7,pr 50mm,Precipitation
CSIRO-Mk3-6-0,rcp26,2035,SON,4,pr 50mm,Precipitation
CSIRO-Mk3-6-0,rcp26,2036,SON,1,pr 50mm,Precipitation
CanESM2,rcp26,2006,SON,6,pr 50mm,Precipitation
CanESM2,rcp26,2007,SON,4,pr 50mm,Precipitation
CanESM2,rcp26,2008,SON,10,pr 50mm,Precipitation
CanESM2,rcp26,2009,SON,1,pr 50mm,Precipitation
CanESM2,rcp26,2010,SON,4,pr 50mm,Precipitation
CanESM2,rcp26,2011,SON,1,pr 50mm,Precipitation
CanESM2,rcp26,2012,SON,1,pr 50mm,Precipitation
CanESM2,rcp26,2014,SON,2,pr 50mm,Precipitation
CanESM2,rcp26,2015,SON,4,pr 50mm,Precipitation
CanESM2,rcp26,2016,SON,4,pr 50mm,Precipitation
CanESM2,rcp26,2017,SON,2,pr 50mm,Precipitation
CanESM2,rcp26,2018,SON,2,pr 50mm,Precipitation
CanESM2,rcp26,2019,SON,5,pr 50mm,Precipitation
CanESM2,rcp26,2020,SON,2,pr 50mm,Precipitation
CanESM2,rcp26,2022,SON,1,pr 50mm,Precipitation
CanESM2,rcp26,2023,SON,6,pr 50mm,Precipitation
CanESM2,rcp26,2025,SON,2,pr 50mm,Precipitation
CanESM2,rcp26,2026,SON,4,pr 50mm,Precipitation
CanESM2,rcp26,2027,SON,6,pr 50mm,Precipitation
CanESM2,rcp26,2029,SON,2,pr 50mm,Precipitation
CanESM2,rcp26,2031,SON,15,pr 50mm,Precipitation
CanESM2,rcp26,2034,SON,4,pr 50mm,Precipitation
CanESM2,rcp26,2035,SON,3,pr 50mm,Precipitation
CanESM2,rcp26,2036,SON,2,pr 50mm,Precipitation
FGOALS-g2,rcp26,2008,SON,3,pr 50mm,Precipitation
FGOALS-g2,rcp26,2009,SON,1,pr 50mm,Precipitation
FGOALS-g2,rcp26,2010,SON,2,pr 50mm,Precipitation
FGOALS-g2,rcp26,2011,SON,3,pr 50mm,Precipitation
FGOALS-g2,rcp26,2012,SON,2,pr 50mm,Precipitation
FGOALS-g2,rcp26,2013,SON,3,pr 50mm,Precipitation
FGOALS-g2,rcp26,2014,SON,4,pr 50mm,Precipitation
FGOALS-g2,rcp26,2015,SON,3,pr 50mm,Precipitation
FGOALS-g2,rcp26,2016,SON,4,pr 50mm,Precipitation
FGOALS-g2,rcp26,2017,SON,5,pr 50mm,Precipitation
FGOALS-g2,rcp26,2018,SON,4,pr 50mm,Precipitation
FGOALS-g2,rcp26,2019,SON,5,pr 50mm,Precipitation
FGOALS-g2,rcp26,2020,SON,5,pr 50mm,Precipitation
FGOALS-g2,rcp26,2021,SON,2,pr 50mm,Precipitation
FGOALS-g2,rcp26,2022,SON,5,pr 50mm,Precipitation
FGOALS-g2,rcp26,2023,SON,1,pr 50mm,Precipitation
FGOALS-g2,rcp26,2024,SON,1,pr 50mm,Precipitation
FGOALS-g2,rcp26,2025,SON,7,pr 50mm,Precipitation
FGOALS-g2,rcp26,2026,SON,1,pr 50mm,Precipitation
FGOALS-g2,rcp26,2027,SON,8,pr 50mm,Precipitation
FGOALS-g2,rcp26,2028,SON,6,pr 50mm,Precipitation
FGOALS-g2,rcp26,2029,SON,6,pr 50mm,Precipitation
FGOALS-g2,rcp26,2030,SON,6,pr 50mm,Precipitation
FGOALS-g2,rcp26,2031,SON,2,pr 50mm,Precipitation
FGOALS-g2,rcp26,2032,SON,3,pr 50mm,Precipitation
FGOALS-g2,rcp26,2033,SON,1,pr 50mm,Precipitation
FGOALS-g2,rcp26,2034,SON,1,pr 50mm,Precipitation
FGOALS-g2,rcp26,2036,SON,2,pr 50mm,Precipitation
GFDL-CM3,rcp26,2007,SON,2,pr 50mm,Precipitation
GFDL-CM3,rcp26,2009,SON,6,pr 50mm,Precipitation
GFDL-CM3,rcp26,2010,SON,4,pr 50mm,Precipitation
GFDL-CM3,rcp26,2011,SON,6,pr 50mm,Precipitation
GFDL-CM3,rcp26,2012,SON,5,pr 50mm,Precipitation
GFDL-CM3,rcp26,2013,SON,2,pr 50mm,Precipitation
GFDL-CM3,rcp26,2015,SON,2,pr 50mm,Precipitation
GFDL-CM3,rcp26,2017,SON,6,pr 50mm,Precipitation
GFDL-CM3,rcp26,2018,SON,5,pr 50mm,Precipitation
GFDL-CM3,rcp26,2019,SON,3,pr 50mm,Precipitation
GFDL-CM3,rcp26,2020,SON,6,pr 50mm,Precipitation
GFDL-CM3,rcp26,2023,SON,2,pr 50mm,Precipitation
GFDL-CM3,rcp26,2024,SON,3,pr 50mm,Precipitation
GFDL-CM3,rcp26,2026,SON,2,pr 50mm,Precipitation
GFDL-CM3,rcp26,2027,SON,2,pr 50mm,Precipitation
GFDL-CM3,rcp26,2028,SON,1,pr 50mm,Precipitation
GFDL-CM3,rcp26,2029,SON,2,pr 50mm,Precipitation
GFDL-CM3,rcp26,2030,SON,2,pr 50mm,Precipitation
GFDL-CM3,rcp26,2032,SON,1,pr 50mm,Precipitation
GFDL-CM3,rcp26,2033,SON,5,pr 50mm,Precipitation
GFDL-CM3,rcp26,2034,SON,3,pr 50mm,Precipitation
GFDL-CM3,rcp26,2035,SON,1,pr 50mm,Precipitation
GFDL-CM3,rcp26,2036,SON,4,pr 50mm,Precipitation
GFDL-ESM2G,rcp26,2006,SON,2,pr 50mm,Precipitation
GFDL-ESM2G,rcp26,2007,SON,2,pr 50mm,Precipitation
GFDL-ESM2G,rcp26,2008,SON,7,pr 50mm,Precipitation
GFDL-ESM2G,rcp26,2009,SON,1,pr 50mm,Precipitation
GFDL-ESM2G,rcp26,2010,SON,8,pr 50mm,Precipitation
GFDL-ESM2G,rcp26,2011,SON,3,pr 50mm,Precipitation
GFDL-ESM2G,rcp26,2012,SON,4,pr 50mm,Precipitation
GFDL-ESM2G,rcp26,2013,SON,1,pr 50mm,Precipitation
GFDL-ESM2G,rcp26,2014,SON,1,pr 50mm,Precipitation
GFDL-ESM2G,rcp26,2015,SON,1,pr 50mm,Precipitation
GFDL-ESM2G,rcp26,2016,SON,4,pr 50mm,Precipitation
GFDL-ESM2G,rcp26,2018,SON,6,pr 50mm,Precipitation
GFDL-ESM2G,rcp26,2019,SON,6,pr 50mm,Precipitation
GFDL-ESM2G,rcp26,2020,SON,7,pr 50mm,Precipitation
GFDL-ESM2G,rcp26,2024,SON,2,pr 50mm,Precipitation
GFDL-ESM2G,rcp26,2025,SON,1,pr 50mm,Precipitation
GFDL-ESM2G,rcp26,2026,SON,4,pr 50mm,Precipitation
GFDL-ESM2G,rcp26,2027,SON,5,pr 50mm,Precipitation
GFDL-ESM2G,rcp26,2030,SON,5,pr 50mm,Precipitation
GFDL-ESM2G,rcp26,2031,SON,5,pr 50mm,Precipitation
GFDL-ESM2G,rcp26,2032,SON,10,pr 50mm,Precipitation
GFDL-ESM2G,rcp26,2033,SON,9,pr 50mm,Precipitation
GFDL-ESM2G,rcp26,2034,SON,1,pr 50mm,Precipitation
GFDL-ESM2G,rcp26,2035,SON,3,pr 50mm,Precipitation
GFDL-ESM2G,rcp26,2036,SON,4,pr 50mm,Precipitation
IPSL-CM5A-LR,rcp26,2006,SON,1,pr 50mm,Precipitation
IPSL-CM5A-LR,rcp26,2008,SON,6,pr 50mm,Precipitation
IPSL-CM5A-LR,rcp26,2009,SON,4,pr 50mm,Precipitation
IPSL-CM5A-LR,rcp26,2010,SON,5,pr 50mm,Precipitation
IPSL-CM5A-LR,rcp26,2011,SON,6,pr 50mm,Precipitation
IPSL-CM5A-LR,rcp26,2012,SON,2,pr 50mm,Precipitation
IPSL-CM5A-LR,rcp26,2014,SON,5,pr 50mm,Precipitation
IPSL-CM5A-LR,rcp26,2015,SON,1,pr 50mm,Precipitation
IPSL-CM5A-LR,rcp26,2016,SON,2,pr 50mm,Precipitation
IPSL-CM5A-LR,rcp26,2017,SON,6,pr 50mm,Precipitation
IPSL-CM5A-LR,rcp26,2018,SON,1,pr 50mm,Precipitation
IPSL-CM5A-LR,rcp26,2019,SON,1,pr 50mm,Precipitation
IPSL-CM5A-LR,rcp26,2020,SON,8,pr 50mm,Precipitation
IPSL-CM5A-LR,rcp26,2022,SON,2,pr 50mm,Precipitation
IPSL-CM5A-LR,rcp26,2025,SON,1,pr 50mm,Precipitation
IPSL-CM5A-LR,rcp26,2026,SON,7,pr 50mm,Precipitation
IPSL-CM5A-LR,rcp26,2031,SON,7,pr 50mm,Precipitation
IPSL-CM5A-LR,rcp26,2034,SON,5,pr 50mm,Precipitation
IPSL-CM5A-MR,rcp26,2007,SON,3,pr 50mm,Precipitation
IPSL-CM5A-MR,rcp26,2008,SON,8,pr 50mm,Precipitation
IPSL-CM5A-MR,rcp26,2009,SON,3,pr 50mm,Precipitation
IPSL-CM5A-MR,rcp26,2010,SON,3,pr 50mm,Precipitation
IPSL-CM5A-MR,rcp26,2011,SON,5,pr 50mm,Precipitation
IPSL-CM5A-MR,rcp26,2012,SON,3,pr 50mm,Precipitation
IPSL-CM5A-MR,rcp26,2013,SON,10,pr 50mm,Precipitation
IPSL-CM5A-MR,rcp26,2014,SON,2,pr 50mm,Precipitation
IPSL-CM5A-MR,rcp26,2015,SON,2,pr 50mm,Precipitation
IPSL-CM5A-MR,rcp26,2016,SON,3,pr 50mm,Precipitation
IPSL-CM5A-MR,rcp26,2017,SON,10,pr 50mm,Precipitation
IPSL-CM5A-MR,rcp26,2019,SON,2,pr 50mm,Precipitation
IPSL-CM5A-MR,rcp26,2020,SON,2,pr 50mm,Precipitation
IPSL-CM5A-MR,rcp26,2022,SON,3,pr 50mm,Precipitation
IPSL-CM5A-MR,rcp26,2023,SON,2,pr 50mm,Precipitation
IPSL-CM5A-MR,rcp26,2024,SON,6,pr 50mm,Precipitation
IPSL-CM5A-MR,rcp26,2025,SON,7,pr 50mm,Precipitation
IPSL-CM5A-MR,rcp26,2026,SON,15,pr 50mm,Precipitation
IPSL-CM5A-MR,rcp26,2027,SON,2,pr 50mm,Precipitation
IPSL-CM5A-MR,rcp26,2028,SON,1,pr 50mm,Precipitation
IPSL-CM5A-MR,rcp26,2029,SON,2,pr 50mm,Precipitation
IPSL-CM5A-MR,rcp26,2030,SON,8,pr 50mm,Precipitation
IPSL-CM5A-MR,rcp26,2032,SON,3,pr 50mm,Precipitation
IPSL-CM5A-MR,rcp26,2034,SON,2,pr 50mm,Precipitation
IPSL-CM5A-MR,rcp26,2035,SON,1,pr 50mm,Precipitation
IPSL-CM5A-MR,rcp26,2036,SON,5,pr 50mm,Precipitation
MIROC-ESM,rcp26,2006,SON,2,pr 50mm,Precipitation
MIROC-ESM,rcp26,2007,SON,2,pr 50mm,Precipitation
MIROC-ESM,rcp26,2008,SON,1,pr 50mm,Precipitation
MIROC-ESM,rcp26,2009,SON,2,pr 50mm,Precipitation
MIROC-ESM,rcp26,2010,SON,7,pr 50mm,Precipitation
MIROC-ESM,rcp26,2011,SON,1,pr 50mm,Precipitation
MIROC-ESM,rcp26,2012,SON,3,pr 50mm,Precipitation
MIROC-ESM,rcp26,2013,SON,3,pr 50mm,Precipitation
MIROC-ESM,rcp26,2014,SON,5,pr 50mm,Precipitation
MIROC-ESM,rcp26,2015,SON,2,pr 50mm,Precipitation
MIROC-ESM,rcp26,2016,SON,2,pr 50mm,Precipitation
MIROC-ESM,rcp26,2017,SON,7,pr 50mm,Precipitation
MIROC-ESM,rcp26,2018,SON,1,pr 50mm,Precipitation
MIROC-ESM,rcp26,2020,SON,6,pr 50mm,Precipitation
MIROC-ESM,rcp26,2021,SON,2,pr 50mm,Precipitation
MIROC-ESM,rcp26,2022,SON,2,pr 50mm,Precipitation
MIROC-ESM,rcp26,2023,SON,1,pr 50mm,Precipitation
MIROC-ESM,rcp26,2024,SON,3,pr 50mm,Precipitation
MIROC-ESM,rcp26,2025,SON,2,pr 50mm,Precipitation
MIROC-ESM,rcp26,2026,SON,4,pr 50mm,Precipitation
MIROC-ESM,rcp26,2027,SON,1,pr 50mm,Precipitation
MIROC-ESM,rcp26,2028,SON,3,pr 50mm,Precipitation
MIROC-ESM,rcp26,2029,SON,4,pr 50mm,Precipitation
MIROC-ESM,rcp26,2030,SON,1,pr 50mm,Precipitation
MIROC-ESM,rcp26,2031,SON,2,pr 50mm,Precipitation
MIROC-ESM,rcp26,2034,SON,5,pr 50mm,Precipitation
MIROC-ESM,rcp26,2035,SON,2,pr 50mm,Precipitation
MIROC-ESM,rcp26,2036,SON,3,pr 50mm,Precipitation
MIROC-ESM-CHEM,rcp26,2006,SON,1,pr 50mm,Precipitation
MIROC-ESM-CHEM,rcp26,2007,SON,3,pr 50mm,Precipitation
MIROC-ESM-CHEM,rcp26,2008,SON,2,pr 50mm,Precipitation
MIROC-ESM-CHEM,rcp26,2009,SON,2,pr 50mm,Precipitation
MIROC-ESM-CHEM,rcp26,2010,SON,1,pr 50mm,Precipitation
MIROC-ESM-CHEM,rcp26,2012,SON,1,pr 50mm,Precipitation
MIROC-ESM-CHEM,rcp26,2013,SON,3,pr 50mm,Precipitation
MIROC-ESM-CHEM,rcp26,2014,SON,3,pr 50mm,Precipitation
MIROC-ESM-CHEM,rcp26,2015,SON,1,pr 50mm,Precipitation
MIROC-ESM-CHEM,rcp26,2016,SON,5,pr 50mm,Precipitation
MIROC-ESM-CHEM,rcp26,2017,SON,2,pr 50mm,Precipitation
MIROC-ESM-CHEM,rcp26,2018,SON,3,pr 50mm,Precipitation
MIROC-ESM-CHEM,rcp26,2019,SON,1,pr 50mm,Precipitation
MIROC-ESM-CHEM,rcp26,2020,SON,3,pr 50mm,Precipitation
MIROC-ESM-CHEM,rcp26,2021,SON,4,pr 50mm,Precipitation
MIROC-ESM-CHEM,rcp26,2022,SON,3,pr 50mm,Precipitation
MIROC-ESM-CHEM,rcp26,2024,SON,5,pr 50mm,Precipitation
MIROC-ESM-CHEM,rcp26,2026,SON,4,pr 50mm,Precipitation
MIROC-ESM-CHEM,rcp26,2027,SON,1,pr 50mm,Precipitation
MIROC-ESM-CHEM,rcp26,2028,SON,9,pr 50mm,Precipitation
MIROC-ESM-CHEM,rcp26,2030,SON,3,pr 50mm,Precipitation
MIROC-ESM-CHEM,rcp26,2031,SON,6,pr 50mm,Precipitation
MIROC-ESM-CHEM,rcp26,2033,SON,4,pr 50mm,Precipitation
MIROC-ESM-CHEM,rcp26,2034,SON,2,pr 50mm,Precipitation
MIROC5,rcp26,2008,SON,3,pr 50mm,Precipitation
MIROC5,rcp26,2009,SON,5,pr 50mm,Precipitation
MIROC5,rcp26,2010,SON,4,pr 50mm,Precipitation
MIROC5,rcp26,2011,SON,6,pr 50mm,Precipitation
MIROC5,rcp26,2012,SON,6,pr 50mm,Precipitation
MIROC5,rcp26,2013,SON,4,pr 50mm,Precipitation
MIROC5,rcp26,2014,SON,6,pr 50mm,Precipitation
MIROC5,rcp26,2016,SON,7,pr 50mm,Precipitation
MIROC5,rcp26,2017,SON,5,pr 50mm,Precipitation
MIROC5,rcp26,2018,SON,4,pr 50mm,Precipitation
MIROC5,rcp26,2019,SON,5,pr 50mm,Precipitation
MIROC5,rcp26,2020,SON,4,pr 50mm,Precipitation
MIROC5,rcp26,2021,SON,2,pr 50mm,Precipitation
MIROC5,rcp26,2022,SON,1,pr 50mm,Precipitation
MIROC5,rcp26,2023,SON,3,pr 50mm,Precipitation
MIROC5,rcp26,2024,SON,8,pr 50mm,Precipitation
MIROC5,rcp26,2025,SON,3,pr 50mm,Precipitation
MIROC5,rcp26,2026,SON,3,pr 50mm,Precipitation
MIROC5,rcp26,2027,SON,1,pr 50mm,Precipitation
MIROC5,rcp26,2028,SON,3,pr 50mm,Precipitation
MIROC5,rcp26,2029,SON,3,pr 50mm,Precipitation
MIROC5,rcp26,2030,SON,13,pr 50mm,Precipitation
MIROC5,rcp26,2031,SON,1,pr 50mm,Precipitation
MIROC5,rcp26,2032,SON,2,pr 50mm,Precipitation
MIROC5,rcp26,2033,SON,4,pr 50mm,Precipitation
MIROC5,rcp26,2034,SON,5,pr 50mm,Precipitation
MIROC5,rcp26,2036,SON,7,pr 50mm,Precipitation
MPI-ESM-LR,rcp26,2006,SON,6,pr 50mm,Precipitation
MPI-ESM-LR,rcp26,2007,SON,3,pr 50mm,Precipitation
MPI-ESM-LR,rcp26,2008,SON,3,pr 50mm,Precipitation
MPI-ESM-LR,rcp26,2009,SON,3,pr 50mm,Precipitation
MPI-ESM-LR,rcp26,2010,SON,2,pr 50mm,Precipitation
MPI-ESM-LR,rcp26,2011,SON,3,pr 50mm,Precipitation
MPI-ESM-LR,rcp26,2012,SON,3,pr 50mm,Precipitation
MPI-ESM-LR,rcp26,2015,SON,2,pr 50mm,Precipitation
MPI-ESM-LR,rcp26,2018,SON,2,pr 50mm,Precipitation
MPI-ESM-LR,rcp26,2019,SON,3,pr 50mm,Precipitation
MPI-ESM-LR,rcp26,2020,SON,7,pr 50mm,Precipitation
MPI-ESM-LR,rcp26,2021,SON,2,pr 50mm,Precipitation
MPI-ESM-LR,rcp26,2022,SON,9,pr 50mm,Precipitation
MPI-ESM-LR,rcp26,2023,SON,2,pr 50mm,Precipitation
MPI-ESM-LR,rcp26,2025,SON,5,pr 50mm,Precipitation
MPI-ESM-LR,rcp26,2026,SON,1,pr 50mm,Precipitation
MPI-ESM-LR,rcp26,2027,SON,1,pr 50mm,Precipitation
MPI-ESM-LR,rcp26,2028,SON,7,pr 50mm,Precipitation
MPI-ESM-LR,rcp26,2029,SON,2,pr 50mm,Precipitation
MPI-ESM-LR,rcp26,2030,SON,6,pr 50mm,Precipitation
MPI-ESM-LR,rcp26,2032,SON,3,pr 50mm,Precipitation
MPI-ESM-LR,rcp26,2033,SON,3,pr 50mm,Precipitation
MPI-ESM-MR,rcp26,2006,SON,7,pr 50mm,Precipitation
MPI-ESM-MR,rcp26,2007,SON,4,pr 50mm,Precipitation
MPI-ESM-MR,rcp26,2008,SON,4,pr 50mm,Precipitation
MPI-ESM-MR,rcp26,2009,SON,4,pr 50mm,Precipitation
MPI-ESM-MR,rcp26,2010,SON,8,pr 50mm,Precipitation
MPI-ESM-MR,rcp26,2011,SON,5,pr 50mm,Precipitation
MPI-ESM-MR,rcp26,2012,SON,5,pr 50mm,Precipitation
MPI-ESM-MR,rcp26,2013,SON,3,pr 50mm,Precipitation
MPI-ESM-MR,rcp26,2014,SON,7,pr 50mm,Precipitation
MPI-ESM-MR,rcp26,2015,SON,4,pr 50mm,Precipitation
MPI-ESM-MR,rcp26,2016,SON,3,pr 50mm,Precipitation
MPI-ESM-MR,rcp26,2017,SON,1,pr 50mm,Precipitation
MPI-ESM-MR,rcp26,2018,SON,8,pr 50mm,Precipitation
MPI-ESM-MR,rcp26,2019,SON,4,pr 50mm,Precipitation
MPI-ESM-MR,rcp26,2020,SON,2,pr 50mm,Precipitation
MPI-ESM-MR,rcp26,2021,SON,2,pr 50mm,Precipitation
MPI-ESM-MR,rcp26,2022,SON,7,pr 50mm,Precipitation
MPI-ESM-MR,rcp26,2023,SON,3,pr 50mm,Precipitation
MPI-ESM-MR,rcp26,2024,SON,1,pr 50mm,Precipitation
MPI-ESM-MR,rcp26,2025,SON,2,pr 50mm,Precipitation
MPI-ESM-MR,rcp26,2026,SON,4,pr 50mm,Precipitation
MPI-ESM-MR,rcp26,2027,SON,5,pr 50mm,Precipitation
MPI-ESM-MR,rcp26,2028,SON,1,pr 50mm,Precipitation
MPI-ESM-MR,rcp26,2029,SON,2,pr 50mm,Precipitation
MPI-ESM-MR,rcp26,2032,SON,6,pr 50mm,Precipitation
MPI-ESM-MR,rcp26,2033,SON,3,pr 50mm,Precipitation
MPI-ESM-MR,rcp26,2034,SON,4,pr 50mm,Precipitation
MPI-ESM-MR,rcp26,2035,SON,3,pr 50mm,Precipitation
MPI-ESM-MR,rcp26,2036,SON,2,pr 50mm,Precipitation
MRI-CGCM3,rcp26,2006,SON,2,pr 50mm,Precipitation
MRI-CGCM3,rcp26,2007,SON,1,pr 50mm,Precipitation
MRI-CGCM3,rcp26,2008,SON,5,pr 50mm,Precipitation
MRI-CGCM3,rcp26,2009,SON,4,pr 50mm,Precipitation
MRI-CGCM3,rcp26,2011,SON,4,pr 50mm,Precipitation
MRI-CGCM3,rcp26,2015,SON,3,pr 50mm,Precipitation
MRI-CGCM3,rcp26,2016,SON,4,pr 50mm,Precipitation
MRI-CGCM3,rcp26,2017,SON,3,pr 50mm,Precipitation
MRI-CGCM3,rcp26,2018,SON,2,pr 50mm,Precipitation
MRI-CGCM3,rcp26,2020,SON,4,pr 50mm,Precipitation
MRI-CGCM3,rcp26,2021,SON,6,pr 50mm,Precipitation
MRI-CGCM3,rcp26,2022,SON,9,pr 50mm,Precipitation
MRI-CGCM3,rcp26,2023,SON,2,pr 50mm,Precipitation
MRI-CGCM3,rcp26,2024,SON,1,pr 50mm,Precipitation
MRI-CGCM3,rcp26,2025,SON,2,pr 50mm,Precipitation
MRI-CGCM3,rcp26,2026,SON,3,pr 50mm,Precipitation
MRI-CGCM3,rcp26,2028,SON,4,pr 50mm,Precipitation
MRI-CGCM3,rcp26,2029,SON,1,pr 50mm,Precipitation
MRI-CGCM3,rcp26,2030,SON,4,pr 50mm,Precipitation
MRI-CGCM3,rcp26,2031,SON,3,pr 50mm,Precipitation
MRI-CGCM3,rcp26,2032,SON,2,pr 50mm,Precipitation
MRI-CGCM3,rcp26,2033,SON,1,pr 50mm,Precipitation
MRI-CGCM3,rcp26,2034,SON,2,pr 50mm,Precipitation
MRI-CGCM3,rcp26,2035,SON,2,pr 50mm,Precipitation
NorESM1-M,rcp26,2006,SON,4,pr 50mm,Precipitation
NorESM1-M,rcp26,2007,SON,3,pr 50mm,Precipitation
NorESM1-M,rcp26,2008,SON,2,pr 50mm,Precipitation
NorESM1-M,rcp26,2009,SON,2,pr 50mm,Precipitation
NorESM1-M,rcp26,2010,SON,3,pr 50mm,Precipitation
NorESM1-M,rcp26,2011,SON,2,pr 50mm,Precipitation
NorESM1-M,rcp26,2012,SON,1,pr 50mm,Precipitation
NorESM1-M,rcp26,2014,SON,3,pr 50mm,Precipitation
NorESM1-M,rcp26,2015,SON,3,pr 50mm,Precipitation
NorESM1-M,rcp26,2016,SON,1,pr 50mm,Precipitation
NorESM1-M,rcp26,2017,SON,1,pr 50mm,Precipitation
NorESM1-M,rcp26,2018,SON,5,pr 50mm,Precipitation
NorESM1-M,rcp26,2019,SON,4,pr 50mm,Precipitation
NorESM1-M,rcp26,2020,SON,2,pr 50mm,Precipitation
NorESM1-M,rcp26,2021,SON,2,pr 50mm,Precipitation
NorESM1-M,rcp26,2022,SON,6,pr 50mm,Precipitation
NorESM1-M,rcp26,2023,SON,7,pr 50mm,Precipitation
NorESM1-M,rcp26,2024,SON,8,pr 50mm,Precipitation
NorESM1-M,rcp26,2025,SON,2,pr 50mm,Precipitation
NorESM1-M,rcp26,2027,SON,3,pr 50mm,Precipitation
NorESM1-M,rcp26,2028,SON,3,pr 50mm,Precipitation
NorESM1-M,rcp26,2029,SON,2,pr 50mm,Precipitation
NorESM1-M,rcp26,2030,SON,2,pr 50mm,Precipitation
NorESM1-M,rcp26,2032,SON,3,pr 50mm,Precipitation
NorESM1-M,rcp26,2033,SON,5,pr 50mm,Precipitation
NorESM1-M,rcp26,2034,SON,7,pr 50mm,Precipitation
NorESM1-M,rcp26,2035,SON,1,pr 50mm,Precipitation
NorESM1-M,rcp26,2036,SON,8,pr 50mm,Precipitation
bcc-csm1-1,rcp26,2006,SON,3,pr 50mm,Precipitation
bcc-csm1-1,rcp26,2007,SON,5,pr 50mm,Precipitation
bcc-csm1-1,rcp26,2008,SON,6,pr 50mm,Precipitation
bcc-csm1-1,rcp26,2009,SON,3,pr 50mm,Precipitation
bcc-csm1-1,rcp26,2010,SON,1,pr 50mm,Precipitation
bcc-csm1-1,rcp26,2011,SON,4,pr 50mm,Precipitation
bcc-csm1-1,rcp26,2012,SON,1,pr 50mm,Precipitation
bcc-csm1-1,rcp26,2013,SON,2,pr 50mm,Precipitation
bcc-csm1-1,rcp26,2014,SON,3,pr 50mm,Precipitation
bcc-csm1-1,rcp26,2015,SON,3,pr 50mm,Precipitation
bcc-csm1-1,rcp26,2016,SON,5,pr 50mm,Precipitation
bcc-csm1-1,rcp26,2018,SON,4,pr 50mm,Precipitation
bcc-csm1-1,rcp26,2019,SON,2,pr 50mm,Precipitation
bcc-csm1-1,rcp26,2020,SON,3,pr 50mm,Precipitation
bcc-csm1-1,rcp26,2021,SON,2,pr 50mm,Precipitation
bcc-csm1-1,rcp26,2022,SON,6,pr 50mm,Precipitation
bcc-csm1-1,rcp26,2023,SON,3,pr 50mm,Precipitation
bcc-csm1-1,rcp26,2024,SON,2,pr 50mm,Precipitation
bcc-csm1-1,rcp26,2025,SON,4,pr 50mm,Precipitation
bcc-csm1-1,rcp26,2028,SON,4,pr 50mm,Precipitation
bcc-csm1-1,rcp26,2029,SON,3,pr 50mm,Precipitation
bcc-csm1-1,rcp26,2030,SON,2,pr 50mm,Precipitation
bcc-csm1-1,rcp26,2031,SON,4,pr 50mm,Precipitation
bcc-csm1-1,rcp26,2032,SON,5,pr 50mm,Precipitation
bcc-csm1-1,rcp26,2033,SON,1,pr 50mm,Precipitation
bcc-csm1-1,rcp26,2035,SON,3,pr 50mm,Precipitation
bcc-csm1-1,rcp26,2036,SON,3,pr 50mm,Precipitation
bcc-csm1-1-m,rcp26,2008,SON,2,pr 50mm,Precipitation
bcc-csm1-1-m,rcp26,2009,SON,1,pr 50mm,Precipitation
bcc-csm1-1-m,rcp26,2010,SON,3,pr 50mm,Precipitation
bcc-csm1-1-m,rcp26,2011,SON,9,pr 50mm,Precipitation
bcc-csm1-1-m,rcp26,2012,SON,3,pr 50mm,Precipitation
bcc-csm1-1-m,rcp26,2013,SON,2,pr 50mm,Precipitation
bcc-csm1-1-m,rcp26,2014,SON,3,pr 50mm,Precipitation
bcc-csm1-1-m,rcp26,2015,SON,1,pr 50mm,Precipitation
bcc-csm1-1-m,rcp26,2016,SON,3,pr 50mm,Precipitation
bcc-csm1-1-m,rcp26,2017,SON,1,pr 50mm,Precipitation
bcc-csm1-1-m,rcp26,2018,SON,2,pr 50mm,Precipitation
bcc-csm1-1-m,rcp26,2019,SON,3,pr 50mm,Precipitation
bcc-csm1-1-m,rcp26,2020,SON,2,pr 50mm,Precipitation
bcc-csm1-1-m,rcp26,2021,SON,4,pr 50mm,Precipitation
bcc-csm1-1-m,rcp26,2022,SON,3,pr 50mm,Precipitation
bcc-csm1-1-m,rcp26,2023,SON,1,pr 50mm,Precipitation
bcc-csm1-1-m,rcp26,2024,SON,2,pr 50mm,Precipitation
bcc-csm1-1-m,rcp26,2026,SON,12,pr 50mm,Precipitation
bcc-csm1-1-m,rcp26,2027,SON,5,pr 50mm,Precipitation
bcc-csm1-1-m,rcp26,2028,SON,2,pr 50mm,Precipitation
bcc-csm1-1-m,rcp26,2029,SON,1,pr 50mm,Precipitation
bcc-csm1-1-m,rcp26,2030,SON,7,pr 50mm,Precipitation
bcc-csm1-1-m,rcp26,2031,SON,1,pr 50mm,Precipitation
bcc-csm1-1-m,rcp26,2032,SON,2,pr 50mm,Precipitation
bcc-csm1-1-m,rcp26,2033,SON,2,pr 50mm,Precipitation
bcc-csm1-1-m,rcp26,2035,SON,8,pr 50mm,Precipitation
bcc-csm1-1-m,rcp26,2036,SON,4,pr 50mm,Precipitation
ACCESS1-0,rcp45,2010,DJF,2,pr 50mm,Precipitation
ACCESS1-0,rcp45,2013,DJF,2,pr 50mm,Precipitation
ACCESS1-0,rcp45,2014,DJF,1,pr 50mm,Precipitation
ACCESS1-0,rcp45,2018,DJF,1,pr 50mm,Precipitation
ACCESS1-0,rcp45,2021,DJF,1,pr 50mm,Precipitation
ACCESS1-0,rcp45,2026,DJF,2,pr 50mm,Precipitation
ACCESS1-0,rcp45,2027,DJF,2,pr 50mm,Precipitation
ACCESS1-0,rcp45,2030,DJF,1,pr 50mm,Precipitation
ACCESS1-0,rcp45,2032,DJF,1,pr 50mm,Precipitation
ACCESS1-0,rcp45,2033,DJF,1,pr 50mm,Precipitation
ACCESS1-0,rcp45,2035,DJF,1,pr 50mm,Precipitation
ACCESS1-0,rcp45,2036,DJF,1,pr 50mm,Precipitation
ACCESS1-3,rcp45,2007,DJF,1,pr 50mm,Precipitation
ACCESS1-3,rcp45,2010,DJF,1,pr 50mm,Precipitation
ACCESS1-3,rcp45,2011,DJF,1,pr 50mm,Precipitation
ACCESS1-3,rcp45,2013,DJF,2,pr 50mm,Precipitation
ACCESS1-3,rcp45,2018,DJF,1,pr 50mm,Precipitation
ACCESS1-3,rcp45,2021,DJF,1,pr 50mm,Precipitation
ACCESS1-3,rcp45,2023,DJF,1,pr 50mm,Precipitation
ACCESS1-3,rcp45,2028,DJF,1,pr 50mm,Precipitation
ACCESS1-3,rcp45,2030,DJF,2,pr 50mm,Precipitation
ACCESS1-3,rcp45,2032,DJF,1,pr 50mm,Precipitation
ACCESS1-3,rcp45,2033,DJF,3,pr 50mm,Precipitation
ACCESS1-3,rcp45,2034,DJF,2,pr 50mm,Precipitation
BNU-ESM,rcp45,2015,DJF,1,pr 50mm,Precipitation
BNU-ESM,rcp45,2023,DJF,1,pr 50mm,Precipitation
BNU-ESM,rcp45,2025,DJF,2,pr 50mm,Precipitation
BNU-ESM,rcp45,2028,DJF,1,pr 50mm,Precipitation
BNU-ESM,rcp45,2033,DJF,1,pr 50mm,Precipitation
BNU-ESM,rcp45,2035,DJF,1,pr 50mm,Precipitation
CCSM4,rcp45,2007,DJF,1,pr 50mm,Precipitation
CCSM4,rcp45,2011,DJF,1,pr 50mm,Precipitation
CCSM4,rcp45,2016,DJF,1,pr 50mm,Precipitation
CCSM4,rcp45,2017,DJF,1,pr 50mm,Precipitation
CCSM4,rcp45,2019,DJF,1,pr 50mm,Precipitation
CCSM4,rcp45,2023,DJF,1,pr 50mm,Precipitation
CCSM4,rcp45,2025,DJF,1,pr 50mm,Precipitation
CCSM4,rcp45,2027,DJF,2,pr 50mm,Precipitation
CCSM4,rcp45,2030,DJF,2,pr 50mm,Precipitation
CESM1-BGC,rcp45,2008,DJF,1,pr 50mm,Precipitation
CESM1-BGC,rcp45,2016,DJF,2,pr 50mm,Precipitation
CESM1-BGC,rcp45,2018,DJF,1,pr 50mm,Precipitation
CESM1-BGC,rcp45,2026,DJF,1,pr 50mm,Precipitation
CESM1-BGC,rcp45,2029,DJF,1,pr 50mm,Precipitation
CESM1-BGC,rcp45,2030,DJF,3,pr 50mm,Precipitation
CESM1-BGC,rcp45,2031,DJF,1,pr 50mm,Precipitation
CESM1-CAM5,rcp45,2009,DJF,1,pr 50mm,Precipitation
CESM1-CAM5,rcp45,2010,DJF,2,pr 50mm,Precipitation
CESM1-CAM5,rcp45,2027,DJF,1,pr 50mm,Precipitation
CESM1-CAM5,rcp45,2033,DJF,2,pr 50mm,Precipitation
CESM1-CAM5,rcp45,2036,DJF,1,pr 50mm,Precipitation
CMCC-CM,rcp45,2008,DJF,1,pr 50mm,Precipitation
CMCC-CM,rcp45,2010,DJF,1,pr 50mm,Precipitation
CMCC-CM,rcp45,2011,DJF,1,pr 50mm,Precipitation
CMCC-CM,rcp45,2012,DJF,1,pr 50mm,Precipitation
CMCC-CM,rcp45,2016,DJF,1,pr 50mm,Precipitation
CMCC-CM,rcp45,2017,DJF,1,pr 50mm,Precipitation
CMCC-CM,rcp45,2019,DJF,1,pr 50mm,Precipitation
CMCC-CM,rcp45,2022,DJF,1,pr 50mm,Precipitation
CMCC-CM,rcp45,2023,DJF,1,pr 50mm,Precipitation
CMCC-CM,rcp45,2026,DJF,1,pr 50mm,Precipitation
CMCC-CM,rcp45,2029,DJF,1,pr 50mm,Precipitation
CMCC-CM,rcp45,2030,DJF,1,pr 50mm,Precipitation
CMCC-CM,rcp45,2035,DJF,1,pr 50mm,Precipitation
CMCC-CM,rcp45,2036,DJF,3,pr 50mm,Precipitation
CMCC-CMS,rcp45,2007,DJF,1,pr 50mm,Precipitation
CMCC-CMS,rcp45,2012,DJF,2,pr 50mm,Precipitation
CMCC-CMS,rcp45,2014,DJF,1,pr 50mm,Precipitation
CMCC-CMS,rcp45,2019,DJF,2,pr 50mm,Precipitation
CMCC-CMS,rcp45,2020,DJF,2,pr 50mm,Precipitation
CMCC-CMS,rcp45,2023,DJF,1,pr 50mm,Precipitation
CMCC-CMS,rcp45,2024,DJF,1,pr 50mm,Precipitation
CMCC-CMS,rcp45,2026,DJF,1,pr 50mm,Precipitation
CMCC-CMS,rcp45,2028,DJF,1,pr 50mm,Precipitation
CMCC-CMS,rcp45,2033,DJF,1,pr 50mm,Precipitation
CMCC-CMS,rcp45,2035,DJF,1,pr 50mm,Precipitation
CMCC-CMS,rcp45,2036,DJF,1,pr 50mm,Precipitation
CMCC-CMS,rcp45,2037,DJF,1,pr 50mm,Precipitation
CNRM-CM5,rcp45,2006,DJF,1,pr 50mm,Precipitation
CNRM-CM5,rcp45,2008,DJF,1,pr 50mm,Precipitation
CNRM-CM5,rcp45,2009,DJF,1,pr 50mm,Precipitation
CNRM-CM5,rcp45,2012,DJF,1,pr 50mm,Precipitation
CNRM-CM5,rcp45,2014,DJF,1,pr 50mm,Precipitation
CNRM-CM5,rcp45,2015,DJF,1,pr 50mm,Precipitation
CNRM-CM5,rcp45,2016,DJF,1,pr 50mm,Precipitation
CNRM-CM5,rcp45,2017,DJF,2,pr 50mm,Precipitation
CNRM-CM5,rcp45,2018,DJF,2,pr 50mm,Precipitation
CNRM-CM5,rcp45,2019,DJF,1,pr 50mm,Precipitation
CNRM-CM5,rcp45,2023,DJF,1,pr 50mm,Precipitation
CNRM-CM5,rcp45,2025,DJF,1,pr 50mm,Precipitation
CNRM-CM5,rcp45,2026,DJF,2,pr 50mm,Precipitation
CNRM-CM5,rcp45,2028,DJF,1,pr 50mm,Precipitation
CNRM-CM5,rcp45,2029,DJF,1,pr 50mm,Precipitation
CNRM-CM5,rcp45,2031,DJF,1,pr 50mm,Precipitation
CNRM-CM5,rcp45,2032,DJF,1,pr 50mm,Precipitation
CNRM-CM5,rcp45,2036,DJF,1,pr 50mm,Precipitation
CSIRO-Mk3-6-0,rcp45,2007,DJF,1,pr 50mm,Precipitation
CSIRO-Mk3-6-0,rcp45,2010,DJF,2,pr 50mm,Precipitation
CSIRO-Mk3-6-0,rcp45,2013,DJF,1,pr 50mm,Precipitation
CSIRO-Mk3-6-0,rcp45,2014,DJF,1,pr 50mm,Precipitation
CSIRO-Mk3-6-0,rcp45,2024,DJF,1,pr 50mm,Precipitation
CanESM2,rcp45,2006,DJF,1,pr 50mm,Precipitation
CanESM2,rcp45,2007,DJF,3,pr 50mm,Precipitation
CanESM2,rcp45,2010,DJF,4,pr 50mm,Precipitation
CanESM2,rcp45,2011,DJF,3,pr 50mm,Precipitation
CanESM2,rcp45,2018,DJF,2,pr 50mm,Precipitation
CanESM2,rcp45,2019,DJF,1,pr 50mm,Precipitation
CanESM2,rcp45,2020,DJF,1,pr 50mm,Precipitation
CanESM2,rcp45,2024,DJF,2,pr 50mm,Precipitation
CanESM2,rcp45,2025,DJF,1,pr 50mm,Precipitation
CanESM2,rcp45,2031,DJF,1,pr 50mm,Precipitation
CanESM2,rcp45,2032,DJF,1,pr 50mm,Precipitation
CanESM2,rcp45,2033,DJF,1,pr 50mm,Precipitation
CanESM2,rcp45,2036,DJF,4,pr 50mm,Precipitation
FGOALS-g2,rcp45,2007,DJF,1,pr 50mm,Precipitation
FGOALS-g2,rcp45,2013,DJF,1,pr 50mm,Precipitation
FGOALS-g2,rcp45,2014,DJF,2,pr 50mm,Precipitation
FGOALS-g2,rcp45,2019,DJF,1,pr 50mm,Precipitation
FGOALS-g2,rcp45,2024,DJF,1,pr 50mm,Precipitation
FGOALS-g2,rcp45,2027,DJF,1,pr 50mm,Precipitation
FGOALS-g2,rcp45,2030,DJF,2,pr 50mm,Precipitation
FGOALS-g2,rcp45,2033,DJF,1,pr 50mm,Precipitation
FGOALS-g2,rcp45,2034,DJF,3,pr 50mm,Precipitation
FGOALS-g2,rcp45,2035,DJF,1,pr 50mm,Precipitation
FGOALS-g2,rcp45,2036,DJF,2,pr 50mm,Precipitation
FGOALS-g2,rcp45,2037,DJF,1,pr 50mm,Precipitation
GFDL-ESM2G,rcp45,2007,DJF,1,pr 50mm,Precipitation
GFDL-ESM2G,rcp45,2011,DJF,3,pr 50mm,Precipitation
GFDL-ESM2G,rcp45,2017,DJF,3,pr 50mm,Precipitation
GFDL-ESM2G,rcp45,2022,DJF,1,pr 50mm,Precipitation
GFDL-ESM2G,rcp45,2024,DJF,1,pr 50mm,Precipitation
GFDL-ESM2G,rcp45,2026,DJF,1,pr 50mm,Precipitation
GFDL-ESM2G,rcp45,2027,DJF,1,pr 50mm,Precipitation
GFDL-ESM2G,rcp45,2028,DJF,2,pr 50mm,Precipitation
GFDL-ESM2G,rcp45,2032,DJF,1,pr 50mm,Precipitation
GFDL-ESM2M,rcp45,2007,DJF,3,pr 50mm,Precipitation
GFDL-ESM2M,rcp45,2008,DJF,2,pr 50mm,Precipitation
GFDL-ESM2M,rcp45,2009,DJF,1,pr 50mm,Precipitation
GFDL-ESM2M,rcp45,2019,DJF,1,pr 50mm,Precipitation
GFDL-ESM2M,rcp45,2025,DJF,2,pr 50mm,Precipitation
GFDL-ESM2M,rcp45,2029,DJF,2,pr 50mm,Precipitation
GFDL-ESM2M,rcp45,2031,DJF,1,pr 50mm,Precipitation
GFDL-ESM2M,rcp45,2033,DJF,1,pr 50mm,Precipitation
IPSL-CM5A-LR,rcp45,2007,DJF,1,pr 50mm,Precipitation
IPSL-CM5A-LR,rcp45,2009,DJF,1,pr 50mm,Precipitation
IPSL-CM5A-LR,rcp45,2011,DJF,1,pr 50mm,Precipitation
IPSL-CM5A-LR,rcp45,2012,DJF,1,pr 50mm,Precipitation
IPSL-CM5A-LR,rcp45,2022,DJF,2,pr 50mm,Precipitation
IPSL-CM5A-LR,rcp45,2023,DJF,2,pr 50mm,Precipitation
IPSL-CM5A-LR,rcp45,2030,DJF,2,pr 50mm,Precipitation
IPSL-CM5A-LR,rcp45,2033,DJF,1,pr 50mm,Precipitation
IPSL-CM5A-LR,rcp45,2034,DJF,1,pr 50mm,Precipitation
IPSL-CM5A-MR,rcp45,2006,DJF,1,pr 50mm,Precipitation
IPSL-CM5A-MR,rcp45,2007,DJF,2,pr 50mm,Precipitation
IPSL-CM5A-MR,rcp45,2009,DJF,1,pr 50mm,Precipitation
IPSL-CM5A-MR,rcp45,2010,DJF,2,pr 50mm,Precipitation
IPSL-CM5A-MR,rcp45,2012,DJF,1,pr 50mm,Precipitation
IPSL-CM5A-MR,rcp45,2015,DJF,1,pr 50mm,Precipitation
IPSL-CM5A-MR,rcp45,2018,DJF,1,pr 50mm,Precipitation
IPSL-CM5A-MR,rcp45,2020,DJF,2,pr 50mm,Precipitation
IPSL-CM5A-MR,rcp45,2024,DJF,1,pr 50mm,Precipitation
IPSL-CM5A-MR,rcp45,2030,DJF,2,pr 50mm,Precipitation
IPSL-CM5A-MR,rcp45,2034,DJF,1,pr 50mm,Precipitation
IPSL-CM5B-LR,rcp45,2007,DJF,3,pr 50mm,Precipitation
IPSL-CM5B-LR,rcp45,2010,DJF,1,pr 50mm,Precipitation
IPSL-CM5B-LR,rcp45,2011,DJF,1,pr 50mm,Precipitation
IPSL-CM5B-LR,rcp45,2012,DJF,2,pr 50mm,Precipitation
IPSL-CM5B-LR,rcp45,2020,DJF,1,pr 50mm,Precipitation
IPSL-CM5B-LR,rcp45,2023,DJF,1,pr 50mm,Precipitation
IPSL-CM5B-LR,rcp45,2025,DJF,2,pr 50mm,Precipitation
IPSL-CM5B-LR,rcp45,2026,DJF,2,pr 50mm,Precipitation
IPSL-CM5B-LR,rcp45,2028,DJF,1,pr 50mm,Precipitation
IPSL-CM5B-LR,rcp45,2029,DJF,3,pr 50mm,Precipitation
IPSL-CM5B-LR,rcp45,2032,DJF,1,pr 50mm,Precipitation
IPSL-CM5B-LR,rcp45,2035,DJF,1,pr 50mm,Precipitation
IPSL-CM5B-LR,rcp45,2037,DJF,1,pr 50mm,Precipitation
MIROC-ESM,rcp45,2009,DJF,2,pr 50mm,Precipitation
MIROC-ESM,rcp45,2012,DJF,1,pr 50mm,Precipitation
MIROC-ESM,rcp45,2013,DJF,2,pr 50mm,Precipitation
MIROC-ESM,rcp45,2015,DJF,1,pr 50mm,Precipitation
MIROC-ESM,rcp45,2017,DJF,1,pr 50mm,Precipitation
MIROC-ESM,rcp45,2020,DJF,1,pr 50mm,Precipitation
MIROC-ESM,rcp45,2026,DJF,1,pr 50mm,Precipitation
MIROC-ESM,rcp45,2028,DJF,1,pr 50mm,Precipitation
MIROC-ESM,rcp45,2031,DJF,1,pr 50mm,Precipitation
MIROC-ESM,rcp45,2032,DJF,1,pr 50mm,Precipitation
MIROC-ESM,rcp45,2033,DJF,2,pr 50mm,Precipitation
MIROC-ESM,rcp45,2036,DJF,1,pr 50mm,Precipitation
MIROC-ESM-CHEM,rcp45,2011,DJF,1,pr 50mm,Precipitation
MIROC-ESM-CHEM,rcp45,2012,DJF,1,pr 50mm,Precipitation
MIROC-ESM-CHEM,rcp45,2013,DJF,1,pr 50mm,Precipitation
MIROC-ESM-CHEM,rcp45,2020,DJF,1,pr 50mm,Precipitation
MIROC-ESM-CHEM,rcp45,2021,DJF,1,pr 50mm,Precipitation
MIROC-ESM-CHEM,rcp45,2024,DJF,1,pr 50mm,Precipitation
MIROC-ESM-CHEM,rcp45,2025,DJF,1,pr 50mm,Precipitation
MIROC-ESM-CHEM,rcp45,2028,DJF,1,pr 50mm,Precipitation
MIROC-ESM-CHEM,rcp45,2035,DJF,1,pr 50mm,Precipitation
MIROC-ESM-CHEM,rcp45,2036,DJF,1,pr 50mm,Precipitation
MIROC5,rcp45,2008,DJF,1,pr 50mm,Precipitation
MIROC5,rcp45,2011,DJF,1,pr 50mm,Precipitation
MIROC5,rcp45,2015,DJF,2,pr 50mm,Precipitation
MIROC5,rcp45,2021,DJF,3,pr 50mm,Precipitation
MIROC5,rcp45,2022,DJF,1,pr 50mm,Precipitation
MIROC5,rcp45,2027,DJF,2,pr 50mm,Precipitation
MIROC5,rcp45,2028,DJF,1,pr 50mm,Precipitation
MIROC5,rcp45,2033,DJF,1,pr 50mm,Precipitation
MPI-ESM-LR,rcp45,2008,DJF,1,pr 50mm,Precipitation
MPI-ESM-LR,rcp45,2011,DJF,2,pr 50mm,Precipitation
MPI-ESM-LR,rcp45,2014,DJF,2,pr 50mm,Precipitation
MPI-ESM-LR,rcp45,2016,DJF,1,pr 50mm,Precipitation
MPI-ESM-LR,rcp45,2021,DJF,1,pr 50mm,Precipitation
MPI-ESM-LR,rcp45,2022,DJF,2,pr 50mm,Precipitation
MPI-ESM-LR,rcp45,2023,DJF,2,pr 50mm,Precipitation
MPI-ESM-LR,rcp45,2025,DJF,3,pr 50mm,Precipitation
MPI-ESM-LR,rcp45,2027,DJF,1,pr 50mm,Precipitation
MPI-ESM-LR,rcp45,2029,DJF,2,pr 50mm,Precipitation
MPI-ESM-LR,rcp45,2032,DJF,1,pr 50mm,Precipitation
MPI-ESM-LR,rcp45,2033,DJF,1,pr 50mm,Precipitation
MPI-ESM-LR,rcp45,2034,DJF,1,pr 50mm,Precipitation
MPI-ESM-MR,rcp45,2008,DJF,3,pr 50mm,Precipitation
MPI-ESM-MR,rcp45,2010,DJF,1,pr 50mm,Precipitation
MPI-ESM-MR,rcp45,2011,DJF,2,pr 50mm,Precipitation
MPI-ESM-MR,rcp45,2014,DJF,1,pr 50mm,Precipitation
MPI-ESM-MR,rcp45,2016,DJF,1,pr 50mm,Precipitation
MPI-ESM-MR,rcp45,2019,DJF,1,pr 50mm,Precipitation
MPI-ESM-MR,rcp45,2020,DJF,1,pr 50mm,Precipitation
MPI-ESM-MR,rcp45,2025,DJF,1,pr 50mm,Precipitation
MPI-ESM-MR,rcp45,2026,DJF,1,pr 50mm,Precipitation
MPI-ESM-MR,rcp45,2031,DJF,1,pr 50mm,Precipitation
MPI-ESM-MR,rcp45,2034,DJF,1,pr 50mm,Precipitation
MPI-ESM-MR,rcp45,2035,DJF,2,pr 50mm,Precipitation
MRI-CGCM3,rcp45,2006,DJF,1,pr 50mm,Precipitation
MRI-CGCM3,rcp45,2012,DJF,1,pr 50mm,Precipitation
MRI-CGCM3,rcp45,2014,DJF,1,pr 50mm,Precipitation
MRI-CGCM3,rcp45,2018,DJF,1,pr 50mm,Precipitation
MRI-CGCM3,rcp45,2020,DJF,1,pr 50mm,Precipitation
MRI-CGCM3,rcp45,2030,DJF,1,pr 50mm,Precipitation
MRI-CGCM3,rcp45,2031,DJF,2,pr 50mm,Precipitation
MRI-CGCM3,rcp45,2032,DJF,1,pr 50mm,Precipitation
MRI-CGCM3,rcp45,2034,DJF,1,pr 50mm,Precipitation
NorESM1-M,rcp45,2006,DJF,1,pr 50mm,Precipitation
NorESM1-M,rcp45,2008,DJF,1,pr 50mm,Precipitation
NorESM1-M,rcp45,2015,DJF,5,pr 50mm,Precipitation
NorESM1-M,rcp45,2016,DJF,1,pr 50mm,Precipitation
NorESM1-M,rcp45,2019,DJF,2,pr 50mm,Precipitation
NorESM1-M,rcp45,2021,DJF,2,pr 50mm,Precipitation
NorESM1-M,rcp45,2023,DJF,3,pr 50mm,Precipitation
NorESM1-M,rcp45,2024,DJF,3,pr 50mm,Precipitation
NorESM1-M,rcp45,2028,DJF,1,pr 50mm,Precipitation
NorESM1-M,rcp45,2031,DJF,1,pr 50mm,Precipitation
NorESM1-M,rcp45,2035,DJF,1,pr 50mm,Precipitation
NorESM1-M,rcp45,2036,DJF,1,pr 50mm,Precipitation
bcc-csm1-1,rcp45,2007,DJF,2,pr 50mm,Precipitation
bcc-csm1-1,rcp45,2013,DJF,1,pr 50mm,Precipitation
bcc-csm1-1,rcp45,2021,DJF,1,pr 50mm,Precipitation
bcc-csm1-1,rcp45,2028,DJF,1,pr 50mm,Precipitation
bcc-csm1-1,rcp45,2030,DJF,1,pr 50mm,Precipitation
bcc-csm1-1-m,rcp45,2022,DJF,1,pr 50mm,Precipitation
bcc-csm1-1-m,rcp45,2024,DJF,1,pr 50mm,Precipitation
bcc-csm1-1-m,rcp45,2025,DJF,1,pr 50mm,Precipitation
bcc-csm1-1-m,rcp45,2034,DJF,1,pr 50mm,Precipitation
bcc-csm1-1-m,rcp45,2035,DJF,1,pr 50mm,Precipitation
inmcm4,rcp45,2009,DJF,1,pr 50mm,Precipitation
inmcm4,rcp45,2010,DJF,1,pr 50mm,Precipitation
inmcm4,rcp45,2015,DJF,1,pr 50mm,Precipitation
inmcm4,rcp45,2019,DJF,1,pr 50mm,Precipitation
inmcm4,rcp45,2024,DJF,1,pr 50mm,Precipitation
inmcm4,rcp45,2027,DJF,1,pr 50mm,Precipitation
inmcm4,rcp45,2029,DJF,1,pr 50mm,Precipitation
inmcm4,rcp45,2030,DJF,1,pr 50mm,Precipitation
ACCESS1-0,rcp45,2006,JJA,9,pr 50mm,Precipitation
ACCESS1-0,rcp45,2007,JJA,8,pr 50mm,Precipitation
ACCESS1-0,rcp45,2009,JJA,3,pr 50mm,Precipitation
ACCESS1-0,rcp45,2011,JJA,2,pr 50mm,Precipitation
ACCESS1-0,rcp45,2012,JJA,2,pr 50mm,Precipitation
ACCESS1-0,rcp45,2013,JJA,2,pr 50mm,Precipitation
ACCESS1-0,rcp45,2015,JJA,1,pr 50mm,Precipitation
ACCESS1-0,rcp45,2017,JJA,1,pr 50mm,Precipitation
ACCESS1-0,rcp45,2018,JJA,2,pr 50mm,Precipitation
ACCESS1-0,rcp45,2019,JJA,3,pr 50mm,Precipitation
ACCESS1-0,rcp45,2020,JJA,1,pr 50mm,Precipitation
ACCESS1-0,rcp45,2022,JJA,5,pr 50mm,Precipitation
ACCESS1-0,rcp45,2023,JJA,2,pr 50mm,Precipitation
ACCESS1-0,rcp45,2024,JJA,4,pr 50mm,Precipitation
ACCESS1-0,rcp45,2025,JJA,1,pr 50mm,Precipitation
ACCESS1-0,rcp45,2026,JJA,9,pr 50mm,Precipitation
ACCESS1-0,rcp45,2027,JJA,4,pr 50mm,Precipitation
ACCESS1-0,rcp45,2028,JJA,4,pr 50mm,Precipitation
ACCESS1-0,rcp45,2029,JJA,2,pr 50mm,Precipitation
ACCESS1-0,rcp45,2031,JJA,6,pr 50mm,Precipitation
ACCESS1-0,rcp45,2032,JJA,4,pr 50mm,Precipitation
ACCESS1-0,rcp45,2033,JJA,1,pr 50mm,Precipitation
ACCESS1-0,rcp45,2034,JJA,2,pr 50mm,Precipitation
ACCESS1-0,rcp45,2035,JJA,4,pr 50mm,Precipitation
ACCESS1-0,rcp45,2036,JJA,7,pr 50mm,Precipitation
ACCESS1-3,rcp45,2007,JJA,1,pr 50mm,Precipitation
ACCESS1-3,rcp45,2008,JJA,5,pr 50mm,Precipitation
ACCESS1-3,rcp45,2009,JJA,3,pr 50mm,Precipitation
ACCESS1-3,rcp45,2010,JJA,7,pr 50mm,Precipitation
ACCESS1-3,rcp45,2011,JJA,10,pr 50mm,Precipitation
ACCESS1-3,rcp45,2012,JJA,2,pr 50mm,Precipitation
ACCESS1-3,rcp45,2013,JJA,6,pr 50mm,Precipitation
ACCESS1-3,rcp45,2014,JJA,3,pr 50mm,Precipitation
ACCESS1-3,rcp45,2015,JJA,2,pr 50mm,Precipitation
ACCESS1-3,rcp45,2016,JJA,2,pr 50mm,Precipitation
ACCESS1-3,rcp45,2017,JJA,2,pr 50mm,Precipitation
ACCESS1-3,rcp45,2019,JJA,4,pr 50mm,Precipitation
ACCESS1-3,rcp45,2020,JJA,3,pr 50mm,Precipitation
ACCESS1-3,rcp45,2021,JJA,7,pr 50mm,Precipitation
ACCESS1-3,rcp45,2022,JJA,2,pr 50mm,Precipitation
ACCESS1-3,rcp45,2023,JJA,6,pr 50mm,Precipitation
ACCESS1-3,rcp45,2024,JJA,5,pr 50mm,Precipitation
ACCESS1-3,rcp45,2025,JJA,3,pr 50mm,Precipitation
ACCESS1-3,rcp45,2026,JJA,1,pr 50mm,Precipitation
ACCESS1-3,rcp45,2027,JJA,9,pr 50mm,Precipitation
ACCESS1-3,rcp45,2028,JJA,6,pr 50mm,Precipitation
ACCESS1-3,rcp45,2029,JJA,3,pr 50mm,Precipitation
ACCESS1-3,rcp45,2031,JJA,6,pr 50mm,Precipitation
ACCESS1-3,rcp45,2032,JJA,1,pr 50mm,Precipitation
ACCESS1-3,rcp45,2033,JJA,7,pr 50mm,Precipitation
ACCESS1-3,rcp45,2034,JJA,6,pr 50mm,Precipitation
ACCESS1-3,rcp45,2035,JJA,7,pr 50mm,Precipitation
ACCESS1-3,rcp45,2036,JJA,8,pr 50mm,Precipitation
BNU-ESM,rcp45,2006,JJA,7,pr 50mm,Precipitation
BNU-ESM,rcp45,2008,JJA,1,pr 50mm,Precipitation
BNU-ESM,rcp45,2009,JJA,4,pr 50mm,Precipitation
BNU-ESM,rcp45,2010,JJA,5,pr 50mm,Precipitation
BNU-ESM,rcp45,2011,JJA,1,pr 50mm,Precipitation
BNU-ESM,rcp45,2012,JJA,6,pr 50mm,Precipitation
BNU-ESM,rcp45,2015,JJA,7,pr 50mm,Precipitation
BNU-ESM,rcp45,2016,JJA,4,pr 50mm,Precipitation
BNU-ESM,rcp45,2020,JJA,1,pr 50mm,Precipitation
BNU-ESM,rcp45,2021,JJA,2,pr 50mm,Precipitation
BNU-ESM,rcp45,2022,JJA,1,pr 50mm,Precipitation
BNU-ESM,rcp45,2024,JJA,6,pr 50mm,Precipitation
BNU-ESM,rcp45,2025,JJA,3,pr 50mm,Precipitation
BNU-ESM,rcp45,2026,JJA,3,pr 50mm,Precipitation
BNU-ESM,rcp45,2027,JJA,12,pr 50mm,Precipitation
BNU-ESM,rcp45,2028,JJA,3,pr 50mm,Precipitation
BNU-ESM,rcp45,2029,JJA,2,pr 50mm,Precipitation
BNU-ESM,rcp45,2030,JJA,1,pr 50mm,Precipitation
BNU-ESM,rcp45,2031,JJA,1,pr 50mm,Precipitation
BNU-ESM,rcp45,2032,JJA,5,pr 50mm,Precipitation
BNU-ESM,rcp45,2033,JJA,5,pr 50mm,Precipitation
BNU-ESM,rcp45,2034,JJA,7,pr 50mm,Precipitation
BNU-ESM,rcp45,2035,JJA,5,pr 50mm,Precipitation
BNU-ESM,rcp45,2036,JJA,3,pr 50mm,Precipitation
CCSM4,rcp45,2006,JJA,4,pr 50mm,Precipitation
CCSM4,rcp45,2007,JJA,4,pr 50mm,Precipitation
CCSM4,rcp45,2008,JJA,4,pr 50mm,Precipitation
CCSM4,rcp45,2009,JJA,3,pr 50mm,Precipitation
CCSM4,rcp45,2011,JJA,5,pr 50mm,Precipitation
CCSM4,rcp45,2012,JJA,12,pr 50mm,Precipitation
CCSM4,rcp45,2013,JJA,5,pr 50mm,Precipitation
CCSM4,rcp45,2014,JJA,2,pr 50mm,Precipitation
CCSM4,rcp45,2015,JJA,4,pr 50mm,Precipitation
CCSM4,rcp45,2016,JJA,4,pr 50mm,Precipitation
CCSM4,rcp45,2017,JJA,6,pr 50mm,Precipitation
CCSM4,rcp45,2018,JJA,4,pr 50mm,Precipitation
CCSM4,rcp45,2019,JJA,7,pr 50mm,Precipitation
CCSM4,rcp45,2020,JJA,2,pr 50mm,Precipitation
CCSM4,rcp45,2021,JJA,11,pr 50mm,Precipitation
CCSM4,rcp45,2022,JJA,1,pr 50mm,Precipitation
CCSM4,rcp45,2023,JJA,4,pr 50mm,Precipitation
CCSM4,rcp45,2024,JJA,2,pr 50mm,Precipitation
CCSM4,rcp45,2025,JJA,6,pr 50mm,Precipitation
CCSM4,rcp45,2027,JJA,5,pr 50mm,Precipitation
CCSM4,rcp45,2028,JJA,6,pr 50mm,Precipitation
CCSM4,rcp45,2029,JJA,8,pr 50mm,Precipitation
CCSM4,rcp45,2030,JJA,5,pr 50mm,Precipitation
CCSM4,rcp45,2031,JJA,6,pr 50mm,Precipitation
CCSM4,rcp45,2032,JJA,6,pr 50mm,Precipitation
CCSM4,rcp45,2033,JJA,2,pr 50mm,Precipitation
CCSM4,rcp45,2035,JJA,4,pr 50mm,Precipitation
CCSM4,rcp45,2036,JJA,2,pr 50mm,Precipitation
CESM1-BGC,rcp45,2006,JJA,4,pr 50mm,Precipitation
CESM1-BGC,rcp45,2007,JJA,3,pr 50mm,Precipitation
CESM1-BGC,rcp45,2008,JJA,7,pr 50mm,Precipitation
CESM1-BGC,rcp45,2009,JJA,3,pr 50mm,Precipitation
CESM1-BGC,rcp45,2010,JJA,5,pr 50mm,Precipitation
CESM1-BGC,rcp45,2011,JJA,3,pr 50mm,Precipitation
CESM1-BGC,rcp45,2013,JJA,1,pr 50mm,Precipitation
CESM1-BGC,rcp45,2014,JJA,2,pr 50mm,Precipitation
CESM1-BGC,rcp45,2016,JJA,6,pr 50mm,Precipitation
CESM1-BGC,rcp45,2017,JJA,4,pr 50mm,Precipitation
CESM1-BGC,rcp45,2018,JJA,3,pr 50mm,Precipitation
CESM1-BGC,rcp45,2019,JJA,5,pr 50mm,Precipitation
CESM1-BGC,rcp45,2020,JJA,3,pr 50mm,Precipitation
CESM1-BGC,rcp45,2022,JJA,2,pr 50mm,Precipitation
CESM1-BGC,rcp45,2024,JJA,6,pr 50mm,Precipitation
CESM1-BGC,rcp45,2025,JJA,2,pr 50mm,Precipitation
CESM1-BGC,rcp45,2027,JJA,5,pr 50mm,Precipitation
CESM1-BGC,rcp45,2028,JJA,4,pr 50mm,Precipitation
CESM1-BGC,rcp45,2029,JJA,4,pr 50mm,Precipitation
CESM1-BGC,rcp45,2030,JJA,4,pr 50mm,Precipitation
CESM1-BGC,rcp45,2031,JJA,5,pr 50mm,Precipitation
CESM1-BGC,rcp45,2032,JJA,1,pr 50mm,Precipitation
CESM1-BGC,rcp45,2033,JJA,3,pr 50mm,Precipitation
CESM1-BGC,rcp45,2034,JJA,9,pr 50mm,Precipitation
CESM1-BGC,rcp45,2035,JJA,4,pr 50mm,Precipitation
CESM1-BGC,rcp45,2036,JJA,2,pr 50mm,Precipitation
CESM1-CAM5,rcp45,2007,JJA,3,pr 50mm,Precipitation
CESM1-CAM5,rcp45,2008,JJA,1,pr 50mm,Precipitation
CESM1-CAM5,rcp45,2009,JJA,2,pr 50mm,Precipitation
CESM1-CAM5,rcp45,2011,JJA,5,pr 50mm,Precipitation
CESM1-CAM5,rcp45,2012,JJA,4,pr 50mm,Precipitation
CESM1-CAM5,rcp45,2013,JJA,2,pr 50mm,Precipitation
CESM1-CAM5,rcp45,2014,JJA,2,pr 50mm,Precipitation
CESM1-CAM5,rcp45,2015,JJA,4,pr 50mm,Precipitation
CESM1-CAM5,rcp45,2016,JJA,6,pr 50mm,Precipitation
CESM1-CAM5,rcp45,2017,JJA,12,pr 50mm,Precipitation
CESM1-CAM5,rcp45,2018,JJA,2,pr 50mm,Precipitation
CESM1-CAM5,rcp45,2019,JJA,2,pr 50mm,Precipitation
CESM1-CAM5,rcp45,2020,JJA,3,pr 50mm,Precipitation
CESM1-CAM5,rcp45,2021,JJA,2,pr 50mm,Precipitation
CESM1-CAM5,rcp45,2023,JJA,2,pr 50mm,Precipitation
CESM1-CAM5,rcp45,2024,JJA,5,pr 50mm,Precipitation
CESM1-CAM5,rcp45,2025,JJA,2,pr 50mm,Precipitation
CESM1-CAM5,rcp45,2026,JJA,2,pr 50mm,Precipitation
CESM1-CAM5,rcp45,2028,JJA,1,pr 50mm,Precipitation
CESM1-CAM5,rcp45,2029,JJA,1,pr 50mm,Precipitation
CESM1-CAM5,rcp45,2031,JJA,5,pr 50mm,Precipitation
CESM1-CAM5,rcp45,2033,JJA,1,pr 50mm,Precipitation
CESM1-CAM5,rcp45,2034,JJA,4,pr 50mm,Precipitation
CESM1-CAM5,rcp45,2035,JJA,3,pr 50mm,Precipitation
CESM1-CAM5,rcp45,2036,JJA,5,pr 50mm,Precipitation
CMCC-CM,rcp45,2006,JJA,1,pr 50mm,Precipitation
CMCC-CM,rcp45,2007,JJA,1,pr 50mm,Precipitation
CMCC-CM,rcp45,2009,JJA,1,pr 50mm,Precipitation
CMCC-CM,rcp45,2010,JJA,2,pr 50mm,Precipitation
CMCC-CM,rcp45,2011,JJA,1,pr 50mm,Precipitation
CMCC-CM,rcp45,2012,JJA,1,pr 50mm,Precipitation
CMCC-CM,rcp45,2013,JJA,2,pr 50mm,Precipitation
CMCC-CM,rcp45,2014,JJA,5,pr 50mm,Precipitation
CMCC-CM,rcp45,2015,JJA,2,pr 50mm,Precipitation
CMCC-CM,rcp45,2016,JJA,2,pr 50mm,Precipitation
CMCC-CM,rcp45,2017,JJA,5,pr 50mm,Precipitation
CMCC-CM,rcp45,2018,JJA,5,pr 50mm,Precipitation
CMCC-CM,rcp45,2019,JJA,1,pr 50mm,Precipitation
CMCC-CM,rcp45,2020,JJA,5,pr 50mm,Precipitation
CMCC-CM,rcp45,2021,JJA,3,pr 50mm,Precipitation
CMCC-CM,rcp45,2022,JJA,3,pr 50mm,Precipitation
CMCC-CM,rcp45,2023,JJA,4,pr 50mm,Precipitation
CMCC-CM,rcp45,2024,JJA,6,pr 50mm,Precipitation
CMCC-CM,rcp45,2025,JJA,2,pr 50mm,Precipitation
CMCC-CM,rcp45,2026,JJA,2,pr 50mm,Precipitation
CMCC-CM,rcp45,2027,JJA,1,pr 50mm,Precipitation
CMCC-CM,rcp45,2028,JJA,4,pr 50mm,Precipitation
CMCC-CM,rcp45,2029,JJA,3,pr 50mm,Precipitation
CMCC-CM,rcp45,2030,JJA,5,pr 50mm,Precipitation
CMCC-CM,rcp45,2031,JJA,3,pr 50mm,Precipitation
CMCC-CM,rcp45,2032,JJA,3,pr 50mm,Precipitation
CMCC-CM,rcp45,2033,JJA,3,pr 50mm,Precipitation
CMCC-CM,rcp45,2034,JJA,4,pr 50mm,Precipitation
CMCC-CM,rcp45,2035,JJA,5,pr 50mm,Precipitation
CMCC-CM,rcp45,2036,JJA,1,pr 50mm,Precipitation
CMCC-CMS,rcp45,2007,JJA,2,pr 50mm,Precipitation
CMCC-CMS,rcp45,2008,JJA,2,pr 50mm,Precipitation
CMCC-CMS,rcp45,2009,JJA,2,pr 50mm,Precipitation
CMCC-CMS,rcp45,2010,JJA,5,pr 50mm,Precipitation
CMCC-CMS,rcp45,2011,JJA,3,pr 50mm,Precipitation
CMCC-CMS,rcp45,2012,JJA,4,pr 50mm,Precipitation
CMCC-CMS,rcp45,2013,JJA,3,pr 50mm,Precipitation
CMCC-CMS,rcp45,2014,JJA,4,pr 50mm,Precipitation
CMCC-CMS,rcp45,2015,JJA,2,pr 50mm,Precipitation
CMCC-CMS,rcp45,2016,JJA,6,pr 50mm,Precipitation
CMCC-CMS,rcp45,2017,JJA,2,pr 50mm,Precipitation
CMCC-CMS,rcp45,2018,JJA,6,pr 50mm,Precipitation
CMCC-CMS,rcp45,2019,JJA,1,pr 50mm,Precipitation
CMCC-CMS,rcp45,2020,JJA,4,pr 50mm,Precipitation
CMCC-CMS,rcp45,2021,JJA,5,pr 50mm,Precipitation
CMCC-CMS,rcp45,2022,JJA,6,pr 50mm,Precipitation
CMCC-CMS,rcp45,2023,JJA,2,pr 50mm,Precipitation
CMCC-CMS,rcp45,2024,JJA,6,pr 50mm,Precipitation
CMCC-CMS,rcp45,2025,JJA,3,pr 50mm,Precipitation
CMCC-CMS,rcp45,2026,JJA,2,pr 50mm,Precipitation
CMCC-CMS,rcp45,2027,JJA,2,pr 50mm,Precipitation
CMCC-CMS,rcp45,2028,JJA,1,pr 50mm,Precipitation
CMCC-CMS,rcp45,2029,JJA,2,pr 50mm,Precipitation
CMCC-CMS,rcp45,2030,JJA,8,pr 50mm,Precipitation
CMCC-CMS,rcp45,2031,JJA,4,pr 50mm,Precipitation
CMCC-CMS,rcp45,2032,JJA,8,pr 50mm,Precipitation
CMCC-CMS,rcp45,2033,JJA,3,pr 50mm,Precipitation
CMCC-CMS,rcp45,2034,JJA,3,pr 50mm,Precipitation
CMCC-CMS,rcp45,2035,JJA,4,pr 50mm,Precipitation
CMCC-CMS,rcp45,2036,JJA,11,pr 50mm,Precipitation
CNRM-CM5,rcp45,2006,JJA,9,pr 50mm,Precipitation
CNRM-CM5,rcp45,2008,JJA,3,pr 50mm,Precipitation
CNRM-CM5,rcp45,2009,JJA,1,pr 50mm,Precipitation
CNRM-CM5,rcp45,2010,JJA,1,pr 50mm,Precipitation
CNRM-CM5,rcp45,2011,JJA,3,pr 50mm,Precipitation
CNRM-CM5,rcp45,2012,JJA,1,pr 50mm,Precipitation
CNRM-CM5,rcp45,2013,JJA,5,pr 50mm,Precipitation
CNRM-CM5,rcp45,2014,JJA,3,pr 50mm,Precipitation
CNRM-CM5,rcp45,2016,JJA,2,pr 50mm,Precipitation
CNRM-CM5,rcp45,2017,JJA,6,pr 50mm,Precipitation
CNRM-CM5,rcp45,2018,JJA,2,pr 50mm,Precipitation
CNRM-CM5,rcp45,2019,JJA,1,pr 50mm,Precipitation
CNRM-CM5,rcp45,2020,JJA,5,pr 50mm,Precipitation
CNRM-CM5,rcp45,2022,JJA,5,pr 50mm,Precipitation
CNRM-CM5,rcp45,2023,JJA,3,pr 50mm,Precipitation
CNRM-CM5,rcp45,2025,JJA,2,pr 50mm,Precipitation
CNRM-CM5,rcp45,2026,JJA,4,pr 50mm,Precipitation
CNRM-CM5,rcp45,2027,JJA,4,pr 50mm,Precipitation
CNRM-CM5,rcp45,2029,JJA,3,pr 50mm,Precipitation
CNRM-CM5,rcp45,2030,JJA,1,pr 50mm,Precipitation
CNRM-CM5,rcp45,2031,JJA,2,pr 50mm,Precipitation
CNRM-CM5,rcp45,2033,JJA,2,pr 50mm,Precipitation
CNRM-CM5,rcp45,2034,JJA,3,pr 50mm,Precipitation
CNRM-CM5,rcp45,2035,JJA,7,pr 50mm,Precipitation
CNRM-CM5,rcp45,2036,JJA,3,pr 50mm,Precipitation
CSIRO-Mk3-6-0,rcp45,2006,JJA,3,pr 50mm,Precipitation
CSIRO-Mk3-6-0,rcp45,2007,JJA,6,pr 50mm,Precipitation
CSIRO-Mk3-6-0,rcp45,2008,JJA,6,pr 50mm,Precipitation
CSIRO-Mk3-6-0,rcp45,2009,JJA,2,pr 50mm,Precipitation
CSIRO-Mk3-6-0,rcp45,2010,JJA,3,pr 50mm,Precipitation
CSIRO-Mk3-6-0,rcp45,2011,JJA,8,pr 50mm,Precipitation
CSIRO-Mk3-6-0,rcp45,2012,JJA,2,pr 50mm,Precipitation
CSIRO-Mk3-6-0,rcp45,2013,JJA,5,pr 50mm,Precipitation
CSIRO-Mk3-6-0,rcp45,2015,JJA,2,pr 50mm,Precipitation
CSIRO-Mk3-6-0,rcp45,2016,JJA,1,pr 50mm,Precipitation
CSIRO-Mk3-6-0,rcp45,2017,JJA,2,pr 50mm,Precipitation
CSIRO-Mk3-6-0,rcp45,2018,JJA,2,pr 50mm,Precipitation
CSIRO-Mk3-6-0,rcp45,2019,JJA,9,pr 50mm,Precipitation
CSIRO-Mk3-6-0,rcp45,2020,JJA,3,pr 50mm,Precipitation
CSIRO-Mk3-6-0,rcp45,2021,JJA,7,pr 50mm,Precipitation
CSIRO-Mk3-6-0,rcp45,2022,JJA,3,pr 50mm,Precipitation
CSIRO-Mk3-6-0,rcp45,2023,JJA,6,pr 50mm,Precipitation
CSIRO-Mk3-6-0,rcp45,2024,JJA,2,pr 50mm,Precipitation
CSIRO-Mk3-6-0,rcp45,2025,JJA,8,pr 50mm,Precipitation
CSIRO-Mk3-6-0,rcp45,2026,JJA,2,pr 50mm,Precipitation
CSIRO-Mk3-6-0,rcp45,2027,JJA,2,pr 50mm,Precipitation
CSIRO-Mk3-6-0,rcp45,2028,JJA,7,pr 50mm,Precipitation
CSIRO-Mk3-6-0,rcp45,2029,JJA,9,pr 50mm,Precipitation
CSIRO-Mk3-6-0,rcp45,2030,JJA,3,pr 50mm,Precipitation
CSIRO-Mk3-6-0,rcp45,2031,JJA,6,pr 50mm,Precipitation
CSIRO-Mk3-6-0,rcp45,2032,JJA,3,pr 50mm,Precipitation
CSIRO-Mk3-6-0,rcp45,2033,JJA,2,pr 50mm,Precipitation
CSIRO-Mk3-6-0,rcp45,2034,JJA,4,pr 50mm,Precipitation
CSIRO-Mk3-6-0,rcp45,2035,JJA,3,pr 50mm,Precipitation
CSIRO-Mk3-6-0,rcp45,2036,JJA,8,pr 50mm,Precipitation
CanESM2,rcp45,2006,JJA,6,pr 50mm,Precipitation
CanESM2,rcp45,2007,JJA,3,pr 50mm,Precipitation
CanESM2,rcp45,2008,JJA,4,pr 50mm,Precipitation
CanESM2,rcp45,2009,JJA,5,pr 50mm,Precipitation
CanESM2,rcp45,2010,JJA,3,pr 50mm,Precipitation
CanESM2,rcp45,2012,JJA,2,pr 50mm,Precipitation
CanESM2,rcp45,2013,JJA,3,pr 50mm,Precipitation
CanESM2,rcp45,2014,JJA,2,pr 50mm,Precipitation
CanESM2,rcp45,2015,JJA,10,pr 50mm,Precipitation
CanESM2,rcp45,2016,JJA,5,pr 50mm,Precipitation
CanESM2,rcp45,2017,JJA,5,pr 50mm,Precipitation
CanESM2,rcp45,2018,JJA,1,pr 50mm,Precipitation
CanESM2,rcp45,2019,JJA,1,pr 50mm,Precipitation
CanESM2,rcp45,2020,JJA,6,pr 50mm,Precipitation
CanESM2,rcp45,2022,JJA,3,pr 50mm,Precipitation
CanESM2,rcp45,2023,JJA,9,pr 50mm,Precipitation
CanESM2,rcp45,2024,JJA,5,pr 50mm,Precipitation
CanESM2,rcp45,2025,JJA,2,pr 50mm,Precipitation
CanESM2,rcp45,2026,JJA,6,pr 50mm,Precipitation
CanESM2,rcp45,2027,JJA,3,pr 50mm,Precipitation
CanESM2,rcp45,2029,JJA,3,pr 50mm,Precipitation
CanESM2,rcp45,2032,JJA,8,pr 50mm,Precipitation
CanESM2,rcp45,2033,JJA,5,pr 50mm,Precipitation
CanESM2,rcp45,2034,JJA,2,pr 50mm,Precipitation
CanESM2,rcp45,2035,JJA,6,pr 50mm,Precipitation
CanESM2,rcp45,2036,JJA,3,pr 50mm,Precipitation
FGOALS-g2,rcp45,2006,JJA,5,pr 50mm,Precipitation
FGOALS-g2,rcp45,2007,JJA,3,pr 50mm,Precipitation
FGOALS-g2,rcp45,2008,JJA,4,pr 50mm,Precipitation
FGOALS-g2,rcp45,2009,JJA,5,pr 50mm,Precipitation
FGOALS-g2,rcp45,2010,JJA,5,pr 50mm,Precipitation
FGOALS-g2,rcp45,2011,JJA,5,pr 50mm,Precipitation
FGOALS-g2,rcp45,2012,JJA,5,pr 50mm,Precipitation
FGOALS-g2,rcp45,2013,JJA,2,pr 50mm,Precipitation
FGOALS-g2,rcp45,2014,JJA,3,pr 50mm,Precipitation
FGOALS-g2,rcp45,2015,JJA,2,pr 50mm,Precipitation
FGOALS-g2,rcp45,2016,JJA,5,pr 50mm,Precipitation
FGOALS-g2,rcp45,2017,JJA,2,pr 50mm,Precipitation
FGOALS-g2,rcp45,2018,JJA,3,pr 50mm,Precipitation
FGOALS-g2,rcp45,2019,JJA,2,pr 50mm,Precipitation
FGOALS-g2,rcp45,2021,JJA,7,pr 50mm,Precipitation
FGOALS-g2,rcp45,2022,JJA,6,pr 50mm,Precipitation
FGOALS-g2,rcp45,2023,JJA,2,pr 50mm,Precipitation
FGOALS-g2,rcp45,2024,JJA,4,pr 50mm,Precipitation
FGOALS-g2,rcp45,2025,JJA,4,pr 50mm,Precipitation
FGOALS-g2,rcp45,2026,JJA,2,pr 50mm,Precipitation
FGOALS-g2,rcp45,2027,JJA,4,pr 50mm,Precipitation
FGOALS-g2,rcp45,2028,JJA,3,pr 50mm,Precipitation
FGOALS-g2,rcp45,2029,JJA,8,pr 50mm,Precipitation
FGOALS-g2,rcp45,2030,JJA,4,pr 50mm,Precipitation
FGOALS-g2,rcp45,2031,JJA,2,pr 50mm,Precipitation
FGOALS-g2,rcp45,2032,JJA,6,pr 50mm,Precipitation
FGOALS-g2,rcp45,2033,JJA,4,pr 50mm,Precipitation
FGOALS-g2,rcp45,2034,JJA,4,pr 50mm,Precipitation
FGOALS-g2,rcp45,2036,JJA,1,pr 50mm,Precipitation
GFDL-ESM2G,rcp45,2006,JJA,10,pr 50mm,Precipitation
GFDL-ESM2G,rcp45,2007,JJA,3,pr 50mm,Precipitation
GFDL-ESM2G,rcp45,2008,JJA,2,pr 50mm,Precipitation
GFDL-ESM2G,rcp45,2009,JJA,2,pr 50mm,Precipitation
GFDL-ESM2G,rcp45,2011,JJA,5,pr 50mm,Precipitation
GFDL-ESM2G,rcp45,2012,JJA,4,pr 50mm,Precipitation
GFDL-ESM2G,rcp45,2013,JJA,1,pr 50mm,Precipitation
GFDL-ESM2G,rcp45,2014,JJA,1,pr 50mm,Precipitation
GFDL-ESM2G,rcp45,2015,JJA,3,pr 50mm,Precipitation
GFDL-ESM2G,rcp45,2016,JJA,3,pr 50mm,Precipitation
GFDL-ESM2G,rcp45,2017,JJA,4,pr 50mm,Precipitation
GFDL-ESM2G,rcp45,2018,JJA,9,pr 50mm,Precipitation
GFDL-ESM2G,rcp45,2019,JJA,4,pr 50mm,Precipitation
GFDL-ESM2G,rcp45,2021,JJA,3,pr 50mm,Precipitation
GFDL-ESM2G,rcp45,2022,JJA,11,pr 50mm,Precipitation
GFDL-ESM2G,rcp45,2023,JJA,6,pr 50mm,Precipitation
GFDL-ESM2G,rcp45,2024,JJA,3,pr 50mm,Precipitation
GFDL-ESM2G,rcp45,2025,JJA,7,pr 50mm,Precipitation
GFDL-ESM2G,rcp45,2026,JJA,1,pr 50mm,Precipitation
GFDL-ESM2G,rcp45,2027,JJA,5,pr 50mm,Precipitation
GFDL-ESM2G,rcp45,2028,JJA,6,pr 50mm,Precipitation
GFDL-ESM2G,rcp45,2029,JJA,9,pr 50mm,Precipitation
GFDL-ESM2G,rcp45,2030,JJA,4,pr 50mm,Precipitation
GFDL-ESM2G,rcp45,2031,JJA,2,pr 50mm,Precipitation
GFDL-ESM2G,rcp45,2032,JJA,2,pr 50mm,Precipitation
GFDL-ESM2G,rcp45,2033,JJA,6,pr 50mm,Precipitation
GFDL-ESM2G,rcp45,2034,JJA,3,pr 50mm,Precipitation
GFDL-ESM2G,rcp45,2035,JJA,6,pr 50mm,Precipitation
GFDL-ESM2G,rcp45,2036,JJA,1,pr 50mm,Precipitation
GFDL-ESM2M,rcp45,2006,JJA,2,pr 50mm,Precipitation
GFDL-ESM2M,rcp45,2007,JJA,9,pr 50mm,Precipitation
GFDL-ESM2M,rcp45,2008,JJA,8,pr 50mm,Precipitation
GFDL-ESM2M,rcp45,2009,JJA,8,pr 50mm,Precipitation
GFDL-ESM2M,rcp45,2010,JJA,4,pr 50mm,Precipitation
GFDL-ESM2M,rcp45,2011,JJA,12,pr 50mm,Precipitation
GFDL-ESM2M,rcp45,2012,JJA,1,pr 50mm,Precipitation
GFDL-ESM2M,rcp45,2013,JJA,2,pr 50mm,Precipitation
GFDL-ESM2M,rcp45,2014,JJA,7,pr 50mm,Precipitation
GFDL-ESM2M,rcp45,2015,JJA,2,pr 50mm,Precipitation
GFDL-ESM2M,rcp45,2016,JJA,9,pr 50mm,Precipitation
GFDL-ESM2M,rcp45,2017,JJA,8,pr 50mm,Precipitation
GFDL-ESM2M,rcp45,2018,JJA,3,pr 50mm,Precipitation
GFDL-ESM2M,rcp45,2019,JJA,3,pr 50mm,Precipitation
GFDL-ESM2M,rcp45,2020,JJA,11,pr 50mm,Precipitation
GFDL-ESM2M,rcp45,2021,JJA,8,pr 50mm,Precipitation
GFDL-ESM2M,rcp45,2022,JJA,10,pr 50mm,Precipitation
GFDL-ESM2M,rcp45,2023,JJA,6,pr 50mm,Precipitation
GFDL-ESM2M,rcp45,2024,JJA,2,pr 50mm,Precipitation
GFDL-ESM2M,rcp45,2025,JJA,5,pr 50mm,Precipitation
GFDL-ESM2M,rcp45,2026,JJA,7,pr 50mm,Precipitation
GFDL-ESM2M,rcp45,2027,JJA,5,pr 50mm,Precipitation
GFDL-ESM2M,rcp45,2028,JJA,7,pr 50mm,Precipitation
GFDL-ESM2M,rcp45,2029,JJA,6,pr 50mm,Precipitation
GFDL-ESM2M,rcp45,2030,JJA,5,pr 50mm,Precipitation
GFDL-ESM2M,rcp45,2031,JJA,10,pr 50mm,Precipitation
GFDL-ESM2M,rcp45,2032,JJA,4,pr 50mm,Precipitation
GFDL-ESM2M,rcp45,2033,JJA,4,pr 50mm,Precipitation
GFDL-ESM2M,rcp45,2034,JJA,7,pr 50mm,Precipitation
GFDL-ESM2M,rcp45,2035,JJA,9,pr 50mm,Precipitation
GFDL-ESM2M,rcp45,2036,JJA,10,pr 50mm,Precipitation
IPSL-CM5A-LR,rcp45,2006,JJA,4,pr 50mm,Precipitation
IPSL-CM5A-LR,rcp45,2007,JJA,10,pr 50mm,Precipitation
IPSL-CM5A-LR,rcp45,2010,JJA,4,pr 50mm,Precipitation
IPSL-CM5A-LR,rcp45,2011,JJA,2,pr 50mm,Precipitation
IPSL-CM5A-LR,rcp45,2012,JJA,2,pr 50mm,Precipitation
IPSL-CM5A-LR,rcp45,2013,JJA,2,pr 50mm,Precipitation
IPSL-CM5A-LR,rcp45,2014,JJA,2,pr 50mm,Precipitation
IPSL-CM5A-LR,rcp45,2015,JJA,2,pr 50mm,Precipitation
IPSL-CM5A-LR,rcp45,2017,JJA,5,pr 50mm,Precipitation
IPSL-CM5A-LR,rcp45,2018,JJA,1,pr 50mm,Precipitation
IPSL-CM5A-LR,rcp45,2019,JJA,2,pr 50mm,Precipitation
IPSL-CM5A-LR,rcp45,2020,JJA,5,pr 50mm,Precipitation
IPSL-CM5A-LR,rcp45,2021,JJA,12,pr 50mm,Precipitation
IPSL-CM5A-LR,rcp45,2022,JJA,1,pr 50mm,Precipitation
IPSL-CM5A-LR,rcp45,2023,JJA,2,pr 50mm,Precipitation
IPSL-CM5A-LR,rcp45,2024,JJA,5,pr 50mm,Precipitation
IPSL-CM5A-LR,rcp45,2025,JJA,4,pr 50mm,Precipitation
IPSL-CM5A-LR,rcp45,2026,JJA,8,pr 50mm,Precipitation
IPSL-CM5A-LR,rcp45,2027,JJA,3,pr 50mm,Precipitation
IPSL-CM5A-LR,rcp45,2028,JJA,6,pr 50mm,Precipitation
IPSL-CM5A-LR,rcp45,2029,JJA,2,pr 50mm,Precipitation
IPSL-CM5A-LR,rcp45,2032,JJA,8,pr 50mm,Precipitation
IPSL-CM5A-LR,rcp45,2033,JJA,4,pr 50mm,Precipitation
IPSL-CM5A-LR,rcp45,2034,JJA,9,pr 50mm,Precipitation
IPSL-CM5A-LR,rcp45,2035,JJA,2,pr 50mm,Precipitation
IPSL-CM5A-LR,rcp45,2036,JJA,4,pr 50mm,Precipitation
IPSL-CM5A-MR,rcp45,2007,JJA,2,pr 50mm,Precipitation
IPSL-CM5A-MR,rcp45,2008,JJA,3,pr 50mm,Precipitation
IPSL-CM5A-MR,rcp45,2009,JJA,2,pr 50mm,Precipitation
IPSL-CM5A-MR,rcp45,2010,JJA,8,pr 50mm,Precipitation
IPSL-CM5A-MR,rcp45,2011,JJA,3,pr 50mm,Precipitation
IPSL-CM5A-MR,rcp45,2013,JJA,1,pr 50mm,Precipitation
IPSL-CM5A-MR,rcp45,2014,JJA,6,pr 50mm,Precipitation
IPSL-CM5A-MR,rcp45,2015,JJA,1,pr 50mm,Precipitation
IPSL-CM5A-MR,rcp45,2016,JJA,3,pr 50mm,Precipitation
IPSL-CM5A-MR,rcp45,2017,JJA,1,pr 50mm,Precipitation
IPSL-CM5A-MR,rcp45,2018,JJA,5,pr 50mm,Precipitation
IPSL-CM5A-MR,rcp45,2019,JJA,2,pr 50mm,Precipitation
IPSL-CM5A-MR,rcp45,2021,JJA,1,pr 50mm,Precipitation
IPSL-CM5A-MR,rcp45,2022,JJA,2,pr 50mm,Precipitation
IPSL-CM5A-MR,rcp45,2023,JJA,3,pr 50mm,Precipitation
IPSL-CM5A-MR,rcp45,2024,JJA,4,pr 50mm,Precipitation
IPSL-CM5A-MR,rcp45,2025,JJA,8,pr 50mm,Precipitation
IPSL-CM5A-MR,rcp45,2027,JJA,7,pr 50mm,Precipitation
IPSL-CM5A-MR,rcp45,2028,JJA,7,pr 50mm,Precipitation
IPSL-CM5A-MR,rcp45,2029,JJA,2,pr 50mm,Precipitation
IPSL-CM5A-MR,rcp45,2030,JJA,3,pr 50mm,Precipitation
IPSL-CM5A-MR,rcp45,2031,JJA,1,pr 50mm,Precipitation
IPSL-CM5A-MR,rcp45,2032,JJA,7,pr 50mm,Precipitation
IPSL-CM5A-MR,rcp45,2033,JJA,2,pr 50mm,Precipitation
IPSL-CM5A-MR,rcp45,2034,JJA,3,pr 50mm,Precipitation
IPSL-CM5A-MR,rcp45,2035,JJA,2,pr 50mm,Precipitation
IPSL-CM5A-MR,rcp45,2036,JJA,5,pr 50mm,Precipitation
IPSL-CM5B-LR,rcp45,2006,JJA,3,pr 50mm,Precipitation
IPSL-CM5B-LR,rcp45,2007,JJA,2,pr 50mm,Precipitation
IPSL-CM5B-LR,rcp45,2008,JJA,7,pr 50mm,Precipitation
IPSL-CM5B-LR,rcp45,2009,JJA,1,pr 50mm,Precipitation
IPSL-CM5B-LR,rcp45,2010,JJA,4,pr 50mm,Precipitation
IPSL-CM5B-LR,rcp45,2011,JJA,3,pr 50mm,Precipitation
IPSL-CM5B-LR,rcp45,2012,JJA,4,pr 50mm,Precipitation
IPSL-CM5B-LR,rcp45,2013,JJA,4,pr 50mm,Precipitation
IPSL-CM5B-LR,rcp45,2014,JJA,1,pr 50mm,Precipitation
IPSL-CM5B-LR,rcp45,2015,JJA,2,pr 50mm,Precipitation
IPSL-CM5B-LR,rcp45,2016,JJA,5,pr 50mm,Precipitation
IPSL-CM5B-LR,rcp45,2017,JJA,8,pr 50mm,Precipitation
IPSL-CM5B-LR,rcp45,2018,JJA,1,pr 50mm,Precipitation
IPSL-CM5B-LR,rcp45,2019,JJA,4,pr 50mm,Precipitation
IPSL-CM5B-LR,rcp45,2020,JJA,7,pr 50mm,Precipitation
IPSL-CM5B-LR,rcp45,2021,JJA,4,pr 50mm,Precipitation
IPSL-CM5B-LR,rcp45,2022,JJA,2,pr 50mm,Precipitation
IPSL-CM5B-LR,rcp45,2023,JJA,2,pr 50mm,Precipitation
IPSL-CM5B-LR,rcp45,2024,JJA,4,pr 50mm,Precipitation
IPSL-CM5B-LR,rcp45,2025,JJA,5,pr 50mm,Precipitation
IPSL-CM5B-LR,rcp45,2026,JJA,3,pr 50mm,Precipitation
IPSL-CM5B-LR,rcp45,2027,JJA,3,pr 50mm,Precipitation
IPSL-CM5B-LR,rcp45,2028,JJA,4,pr 50mm,Precipitation
IPSL-CM5B-LR,rcp45,2029,JJA,5,pr 50mm,Precipitation
IPSL-CM5B-LR,rcp45,2030,JJA,2,pr 50mm,Precipitation
IPSL-CM5B-LR,rcp45,2031,JJA,7,pr 50mm,Precipitation
IPSL-CM5B-LR,rcp45,2032,JJA,1,pr 50mm,Precipitation
IPSL-CM5B-LR,rcp45,2033,JJA,2,pr 50mm,Precipitation
IPSL-CM5B-LR,rcp45,2034,JJA,4,pr 50mm,Precipitation
IPSL-CM5B-LR,rcp45,2035,JJA,3,pr 50mm,Precipitation
IPSL-CM5B-LR,rcp45,2036,JJA,4,pr 50mm,Precipitation
MIROC-ESM,rcp45,2007,JJA,5,pr 50mm,Precipitation
MIROC-ESM,rcp45,2008,JJA,7,pr 50mm,Precipitation
MIROC-ESM,rcp45,2009,JJA,3,pr 50mm,Precipitation
MIROC-ESM,rcp45,2010,JJA,8,pr 50mm,Precipitation
MIROC-ESM,rcp45,2011,JJA,7,pr 50mm,Precipitation
MIROC-ESM,rcp45,2012,JJA,2,pr 50mm,Precipitation
MIROC-ESM,rcp45,2013,JJA,7,pr 50mm,Precipitation
MIROC-ESM,rcp45,2014,JJA,9,pr 50mm,Precipitation
MIROC-ESM,rcp45,2015,JJA,3,pr 50mm,Precipitation
MIROC-ESM,rcp45,2016,JJA,1,pr 50mm,Precipitation
MIROC-ESM,rcp45,2018,JJA,3,pr 50mm,Precipitation
MIROC-ESM,rcp45,2019,JJA,8,pr 50mm,Precipitation
MIROC-ESM,rcp45,2020,JJA,4,pr 50mm,Precipitation
MIROC-ESM,rcp45,2022,JJA,4,pr 50mm,Precipitation
MIROC-ESM,rcp45,2023,JJA,3,pr 50mm,Precipitation
MIROC-ESM,rcp45,2025,JJA,4,pr 50mm,Precipitation
MIROC-ESM,rcp45,2026,JJA,2,pr 50mm,Precipitation
MIROC-ESM,rcp45,2027,JJA,4,pr 50mm,Precipitation
MIROC-ESM,rcp45,2029,JJA,8,pr 50mm,Precipitation
MIROC-ESM,rcp45,2030,JJA,7,pr 50mm,Precipitation
MIROC-ESM,rcp45,2032,JJA,1,pr 50mm,Precipitation
MIROC-ESM,rcp45,2033,JJA,1,pr 50mm,Precipitation
MIROC-ESM,rcp45,2034,JJA,1,pr 50mm,Precipitation
MIROC-ESM,rcp45,2036,JJA,3,pr 50mm,Precipitation
MIROC-ESM-CHEM,rcp45,2006,JJA,1,pr 50mm,Precipitation
MIROC-ESM-CHEM,rcp45,2008,JJA,4,pr 50mm,Precipitation
MIROC-ESM-CHEM,rcp45,2009,JJA,4,pr 50mm,Precipitation
MIROC-ESM-CHEM,rcp45,2010,JJA,1,pr 50mm,Precipitation
MIROC-ESM-CHEM,rcp45,2011,JJA,5,pr 50mm,Precipitation
MIROC-ESM-CHEM,rcp45,2012,JJA,2,pr 50mm,Precipitation
MIROC-ESM-CHEM,rcp45,2014,JJA,1,pr 50mm,Precipitation
MIROC-ESM-CHEM,rcp45,2015,JJA,2,pr 50mm,Precipitation
MIROC-ESM-CHEM,rcp45,2016,JJA,3,pr 50mm,Precipitation
MIROC-ESM-CHEM,rcp45,2017,JJA,3,pr 50mm,Precipitation
MIROC-ESM-CHEM,rcp45,2018,JJA,9,pr 50mm,Precipitation
MIROC-ESM-CHEM,rcp45,2019,JJA,7,pr 50mm,Precipitation
MIROC-ESM-CHEM,rcp45,2020,JJA,1,pr 50mm,Precipitation
MIROC-ESM-CHEM,rcp45,2021,JJA,2,pr 50mm,Precipitation
MIROC-ESM-CHEM,rcp45,2022,JJA,2,pr 50mm,Precipitation
MIROC-ESM-CHEM,rcp45,2023,JJA,7,pr 50mm,Precipitation
MIROC-ESM-CHEM,rcp45,2025,JJA,7,pr 50mm,Precipitation
MIROC-ESM-CHEM,rcp45,2026,JJA,2,pr 50mm,Precipitation
MIROC-ESM-CHEM,rcp45,2027,JJA,2,pr 50mm,Precipitation
MIROC-ESM-CHEM,rcp45,2028,JJA,2,pr 50mm,Precipitation
MIROC-ESM-CHEM,rcp45,2029,JJA,8,pr 50mm,Precipitation
MIROC-ESM-CHEM,rcp45,2030,JJA,6,pr 50mm,Precipitation
MIROC-ESM-CHEM,rcp45,2031,JJA,2,pr 50mm,Precipitation
MIROC-ESM-CHEM,rcp45,2032,JJA,9,pr 50mm,Precipitation
MIROC-ESM-CHEM,rcp45,2033,JJA,3,pr 50mm,Precipitation
MIROC-ESM-CHEM,rcp45,2034,JJA,6,pr 50mm,Precipitation
MIROC-ESM-CHEM,rcp45,2035,JJA,4,pr 50mm,Precipitation
MIROC-ESM-CHEM,rcp45,2036,JJA,7,pr 50mm,Precipitation
MIROC5,rcp45,2006,JJA,6,pr 50mm,Precipitation
MIROC5,rcp45,2007,JJA,7,pr 50mm,Precipitation
MIROC5,rcp45,2008,JJA,3,pr 50mm,Precipitation
MIROC5,rcp45,2009,JJA,1,pr 50mm,Precipitation
MIROC5,rcp45,2011,JJA,3,pr 50mm,Precipitation
MIROC5,rcp45,2012,JJA,1,pr 50mm,Precipitation
MIROC5,rcp45,2013,JJA,3,pr 50mm,Precipitation
MIROC5,rcp45,2014,JJA,8,pr 50mm,Precipitation
MIROC5,rcp45,2015,JJA,8,pr 50mm,Precipitation
MIROC5,rcp45,2016,JJA,4,pr 50mm,Precipitation
MIROC5,rcp45,2017,JJA,5,pr 50mm,Precipitation
MIROC5,rcp45,2018,JJA,3,pr 50mm,Precipitation
MIROC5,rcp45,2019,JJA,7,pr 50mm,Precipitation
MIROC5,rcp45,2020,JJA,2,pr 50mm,Precipitation
MIROC5,rcp45,2022,JJA,9,pr 50mm,Precipitation
MIROC5,rcp45,2023,JJA,17,pr 50mm,Precipitation
MIROC5,rcp45,2024,JJA,2,pr 50mm,Precipitation
MIROC5,rcp45,2025,JJA,1,pr 50mm,Precipitation
MIROC5,rcp45,2026,JJA,12,pr 50mm,Precipitation
MIROC5,rcp45,2027,JJA,3,pr 50mm,Precipitation
MIROC5,rcp45,2028,JJA,1,pr 50mm,Precipitation
MIROC5,rcp45,2029,JJA,7,pr 50mm,Precipitation
MIROC5,rcp45,2030,JJA,4,pr 50mm,Precipitation
MIROC5,rcp45,2032,JJA,2,pr 50mm,Precipitation
MIROC5,rcp45,2033,JJA,7,pr 50mm,Precipitation
MIROC5,rcp45,2036,JJA,3,pr 50mm,Precipitation
MPI-ESM-LR,rcp45,2006,JJA,1,pr 50mm,Precipitation
MPI-ESM-LR,rcp45,2007,JJA,1,pr 50mm,Precipitation
MPI-ESM-LR,rcp45,2008,JJA,6,pr 50mm,Precipitation
MPI-ESM-LR,rcp45,2009,JJA,4,pr 50mm,Precipitation
MPI-ESM-LR,rcp45,2010,JJA,3,pr 50mm,Precipitation
MPI-ESM-LR,rcp45,2011,JJA,1,pr 50mm,Precipitation
MPI-ESM-LR,rcp45,2012,JJA,4,pr 50mm,Precipitation
MPI-ESM-LR,rcp45,2013,JJA,2,pr 50mm,Precipitation
MPI-ESM-LR,rcp45,2014,JJA,2,pr 50mm,Precipitation
MPI-ESM-LR,rcp45,2015,JJA,2,pr 50mm,Precipitation
MPI-ESM-LR,rcp45,2016,JJA,10,pr 50mm,Precipitation
MPI-ESM-LR,rcp45,2019,JJA,8,pr 50mm,Precipitation
MPI-ESM-LR,rcp45,2020,JJA,8,pr 50mm,Precipitation
MPI-ESM-LR,rcp45,2021,JJA,4,pr 50mm,Precipitation
MPI-ESM-LR,rcp45,2023,JJA,12,pr 50mm,Precipitation
MPI-ESM-LR,rcp45,2024,JJA,1,pr 50mm,Precipitation
MPI-ESM-LR,rcp45,2025,JJA,4,pr 50mm,Precipitation
MPI-ESM-LR,rcp45,2026,JJA,5,pr 50mm,Precipitation
MPI-ESM-LR,rcp45,2027,JJA,5,pr 50mm,Precipitation
MPI-ESM-LR,rcp45,2030,JJA,2,pr 50mm,Precipitation
MPI-ESM-LR,rcp45,2031,JJA,9,pr 50mm,Precipitation
MPI-ESM-LR,rcp45,2032,JJA,3,pr 50mm,Precipitation
MPI-ESM-LR,rcp45,2033,JJA,4,pr 50mm,Precipitation
MPI-ESM-LR,rcp45,2034,JJA,3,pr 50mm,Precipitation
MPI-ESM-LR,rcp45,2035,JJA,3,pr 50mm,Precipitation
MPI-ESM-LR,rcp45,2036,JJA,5,pr 50mm,Precipitation
MPI-ESM-MR,rcp45,2006,JJA,7,pr 50mm,Precipitation
MPI-ESM-MR,rcp45,2007,JJA,4,pr 50mm,Precipitation
MPI-ESM-MR,rcp45,2008,JJA,2,pr 50mm,Precipitation
MPI-ESM-MR,rcp45,2009,JJA,6,pr 50mm,Precipitation
MPI-ESM-MR,rcp45,2010,JJA,3,pr 50mm,Precipitation
MPI-ESM-MR,rcp45,2011,JJA,1,pr 50mm,Precipitation
MPI-ESM-MR,rcp45,2012,JJA,6,pr 50mm,Precipitation
MPI-ESM-MR,rcp45,2013,JJA,3,pr 50mm,Precipitation
MPI-ESM-MR,rcp45,2014,JJA,2,pr 50mm,Precipitation
MPI-ESM-MR,rcp45,2015,JJA,3,pr 50mm,Precipitation
MPI-ESM-MR,rcp45,2016,JJA,7,pr 50mm,Precipitation
MPI-ESM-MR,rcp45,2017,JJA,1,pr 50mm,Precipitation
MPI-ESM-MR,rcp45,2018,JJA,2,pr 50mm,Precipitation
MPI-ESM-MR,rcp45,2019,JJA,2,pr 50mm,Precipitation
MPI-ESM-MR,rcp45,2020,JJA,2,pr 50mm,Precipitation
MPI-ESM-MR,rcp45,2021,JJA,5,pr 50mm,Precipitation
MPI-ESM-MR,rcp45,2022,JJA,3,pr 50mm,Precipitation
MPI-ESM-MR,rcp45,2023,JJA,5,pr 50mm,Precipitation
MPI-ESM-MR,rcp45,2024,JJA,2,pr 50mm,Precipitation
MPI-ESM-MR,rcp45,2025,JJA,2,pr 50mm,Precipitation
MPI-ESM-MR,rcp45,2026,JJA,6,pr 50mm,Precipitation
MPI-ESM-MR,rcp45,2027,JJA,5,pr 50mm,Precipitation
MPI-ESM-MR,rcp45,2028,JJA,1,pr 50mm,Precipitation
MPI-ESM-MR,rcp45,2029,JJA,8,pr 50mm,Precipitation
MPI-ESM-MR,rcp45,2030,JJA,11,pr 50mm,Precipitation
MPI-ESM-MR,rcp45,2031,JJA,1,pr 50mm,Precipitation
MPI-ESM-MR,rcp45,2032,JJA,5,pr 50mm,Precipitation
MPI-ESM-MR,rcp45,2033,JJA,9,pr 50mm,Precipitation
MPI-ESM-MR,rcp45,2034,JJA,6,pr 50mm,Precipitation
MPI-ESM-MR,rcp45,2036,JJA,1,pr 50mm,Precipitation
MRI-CGCM3,rcp45,2006,JJA,4,pr 50mm,Precipitation
MRI-CGCM3,rcp45,2007,JJA,8,pr 50mm,Precipitation
MRI-CGCM3,rcp45,2008,JJA,3,pr 50mm,Precipitation
MRI-CGCM3,rcp45,2009,JJA,9,pr 50mm,Precipitation
MRI-CGCM3,rcp45,2011,JJA,4,pr 50mm,Precipitation
MRI-CGCM3,rcp45,2012,JJA,2,pr 50mm,Precipitation
MRI-CGCM3,rcp45,2013,JJA,2,pr 50mm,Precipitation
MRI-CGCM3,rcp45,2014,JJA,6,pr 50mm,Precipitation
MRI-CGCM3,rcp45,2016,JJA,1,pr 50mm,Precipitation
MRI-CGCM3,rcp45,2017,JJA,4,pr 50mm,Precipitation
MRI-CGCM3,rcp45,2018,JJA,9,pr 50mm,Precipitation
MRI-CGCM3,rcp45,2019,JJA,4,pr 50mm,Precipitation
MRI-CGCM3,rcp45,2020,JJA,5,pr 50mm,Precipitation
MRI-CGCM3,rcp45,2021,JJA,3,pr 50mm,Precipitation
MRI-CGCM3,rcp45,2022,JJA,1,pr 50mm,Precipitation
MRI-CGCM3,rcp45,2023,JJA,3,pr 50mm,Precipitation
MRI-CGCM3,rcp45,2024,JJA,2,pr 50mm,Precipitation
MRI-CGCM3,rcp45,2025,JJA,2,pr 50mm,Precipitation
MRI-CGCM3,rcp45,2026,JJA,3,pr 50mm,Precipitation
MRI-CGCM3,rcp45,2027,JJA,6,pr 50mm,Precipitation
MRI-CGCM3,rcp45,2028,JJA,5,pr 50mm,Precipitation
MRI-CGCM3,rcp45,2029,JJA,3,pr 50mm,Precipitation
MRI-CGCM3,rcp45,2030,JJA,1,pr 50mm,Precipitation
MRI-CGCM3,rcp45,2031,JJA,6,pr 50mm,Precipitation
MRI-CGCM3,rcp45,2032,JJA,7,pr 50mm,Precipitation
MRI-CGCM3,rcp45,2033,JJA,3,pr 50mm,Precipitation
MRI-CGCM3,rcp45,2034,JJA,6,pr 50mm,Precipitation
MRI-CGCM3,rcp45,2035,JJA,7,pr 50mm,Precipitation
MRI-CGCM3,rcp45,2036,JJA,10,pr 50mm,Precipitation
NorESM1-M,rcp45,2006,JJA,1,pr 50mm,Precipitation
NorESM1-M,rcp45,2007,JJA,9,pr 50mm,Precipitation
NorESM1-M,rcp45,2008,JJA,2,pr 50mm,Precipitation
NorESM1-M,rcp45,2010,JJA,1,pr 50mm,Precipitation
NorESM1-M,rcp45,2011,JJA,9,pr 50mm,Precipitation
NorESM1-M,rcp45,2012,JJA,5,pr 50mm,Precipitation
NorESM1-M,rcp45,2013,JJA,2,pr 50mm,Precipitation
NorESM1-M,rcp45,2014,JJA,7,pr 50mm,Precipitation
NorESM1-M,rcp45,2015,JJA,4,pr 50mm,Precipitation
NorESM1-M,rcp45,2016,JJA,7,pr 50mm,Precipitation
NorESM1-M,rcp45,2017,JJA,4,pr 50mm,Precipitation
NorESM1-M,rcp45,2018,JJA,8,pr 50mm,Precipitation
NorESM1-M,rcp45,2019,JJA,1,pr 50mm,Precipitation
NorESM1-M,rcp45,2020,JJA,1,pr 50mm,Precipitation
NorESM1-M,rcp45,2021,JJA,6,pr 50mm,Precipitation
NorESM1-M,rcp45,2022,JJA,13,pr 50mm,Precipitation
NorESM1-M,rcp45,2023,JJA,7,pr 50mm,Precipitation
NorESM1-M,rcp45,2024,JJA,6,pr 50mm,Precipitation
NorESM1-M,rcp45,2025,JJA,5,pr 50mm,Precipitation
NorESM1-M,rcp45,2026,JJA,4,pr 50mm,Precipitation
NorESM1-M,rcp45,2027,JJA,6,pr 50mm,Precipitation
NorESM1-M,rcp45,2028,JJA,2,pr 50mm,Precipitation
NorESM1-M,rcp45,2029,JJA,3,pr 50mm,Precipitation
NorESM1-M,rcp45,2030,JJA,7,pr 50mm,Precipitation
NorESM1-M,rcp45,2031,JJA,3,pr 50mm,Precipitation
NorESM1-M,rcp45,2032,JJA,6,pr 50mm,Precipitation
NorESM1-M,rcp45,2033,JJA,1,pr 50mm,Precipitation
NorESM1-M,rcp45,2034,JJA,5,pr 50mm,Precipitation
NorESM1-M,rcp45,2035,JJA,3,pr 50mm,Precipitation
NorESM1-M,rcp45,2036,JJA,2,pr 50mm,Precipitation
bcc-csm1-1,rcp45,2006,JJA,3,pr 50mm,Precipitation
bcc-csm1-1,rcp45,2007,JJA,3,pr 50mm,Precipitation
bcc-csm1-1,rcp45,2009,JJA,5,pr 50mm,Precipitation
bcc-csm1-1,rcp45,2010,JJA,4,pr 50mm,Precipitation
bcc-csm1-1,rcp45,2011,JJA,3,pr 50mm,Precipitation
bcc-csm1-1,rcp45,2012,JJA,4,pr 50mm,Precipitation
bcc-csm1-1,rcp45,2013,JJA,2,pr 50mm,Precipitation
bcc-csm1-1,rcp45,2014,JJA,1,pr 50mm,Precipitation
bcc-csm1-1,rcp45,2015,JJA,1,pr 50mm,Precipitation
bcc-csm1-1,rcp45,2016,JJA,5,pr 50mm,Precipitation
bcc-csm1-1,rcp45,2017,JJA,2,pr 50mm,Precipitation
bcc-csm1-1,rcp45,2018,JJA,6,pr 50mm,Precipitation
bcc-csm1-1,rcp45,2019,JJA,2,pr 50mm,Precipitation
bcc-csm1-1,rcp45,2020,JJA,5,pr 50mm,Precipitation
bcc-csm1-1,rcp45,2021,JJA,4,pr 50mm,Precipitation
bcc-csm1-1,rcp45,2022,JJA,4,pr 50mm,Precipitation
bcc-csm1-1,rcp45,2023,JJA,3,pr 50mm,Precipitation
bcc-csm1-1,rcp45,2024,JJA,1,pr 50mm,Precipitation
bcc-csm1-1,rcp45,2025,JJA,2,pr 50mm,Precipitation
bcc-csm1-1,rcp45,2026,JJA,6,pr 50mm,Precipitation
bcc-csm1-1,rcp45,2027,JJA,4,pr 50mm,Precipitation
bcc-csm1-1,rcp45,2028,JJA,6,pr 50mm,Precipitation
bcc-csm1-1,rcp45,2029,JJA,9,pr 50mm,Precipitation
bcc-csm1-1,rcp45,2030,JJA,2,pr 50mm,Precipitation
bcc-csm1-1,rcp45,2031,JJA,5,pr 50mm,Precipitation
bcc-csm1-1,rcp45,2032,JJA,2,pr 50mm,Precipitation
bcc-csm1-1,rcp45,2033,JJA,11,pr 50mm,Precipitation
bcc-csm1-1,rcp45,2034,JJA,3,pr 50mm,Precipitation
bcc-csm1-1,rcp45,2035,JJA,5,pr 50mm,Precipitation
bcc-csm1-1,rcp45,2036,JJA,5,pr 50mm,Precipitation
bcc-csm1-1-m,rcp45,2006,JJA,3,pr 50mm,Precipitation
bcc-csm1-1-m,rcp45,2007,JJA,4,pr 50mm,Precipitation
bcc-csm1-1-m,rcp45,2008,JJA,6,pr 50mm,Precipitation
bcc-csm1-1-m,rcp45,2009,JJA,4,pr 50mm,Precipitation
bcc-csm1-1-m,rcp45,2010,JJA,4,pr 50mm,Precipitation
bcc-csm1-1-m,rcp45,2011,JJA,2,pr 50mm,Precipitation
bcc-csm1-1-m,rcp45,2012,JJA,4,pr 50mm,Precipitation
bcc-csm1-1-m,rcp45,2013,JJA,3,pr 50mm,Precipitation
bcc-csm1-1-m,rcp45,2016,JJA,1,pr 50mm,Precipitation
bcc-csm1-1-m,rcp45,2017,JJA,3,pr 50mm,Precipitation
bcc-csm1-1-m,rcp45,2018,JJA,4,pr 50mm,Precipitation
bcc-csm1-1-m,rcp45,2019,JJA,1,pr 50mm,Precipitation
bcc-csm1-1-m,rcp45,2020,JJA,3,pr 50mm,Precipitation
bcc-csm1-1-m,rcp45,2021,JJA,2,pr 50mm,Precipitation
bcc-csm1-1-m,rcp45,2022,JJA,3,pr 50mm,Precipitation
bcc-csm1-1-m,rcp45,2023,JJA,4,pr 50mm,Precipitation
bcc-csm1-1-m,rcp45,2024,JJA,2,pr 50mm,Precipitation
bcc-csm1-1-m,rcp45,2025,JJA,5,pr 50mm,Precipitation
bcc-csm1-1-m,rcp45,2029,JJA,2,pr 50mm,Precipitation
bcc-csm1-1-m,rcp45,2030,JJA,4,pr 50mm,Precipitation
bcc-csm1-1-m,rcp45,2032,JJA,2,pr 50mm,Precipitation
bcc-csm1-1-m,rcp45,2033,JJA,2,pr 50mm,Precipitation
bcc-csm1-1-m,rcp45,2035,JJA,2,pr 50mm,Precipitation
inmcm4,rcp45,2006,JJA,4,pr 50mm,Precipitation
inmcm4,rcp45,2007,JJA,5,pr 50mm,Precipitation
inmcm4,rcp45,2008,JJA,5,pr 50mm,Precipitation
inmcm4,rcp45,2009,JJA,5,pr 50mm,Precipitation
inmcm4,rcp45,2010,JJA,2,pr 50mm,Precipitation
inmcm4,rcp45,2011,JJA,12,pr 50mm,Precipitation
inmcm4,rcp45,2012,JJA,6,pr 50mm,Precipitation
inmcm4,rcp45,2013,JJA,3,pr 50mm,Precipitation
inmcm4,rcp45,2014,JJA,9,pr 50mm,Precipitation
inmcm4,rcp45,2015,JJA,2,pr 50mm,Precipitation
inmcm4,rcp45,2016,JJA,5,pr 50mm,Precipitation
inmcm4,rcp45,2017,JJA,2,pr 50mm,Precipitation
inmcm4,rcp45,2018,JJA,6,pr 50mm,Precipitation
inmcm4,rcp45,2019,JJA,7,pr 50mm,Precipitation
inmcm4,rcp45,2020,JJA,6,pr 50mm,Precipitation
inmcm4,rcp45,2021,JJA,8,pr 50mm,Precipitation
inmcm4,rcp45,2022,JJA,5,pr 50mm,Precipitation
inmcm4,rcp45,2023,JJA,2,pr 50mm,Precipitation
inmcm4,rcp45,2024,JJA,4,pr 50mm,Precipitation
inmcm4,rcp45,2026,JJA,4,pr 50mm,Precipitation
inmcm4,rcp45,2027,JJA,6,pr 50mm,Precipitation
inmcm4,rcp45,2028,JJA,5,pr 50mm,Precipitation
inmcm4,rcp45,2029,JJA,2,pr 50mm,Precipitation
inmcm4,rcp45,2030,JJA,9,pr 50mm,Precipitation
inmcm4,rcp45,2031,JJA,2,pr 50mm,Precipitation
inmcm4,rcp45,2032,JJA,4,pr 50mm,Precipitation
inmcm4,rcp45,2033,JJA,5,pr 50mm,Precipitation
inmcm4,rcp45,2034,JJA,5,pr 50mm,Precipitation
inmcm4,rcp45,2035,JJA,13,pr 50mm,Precipitation
inmcm4,rcp45,2036,JJA,2,pr 50mm,Precipitation
ACCESS1-0,rcp45,2006,MAM,1,pr 50mm,Precipitation
ACCESS1-0,rcp45,2007,MAM,3,pr 50mm,Precipitation
ACCESS1-0,rcp45,2009,MAM,4,pr 50mm,Precipitation
ACCESS1-0,rcp45,2010,MAM,7,pr 50mm,Precipitation
ACCESS1-0,rcp45,2011,MAM,2,pr 50mm,Precipitation
ACCESS1-0,rcp45,2013,MAM,1,pr 50mm,Precipitation
ACCESS1-0,rcp45,2017,MAM,3,pr 50mm,Precipitation
ACCESS1-0,rcp45,2018,MAM,1,pr 50mm,Precipitation
ACCESS1-0,rcp45,2020,MAM,2,pr 50mm,Precipitation
ACCESS1-0,rcp45,2021,MAM,3,pr 50mm,Precipitation
ACCESS1-0,rcp45,2022,MAM,1,pr 50mm,Precipitation
ACCESS1-0,rcp45,2023,MAM,1,pr 50mm,Precipitation
ACCESS1-0,rcp45,2025,MAM,3,pr 50mm,Precipitation
ACCESS1-0,rcp45,2026,MAM,1,pr 50mm,Precipitation
ACCESS1-0,rcp45,2027,MAM,1,pr 50mm,Precipitation
ACCESS1-0,rcp45,2028,MAM,1,pr 50mm,Precipitation
ACCESS1-0,rcp45,2029,MAM,1,pr 50mm,Precipitation
ACCESS1-0,rcp45,2031,MAM,1,pr 50mm,Precipitation
ACCESS1-0,rcp45,2032,MAM,3,pr 50mm,Precipitation
ACCESS1-0,rcp45,2035,MAM,2,pr 50mm,Precipitation
ACCESS1-0,rcp45,2036,MAM,1,pr 50mm,Precipitation
ACCESS1-3,rcp45,2007,MAM,2,pr 50mm,Precipitation
ACCESS1-3,rcp45,2011,MAM,1,pr 50mm,Precipitation
ACCESS1-3,rcp45,2012,MAM,1,pr 50mm,Precipitation
ACCESS1-3,rcp45,2014,MAM,2,pr 50mm,Precipitation
ACCESS1-3,rcp45,2015,MAM,2,pr 50mm,Precipitation
ACCESS1-3,rcp45,2016,MAM,4,pr 50mm,Precipitation
ACCESS1-3,rcp45,2019,MAM,4,pr 50mm,Precipitation
ACCESS1-3,rcp45,2020,MAM,1,pr 50mm,Precipitation
ACCESS1-3,rcp45,2021,MAM,2,pr 50mm,Precipitation
ACCESS1-3,rcp45,2028,MAM,2,pr 50mm,Precipitation
ACCESS1-3,rcp45,2030,MAM,2,pr 50mm,Precipitation
ACCESS1-3,rcp45,2031,MAM,1,pr 50mm,Precipitation
ACCESS1-3,rcp45,2032,MAM,1,pr 50mm,Precipitation
ACCESS1-3,rcp45,2034,MAM,2,pr 50mm,Precipitation
ACCESS1-3,rcp45,2035,MAM,2,pr 50mm,Precipitation
BNU-ESM,rcp45,2006,MAM,1,pr 50mm,Precipitation
BNU-ESM,rcp45,2009,MAM,2,pr 50mm,Precipitation
BNU-ESM,rcp45,2010,MAM,1,pr 50mm,Precipitation
BNU-ESM,rcp45,2011,MAM,1,pr 50mm,Precipitation
BNU-ESM,rcp45,2012,MAM,5,pr 50mm,Precipitation
BNU-ESM,rcp45,2014,MAM,1,pr 50mm,Precipitation
BNU-ESM,rcp45,2016,MAM,3,pr 50mm,Precipitation
BNU-ESM,rcp45,2018,MAM,2,pr 50mm,Precipitation
BNU-ESM,rcp45,2020,MAM,1,pr 50mm,Precipitation
BNU-ESM,rcp45,2021,MAM,1,pr 50mm,Precipitation
BNU-ESM,rcp45,2023,MAM,3,pr 50mm,Precipitation
BNU-ESM,rcp45,2024,MAM,1,pr 50mm,Precipitation
BNU-ESM,rcp45,2025,MAM,2,pr 50mm,Precipitation
BNU-ESM,rcp45,2026,MAM,2,pr 50mm,Precipitation
BNU-ESM,rcp45,2028,MAM,3,pr 50mm,Precipitation
BNU-ESM,rcp45,2029,MAM,1,pr 50mm,Precipitation
BNU-ESM,rcp45,2032,MAM,3,pr 50mm,Precipitation
BNU-ESM,rcp45,2034,MAM,1,pr 50mm,Precipitation
BNU-ESM,rcp45,2035,MAM,3,pr 50mm,Precipitation
BNU-ESM,rcp45,2036,MAM,1,pr 50mm,Precipitation
CCSM4,rcp45,2006,MAM,2,pr 50mm,Precipitation
CCSM4,rcp45,2007,MAM,1,pr 50mm,Precipitation
CCSM4,rcp45,2010,MAM,1,pr 50mm,Precipitation
CCSM4,rcp45,2011,MAM,2,pr 50mm,Precipitation
CCSM4,rcp45,2013,MAM,2,pr 50mm,Precipitation
CCSM4,rcp45,2017,MAM,2,pr 50mm,Precipitation
CCSM4,rcp45,2018,MAM,3,pr 50mm,Precipitation
CCSM4,rcp45,2020,MAM,3,pr 50mm,Precipitation
CCSM4,rcp45,2022,MAM,1,pr 50mm,Precipitation
CCSM4,rcp45,2023,MAM,2,pr 50mm,Precipitation
CCSM4,rcp45,2024,MAM,1,pr 50mm,Precipitation
CCSM4,rcp45,2025,MAM,3,pr 50mm,Precipitation
CCSM4,rcp45,2026,MAM,1,pr 50mm,Precipitation
CCSM4,rcp45,2028,MAM,2,pr 50mm,Precipitation
CCSM4,rcp45,2029,MAM,2,pr 50mm,Precipitation
CCSM4,rcp45,2030,MAM,1,pr 50mm,Precipitation
CCSM4,rcp45,2033,MAM,3,pr 50mm,Precipitation
CCSM4,rcp45,2034,MAM,3,pr 50mm,Precipitation
CCSM4,rcp45,2036,MAM,1,pr 50mm,Precipitation
CESM1-BGC,rcp45,2007,MAM,1,pr 50mm,Precipitation
CESM1-BGC,rcp45,2009,MAM,4,pr 50mm,Precipitation
CESM1-BGC,rcp45,2013,MAM,1,pr 50mm,Precipitation
CESM1-BGC,rcp45,2015,MAM,3,pr 50mm,Precipitation
CESM1-BGC,rcp45,2019,MAM,2,pr 50mm,Precipitation
CESM1-BGC,rcp45,2020,MAM,1,pr 50mm,Precipitation
CESM1-BGC,rcp45,2023,MAM,2,pr 50mm,Precipitation
CESM1-BGC,rcp45,2025,MAM,3,pr 50mm,Precipitation
CESM1-BGC,rcp45,2028,MAM,1,pr 50mm,Precipitation
CESM1-BGC,rcp45,2030,MAM,1,pr 50mm,Precipitation
CESM1-BGC,rcp45,2031,MAM,1,pr 50mm,Precipitation
CESM1-BGC,rcp45,2032,MAM,1,pr 50mm,Precipitation
CESM1-BGC,rcp45,2033,MAM,1,pr 50mm,Precipitation
CESM1-BGC,rcp45,2034,MAM,1,pr 50mm,Precipitation
CESM1-BGC,rcp45,2035,MAM,1,pr 50mm,Precipitation
CESM1-CAM5,rcp45,2006,MAM,3,pr 50mm,Precipitation
CESM1-CAM5,rcp45,2007,MAM,3,pr 50mm,Precipitation
CESM1-CAM5,rcp45,2009,MAM,5,pr 50mm,Precipitation
CESM1-CAM5,rcp45,2010,MAM,3,pr 50mm,Precipitation
CESM1-CAM5,rcp45,2013,MAM,1,pr 50mm,Precipitation
CESM1-CAM5,rcp45,2014,MAM,5,pr 50mm,Precipitation
CESM1-CAM5,rcp45,2015,MAM,2,pr 50mm,Precipitation
CESM1-CAM5,rcp45,2016,MAM,2,pr 50mm,Precipitation
CESM1-CAM5,rcp45,2017,MAM,2,pr 50mm,Precipitation
CESM1-CAM5,rcp45,2018,MAM,3,pr 50mm,Precipitation
CESM1-CAM5,rcp45,2019,MAM,1,pr 50mm,Precipitation
CESM1-CAM5,rcp45,2021,MAM,2,pr 50mm,Precipitation
CESM1-CAM5,rcp45,2022,MAM,2,pr 50mm,Precipitation
CESM1-CAM5,rcp45,2023,MAM,1,pr 50mm,Precipitation
CESM1-CAM5,rcp45,2024,MAM,1,pr 50mm,Precipitation
CESM1-CAM5,rcp45,2025,MAM,1,pr 50mm,Precipitation
CESM1-CAM5,rcp45,2026,MAM,1,pr 50mm,Precipitation
CESM1-CAM5,rcp45,2029,MAM,2,pr 50mm,Precipitation
CESM1-CAM5,rcp45,2030,MAM,1,pr 50mm,Precipitation
CESM1-CAM5,rcp45,2031,MAM,1,pr 50mm,Precipitation
CESM1-CAM5,rcp45,2032,MAM,2,pr 50mm,Precipitation
CESM1-CAM5,rcp45,2034,MAM,1,pr 50mm,Precipitation
CMCC-CM,rcp45,2006,MAM,1,pr 50mm,Precipitation
CMCC-CM,rcp45,2007,MAM,1,pr 50mm,Precipitation
CMCC-CM,rcp45,2008,MAM,2,pr 50mm,Precipitation
CMCC-CM,rcp45,2009,MAM,1,pr 50mm,Precipitation
CMCC-CM,rcp45,2011,MAM,2,pr 50mm,Precipitation
CMCC-CM,rcp45,2012,MAM,3,pr 50mm,Precipitation
CMCC-CM,rcp45,2013,MAM,3,pr 50mm,Precipitation
CMCC-CM,rcp45,2014,MAM,1,pr 50mm,Precipitation
CMCC-CM,rcp45,2015,MAM,2,pr 50mm,Precipitation
CMCC-CM,rcp45,2016,MAM,4,pr 50mm,Precipitation
CMCC-CM,rcp45,2017,MAM,1,pr 50mm,Precipitation
CMCC-CM,rcp45,2019,MAM,2,pr 50mm,Precipitation
CMCC-CM,rcp45,2021,MAM,3,pr 50mm,Precipitation
CMCC-CM,rcp45,2022,MAM,1,pr 50mm,Precipitation
CMCC-CM,rcp45,2023,MAM,2,pr 50mm,Precipitation
CMCC-CM,rcp45,2024,MAM,3,pr 50mm,Precipitation
CMCC-CM,rcp45,2025,MAM,2,pr 50mm,Precipitation
CMCC-CM,rcp45,2028,MAM,1,pr 50mm,Precipitation
CMCC-CM,rcp45,2030,MAM,2,pr 50mm,Precipitation
CMCC-CM,rcp45,2032,MAM,1,pr 50mm,Precipitation
CMCC-CM,rcp45,2034,MAM,1,pr 50mm,Precipitation
CMCC-CM,rcp45,2035,MAM,4,pr 50mm,Precipitation
CMCC-CM,rcp45,2036,MAM,2,pr 50mm,Precipitation
CMCC-CMS,rcp45,2006,MAM,2,pr 50mm,Precipitation
CMCC-CMS,rcp45,2008,MAM,1,pr 50mm,Precipitation
CMCC-CMS,rcp45,2009,MAM,1,pr 50mm,Precipitation
CMCC-CMS,rcp45,2012,MAM,2,pr 50mm,Precipitation
CMCC-CMS,rcp45,2013,MAM,1,pr 50mm,Precipitation
CMCC-CMS,rcp45,2016,MAM,2,pr 50mm,Precipitation
CMCC-CMS,rcp45,2017,MAM,1,pr 50mm,Precipitation
CMCC-CMS,rcp45,2019,MAM,1,pr 50mm,Precipitation
CMCC-CMS,rcp45,2021,MAM,2,pr 50mm,Precipitation
CMCC-CMS,rcp45,2024,MAM,6,pr 50mm,Precipitation
CMCC-CMS,rcp45,2027,MAM,1,pr 50mm,Precipitation
CMCC-CMS,rcp45,2029,MAM,3,pr 50mm,Precipitation
CMCC-CMS,rcp45,2032,MAM,1,pr 50mm,Precipitation
CMCC-CMS,rcp45,2033,MAM,1,pr 50mm,Precipitation
CMCC-CMS,rcp45,2034,MAM,1,pr 50mm,Precipitation
CMCC-CMS,rcp45,2035,MAM,1,pr 50mm,Precipitation
CMCC-CMS,rcp45,2036,MAM,1,pr 50mm,Precipitation
CNRM-CM5,rcp45,2006,MAM,1,pr 50mm,Precipitation
CNRM-CM5,rcp45,2007,MAM,1,pr 50mm,Precipitation
CNRM-CM5,rcp45,2010,MAM,3,pr 50mm,Precipitation
CNRM-CM5,rcp45,2011,MAM,1,pr 50mm,Precipitation
CNRM-CM5,rcp45,2014,MAM,4,pr 50mm,Precipitation
CNRM-CM5,rcp45,2015,MAM,1,pr 50mm,Precipitation
CNRM-CM5,rcp45,2016,MAM,2,pr 50mm,Precipitation
CNRM-CM5,rcp45,2017,MAM,2,pr 50mm,Precipitation
CNRM-CM5,rcp45,2018,MAM,4,pr 50mm,Precipitation
CNRM-CM5,rcp45,2020,MAM,1,pr 50mm,Precipitation
CNRM-CM5,rcp45,2021,MAM,1,pr 50mm,Precipitation
CNRM-CM5,rcp45,2022,MAM,1,pr 50mm,Precipitation
CNRM-CM5,rcp45,2025,MAM,4,pr 50mm,Precipitation
CNRM-CM5,rcp45,2027,MAM,3,pr 50mm,Precipitation
CNRM-CM5,rcp45,2028,MAM,1,pr 50mm,Precipitation
CNRM-CM5,rcp45,2029,MAM,2,pr 50mm,Precipitation
CNRM-CM5,rcp45,2030,MAM,1,pr 50mm,Precipitation
CNRM-CM5,rcp45,2031,MAM,1,pr 50mm,Precipitation
CNRM-CM5,rcp45,2032,MAM,2,pr 50mm,Precipitation
CNRM-CM5,rcp45,2033,MAM,2,pr 50mm,Precipitation
CNRM-CM5,rcp45,2035,MAM,6,pr 50mm,Precipitation
CNRM-CM5,rcp45,2036,MAM,1,pr 50mm,Precipitation
CSIRO-Mk3-6-0,rcp45,2007,MAM,2,pr 50mm,Precipitation
CSIRO-Mk3-6-0,rcp45,2008,MAM,1,pr 50mm,Precipitation
CSIRO-Mk3-6-0,rcp45,2009,MAM,2,pr 50mm,Precipitation
CSIRO-Mk3-6-0,rcp45,2011,MAM,1,pr 50mm,Precipitation
CSIRO-Mk3-6-0,rcp45,2012,MAM,3,pr 50mm,Precipitation
CSIRO-Mk3-6-0,rcp45,2014,MAM,2,pr 50mm,Precipitation
CSIRO-Mk3-6-0,rcp45,2015,MAM,1,pr 50mm,Precipitation
CSIRO-Mk3-6-0,rcp45,2017,MAM,1,pr 50mm,Precipitation
CSIRO-Mk3-6-0,rcp45,2018,MAM,2,pr 50mm,Precipitation
CSIRO-Mk3-6-0,rcp45,2019,MAM,1,pr 50mm,Precipitation
CSIRO-Mk3-6-0,rcp45,2020,MAM,1,pr 50mm,Precipitation
CSIRO-Mk3-6-0,rcp45,2021,MAM,1,pr 50mm,Precipitation
CSIRO-Mk3-6-0,rcp45,2026,MAM,3,pr 50mm,Precipitation
CSIRO-Mk3-6-0,rcp45,2030,MAM,1,pr 50mm,Precipitation
CSIRO-Mk3-6-0,rcp45,2032,MAM,1,pr 50mm,Precipitation
CSIRO-Mk3-6-0,rcp45,2033,MAM,4,pr 50mm,Precipitation
CSIRO-Mk3-6-0,rcp45,2034,MAM,1,pr 50mm,Precipitation
CSIRO-Mk3-6-0,rcp45,2035,MAM,1,pr 50mm,Precipitation
CSIRO-Mk3-6-0,rcp45,2036,MAM,2,pr 50mm,Precipitation
CanESM2,rcp45,2006,MAM,2,pr 50mm,Precipitation
CanESM2,rcp45,2007,MAM,2,pr 50mm,Precipitation
CanESM2,rcp45,2010,MAM,2,pr 50mm,Precipitation
CanESM2,rcp45,2011,MAM,2,pr 50mm,Precipitation
CanESM2,rcp45,2012,MAM,4,pr 50mm,Precipitation
CanESM2,rcp45,2013,MAM,4,pr 50mm,Precipitation
CanESM2,rcp45,2014,MAM,1,pr 50mm,Precipitation
CanESM2,rcp45,2015,MAM,2,pr 50mm,Precipitation
CanESM2,rcp45,2016,MAM,2,pr 50mm,Precipitation
CanESM2,rcp45,2018,MAM,3,pr 50mm,Precipitation
CanESM2,rcp45,2019,MAM,2,pr 50mm,Precipitation
CanESM2,rcp45,2020,MAM,3,pr 50mm,Precipitation
CanESM2,rcp45,2021,MAM,1,pr 50mm,Precipitation
CanESM2,rcp45,2022,MAM,1,pr 50mm,Precipitation
CanESM2,rcp45,2023,MAM,1,pr 50mm,Precipitation
CanESM2,rcp45,2024,MAM,4,pr 50mm,Precipitation
CanESM2,rcp45,2025,MAM,2,pr 50mm,Precipitation
CanESM2,rcp45,2026,MAM,4,pr 50mm,Precipitation
CanESM2,rcp45,2027,MAM,3,pr 50mm,Precipitation
CanESM2,rcp45,2030,MAM,2,pr 50mm,Precipitation
CanESM2,rcp45,2031,MAM,2,pr 50mm,Precipitation
CanESM2,rcp45,2033,MAM,3,pr 50mm,Precipitation
CanESM2,rcp45,2034,MAM,2,pr 50mm,Precipitation
CanESM2,rcp45,2035,MAM,1,pr 50mm,Precipitation
FGOALS-g2,rcp45,2006,MAM,1,pr 50mm,Precipitation
FGOALS-g2,rcp45,2008,MAM,1,pr 50mm,Precipitation
FGOALS-g2,rcp45,2009,MAM,1,pr 50mm,Precipitation
FGOALS-g2,rcp45,2010,MAM,3,pr 50mm,Precipitation
FGOALS-g2,rcp45,2011,MAM,1,pr 50mm,Precipitation
FGOALS-g2,rcp45,2012,MAM,1,pr 50mm,Precipitation
FGOALS-g2,rcp45,2014,MAM,1,pr 50mm,Precipitation
FGOALS-g2,rcp45,2015,MAM,1,pr 50mm,Precipitation
FGOALS-g2,rcp45,2016,MAM,3,pr 50mm,Precipitation
FGOALS-g2,rcp45,2018,MAM,2,pr 50mm,Precipitation
FGOALS-g2,rcp45,2019,MAM,3,pr 50mm,Precipitation
FGOALS-g2,rcp45,2021,MAM,1,pr 50mm,Precipitation
FGOALS-g2,rcp45,2022,MAM,2,pr 50mm,Precipitation
FGOALS-g2,rcp45,2024,MAM,2,pr 50mm,Precipitation
FGOALS-g2,rcp45,2025,MAM,2,pr 50mm,Precipitation
FGOALS-g2,rcp45,2027,MAM,1,pr 50mm,Precipitation
FGOALS-g2,rcp45,2031,MAM,1,pr 50mm,Precipitation
FGOALS-g2,rcp45,2032,MAM,2,pr 50mm,Precipitation
FGOALS-g2,rcp45,2033,MAM,2,pr 50mm,Precipitation
FGOALS-g2,rcp45,2034,MAM,1,pr 50mm,Precipitation
FGOALS-g2,rcp45,2035,MAM,1,pr 50mm,Precipitation
FGOALS-g2,rcp45,2036,MAM,1,pr 50mm,Precipitation
GFDL-ESM2G,rcp45,2006,MAM,4,pr 50mm,Precipitation
GFDL-ESM2G,rcp45,2010,MAM,1,pr 50mm,Precipitation
GFDL-ESM2G,rcp45,2011,MAM,1,pr 50mm,Precipitation
GFDL-ESM2G,rcp45,2013,MAM,5,pr 50mm,Precipitation
GFDL-ESM2G,rcp45,2014,MAM,3,pr 50mm,Precipitation
GFDL-ESM2G,rcp45,2015,MAM,1,pr 50mm,Precipitation
GFDL-ESM2G,rcp45,2016,MAM,1,pr 50mm,Precipitation
GFDL-ESM2G,rcp45,2020,MAM,2,pr 50mm,Precipitation
GFDL-ESM2G,rcp45,2021,MAM,1,pr 50mm,Precipitation
GFDL-ESM2G,rcp45,2023,MAM,1,pr 50mm,Precipitation
GFDL-ESM2G,rcp45,2027,MAM,3,pr 50mm,Precipitation
GFDL-ESM2G,rcp45,2028,MAM,2,pr 50mm,Precipitation
GFDL-ESM2G,rcp45,2029,MAM,2,pr 50mm,Precipitation
GFDL-ESM2G,rcp45,2031,MAM,1,pr 50mm,Precipitation
GFDL-ESM2G,rcp45,2033,MAM,1,pr 50mm,Precipitation
GFDL-ESM2G,rcp45,2034,MAM,2,pr 50mm,Precipitation
GFDL-ESM2G,rcp45,2035,MAM,1,pr 50mm,Precipitation
GFDL-ESM2G,rcp45,2036,MAM,2,pr 50mm,Precipitation
GFDL-ESM2M,rcp45,2007,MAM,1,pr 50mm,Precipitation
GFDL-ESM2M,rcp45,2010,MAM,3,pr 50mm,Precipitation
GFDL-ESM2M,rcp45,2011,MAM,2,pr 50mm,Precipitation
GFDL-ESM2M,rcp45,2013,MAM,1,pr 50mm,Precipitation
GFDL-ESM2M,rcp45,2014,MAM,2,pr 50mm,Precipitation
GFDL-ESM2M,rcp45,2015,MAM,3,pr 50mm,Precipitation
GFDL-ESM2M,rcp45,2016,MAM,1,pr 50mm,Precipitation
GFDL-ESM2M,rcp45,2017,MAM,3,pr 50mm,Precipitation
GFDL-ESM2M,rcp45,2019,MAM,1,pr 50mm,Precipitation
GFDL-ESM2M,rcp45,2020,MAM,1,pr 50mm,Precipitation
GFDL-ESM2M,rcp45,2021,MAM,1,pr 50mm,Precipitation
GFDL-ESM2M,rcp45,2022,MAM,1,pr 50mm,Precipitation
GFDL-ESM2M,rcp45,2024,MAM,1,pr 50mm,Precipitation
GFDL-ESM2M,rcp45,2025,MAM,2,pr 50mm,Precipitation
GFDL-ESM2M,rcp45,2026,MAM,2,pr 50mm,Precipitation
GFDL-ESM2M,rcp45,2028,MAM,1,pr 50mm,Precipitation
GFDL-ESM2M,rcp45,2030,MAM,1,pr 50mm,Precipitation
GFDL-ESM2M,rcp45,2032,MAM,1,pr 50mm,Precipitation
GFDL-ESM2M,rcp45,2034,MAM,1,pr 50mm,Precipitation
GFDL-ESM2M,rcp45,2035,MAM,1,pr 50mm,Precipitation
GFDL-ESM2M,rcp45,2036,MAM,1,pr 50mm,Precipitation
IPSL-CM5A-LR,rcp45,2006,MAM,3,pr 50mm,Precipitation
IPSL-CM5A-LR,rcp45,2008,MAM,2,pr 50mm,Precipitation
IPSL-CM5A-LR,rcp45,2010,MAM,1,pr 50mm,Precipitation
IPSL-CM5A-LR,rcp45,2011,MAM,3,pr 50mm,Precipitation
IPSL-CM5A-LR,rcp45,2013,MAM,1,pr 50mm,Precipitation
IPSL-CM5A-LR,rcp45,2017,MAM,4,pr 50mm,Precipitation
IPSL-CM5A-LR,rcp45,2018,MAM,1,pr 50mm,Precipitation
IPSL-CM5A-LR,rcp45,2019,MAM,2,pr 50mm,Precipitation
IPSL-CM5A-LR,rcp45,2022,MAM,1,pr 50mm,Precipitation
IPSL-CM5A-LR,rcp45,2025,MAM,1,pr 50mm,Precipitation
IPSL-CM5A-LR,rcp45,2030,MAM,1,pr 50mm,Precipitation
IPSL-CM5A-LR,rcp45,2034,MAM,1,pr 50mm,Precipitation
IPSL-CM5A-LR,rcp45,2035,MAM,3,pr 50mm,Precipitation
IPSL-CM5A-MR,rcp45,2006,MAM,1,pr 50mm,Precipitation
IPSL-CM5A-MR,rcp45,2007,MAM,1,pr 50mm,Precipitation
IPSL-CM5A-MR,rcp45,2009,MAM,1,pr 50mm,Precipitation
IPSL-CM5A-MR,rcp45,2010,MAM,2,pr 50mm,Precipitation
IPSL-CM5A-MR,rcp45,2012,MAM,1,pr 50mm,Precipitation
IPSL-CM5A-MR,rcp45,2015,MAM,2,pr 50mm,Precipitation
IPSL-CM5A-MR,rcp45,2016,MAM,1,pr 50mm,Precipitation
IPSL-CM5A-MR,rcp45,2018,MAM,1,pr 50mm,Precipitation
IPSL-CM5A-MR,rcp45,2019,MAM,2,pr 50mm,Precipitation
IPSL-CM5A-MR,rcp45,2022,MAM,1,pr 50mm,Precipitation
IPSL-CM5A-MR,rcp45,2023,MAM,1,pr 50mm,Precipitation
IPSL-CM5A-MR,rcp45,2024,MAM,1,pr 50mm,Precipitation
IPSL-CM5A-MR,rcp45,2025,MAM,1,pr 50mm,Precipitation
IPSL-CM5A-MR,rcp45,2027,MAM,2,pr 50mm,Precipitation
IPSL-CM5A-MR,rcp45,2028,MAM,1,pr 50mm,Precipitation
IPSL-CM5A-MR,rcp45,2029,MAM,3,pr 50mm,Precipitation
IPSL-CM5A-MR,rcp45,2033,MAM,1,pr 50mm,Precipitation
IPSL-CM5A-MR,rcp45,2036,MAM,3,pr 50mm,Precipitation
IPSL-CM5B-LR,rcp45,2007,MAM,1,pr 50mm,Precipitation
IPSL-CM5B-LR,rcp45,2008,MAM,1,pr 50mm,Precipitation
IPSL-CM5B-LR,rcp45,2009,MAM,1,pr 50mm,Precipitation
IPSL-CM5B-LR,rcp45,2011,MAM,1,pr 50mm,Precipitation
IPSL-CM5B-LR,rcp45,2012,MAM,1,pr 50mm,Precipitation
IPSL-CM5B-LR,rcp45,2015,MAM,2,pr 50mm,Precipitation
IPSL-CM5B-LR,rcp45,2018,MAM,1,pr 50mm,Precipitation
IPSL-CM5B-LR,rcp45,2019,MAM,3,pr 50mm,Precipitation
IPSL-CM5B-LR,rcp45,2021,MAM,1,pr 50mm,Precipitation
IPSL-CM5B-LR,rcp45,2023,MAM,1,pr 50mm,Precipitation
IPSL-CM5B-LR,rcp45,2024,MAM,2,pr 50mm,Precipitation
IPSL-CM5B-LR,rcp45,2026,MAM,1,pr 50mm,Precipitation
IPSL-CM5B-LR,rcp45,2028,MAM,1,pr 50mm,Precipitation
IPSL-CM5B-LR,rcp45,2031,MAM,2,pr 50mm,Precipitation
IPSL-CM5B-LR,rcp45,2033,MAM,1,pr 50mm,Precipitation
IPSL-CM5B-LR,rcp45,2035,MAM,3,pr 50mm,Precipitation
MIROC-ESM,rcp45,2008,MAM,3,pr 50mm,Precipitation
MIROC-ESM,rcp45,2010,MAM,3,pr 50mm,Precipitation
MIROC-ESM,rcp45,2011,MAM,1,pr 50mm,Precipitation
MIROC-ESM,rcp45,2012,MAM,1,pr 50mm,Precipitation
MIROC-ESM,rcp45,2016,MAM,1,pr 50mm,Precipitation
MIROC-ESM,rcp45,2017,MAM,1,pr 50mm,Precipitation
MIROC-ESM,rcp45,2019,MAM,1,pr 50mm,Precipitation
MIROC-ESM,rcp45,2020,MAM,3,pr 50mm,Precipitation
MIROC-ESM,rcp45,2022,MAM,1,pr 50mm,Precipitation
MIROC-ESM,rcp45,2023,MAM,1,pr 50mm,Precipitation
MIROC-ESM,rcp45,2024,MAM,2,pr 50mm,Precipitation
MIROC-ESM,rcp45,2026,MAM,1,pr 50mm,Precipitation
MIROC-ESM,rcp45,2028,MAM,2,pr 50mm,Precipitation
MIROC-ESM,rcp45,2029,MAM,4,pr 50mm,Precipitation
MIROC-ESM,rcp45,2030,MAM,2,pr 50mm,Precipitation
MIROC-ESM,rcp45,2031,MAM,2,pr 50mm,Precipitation
MIROC-ESM,rcp45,2032,MAM,4,pr 50mm,Precipitation
MIROC-ESM,rcp45,2035,MAM,1,pr 50mm,Precipitation
MIROC-ESM,rcp45,2036,MAM,2,pr 50mm,Precipitation
MIROC-ESM-CHEM,rcp45,2007,MAM,2,pr 50mm,Precipitation
MIROC-ESM-CHEM,rcp45,2008,MAM,2,pr 50mm,Precipitation
MIROC-ESM-CHEM,rcp45,2010,MAM,1,pr 50mm,Precipitation
MIROC-ESM-CHEM,rcp45,2011,MAM,3,pr 50mm,Precipitation
MIROC-ESM-CHEM,rcp45,2013,MAM,3,pr 50mm,Precipitation
MIROC-ESM-CHEM,rcp45,2014,MAM,1,pr 50mm,Precipitation
MIROC-ESM-CHEM,rcp45,2015,MAM,3,pr 50mm,Precipitation
MIROC-ESM-CHEM,rcp45,2016,MAM,2,pr 50mm,Precipitation
MIROC-ESM-CHEM,rcp45,2018,MAM,3,pr 50mm,Precipitation
MIROC-ESM-CHEM,rcp45,2019,MAM,1,pr 50mm,Precipitation
MIROC-ESM-CHEM,rcp45,2025,MAM,1,pr 50mm,Precipitation
MIROC-ESM-CHEM,rcp45,2027,MAM,9,pr 50mm,Precipitation
MIROC-ESM-CHEM,rcp45,2028,MAM,3,pr 50mm,Precipitation
MIROC-ESM-CHEM,rcp45,2030,MAM,3,pr 50mm,Precipitation
MIROC-ESM-CHEM,rcp45,2031,MAM,6,pr 50mm,Precipitation
MIROC-ESM-CHEM,rcp45,2032,MAM,1,pr 50mm,Precipitation
MIROC-ESM-CHEM,rcp45,2033,MAM,2,pr 50mm,Precipitation
MIROC-ESM-CHEM,rcp45,2034,MAM,4,pr 50mm,Precipitation
MIROC-ESM-CHEM,rcp45,2035,MAM,1,pr 50mm,Precipitation
MIROC5,rcp45,2006,MAM,3,pr 50mm,Precipitation
MIROC5,rcp45,2007,MAM,1,pr 50mm,Precipitation
MIROC5,rcp45,2010,MAM,4,pr 50mm,Precipitation
MIROC5,rcp45,2011,MAM,5,pr 50mm,Precipitation
MIROC5,rcp45,2014,MAM,2,pr 50mm,Precipitation
MIROC5,rcp45,2015,MAM,2,pr 50mm,Precipitation
MIROC5,rcp45,2016,MAM,2,pr 50mm,Precipitation
MIROC5,rcp45,2018,MAM,3,pr 50mm,Precipitation
MIROC5,rcp45,2019,MAM,1,pr 50mm,Precipitation
MIROC5,rcp45,2021,MAM,3,pr 50mm,Precipitation
MIROC5,rcp45,2022,MAM,1,pr 50mm,Precipitation
MIROC5,rcp45,2023,MAM,7,pr 50mm,Precipitation
MIROC5,rcp45,2024,MAM,1,pr 50mm,Precipitation
MIROC5,rcp45,2025,MAM,1,pr 50mm,Precipitation
MIROC5,rcp45,2026,MAM,2,pr 50mm,Precipitation
MIROC5,rcp45,2027,MAM,3,pr 50mm,Precipitation
MIROC5,rcp45,2028,MAM,4,pr 50mm,Precipitation
MIROC5,rcp45,2029,MAM,2,pr 50mm,Precipitation
MIROC5,rcp45,2030,MAM,1,pr 50mm,Precipitation
MIROC5,rcp45,2032,MAM,1,pr 50mm,Precipitation
MIROC5,rcp45,2033,MAM,1,pr 50mm,Precipitation
MIROC5,rcp45,2034,MAM,3,pr 50mm,Precipitation
MIROC5,rcp45,2035,MAM,2,pr 50mm,Precipitation
MIROC5,rcp45,2036,MAM,1,pr 50mm,Precipitation
MPI-ESM-LR,rcp45,2006,MAM,2,pr 50mm,Precipitation
MPI-ESM-LR,rcp45,2008,MAM,2,pr 50mm,Precipitation
MPI-ESM-LR,rcp45,2009,MAM,1,pr 50mm,Precipitation
MPI-ESM-LR,rcp45,2010,MAM,1,pr 50mm,Precipitation
MPI-ESM-LR,rcp45,2011,MAM,1,pr 50mm,Precipitation
MPI-ESM-LR,rcp45,2012,MAM,3,pr 50mm,Precipitation
MPI-ESM-LR,rcp45,2013,MAM,1,pr 50mm,Precipitation
MPI-ESM-LR,rcp45,2014,MAM,1,pr 50mm,Precipitation
MPI-ESM-LR,rcp45,2015,MAM,1,pr 50mm,Precipitation
MPI-ESM-LR,rcp45,2016,MAM,3,pr 50mm,Precipitation
MPI-ESM-LR,rcp45,2018,MAM,2,pr 50mm,Precipitation
MPI-ESM-LR,rcp45,2019,MAM,1,pr 50mm,Precipitation
MPI-ESM-LR,rcp45,2020,MAM,1,pr 50mm,Precipitation
MPI-ESM-LR,rcp45,2021,MAM,3,pr 50mm,Precipitation
MPI-ESM-LR,rcp45,2023,MAM,3,pr 50mm,Precipitation
MPI-ESM-LR,rcp45,2024,MAM,2,pr 50mm,Precipitation
MPI-ESM-LR,rcp45,2026,MAM,1,pr 50mm,Precipitation
MPI-ESM-LR,rcp45,2027,MAM,3,pr 50mm,Precipitation
MPI-ESM-LR,rcp45,2030,MAM,2,pr 50mm,Precipitation
MPI-ESM-LR,rcp45,2031,MAM,1,pr 50mm,Precipitation
MPI-ESM-LR,rcp45,2032,MAM,1,pr 50mm,Precipitation
MPI-ESM-LR,rcp45,2033,MAM,3,pr 50mm,Precipitation
MPI-ESM-LR,rcp45,2034,MAM,3,pr 50mm,Precipitation
MPI-ESM-LR,rcp45,2035,MAM,3,pr 50mm,Precipitation
MPI-ESM-MR,rcp45,2007,MAM,1,pr 50mm,Precipitation
MPI-ESM-MR,rcp45,2008,MAM,1,pr 50mm,Precipitation
MPI-ESM-MR,rcp45,2009,MAM,2,pr 50mm,Precipitation
MPI-ESM-MR,rcp45,2010,MAM,3,pr 50mm,Precipitation
MPI-ESM-MR,rcp45,2011,MAM,3,pr 50mm,Precipitation
MPI-ESM-MR,rcp45,2014,MAM,1,pr 50mm,Precipitation
MPI-ESM-MR,rcp45,2015,MAM,3,pr 50mm,Precipitation
MPI-ESM-MR,rcp45,2016,MAM,2,pr 50mm,Precipitation
MPI-ESM-MR,rcp45,2018,MAM,1,pr 50mm,Precipitation
MPI-ESM-MR,rcp45,2019,MAM,1,pr 50mm,Precipitation
MPI-ESM-MR,rcp45,2020,MAM,2,pr 50mm,Precipitation
MPI-ESM-MR,rcp45,2022,MAM,1,pr 50mm,Precipitation
MPI-ESM-MR,rcp45,2023,MAM,1,pr 50mm,Precipitation
MPI-ESM-MR,rcp45,2024,MAM,2,pr 50mm,Precipitation
MPI-ESM-MR,rcp45,2026,MAM,3,pr 50mm,Precipitation
MPI-ESM-MR,rcp45,2028,MAM,4,pr 50mm,Precipitation
MPI-ESM-MR,rcp45,2030,MAM,1,pr 50mm,Precipitation
MPI-ESM-MR,rcp45,2033,MAM,1,pr 50mm,Precipitation
MPI-ESM-MR,rcp45,2034,MAM,2,pr 50mm,Precipitation
MPI-ESM-MR,rcp45,2035,MAM,1,pr 50mm,Precipitation
MPI-ESM-MR,rcp45,2036,MAM,2,pr 50mm,Precipitation
MRI-CGCM3,rcp45,2006,MAM,2,pr 50mm,Precipitation
MRI-CGCM3,rcp45,2007,MAM,1,pr 50mm,Precipitation
MRI-CGCM3,rcp45,2008,MAM,1,pr 50mm,Precipitation
MRI-CGCM3,rcp45,2012,MAM,1,pr 50mm,Precipitation
MRI-CGCM3,rcp45,2013,MAM,1,pr 50mm,Precipitation
MRI-CGCM3,rcp45,2014,MAM,4,pr 50mm,Precipitation
MRI-CGCM3,rcp45,2015,MAM,1,pr 50mm,Precipitation
MRI-CGCM3,rcp45,2017,MAM,1,pr 50mm,Precipitation
MRI-CGCM3,rcp45,2018,MAM,2,pr 50mm,Precipitation
MRI-CGCM3,rcp45,2020,MAM,3,pr 50mm,Precipitation
MRI-CGCM3,rcp45,2021,MAM,2,pr 50mm,Precipitation
MRI-CGCM3,rcp45,2022,MAM,2,pr 50mm,Precipitation
MRI-CGCM3,rcp45,2023,MAM,2,pr 50mm,Precipitation
MRI-CGCM3,rcp45,2026,MAM,2,pr 50mm,Precipitation
MRI-CGCM3,rcp45,2027,MAM,1,pr 50mm,Precipitation
MRI-CGCM3,rcp45,2028,MAM,1,pr 50mm,Precipitation
MRI-CGCM3,rcp45,2031,MAM,1,pr 50mm,Precipitation
MRI-CGCM3,rcp45,2032,MAM,2,pr 50mm,Precipitation
MRI-CGCM3,rcp45,2035,MAM,1,pr 50mm,Precipitation
MRI-CGCM3,rcp45,2036,MAM,3,pr 50mm,Precipitation
NorESM1-M,rcp45,2006,MAM,1,pr 50mm,Precipitation
NorESM1-M,rcp45,2007,MAM,1,pr 50mm,Precipitation
NorESM1-M,rcp45,2008,MAM,2,pr 50mm,Precipitation
NorESM1-M,rcp45,2010,MAM,1,pr 50mm,Precipitation
NorESM1-M,rcp45,2011,MAM,2,pr 50mm,Precipitation
NorESM1-M,rcp45,2012,MAM,1,pr 50mm,Precipitation
NorESM1-M,rcp45,2013,MAM,1,pr 50mm,Precipitation
NorESM1-M,rcp45,2016,MAM,1,pr 50mm,Precipitation
NorESM1-M,rcp45,2018,MAM,3,pr 50mm,Precipitation
NorESM1-M,rcp45,2019,MAM,1,pr 50mm,Precipitation
NorESM1-M,rcp45,2023,MAM,1,pr 50mm,Precipitation
NorESM1-M,rcp45,2024,MAM,1,pr 50mm,Precipitation
NorESM1-M,rcp45,2025,MAM,1,pr 50mm,Precipitation
NorESM1-M,rcp45,2026,MAM,2,pr 50mm,Precipitation
NorESM1-M,rcp45,2029,MAM,3,pr 50mm,Precipitation
NorESM1-M,rcp45,2033,MAM,3,pr 50mm,Precipitation
NorESM1-M,rcp45,2035,MAM,1,pr 50mm,Precipitation
NorESM1-M,rcp45,2036,MAM,1,pr 50mm,Precipitation
bcc-csm1-1,rcp45,2006,MAM,1,pr 50mm,Precipitation
bcc-csm1-1,rcp45,2007,MAM,4,pr 50mm,Precipitation
bcc-csm1-1,rcp45,2008,MAM,1,pr 50mm,Precipitation
bcc-csm1-1,rcp45,2010,MAM,1,pr 50mm,Precipitation
bcc-csm1-1,rcp45,2011,MAM,2,pr 50mm,Precipitation
bcc-csm1-1,rcp45,2012,MAM,3,pr 50mm,Precipitation
bcc-csm1-1,rcp45,2015,MAM,1,pr 50mm,Precipitation
bcc-csm1-1,rcp45,2017,MAM,2,pr 50mm,Precipitation
bcc-csm1-1,rcp45,2018,MAM,1,pr 50mm,Precipitation
bcc-csm1-1,rcp45,2019,MAM,3,pr 50mm,Precipitation
bcc-csm1-1,rcp45,2021,MAM,1,pr 50mm,Precipitation
bcc-csm1-1,rcp45,2022,MAM,1,pr 50mm,Precipitation
bcc-csm1-1,rcp45,2025,MAM,2,pr 50mm,Precipitation
bcc-csm1-1,rcp45,2026,MAM,2,pr 50mm,Precipitation
bcc-csm1-1,rcp45,2027,MAM,2,pr 50mm,Precipitation
bcc-csm1-1,rcp45,2029,MAM,1,pr 50mm,Precipitation
bcc-csm1-1,rcp45,2030,MAM,1,pr 50mm,Precipitation
bcc-csm1-1,rcp45,2031,MAM,2,pr 50mm,Precipitation
bcc-csm1-1,rcp45,2032,MAM,3,pr 50mm,Precipitation
bcc-csm1-1,rcp45,2034,MAM,1,pr 50mm,Precipitation
bcc-csm1-1,rcp45,2036,MAM,2,pr 50mm,Precipitation
bcc-csm1-1-m,rcp45,2007,MAM,1,pr 50mm,Precipitation
bcc-csm1-1-m,rcp45,2008,MAM,1,pr 50mm,Precipitation
bcc-csm1-1-m,rcp45,2009,MAM,1,pr 50mm,Precipitation
bcc-csm1-1-m,rcp45,2010,MAM,1,pr 50mm,Precipitation
bcc-csm1-1-m,rcp45,2011,MAM,2,pr 50mm,Precipitation
bcc-csm1-1-m,rcp45,2013,MAM,2,pr 50mm,Precipitation
bcc-csm1-1-m,rcp45,2014,MAM,1,pr 50mm,Precipitation
bcc-csm1-1-m,rcp45,2019,MAM,2,pr 50mm,Precipitation
bcc-csm1-1-m,rcp45,2021,MAM,1,pr 50mm,Precipitation
bcc-csm1-1-m,rcp45,2022,MAM,1,pr 50mm,Precipitation
bcc-csm1-1-m,rcp45,2031,MAM,1,pr 50mm,Precipitation
bcc-csm1-1-m,rcp45,2033,MAM,3,pr 50mm,Precipitation
bcc-csm1-1-m,rcp45,2034,MAM,1,pr 50mm,Precipitation
inmcm4,rcp45,2006,MAM,2,pr 50mm,Precipitation
inmcm4,rcp45,2012,MAM,2,pr 50mm,Precipitation
inmcm4,rcp45,2013,MAM,1,pr 50mm,Precipitation
inmcm4,rcp45,2014,MAM,1,pr 50mm,Precipitation
inmcm4,rcp45,2015,MAM,2,pr 50mm,Precipitation
inmcm4,rcp45,2016,MAM,6,pr 50mm,Precipitation
inmcm4,rcp45,2017,MAM,1,pr 50mm,Precipitation
inmcm4,rcp45,2018,MAM,1,pr 50mm,Precipitation
inmcm4,rcp45,2019,MAM,1,pr 50mm,Precipitation
inmcm4,rcp45,2020,MAM,2,pr 50mm,Precipitation
inmcm4,rcp45,2021,MAM,1,pr 50mm,Precipitation
inmcm4,rcp45,2022,MAM,1,pr 50mm,Precipitation
inmcm4,rcp45,2025,MAM,2,pr 50mm,Precipitation
inmcm4,rcp45,2027,MAM,1,pr 50mm,Precipitation
inmcm4,rcp45,2028,MAM,6,pr 50mm,Precipitation
inmcm4,rcp45,2031,MAM,1,pr 50mm,Precipitation
inmcm4,rcp45,2033,MAM,1,pr 50mm,Precipitation
inmcm4,rcp45,2034,MAM,3,pr 50mm,Precipitation
inmcm4,rcp45,2035,MAM,2,pr 50mm,Precipitation
ACCESS1-0,rcp45,2006,SON,2,pr 50mm,Precipitation
ACCESS1-0,rcp45,2008,SON,4,pr 50mm,Precipitation
ACCESS1-0,rcp45,2009,SON,6,pr 50mm,Precipitation
ACCESS1-0,rcp45,2010,SON,4,pr 50mm,Precipitation
ACCESS1-0,rcp45,2011,SON,3,pr 50mm,Precipitation
ACCESS1-0,rcp45,2012,SON,5,pr 50mm,Precipitation
ACCESS1-0,rcp45,2014,SON,3,pr 50mm,Precipitation
ACCESS1-0,rcp45,2015,SON,9,pr 50mm,Precipitation
ACCESS1-0,rcp45,2016,SON,4,pr 50mm,Precipitation
ACCESS1-0,rcp45,2019,SON,5,pr 50mm,Precipitation
ACCESS1-0,rcp45,2020,SON,4,pr 50mm,Precipitation
ACCESS1-0,rcp45,2021,SON,4,pr 50mm,Precipitation
ACCESS1-0,rcp45,2022,SON,4,pr 50mm,Precipitation
ACCESS1-0,rcp45,2023,SON,1,pr 50mm,Precipitation
ACCESS1-0,rcp45,2024,SON,5,pr 50mm,Precipitation
ACCESS1-0,rcp45,2026,SON,3,pr 50mm,Precipitation
ACCESS1-0,rcp45,2027,SON,7,pr 50mm,Precipitation
ACCESS1-0,rcp45,2028,SON,2,pr 50mm,Precipitation
ACCESS1-0,rcp45,2029,SON,1,pr 50mm,Precipitation
ACCESS1-0,rcp45,2030,SON,6,pr 50mm,Precipitation
ACCESS1-0,rcp45,2031,SON,4,pr 50mm,Precipitation
ACCESS1-0,rcp45,2032,SON,6,pr 50mm,Precipitation
ACCESS1-0,rcp45,2033,SON,5,pr 50mm,Precipitation
ACCESS1-0,rcp45,2034,SON,5,pr 50mm,Precipitation
ACCESS1-0,rcp45,2035,SON,5,pr 50mm,Precipitation
ACCESS1-0,rcp45,2036,SON,4,pr 50mm,Precipitation
ACCESS1-3,rcp45,2006,SON,5,pr 50mm,Precipitation
ACCESS1-3,rcp45,2007,SON,1,pr 50mm,Precipitation
ACCESS1-3,rcp45,2009,SON,4,pr 50mm,Precipitation
ACCESS1-3,rcp45,2010,SON,1,pr 50mm,Precipitation
ACCESS1-3,rcp45,2011,SON,2,pr 50mm,Precipitation
ACCESS1-3,rcp45,2012,SON,5,pr 50mm,Precipitation
ACCESS1-3,rcp45,2013,SON,4,pr 50mm,Precipitation
ACCESS1-3,rcp45,2014,SON,3,pr 50mm,Precipitation
ACCESS1-3,rcp45,2015,SON,5,pr 50mm,Precipitation
ACCESS1-3,rcp45,2016,SON,1,pr 50mm,Precipitation
ACCESS1-3,rcp45,2017,SON,4,pr 50mm,Precipitation
ACCESS1-3,rcp45,2018,SON,1,pr 50mm,Precipitation
ACCESS1-3,rcp45,2019,SON,4,pr 50mm,Precipitation
ACCESS1-3,rcp45,2020,SON,2,pr 50mm,Precipitation
ACCESS1-3,rcp45,2021,SON,2,pr 50mm,Precipitation
ACCESS1-3,rcp45,2022,SON,8,pr 50mm,Precipitation
ACCESS1-3,rcp45,2023,SON,6,pr 50mm,Precipitation
ACCESS1-3,rcp45,2024,SON,3,pr 50mm,Precipitation
ACCESS1-3,rcp45,2025,SON,2,pr 50mm,Precipitation
ACCESS1-3,rcp45,2026,SON,6,pr 50mm,Precipitation
ACCESS1-3,rcp45,2027,SON,3,pr 50mm,Precipitation
ACCESS1-3,rcp45,2028,SON,5,pr 50mm,Precipitation
ACCESS1-3,rcp45,2029,SON,4,pr 50mm,Precipitation
ACCESS1-3,rcp45,2030,SON,4,pr 50mm,Precipitation
ACCESS1-3,rcp45,2031,SON,1,pr 50mm,Precipitation
ACCESS1-3,rcp45,2032,SON,2,pr 50mm,Precipitation
ACCESS1-3,rcp45,2033,SON,7,pr 50mm,Precipitation
ACCESS1-3,rcp45,2034,SON,2,pr 50mm,Precipitation
ACCESS1-3,rcp45,2035,SON,2,pr 50mm,Precipitation
ACCESS1-3,rcp45,2036,SON,5,pr 50mm,Precipitation
BNU-ESM,rcp45,2006,SON,1,pr 50mm,Precipitation
BNU-ESM,rcp45,2008,SON,5,pr 50mm,Precipitation
BNU-ESM,rcp45,2010,SON,5,pr 50mm,Precipitation
BNU-ESM,rcp45,2011,SON,2,pr 50mm,Precipitation
BNU-ESM,rcp45,2012,SON,1,pr 50mm,Precipitation
BNU-ESM,rcp45,2014,SON,11,pr 50mm,Precipitation
BNU-ESM,rcp45,2015,SON,1,pr 50mm,Precipitation
BNU-ESM,rcp45,2016,SON,5,pr 50mm,Precipitation
BNU-ESM,rcp45,2017,SON,2,pr 50mm,Precipitation
BNU-ESM,rcp45,2018,SON,3,pr 50mm,Precipitation
BNU-ESM,rcp45,2019,SON,1,pr 50mm,Precipitation
BNU-ESM,rcp45,2020,SON,6,pr 50mm,Precipitation
BNU-ESM,rcp45,2025,SON,6,pr 50mm,Precipitation
BNU-ESM,rcp45,2026,SON,2,pr 50mm,Precipitation
BNU-ESM,rcp45,2027,SON,3,pr 50mm,Precipitation
BNU-ESM,rcp45,2028,SON,6,pr 50mm,Precipitation
BNU-ESM,rcp45,2031,SON,4,pr 50mm,Precipitation
BNU-ESM,rcp45,2032,SON,3,pr 50mm,Precipitation
BNU-ESM,rcp45,2033,SON,2,pr 50mm,Precipitation
BNU-ESM,rcp45,2034,SON,2,pr 50mm,Precipitation
BNU-ESM,rcp45,2035,SON,3,pr 50mm,Precipitation
BNU-ESM,rcp45,2036,SON,4,pr 50mm,Precipitation
CCSM4,rcp45,2006,SON,2,pr 50mm,Precipitation
CCSM4,rcp45,2007,SON,1,pr 50mm,Precipitation
CCSM4,rcp45,2008,SON,1,pr 50mm,Precipitation
CCSM4,rcp45,2009,SON,1,pr 50mm,Precipitation
CCSM4,rcp45,2010,SON,4,pr 50mm,Precipitation
CCSM4,rcp45,2011,SON,4,pr 50mm,Precipitation
CCSM4,rcp45,2012,SON,3,pr 50mm,Precipitation
CCSM4,rcp45,2013,SON,1,pr 50mm,Precipitation
CCSM4,rcp45,2014,SON,5,pr 50mm,Precipitation
CCSM4,rcp45,2015,SON,1,pr 50mm,Precipitation
CCSM4,rcp45,2016,SON,5,pr 50mm,Precipitation
CCSM4,rcp45,2017,SON,7,pr 50mm,Precipitation
CCSM4,rcp45,2018,SON,2,pr 50mm,Precipitation
CCSM4,rcp45,2021,SON,2,pr 50mm,Precipitation
CCSM4,rcp45,2022,SON,6,pr 50mm,Precipitation
CCSM4,rcp45,2023,SON,3,pr 50mm,Precipitation
CCSM4,rcp45,2024,SON,6,pr 50mm,Precipitation
CCSM4,rcp45,2025,SON,1,pr 50mm,Precipitation
CCSM4,rcp45,2026,SON,3,pr 50mm,Precipitation
CCSM4,rcp45,2027,SON,2,pr 50mm,Precipitation
CCSM4,rcp45,2028,SON,2,pr 50mm,Precipitation
CCSM4,rcp45,2030,SON,2,pr 50mm,Precipitation
CCSM4,rcp45,2032,SON,1,pr 50mm,Precipitation
CCSM4,rcp45,2033,SON,3,pr 50mm,Precipitation
CCSM4,rcp45,2034,SON,5,pr 50mm,Precipitation
CCSM4,rcp45,2035,SON,3,pr 50mm,Precipitation
CCSM4,rcp45,2036,SON,5,pr 50mm,Precipitation
CESM1-BGC,rcp45,2006,SON,2,pr 50mm,Precipitation
CESM1-BGC,rcp45,2007,SON,11,pr 50mm,Precipitation
CESM1-BGC,rcp45,2009,SON,5,pr 50mm,Precipitation
CESM1-BGC,rcp45,2013,SON,4,pr 50mm,Precipitation
CESM1-BGC,rcp45,2014,SON,3,pr 50mm,Precipitation
CESM1-BGC,rcp45,2015,SON,1,pr 50mm,Precipitation
CESM1-BGC,rcp45,2016,SON,1,pr 50mm,Precipitation
CESM1-BGC,rcp45,2017,SON,2,pr 50mm,Precipitation
CESM1-BGC,rcp45,2019,SON,5,pr 50mm,Precipitation
CESM1-BGC,rcp45,2020,SON,4,pr 50mm,Precipitation
CESM1-BGC,rcp45,2022,SON,4,pr 50mm,Precipitation
CESM1-BGC,rcp45,2023,SON,7,pr 50mm,Precipitation
CESM1-BGC,rcp45,2024,SON,2,pr 50mm,Precipitation
CESM1-BGC,rcp45,2026,SON,6,pr 50mm,Precipitation
CESM1-BGC,rcp45,2027,SON,3,pr 50mm,Precipitation
CESM1-BGC,rcp45,2028,SON,1,pr 50mm,Precipitation
CESM1-BGC,rcp45,2029,SON,5,pr 50mm,Precipitation
CESM1-BGC,rcp45,2030,SON,5,pr 50mm,Precipitation
CESM1-BGC,rcp45,2031,SON,5,pr 50mm,Precipitation
CESM1-BGC,rcp45,2033,SON,2,pr 50mm,Precipitation
CESM1-BGC,rcp45,2034,SON,2,pr 50mm,Precipitation
CESM1-BGC,rcp45,2035,SON,1,pr 50mm,Precipitation
CESM1-CAM5,rcp45,2007,SON,6,pr 50mm,Precipitation
CESM1-CAM5,rcp45,2009,SON,4,pr 50mm,Precipitation
CESM1-CAM5,rcp45,2010,SON,1,pr 50mm,Precipitation
CESM1-CAM5,rcp45,2011,SON,2,pr 50mm,Precipitation
CESM1-CAM5,rcp45,2012,SON,3,pr 50mm,Precipitation
CESM1-CAM5,rcp45,2013,SON,3,pr 50mm,Precipitation
CESM1-CAM5,rcp45,2014,SON,5,pr 50mm,Precipitation
CESM1-CAM5,rcp45,2015,SON,1,pr 50mm,Precipitation
CESM1-CAM5,rcp45,2016,SON,3,pr 50mm,Precipitation
CESM1-CAM5,rcp45,2017,SON,3,pr 50mm,Precipitation
CESM1-CAM5,rcp45,2018,SON,6,pr 50mm,Precipitation
CESM1-CAM5,rcp45,2019,SON,3,pr 50mm,Precipitation
CESM1-CAM5,rcp45,2020,SON,3,pr 50mm,Precipitation
CESM1-CAM5,rcp45,2021,SON,5,pr 50mm,Precipitation
CESM1-CAM5,rcp45,2022,SON,2,pr 50mm,Precipitation
CESM1-CAM5,rcp45,2023,SON,3,pr 50mm,Precipitation
CESM1-CAM5,rcp45,2024,SON,4,pr 50mm,Precipitation
CESM1-CAM5,rcp45,2026,SON,2,pr 50mm,Precipitation
CESM1-CAM5,rcp45,2027,SON,2,pr 50mm,Precipitation
CESM1-CAM5,rcp45,2028,SON,4,pr 50mm,Precipitation
CESM1-CAM5,rcp45,2029,SON,4,pr 50mm,Precipitation
CESM1-CAM5,rcp45,2030,SON,1,pr 50mm,Precipitation
CESM1-CAM5,rcp45,2032,SON,2,pr 50mm,Precipitation
CESM1-CAM5,rcp45,2033,SON,2,pr 50mm,Precipitation
CESM1-CAM5,rcp45,2034,SON,2,pr 50mm,Precipitation
CESM1-CAM5,rcp45,2035,SON,5,pr 50mm,Precipitation
CESM1-CAM5,rcp45,2036,SON,3,pr 50mm,Precipitation
CMCC-CM,rcp45,2006,SON,1,pr 50mm,Precipitation
CMCC-CM,rcp45,2007,SON,2,pr 50mm,Precipitation
CMCC-CM,rcp45,2008,SON,3,pr 50mm,Precipitation
CMCC-CM,rcp45,2010,SON,8,pr 50mm,Precipitation
CMCC-CM,rcp45,2011,SON,1,pr 50mm,Precipitation
CMCC-CM,rcp45,2012,SON,6,pr 50mm,Precipitation
CMCC-CM,rcp45,2013,SON,1,pr 50mm,Precipitation
CMCC-CM,rcp45,2014,SON,4,pr 50mm,Precipitation
CMCC-CM,rcp45,2015,SON,3,pr 50mm,Precipitation
CMCC-CM,rcp45,2016,SON,3,pr 50mm,Precipitation
CMCC-CM,rcp45,2017,SON,3,pr 50mm,Precipitation
CMCC-CM,rcp45,2018,SON,3,pr 50mm,Precipitation
CMCC-CM,rcp45,2019,SON,2,pr 50mm,Precipitation
CMCC-CM,rcp45,2020,SON,1,pr 50mm,Precipitation
CMCC-CM,rcp45,2021,SON,1,pr 50mm,Precipitation
CMCC-CM,rcp45,2022,SON,9,pr 50mm,Precipitation
CMCC-CM,rcp45,2023,SON,8,pr 50mm,Precipitation
CMCC-CM,rcp45,2024,SON,1,pr 50mm,Precipitation
CMCC-CM,rcp45,2025,SON,8,pr 50mm,Precipitation
CMCC-CM,rcp45,2026,SON,2,pr 50mm,Precipitation
CMCC-CM,rcp45,2028,SON,4,pr 50mm,Precipitation
CMCC-CM,rcp45,2029,SON,4,pr 50mm,Precipitation
CMCC-CM,rcp45,2030,SON,5,pr 50mm,Precipitation
CMCC-CM,rcp45,2031,SON,1,pr 50mm,Precipitation
CMCC-CM,rcp45,2032,SON,3,pr 50mm,Precipitation
CMCC-CM,rcp45,2033,SON,4,pr 50mm,Precipitation
CMCC-CM,rcp45,2034,SON,1,pr 50mm,Precipitation
CMCC-CM,rcp45,2035,SON,1,pr 50mm,Precipitation
CMCC-CM,rcp45,2036,SON,6,pr 50mm,Precipitation
CMCC-CMS,rcp45,2006,SON,2,pr 50mm,Precipitation
CMCC-CMS,rcp45,2007,SON,3,pr 50mm,Precipitation
CMCC-CMS,rcp45,2009,SON,3,pr 50mm,Precipitation
CMCC-CMS,rcp45,2010,SON,1,pr 50mm,Precipitation
CMCC-CMS,rcp45,2011,SON,6,pr 50mm,Precipitation
CMCC-CMS,rcp45,2013,SON,3,pr 50mm,Precipitation
CMCC-CMS,rcp45,2014,SON,2,pr 50mm,Precipitation
CMCC-CMS,rcp45,2015,SON,4,pr 50mm,Precipitation
CMCC-CMS,rcp45,2016,SON,4,pr 50mm,Precipitation
CMCC-CMS,rcp45,2017,SON,2,pr 50mm,Precipitation
CMCC-CMS,rcp45,2018,SON,16,pr 50mm,Precipitation
CMCC-CMS,rcp45,2019,SON,1,pr 50mm,Precipitation
CMCC-CMS,rcp45,2020,SON,3,pr 50mm,Precipitation
CMCC-CMS,rcp45,2021,SON,3,pr 50mm,Precipitation
CMCC-CMS,rcp45,2022,SON,4,pr 50mm,Precipitation
CMCC-CMS,rcp45,2023,SON,4,pr 50mm,Precipitation
CMCC-CMS,rcp45,2024,SON,1,pr 50mm,Precipitation
CMCC-CMS,rcp45,2025,SON,1,pr 50mm,Precipitation
CMCC-CMS,rcp45,2026,SON,4,pr 50mm,Precipitation
CMCC-CMS,rcp45,2028,SON,2,pr 50mm,Precipitation
CMCC-CMS,rcp45,2029,SON,5,pr 50mm,Precipitation
CMCC-CMS,rcp45,2030,SON,5,pr 50mm,Precipitation
CMCC-CMS,rcp45,2031,SON,7,pr 50mm,Precipitation
CMCC-CMS,rcp45,2032,SON,4,pr 50mm,Precipitation
CMCC-CMS,rcp45,2033,SON,3,pr 50mm,Precipitation
CMCC-CMS,rcp45,2035,SON,3,pr 50mm,Precipitation
CMCC-CMS,rcp45,2036,SON,2,pr 50mm,Precipitation
CNRM-CM5,rcp45,2007,SON,10,pr 50mm,Precipitation
CNRM-CM5,rcp45,2008,SON,3,pr 50mm,Precipitation
CNRM-CM5,rcp45,2009,SON,1,pr 50mm,Precipitation
CNRM-CM5,rcp45,2010,SON,3,pr 50mm,Precipitation
CNRM-CM5,rcp45,2011,SON,2,pr 50mm,Precipitation
CNRM-CM5,rcp45,2012,SON,1,pr 50mm,Precipitation
CNRM-CM5,rcp45,2013,SON,7,pr 50mm,Precipitation
CNRM-CM5,rcp45,2014,SON,2,pr 50mm,Precipitation
CNRM-CM5,rcp45,2015,SON,1,pr 50mm,Precipitation
CNRM-CM5,rcp45,2016,SON,2,pr 50mm,Precipitation
CNRM-CM5,rcp45,2017,SON,4,pr 50mm,Precipitation
CNRM-CM5,rcp45,2018,SON,3,pr 50mm,Precipitation
CNRM-CM5,rcp45,2019,SON,1,pr 50mm,Precipitation
CNRM-CM5,rcp45,2020,SON,5,pr 50mm,Precipitation
CNRM-CM5,rcp45,2021,SON,5,pr 50mm,Precipitation
CNRM-CM5,rcp45,2022,SON,6,pr 50mm,Precipitation
CNRM-CM5,rcp45,2023,SON,2,pr 50mm,Precipitation
CNRM-CM5,rcp45,2025,SON,3,pr 50mm,Precipitation
CNRM-CM5,rcp45,2026,SON,3,pr 50mm,Precipitation
CNRM-CM5,rcp45,2027,SON,4,pr 50mm,Precipitation
CNRM-CM5,rcp45,2028,SON,3,pr 50mm,Precipitation
CNRM-CM5,rcp45,2029,SON,3,pr 50mm,Precipitation
CNRM-CM5,rcp45,2030,SON,2,pr 50mm,Precipitation
CNRM-CM5,rcp45,2031,SON,1,pr 50mm,Precipitation
CNRM-CM5,rcp45,2032,SON,2,pr 50mm,Precipitation
CNRM-CM5,rcp45,2033,SON,4,pr 50mm,Precipitation
CNRM-CM5,rcp45,2034,SON,4,pr 50mm,Precipitation
CNRM-CM5,rcp45,2035,SON,1,pr 50mm,Precipitation
CNRM-CM5,rcp45,2036,SON,1,pr 50mm,Precipitation
CSIRO-Mk3-6-0,rcp45,2006,SON,5,pr 50mm,Precipitation
CSIRO-Mk3-6-0,rcp45,2007,SON,14,pr 50mm,Precipitation
CSIRO-Mk3-6-0,rcp45,2008,SON,5,pr 50mm,Precipitation
CSIRO-Mk3-6-0,rcp45,2009,SON,1,pr 50mm,Precipitation
CSIRO-Mk3-6-0,rcp45,2010,SON,2,pr 50mm,Precipitation
CSIRO-Mk3-6-0,rcp45,2011,SON,2,pr 50mm,Precipitation
CSIRO-Mk3-6-0,rcp45,2013,SON,4,pr 50mm,Precipitation
CSIRO-Mk3-6-0,rcp45,2014,SON,6,pr 50mm,Precipitation
CSIRO-Mk3-6-0,rcp45,2015,SON,7,pr 50mm,Precipitation
CSIRO-Mk3-6-0,rcp45,2016,SON,1,pr 50mm,Precipitation
CSIRO-Mk3-6-0,rcp45,2017,SON,7,pr 50mm,Precipitation
CSIRO-Mk3-6-0,rcp45,2018,SON,8,pr 50mm,Precipitation
CSIRO-Mk3-6-0,rcp45,2019,SON,1,pr 50mm,Precipitation
CSIRO-Mk3-6-0,rcp45,2021,SON,7,pr 50mm,Precipitation
CSIRO-Mk3-6-0,rcp45,2022,SON,6,pr 50mm,Precipitation
CSIRO-Mk3-6-0,rcp45,2023,SON,1,pr 50mm,Precipitation
CSIRO-Mk3-6-0,rcp45,2024,SON,6,pr 50mm,Precipitation
CSIRO-Mk3-6-0,rcp45,2025,SON,8,pr 50mm,Precipitation
CSIRO-Mk3-6-0,rcp45,2027,SON,8,pr 50mm,Precipitation
CSIRO-Mk3-6-0,rcp45,2028,SON,4,pr 50mm,Precipitation
CSIRO-Mk3-6-0,rcp45,2030,SON,1,pr 50mm,Precipitation
CSIRO-Mk3-6-0,rcp45,2031,SON,8,pr 50mm,Precipitation
CSIRO-Mk3-6-0,rcp45,2032,SON,5,pr 50mm,Precipitation
CSIRO-Mk3-6-0,rcp45,2033,SON,4,pr 50mm,Precipitation
CSIRO-Mk3-6-0,rcp45,2034,SON,2,pr 50mm,Precipitation
CSIRO-Mk3-6-0,rcp45,2036,SON,1,pr 50mm,Precipitation
CanESM2,rcp45,2006,SON,6,pr 50mm,Precipitation
CanESM2,rcp45,2007,SON,5,pr 50mm,Precipitation
CanESM2,rcp45,2008,SON,3,pr 50mm,Precipitation
CanESM2,rcp45,2009,SON,2,pr 50mm,Precipitation
CanESM2,rcp45,2010,SON,5,pr 50mm,Precipitation
CanESM2,rcp45,2011,SON,1,pr 50mm,Precipitation
CanESM2,rcp45,2012,SON,2,pr 50mm,Precipitation
CanESM2,rcp45,2014,SON,5,pr 50mm,Precipitation
CanESM2,rcp45,2015,SON,7,pr 50mm,Precipitation
CanESM2,rcp45,2017,SON,1,pr 50mm,Precipitation
CanESM2,rcp45,2018,SON,4,pr 50mm,Precipitation
CanESM2,rcp45,2019,SON,4,pr 50mm,Precipitation
CanESM2,rcp45,2021,SON,7,pr 50mm,Precipitation
CanESM2,rcp45,2022,SON,3,pr 50mm,Precipitation
CanESM2,rcp45,2023,SON,3,pr 50mm,Precipitation
CanESM2,rcp45,2024,SON,5,pr 50mm,Precipitation
CanESM2,rcp45,2025,SON,9,pr 50mm,Precipitation
CanESM2,rcp45,2026,SON,8,pr 50mm,Precipitation
CanESM2,rcp45,2027,SON,10,pr 50mm,Precipitation
CanESM2,rcp45,2028,SON,5,pr 50mm,Precipitation
CanESM2,rcp45,2031,SON,8,pr 50mm,Precipitation
CanESM2,rcp45,2032,SON,5,pr 50mm,Precipitation
CanESM2,rcp45,2033,SON,3,pr 50mm,Precipitation
CanESM2,rcp45,2034,SON,7,pr 50mm,Precipitation
CanESM2,rcp45,2036,SON,3,pr 50mm,Precipitation
FGOALS-g2,rcp45,2006,SON,1,pr 50mm,Precipitation
FGOALS-g2,rcp45,2007,SON,3,pr 50mm,Precipitation
FGOALS-g2,rcp45,2008,SON,3,pr 50mm,Precipitation
FGOALS-g2,rcp45,2010,SON,7,pr 50mm,Precipitation
FGOALS-g2,rcp45,2011,SON,3,pr 50mm,Precipitation
FGOALS-g2,rcp45,2012,SON,4,pr 50mm,Precipitation
FGOALS-g2,rcp45,2014,SON,4,pr 50mm,Precipitation
FGOALS-g2,rcp45,2015,SON,1,pr 50mm,Precipitation
FGOALS-g2,rcp45,2016,SON,3,pr 50mm,Precipitation
FGOALS-g2,rcp45,2017,SON,2,pr 50mm,Precipitation
FGOALS-g2,rcp45,2018,SON,4,pr 50mm,Precipitation
FGOALS-g2,rcp45,2019,SON,4,pr 50mm,Precipitation
FGOALS-g2,rcp45,2020,SON,3,pr 50mm,Precipitation
FGOALS-g2,rcp45,2021,SON,5,pr 50mm,Precipitation
FGOALS-g2,rcp45,2022,SON,2,pr 50mm,Precipitation
FGOALS-g2,rcp45,2024,SON,8,pr 50mm,Precipitation
FGOALS-g2,rcp45,2025,SON,7,pr 50mm,Precipitation
FGOALS-g2,rcp45,2026,SON,5,pr 50mm,Precipitation
FGOALS-g2,rcp45,2027,SON,1,pr 50mm,Precipitation
FGOALS-g2,rcp45,2028,SON,6,pr 50mm,Precipitation
FGOALS-g2,rcp45,2029,SON,1,pr 50mm,Precipitation
FGOALS-g2,rcp45,2031,SON,1,pr 50mm,Precipitation
FGOALS-g2,rcp45,2032,SON,4,pr 50mm,Precipitation
FGOALS-g2,rcp45,2033,SON,1,pr 50mm,Precipitation
FGOALS-g2,rcp45,2034,SON,5,pr 50mm,Precipitation
FGOALS-g2,rcp45,2035,SON,1,pr 50mm,Precipitation
FGOALS-g2,rcp45,2036,SON,1,pr 50mm,Precipitation
GFDL-ESM2G,rcp45,2007,SON,3,pr 50mm,Precipitation
GFDL-ESM2G,rcp45,2008,SON,4,pr 50mm,Precipitation
GFDL-ESM2G,rcp45,2009,SON,2,pr 50mm,Precipitation
GFDL-ESM2G,rcp45,2010,SON,1,pr 50mm,Precipitation
GFDL-ESM2G,rcp45,2011,SON,7,pr 50mm,Precipitation
GFDL-ESM2G,rcp45,2012,SON,2,pr 50mm,Precipitation
GFDL-ESM2G,rcp45,2014,SON,2,pr 50mm,Precipitation
GFDL-ESM2G,rcp45,2015,SON,3,pr 50mm,Precipitation
GFDL-ESM2G,rcp45,2016,SON,3,pr 50mm,Precipitation
GFDL-ESM2G,rcp45,2018,SON,9,pr 50mm,Precipitation
GFDL-ESM2G,rcp45,2019,SON,3,pr 50mm,Precipitation
GFDL-ESM2G,rcp45,2020,SON,2,pr 50mm,Precipitation
GFDL-ESM2G,rcp45,2021,SON,4,pr 50mm,Precipitation
GFDL-ESM2G,rcp45,2025,SON,1,pr 50mm,Precipitation
GFDL-ESM2G,rcp45,2026,SON,1,pr 50mm,Precipitation
GFDL-ESM2G,rcp45,2027,SON,2,pr 50mm,Precipitation
GFDL-ESM2G,rcp45,2028,SON,7,pr 50mm,Precipitation
GFDL-ESM2G,rcp45,2029,SON,5,pr 50mm,Precipitation
GFDL-ESM2G,rcp45,2030,SON,10,pr 50mm,Precipitation
GFDL-ESM2G,rcp45,2031,SON,5,pr 50mm,Precipitation
GFDL-ESM2G,rcp45,2032,SON,4,pr 50mm,Precipitation
GFDL-ESM2G,rcp45,2033,SON,2,pr 50mm,Precipitation
GFDL-ESM2G,rcp45,2035,SON,3,pr 50mm,Precipitation
GFDL-ESM2G,rcp45,2036,SON,4,pr 50mm,Precipitation
GFDL-ESM2M,rcp45,2006,SON,2,pr 50mm,Precipitation
GFDL-ESM2M,rcp45,2007,SON,1,pr 50mm,Precipitation
GFDL-ESM2M,rcp45,2008,SON,4,pr 50mm,Precipitation
GFDL-ESM2M,rcp45,2009,SON,1,pr 50mm,Precipitation
GFDL-ESM2M,rcp45,2010,SON,3,pr 50mm,Precipitation
GFDL-ESM2M,rcp45,2012,SON,7,pr 50mm,Precipitation
GFDL-ESM2M,rcp45,2014,SON,5,pr 50mm,Precipitation
GFDL-ESM2M,rcp45,2015,SON,2,pr 50mm,Precipitation
GFDL-ESM2M,rcp45,2016,SON,3,pr 50mm,Precipitation
GFDL-ESM2M,rcp45,2017,SON,11,pr 50mm,Precipitation
GFDL-ESM2M,rcp45,2018,SON,2,pr 50mm,Precipitation
GFDL-ESM2M,rcp45,2020,SON,3,pr 50mm,Precipitation
GFDL-ESM2M,rcp45,2021,SON,4,pr 50mm,Precipitation
GFDL-ESM2M,rcp45,2022,SON,6,pr 50mm,Precipitation
GFDL-ESM2M,rcp45,2023,SON,2,pr 50mm,Precipitation
GFDL-ESM2M,rcp45,2024,SON,7,pr 50mm,Precipitation
GFDL-ESM2M,rcp45,2026,SON,9,pr 50mm,Precipitation
GFDL-ESM2M,rcp45,2027,SON,2,pr 50mm,Precipitation
GFDL-ESM2M,rcp45,2028,SON,8,pr 50mm,Precipitation
GFDL-ESM2M,rcp45,2029,SON,2,pr 50mm,Precipitation
GFDL-ESM2M,rcp45,2030,SON,1,pr 50mm,Precipitation
GFDL-ESM2M,rcp45,2031,SON,4,pr 50mm,Precipitation
GFDL-ESM2M,rcp45,2032,SON,8,pr 50mm,Precipitation
GFDL-ESM2M,rcp45,2034,SON,1,pr 50mm,Precipitation
GFDL-ESM2M,rcp45,2035,SON,4,pr 50mm,Precipitation
GFDL-ESM2M,rcp45,2036,SON,6,pr 50mm,Precipitation
IPSL-CM5A-LR,rcp45,2006,SON,2,pr 50mm,Precipitation
IPSL-CM5A-LR,rcp45,2007,SON,5,pr 50mm,Precipitation
IPSL-CM5A-LR,rcp45,2009,SON,1,pr 50mm,Precipitation
IPSL-CM5A-LR,rcp45,2010,SON,3,pr 50mm,Precipitation
IPSL-CM5A-LR,rcp45,2012,SON,1,pr 50mm,Precipitation
IPSL-CM5A-LR,rcp45,2013,SON,2,pr 50mm,Precipitation
IPSL-CM5A-LR,rcp45,2014,SON,3,pr 50mm,Precipitation
IPSL-CM5A-LR,rcp45,2015,SON,1,pr 50mm,Precipitation
IPSL-CM5A-LR,rcp45,2016,SON,5,pr 50mm,Precipitation
IPSL-CM5A-LR,rcp45,2017,SON,1,pr 50mm,Precipitation
IPSL-CM5A-LR,rcp45,2018,SON,6,pr 50mm,Precipitation
IPSL-CM5A-LR,rcp45,2021,SON,1,pr 50mm,Precipitation
IPSL-CM5A-LR,rcp45,2022,SON,1,pr 50mm,Precipitation
IPSL-CM5A-LR,rcp45,2023,SON,1,pr 50mm,Precipitation
IPSL-CM5A-LR,rcp45,2025,SON,3,pr 50mm,Precipitation
IPSL-CM5A-LR,rcp45,2027,SON,2,pr 50mm,Precipitation
IPSL-CM5A-LR,rcp45,2028,SON,5,pr 50mm,Precipitation
IPSL-CM5A-LR,rcp45,2030,SON,2,pr 50mm,Precipitation
IPSL-CM5A-LR,rcp45,2031,SON,1,pr 50mm,Precipitation
IPSL-CM5A-LR,rcp45,2033,SON,3,pr 50mm,Precipitation
IPSL-CM5A-LR,rcp45,2034,SON,5,pr 50mm,Precipitation
IPSL-CM5A-LR,rcp45,2035,SON,6,pr 50mm,Precipitation
IPSL-CM5A-LR,rcp45,2036,SON,9,pr 50mm,Precipitation
IPSL-CM5A-MR,rcp45,2006,SON,14,pr 50mm,Precipitation
IPSL-CM5A-MR,rcp45,2007,SON,5,pr 50mm,Precipitation
IPSL-CM5A-MR,rcp45,2008,SON,3,pr 50mm,Precipitation
IPSL-CM5A-MR,rcp45,2010,SON,1,pr 50mm,Precipitation
IPSL-CM5A-MR,rcp45,2011,SON,6,pr 50mm,Precipitation
IPSL-CM5A-MR,rcp45,2012,SON,1,pr 50mm,Precipitation
IPSL-CM5A-MR,rcp45,2013,SON,10,pr 50mm,Precipitation
IPSL-CM5A-MR,rcp45,2014,SON,2,pr 50mm,Precipitation
IPSL-CM5A-MR,rcp45,2015,SON,10,pr 50mm,Precipitation
IPSL-CM5A-MR,rcp45,2016,SON,2,pr 50mm,Precipitation
IPSL-CM5A-MR,rcp45,2017,SON,1,pr 50mm,Precipitation
IPSL-CM5A-MR,rcp45,2018,SON,6,pr 50mm,Precipitation
IPSL-CM5A-MR,rcp45,2020,SON,6,pr 50mm,Precipitation
IPSL-CM5A-MR,rcp45,2022,SON,2,pr 50mm,Precipitation
IPSL-CM5A-MR,rcp45,2023,SON,5,pr 50mm,Precipitation
IPSL-CM5A-MR,rcp45,2024,SON,5,pr 50mm,Precipitation
IPSL-CM5A-MR,rcp45,2025,SON,1,pr 50mm,Precipitation
IPSL-CM5A-MR,rcp45,2026,SON,5,pr 50mm,Precipitation
IPSL-CM5A-MR,rcp45,2027,SON,9,pr 50mm,Precipitation
IPSL-CM5A-MR,rcp45,2028,SON,4,pr 50mm,Precipitation
IPSL-CM5A-MR,rcp45,2029,SON,2,pr 50mm,Precipitation
IPSL-CM5A-MR,rcp45,2031,SON,8,pr 50mm,Precipitation
IPSL-CM5A-MR,rcp45,2032,SON,5,pr 50mm,Precipitation
IPSL-CM5A-MR,rcp45,2033,SON,1,pr 50mm,Precipitation
IPSL-CM5A-MR,rcp45,2035,SON,2,pr 50mm,Precipitation
IPSL-CM5A-MR,rcp45,2036,SON,2,pr 50mm,Precipitation
IPSL-CM5B-LR,rcp45,2009,SON,7,pr 50mm,Precipitation
IPSL-CM5B-LR,rcp45,2011,SON,1,pr 50mm,Precipitation
IPSL-CM5B-LR,rcp45,2013,SON,8,pr 50mm,Precipitation
IPSL-CM5B-LR,rcp45,2014,SON,3,pr 50mm,Precipitation
IPSL-CM5B-LR,rcp45,2015,SON,4,pr 50mm,Precipitation
IPSL-CM5B-LR,rcp45,2016,SON,2,pr 50mm,Precipitation
IPSL-CM5B-LR,rcp45,2017,SON,3,pr 50mm,Precipitation
IPSL-CM5B-LR,rcp45,2018,SON,9,pr 50mm,Precipitation
IPSL-CM5B-LR,rcp45,2019,SON,2,pr 50mm,Precipitation
IPSL-CM5B-LR,rcp45,2020,SON,3,pr 50mm,Precipitation
IPSL-CM5B-LR,rcp45,2021,SON,2,pr 50mm,Precipitation
IPSL-CM5B-LR,rcp45,2022,SON,1,pr 50mm,Precipitation
IPSL-CM5B-LR,rcp45,2023,SON,3,pr 50mm,Precipitation
IPSL-CM5B-LR,rcp45,2024,SON,2,pr 50mm,Precipitation
IPSL-CM5B-LR,rcp45,2026,SON,6,pr 50mm,Precipitation
IPSL-CM5B-LR,rcp45,2027,SON,3,pr 50mm,Precipitation
IPSL-CM5B-LR,rcp45,2028,SON,1,pr 50mm,Precipitation
IPSL-CM5B-LR,rcp45,2029,SON,3,pr 50mm,Precipitation
IPSL-CM5B-LR,rcp45,2030,SON,2,pr 50mm,Precipitation
IPSL-CM5B-LR,rcp45,2031,SON,3,pr 50mm,Precipitation
IPSL-CM5B-LR,rcp45,2033,SON,11,pr 50mm,Precipitation
IPSL-CM5B-LR,rcp45,2034,SON,4,pr 50mm,Precipitation
IPSL-CM5B-LR,rcp45,2035,SON,4,pr 50mm,Precipitation
IPSL-CM5B-LR,rcp45,2036,SON,2,pr 50mm,Precipitation
MIROC-ESM,rcp45,2006,SON,3,pr 50mm,Precipitation
MIROC-ESM,rcp45,2007,SON,7,pr 50mm,Precipitation
MIROC-ESM,rcp45,2008,SON,1,pr 50mm,Precipitation
MIROC-ESM,rcp45,2009,SON,2,pr 50mm,Precipitation
MIROC-ESM,rcp45,2010,SON,5,pr 50mm,Precipitation
MIROC-ESM,rcp45,2011,SON,1,pr 50mm,Precipitation
MIROC-ESM,rcp45,2012,SON,2,pr 50mm,Precipitation
MIROC-ESM,rcp45,2013,SON,6,pr 50mm,Precipitation
MIROC-ESM,rcp45,2014,SON,2,pr 50mm,Precipitation
MIROC-ESM,rcp45,2015,SON,1,pr 50mm,Precipitation
MIROC-ESM,rcp45,2017,SON,1,pr 50mm,Precipitation
MIROC-ESM,rcp45,2019,SON,2,pr 50mm,Precipitation
MIROC-ESM,rcp45,2020,SON,1,pr 50mm,Precipitation
MIROC-ESM,rcp45,2021,SON,1,pr 50mm,Precipitation
MIROC-ESM,rcp45,2022,SON,1,pr 50mm,Precipitation
MIROC-ESM,rcp45,2023,SON,4,pr 50mm,Precipitation
MIROC-ESM,rcp45,2025,SON,2,pr 50mm,Precipitation
MIROC-ESM,rcp45,2026,SON,3,pr 50mm,Precipitation
MIROC-ESM,rcp45,2027,SON,3,pr 50mm,Precipitation
MIROC-ESM,rcp45,2028,SON,1,pr 50mm,Precipitation
MIROC-ESM,rcp45,2031,SON,4,pr 50mm,Precipitation
MIROC-ESM,rcp45,2032,SON,3,pr 50mm,Precipitation
MIROC-ESM,rcp45,2033,SON,6,pr 50mm,Precipitation
MIROC-ESM,rcp45,2035,SON,3,pr 50mm,Precipitation
MIROC-ESM,rcp45,2036,SON,2,pr 50mm,Precipitation
MIROC-ESM-CHEM,rcp45,2007,SON,4,pr 50mm,Precipitation
MIROC-ESM-CHEM,rcp45,2008,SON,2,pr 50mm,Precipitation
MIROC-ESM-CHEM,rcp45,2009,SON,3,pr 50mm,Precipitation
MIROC-ESM-CHEM,rcp45,2010,SON,1,pr 50mm,Precipitation
MIROC-ESM-CHEM,rcp45,2011,SON,2,pr 50mm,Precipitation
MIROC-ESM-CHEM,rcp45,2013,SON,2,pr 50mm,Precipitation
MIROC-ESM-CHEM,rcp45,2014,SON,1,pr 50mm,Precipitation
MIROC-ESM-CHEM,rcp45,2015,SON,3,pr 50mm,Precipitation
MIROC-ESM-CHEM,rcp45,2016,SON,1,pr 50mm,Precipitation
MIROC-ESM-CHEM,rcp45,2018,SON,3,pr 50mm,Precipitation
MIROC-ESM-CHEM,rcp45,2020,SON,4,pr 50mm,Precipitation
MIROC-ESM-CHEM,rcp45,2021,SON,1,pr 50mm,Precipitation
MIROC-ESM-CHEM,rcp45,2022,SON,1,pr 50mm,Precipitation
MIROC-ESM-CHEM,rcp45,2023,SON,4,pr 50mm,Precipitation
MIROC-ESM-CHEM,rcp45,2024,SON,6,pr 50mm,Precipitation
MIROC-ESM-CHEM,rcp45,2025,SON,4,pr 50mm,Precipitation
MIROC-ESM-CHEM,rcp45,2028,SON,3,pr 50mm,Precipitation
MIROC-ESM-CHEM,rcp45,2029,SON,7,pr 50mm,Precipitation
MIROC-ESM-CHEM,rcp45,2030,SON,5,pr 50mm,Precipitation
MIROC-ESM-CHEM,rcp45,2031,SON,4,pr 50mm,Precipitation
MIROC-ESM-CHEM,rcp45,2032,SON,8,pr 50mm,Precipitation
MIROC-ESM-CHEM,rcp45,2034,SON,2,pr 50mm,Precipitation
MIROC-ESM-CHEM,rcp45,2035,SON,7,pr 50mm,Precipitation
MIROC-ESM-CHEM,rcp45,2036,SON,3,pr 50mm,Precipitation
MIROC5,rcp45,2006,SON,4,pr 50mm,Precipitation
MIROC5,rcp45,2007,SON,12,pr 50mm,Precipitation
MIROC5,rcp45,2008,SON,5,pr 50mm,Precipitation
MIROC5,rcp45,2009,SON,1,pr 50mm,Precipitation
MIROC5,rcp45,2010,SON,4,pr 50mm,Precipitation
MIROC5,rcp45,2011,SON,2,pr 50mm,Precipitation
MIROC5,rcp45,2012,SON,8,pr 50mm,Precipitation
MIROC5,rcp45,2013,SON,6,pr 50mm,Precipitation
MIROC5,rcp45,2014,SON,6,pr 50mm,Precipitation
MIROC5,rcp45,2015,SON,6,pr 50mm,Precipitation
MIROC5,rcp45,2016,SON,2,pr 50mm,Precipitation
MIROC5,rcp45,2019,SON,1,pr 50mm,Precipitation
MIROC5,rcp45,2021,SON,4,pr 50mm,Precipitation
MIROC5,rcp45,2022,SON,2,pr 50mm,Precipitation
MIROC5,rcp45,2023,SON,2,pr 50mm,Precipitation
MIROC5,rcp45,2025,SON,4,pr 50mm,Precipitation
MIROC5,rcp45,2026,SON,5,pr 50mm,Precipitation
MIROC5,rcp45,2027,SON,3,pr 50mm,Precipitation
MIROC5,rcp45,2029,SON,3,pr 50mm,Precipitation
MIROC5,rcp45,2030,SON,7,pr 50mm,Precipitation
MIROC5,rcp45,2031,SON,2,pr 50mm,Precipitation
MIROC5,rcp45,2032,SON,3,pr 50mm,Precipitation
MIROC5,rcp45,2033,SON,3,pr 50mm,Precipitation
MIROC5,rcp45,2034,SON,3,pr 50mm,Precipitation
MIROC5,rcp45,2035,SON,3,pr 50mm,Precipitation
MIROC5,rcp45,2036,SON,2,pr 50mm,Precipitation
MPI-ESM-LR,rcp45,2006,SON,4,pr 50mm,Precipitation
MPI-ESM-LR,rcp45,2008,SON,2,pr 50mm,Precipitation
MPI-ESM-LR,rcp45,2009,SON,3,pr 50mm,Precipitation
MPI-ESM-LR,rcp45,2010,SON,3,pr 50mm,Precipitation
MPI-ESM-LR,rcp45,2011,SON,8,pr 50mm,Precipitation
MPI-ESM-LR,rcp45,2012,SON,1,pr 50mm,Precipitation
MPI-ESM-LR,rcp45,2013,SON,4,pr 50mm,Precipitation
MPI-ESM-LR,rcp45,2014,SON,6,pr 50mm,Precipitation
MPI-ESM-LR,rcp45,2016,SON,1,pr 50mm,Precipitation
MPI-ESM-LR,rcp45,2017,SON,3,pr 50mm,Precipitation
MPI-ESM-LR,rcp45,2019,SON,3,pr 50mm,Precipitation
MPI-ESM-LR,rcp45,2020,SON,2,pr 50mm,Precipitation
MPI-ESM-LR,rcp45,2021,SON,2,pr 50mm,Precipitation
MPI-ESM-LR,rcp45,2022,SON,5,pr 50mm,Precipitation
MPI-ESM-LR,rcp45,2023,SON,6,pr 50mm,Precipitation
MPI-ESM-LR,rcp45,2024,SON,10,pr 50mm,Precipitation
MPI-ESM-LR,rcp45,2025,SON,4,pr 50mm,Precipitation
MPI-ESM-LR,rcp45,2026,SON,1,pr 50mm,Precipitation
MPI-ESM-LR,rcp45,2027,SON,4,pr 50mm,Precipitation
MPI-ESM-LR,rcp45,2028,SON,9,pr 50mm,Precipitation
MPI-ESM-LR,rcp45,2030,SON,8,pr 50mm,Precipitation
MPI-ESM-LR,rcp45,2031,SON,3,pr 50mm,Precipitation
MPI-ESM-LR,rcp45,2032,SON,1,pr 50mm,Precipitation
MPI-ESM-LR,rcp45,2034,SON,2,pr 50mm,Precipitation
MPI-ESM-LR,rcp45,2035,SON,3,pr 50mm,Precipitation
MPI-ESM-LR,rcp45,2036,SON,2,pr 50mm,Precipitation
MPI-ESM-MR,rcp45,2006,SON,2,pr 50mm,Precipitation
MPI-ESM-MR,rcp45,2008,SON,3,pr 50mm,Precipitation
MPI-ESM-MR,rcp45,2009,SON,3,pr 50mm,Precipitation
MPI-ESM-MR,rcp45,2010,SON,7,pr 50mm,Precipitation
MPI-ESM-MR,rcp45,2011,SON,4,pr 50mm,Precipitation
MPI-ESM-MR,rcp45,2012,SON,5,pr 50mm,Precipitation
MPI-ESM-MR,rcp45,2013,SON,1,pr 50mm,Precipitation
MPI-ESM-MR,rcp45,2014,SON,6,pr 50mm,Precipitation
MPI-ESM-MR,rcp45,2015,SON,5,pr 50mm,Precipitation
MPI-ESM-MR,rcp45,2017,SON,3,pr 50mm,Precipitation
MPI-ESM-MR,rcp45,2018,SON,2,pr 50mm,Precipitation
MPI-ESM-MR,rcp45,2019,SON,1,pr 50mm,Precipitation
MPI-ESM-MR,rcp45,2021,SON,2,pr 50mm,Precipitation
MPI-ESM-MR,rcp45,2022,SON,4,pr 50mm,Precipitation
MPI-ESM-MR,rcp45,2023,SON,2,pr 50mm,Precipitation
MPI-ESM-MR,rcp45,2024,SON,4,pr 50mm,Precipitation
MPI-ESM-MR,rcp45,2025,SON,2,pr 50mm,Precipitation
MPI-ESM-MR,rcp45,2026,SON,1,pr 50mm,Precipitation
MPI-ESM-MR,rcp45,2027,SON,6,pr 50mm,Precipitation
MPI-ESM-MR,rcp45,2028,SON,1,pr 50mm,Precipitation
MPI-ESM-MR,rcp45,2029,SON,3,pr 50mm,Precipitation
MPI-ESM-MR,rcp45,2030,SON,1,pr 50mm,Precipitation
MPI-ESM-MR,rcp45,2031,SON,1,pr 50mm,Precipitation
MPI-ESM-MR,rcp45,2032,SON,7,pr 50mm,Precipitation
MPI-ESM-MR,rcp45,2034,SON,3,pr 50mm,Precipitation
MPI-ESM-MR,rcp45,2035,SON,1,pr 50mm,Precipitation
MRI-CGCM3,rcp45,2007,SON,4,pr 50mm,Precipitation
MRI-CGCM3,rcp45,2008,SON,1,pr 50mm,Precipitation
MRI-CGCM3,rcp45,2009,SON,1,pr 50mm,Precipitation
MRI-CGCM3,rcp45,2010,SON,8,pr 50mm,Precipitation
MRI-CGCM3,rcp45,2011,SON,6,pr 50mm,Precipitation
MRI-CGCM3,rcp45,2012,SON,1,pr 50mm,Precipitation
MRI-CGCM3,rcp45,2013,SON,2,pr 50mm,Precipitation
MRI-CGCM3,rcp45,2014,SON,6,pr 50mm,Precipitation
MRI-CGCM3,rcp45,2017,SON,3,pr 50mm,Precipitation
MRI-CGCM3,rcp45,2018,SON,2,pr 50mm,Precipitation
MRI-CGCM3,rcp45,2019,SON,2,pr 50mm,Precipitation
MRI-CGCM3,rcp45,2020,SON,8,pr 50mm,Precipitation
MRI-CGCM3,rcp45,2021,SON,4,pr 50mm,Precipitation
MRI-CGCM3,rcp45,2022,SON,5,pr 50mm,Precipitation
MRI-CGCM3,rcp45,2025,SON,4,pr 50mm,Precipitation
MRI-CGCM3,rcp45,2026,SON,8,pr 50mm,Precipitation
MRI-CGCM3,rcp45,2027,SON,3,pr 50mm,Precipitation
MRI-CGCM3,rcp45,2028,SON,5,pr 50mm,Precipitation
MRI-CGCM3,rcp45,2030,SON,4,pr 50mm,Precipitation
MRI-CGCM3,rcp45,2031,SON,4,pr 50mm,Precipitation
MRI-CGCM3,rcp45,2032,SON,2,pr 50mm,Precipitation
MRI-CGCM3,rcp45,2033,SON,1,pr 50mm,Precipitation
MRI-CGCM3,rcp45,2034,SON,5,pr 50mm,Precipitation
MRI-CGCM3,rcp45,2035,SON,2,pr 50mm,Precipitation
MRI-CGCM3,rcp45,2036,SON,4,pr 50mm,Precipitation
NorESM1-M,rcp45,2006,SON,3,pr 50mm,Precipitation
NorESM1-M,rcp45,2007,SON,2,pr 50mm,Precipitation
NorESM1-M,rcp45,2008,SON,2,pr 50mm,Precipitation
NorESM1-M,rcp45,2009,SON,11,pr 50mm,Precipitation
NorESM1-M,rcp45,2011,SON,6,pr 50mm,Precipitation
NorESM1-M,rcp45,2012,SON,2,pr 50mm,Precipitation
NorESM1-M,rcp45,2013,SON,2,pr 50mm,Precipitation
NorESM1-M,rcp45,2014,SON,3,pr 50mm,Precipitation
NorESM1-M,rcp45,2016,SON,3,pr 50mm,Precipitation
NorESM1-M,rcp45,2017,SON,1,pr 50mm,Precipitation
NorESM1-M,rcp45,2018,SON,1,pr 50mm,Precipitation
NorESM1-M,rcp45,2019,SON,7,pr 50mm,Precipitation
NorESM1-M,rcp45,2021,SON,2,pr 50mm,Precipitation
NorESM1-M,rcp45,2023,SON,5,pr 50mm,Precipitation
NorESM1-M,rcp45,2024,SON,5,pr 50mm,Precipitation
NorESM1-M,rcp45,2025,SON,2,pr 50mm,Precipitation
NorESM1-M,rcp45,2026,SON,5,pr 50mm,Precipitation
NorESM1-M,rcp45,2027,SON,3,pr 50mm,Precipitation
NorESM1-M,rcp45,2028,SON,4,pr 50mm,Precipitation
NorESM1-M,rcp45,2029,SON,11,pr 50mm,Precipitation
NorESM1-M,rcp45,2030,SON,1,pr 50mm,Precipitation
NorESM1-M,rcp45,2031,SON,6,pr 50mm,Precipitation
NorESM1-M,rcp45,2032,SON,5,pr 50mm,Precipitation
NorESM1-M,rcp45,2033,SON,4,pr 50mm,Precipitation
NorESM1-M,rcp45,2034,SON,4,pr 50mm,Precipitation
NorESM1-M,rcp45,2035,SON,6,pr 50mm,Precipitation
NorESM1-M,rcp45,2036,SON,4,pr 50mm,Precipitation
bcc-csm1-1,rcp45,2006,SON,1,pr 50mm,Precipitation
bcc-csm1-1,rcp45,2007,SON,4,pr 50mm,Precipitation
bcc-csm1-1,rcp45,2009,SON,2,pr 50mm,Precipitation
bcc-csm1-1,rcp45,2010,SON,2,pr 50mm,Precipitation
bcc-csm1-1,rcp45,2011,SON,11,pr 50mm,Precipitation
bcc-csm1-1,rcp45,2012,SON,4,pr 50mm,Precipitation
bcc-csm1-1,rcp45,2013,SON,6,pr 50mm,Precipitation
bcc-csm1-1,rcp45,2014,SON,5,pr 50mm,Precipitation
bcc-csm1-1,rcp45,2015,SON,4,pr 50mm,Precipitation
bcc-csm1-1,rcp45,2016,SON,2,pr 50mm,Precipitation
bcc-csm1-1,rcp45,2017,SON,4,pr 50mm,Precipitation
bcc-csm1-1,rcp45,2019,SON,5,pr 50mm,Precipitation
bcc-csm1-1,rcp45,2020,SON,6,pr 50mm,Precipitation
bcc-csm1-1,rcp45,2021,SON,3,pr 50mm,Precipitation
bcc-csm1-1,rcp45,2022,SON,2,pr 50mm,Precipitation
bcc-csm1-1,rcp45,2023,SON,1,pr 50mm,Precipitation
bcc-csm1-1,rcp45,2024,SON,3,pr 50mm,Precipitation
bcc-csm1-1,rcp45,2025,SON,2,pr 50mm,Precipitation
bcc-csm1-1,rcp45,2026,SON,6,pr 50mm,Precipitation
bcc-csm1-1,rcp45,2027,SON,2,pr 50mm,Precipitation
bcc-csm1-1,rcp45,2028,SON,5,pr 50mm,Precipitation
bcc-csm1-1,rcp45,2029,SON,2,pr 50mm,Precipitation
bcc-csm1-1,rcp45,2030,SON,7,pr 50mm,Precipitation
bcc-csm1-1,rcp45,2031,SON,4,pr 50mm,Precipitation
bcc-csm1-1,rcp45,2032,SON,6,pr 50mm,Precipitation
bcc-csm1-1,rcp45,2034,SON,6,pr 50mm,Precipitation
bcc-csm1-1,rcp45,2035,SON,2,pr 50mm,Precipitation
bcc-csm1-1,rcp45,2036,SON,4,pr 50mm,Precipitation
bcc-csm1-1-m,rcp45,2006,SON,5,pr 50mm,Precipitation
bcc-csm1-1-m,rcp45,2007,SON,4,pr 50mm,Precipitation
bcc-csm1-1-m,rcp45,2008,SON,1,pr 50mm,Precipitation
bcc-csm1-1-m,rcp45,2009,SON,1,pr 50mm,Precipitation
bcc-csm1-1-m,rcp45,2010,SON,2,pr 50mm,Precipitation
bcc-csm1-1-m,rcp45,2011,SON,1,pr 50mm,Precipitation
bcc-csm1-1-m,rcp45,2012,SON,5,pr 50mm,Precipitation
bcc-csm1-1-m,rcp45,2013,SON,6,pr 50mm,Precipitation
bcc-csm1-1-m,rcp45,2014,SON,2,pr 50mm,Precipitation
bcc-csm1-1-m,rcp45,2015,SON,2,pr 50mm,Precipitation
bcc-csm1-1-m,rcp45,2017,SON,3,pr 50mm,Precipitation
bcc-csm1-1-m,rcp45,2018,SON,4,pr 50mm,Precipitation
bcc-csm1-1-m,rcp45,2019,SON,1,pr 50mm,Precipitation
bcc-csm1-1-m,rcp45,2020,SON,4,pr 50mm,Precipitation
bcc-csm1-1-m,rcp45,2021,SON,1,pr 50mm,Precipitation
bcc-csm1-1-m,rcp45,2022,SON,3,pr 50mm,Precipitation
bcc-csm1-1-m,rcp45,2023,SON,6,pr 50mm,Precipitation
bcc-csm1-1-m,rcp45,2024,SON,2,pr 50mm,Precipitation
bcc-csm1-1-m,rcp45,2025,SON,1,pr 50mm,Precipitation
bcc-csm1-1-m,rcp45,2028,SON,3,pr 50mm,Precipitation
bcc-csm1-1-m,rcp45,2029,SON,3,pr 50mm,Precipitation
bcc-csm1-1-m,rcp45,2030,SON,3,pr 50mm,Precipitation
bcc-csm1-1-m,rcp45,2031,SON,1,pr 50mm,Precipitation
bcc-csm1-1-m,rcp45,2032,SON,3,pr 50mm,Precipitation
bcc-csm1-1-m,rcp45,2033,SON,3,pr 50mm,Precipitation
bcc-csm1-1-m,rcp45,2034,SON,1,pr 50mm,Precipitation
bcc-csm1-1-m,rcp45,2035,SON,2,pr 50mm,Precipitation
bcc-csm1-1-m,rcp45,2036,SON,6,pr 50mm,Precipitation
inmcm4,rcp45,2006,SON,8,pr 50mm,Precipitation
inmcm4,rcp45,2007,SON,1,pr 50mm,Precipitation
inmcm4,rcp45,2009,SON,6,pr 50mm,Precipitation
inmcm4,rcp45,2010,SON,2,pr 50mm,Precipitation
inmcm4,rcp45,2011,SON,7,pr 50mm,Precipitation
inmcm4,rcp45,2012,SON,1,pr 50mm,Precipitation
inmcm4,rcp45,2014,SON,2,pr 50mm,Precipitation
inmcm4,rcp45,2015,SON,3,pr 50mm,Precipitation
inmcm4,rcp45,2016,SON,5,pr 50mm,Precipitation
inmcm4,rcp45,2017,SON,3,pr 50mm,Precipitation
inmcm4,rcp45,2019,SON,8,pr 50mm,Precipitation
inmcm4,rcp45,2021,SON,7,pr 50mm,Precipitation
inmcm4,rcp45,2022,SON,7,pr 50mm,Precipitation
inmcm4,rcp45,2023,SON,5,pr 50mm,Precipitation
inmcm4,rcp45,2024,SON,2,pr 50mm,Precipitation
inmcm4,rcp45,2025,SON,3,pr 50mm,Precipitation
inmcm4,rcp45,2026,SON,2,pr 50mm,Precipitation
inmcm4,rcp45,2027,SON,3,pr 50mm,Precipitation
inmcm4,rcp45,2028,SON,2,pr 50mm,Precipitation
inmcm4,rcp45,2029,SON,15,pr 50mm,Precipitation
inmcm4,rcp45,2030,SON,3,pr 50mm,Precipitation
inmcm4,rcp45,2031,SON,8,pr 50mm,Precipitation
inmcm4,rcp45,2033,SON,8,pr 50mm,Precipitation
inmcm4,rcp45,2034,SON,1,pr 50mm,Precipitation
inmcm4,rcp45,2035,SON,5,pr 50mm,Precipitation
inmcm4,rcp45,2036,SON,3,pr 50mm,Precipitation
CCSM4,rcp60,2008,DJF,1,pr 50mm,Precipitation
CCSM4,rcp60,2009,DJF,1,pr 50mm,Precipitation
CCSM4,rcp60,2015,DJF,1,pr 50mm,Precipitation
CCSM4,rcp60,2027,DJF,1,pr 50mm,Precipitation
CCSM4,rcp60,2034,DJF,1,pr 50mm,Precipitation
CESM1-CAM5,rcp60,2020,DJF,1,pr 50mm,Precipitation
CESM1-CAM5,rcp60,2021,DJF,3,pr 50mm,Precipitation
CESM1-CAM5,rcp60,2026,DJF,1,pr 50mm,Precipitation
CESM1-CAM5,rcp60,2028,DJF,1,pr 50mm,Precipitation
CSIRO-Mk3-6-0,rcp60,2012,DJF,1,pr 50mm,Precipitation
CSIRO-Mk3-6-0,rcp60,2024,DJF,1,pr 50mm,Precipitation
CSIRO-Mk3-6-0,rcp60,2033,DJF,1,pr 50mm,Precipitation
GFDL-CM3,rcp60,2007,DJF,2,pr 50mm,Precipitation
GFDL-CM3,rcp60,2008,DJF,1,pr 50mm,Precipitation
GFDL-CM3,rcp60,2010,DJF,1,pr 50mm,Precipitation
GFDL-CM3,rcp60,2015,DJF,2,pr 50mm,Precipitation
GFDL-CM3,rcp60,2016,DJF,1,pr 50mm,Precipitation
GFDL-CM3,rcp60,2017,DJF,1,pr 50mm,Precipitation
GFDL-CM3,rcp60,2023,DJF,1,pr 50mm,Precipitation
GFDL-CM3,rcp60,2024,DJF,1,pr 50mm,Precipitation
GFDL-CM3,rcp60,2025,DJF,4,pr 50mm,Precipitation
GFDL-CM3,rcp60,2027,DJF,2,pr 50mm,Precipitation
GFDL-CM3,rcp60,2028,DJF,1,pr 50mm,Precipitation
GFDL-CM3,rcp60,2029,DJF,3,pr 50mm,Precipitation
GFDL-CM3,rcp60,2030,DJF,1,pr 50mm,Precipitation
GFDL-CM3,rcp60,2031,DJF,1,pr 50mm,Precipitation
GFDL-CM3,rcp60,2032,DJF,1,pr 50mm,Precipitation
GFDL-CM3,rcp60,2035,DJF,2,pr 50mm,Precipitation
GFDL-ESM2G,rcp60,2007,DJF,1,pr 50mm,Precipitation
GFDL-ESM2G,rcp60,2008,DJF,2,pr 50mm,Precipitation
GFDL-ESM2G,rcp60,2009,DJF,2,pr 50mm,Precipitation
GFDL-ESM2G,rcp60,2010,DJF,1,pr 50mm,Precipitation
GFDL-ESM2G,rcp60,2011,DJF,2,pr 50mm,Precipitation
GFDL-ESM2G,rcp60,2015,DJF,1,pr 50mm,Precipitation
GFDL-ESM2G,rcp60,2018,DJF,1,pr 50mm,Precipitation
GFDL-ESM2G,rcp60,2019,DJF,1,pr 50mm,Precipitation
GFDL-ESM2G,rcp60,2020,DJF,1,pr 50mm,Precipitation
GFDL-ESM2G,rcp60,2032,DJF,2,pr 50mm,Precipitation
GFDL-ESM2G,rcp60,2033,DJF,1,pr 50mm,Precipitation
GFDL-ESM2G,rcp60,2034,DJF,3,pr 50mm,Precipitation
GFDL-ESM2M,rcp60,2007,DJF,1,pr 50mm,Precipitation
GFDL-ESM2M,rcp60,2008,DJF,1,pr 50mm,Precipitation
GFDL-ESM2M,rcp60,2016,DJF,1,pr 50mm,Precipitation
GFDL-ESM2M,rcp60,2017,DJF,1,pr 50mm,Precipitation
GFDL-ESM2M,rcp60,2018,DJF,1,pr 50mm,Precipitation
GFDL-ESM2M,rcp60,2020,DJF,4,pr 50mm,Precipitation
GFDL-ESM2M,rcp60,2024,DJF,2,pr 50mm,Precipitation
GFDL-ESM2M,rcp60,2029,DJF,2,pr 50mm,Precipitation
GFDL-ESM2M,rcp60,2030,DJF,1,pr 50mm,Precipitation
GFDL-ESM2M,rcp60,2032,DJF,1,pr 50mm,Precipitation
IPSL-CM5A-LR,rcp60,2016,DJF,1,pr 50mm,Precipitation
IPSL-CM5A-LR,rcp60,2020,DJF,2,pr 50mm,Precipitation
IPSL-CM5A-LR,rcp60,2025,DJF,1,pr 50mm,Precipitation
IPSL-CM5A-LR,rcp60,2026,DJF,1,pr 50mm,Precipitation
IPSL-CM5A-LR,rcp60,2027,DJF,1,pr 50mm,Precipitation
IPSL-CM5A-LR,rcp60,2036,DJF,1,pr 50mm,Precipitation
IPSL-CM5A-MR,rcp60,2014,DJF,2,pr 50mm,Precipitation
IPSL-CM5A-MR,rcp60,2016,DJF,2,pr 50mm,Precipitation
IPSL-CM5A-MR,rcp60,2017,DJF,2,pr 50mm,Precipitation
IPSL-CM5A-MR,rcp60,2019,DJF,1,pr 50mm,Precipitation
IPSL-CM5A-MR,rcp60,2022,DJF,2,pr 50mm,Precipitation
IPSL-CM5A-MR,rcp60,2024,DJF,1,pr 50mm,Precipitation
IPSL-CM5A-MR,rcp60,2025,DJF,1,pr 50mm,Precipitation
IPSL-CM5A-MR,rcp60,2026,DJF,1,pr 50mm,Precipitation
IPSL-CM5A-MR,rcp60,2029,DJF,1,pr 50mm,Precipitation
IPSL-CM5A-MR,rcp60,2032,DJF,2,pr 50mm,Precipitation
IPSL-CM5A-MR,rcp60,2034,DJF,1,pr 50mm,Precipitation
MIROC-ESM,rcp60,2012,DJF,1,pr 50mm,Precipitation
MIROC-ESM,rcp60,2014,DJF,1,pr 50mm,Precipitation
MIROC-ESM,rcp60,2017,DJF,1,pr 50mm,Precipitation
MIROC-ESM,rcp60,2029,DJF,1,pr 50mm,Precipitation
MIROC-ESM,rcp60,2034,DJF,1,pr 50mm,Precipitation
MIROC-ESM,rcp60,2036,DJF,1,pr 50mm,Precipitation
MIROC-ESM-CHEM,rcp60,2011,DJF,1,pr 50mm,Precipitation
MIROC-ESM-CHEM,rcp60,2017,DJF,2,pr 50mm,Precipitation
MIROC-ESM-CHEM,rcp60,2022,DJF,1,pr 50mm,Precipitation
MIROC-ESM-CHEM,rcp60,2023,DJF,2,pr 50mm,Precipitation
MIROC-ESM-CHEM,rcp60,2027,DJF,1,pr 50mm,Precipitation
MIROC-ESM-CHEM,rcp60,2034,DJF,1,pr 50mm,Precipitation
MIROC-ESM-CHEM,rcp60,2036,DJF,1,pr 50mm,Precipitation
MIROC5,rcp60,2013,DJF,1,pr 50mm,Precipitation
MIROC5,rcp60,2015,DJF,1,pr 50mm,Precipitation
MIROC5,rcp60,2016,DJF,1,pr 50mm,Precipitation
MIROC5,rcp60,2018,DJF,2,pr 50mm,Precipitation
MIROC5,rcp60,2022,DJF,2,pr 50mm,Precipitation
MIROC5,rcp60,2028,DJF,1,pr 50mm,Precipitation
MIROC5,rcp60,2034,DJF,3,pr 50mm,Precipitation
MIROC5,rcp60,2035,DJF,1,pr 50mm,Precipitation
MIROC5,rcp60,2037,DJF,2,pr 50mm,Precipitation
MRI-CGCM3,rcp60,2006,DJF,1,pr 50mm,Precipitation
MRI-CGCM3,rcp60,2007,DJF,1,pr 50mm,Precipitation
MRI-CGCM3,rcp60,2008,DJF,1,pr 50mm,Precipitation
MRI-CGCM3,rcp60,2012,DJF,2,pr 50mm,Precipitation
MRI-CGCM3,rcp60,2015,DJF,2,pr 50mm,Precipitation
MRI-CGCM3,rcp60,2017,DJF,1,pr 50mm,Precipitation
MRI-CGCM3,rcp60,2018,DJF,1,pr 50mm,Precipitation
MRI-CGCM3,rcp60,2022,DJF,2,pr 50mm,Precipitation
MRI-CGCM3,rcp60,2023,DJF,1,pr 50mm,Precipitation
MRI-CGCM3,rcp60,2024,DJF,2,pr 50mm,Precipitation
MRI-CGCM3,rcp60,2027,DJF,1,pr 50mm,Precipitation
MRI-CGCM3,rcp60,2029,DJF,1,pr 50mm,Precipitation
MRI-CGCM3,rcp60,2033,DJF,1,pr 50mm,Precipitation
MRI-CGCM3,rcp60,2035,DJF,1,pr 50mm,Precipitation
MRI-CGCM3,rcp60,2036,DJF,1,pr 50mm,Precipitation
NorESM1-M,rcp60,2019,DJF,1,pr 50mm,Precipitation
NorESM1-M,rcp60,2023,DJF,1,pr 50mm,Precipitation
NorESM1-M,rcp60,2024,DJF,1,pr 50mm,Precipitation
NorESM1-M,rcp60,2027,DJF,1,pr 50mm,Precipitation
NorESM1-M,rcp60,2034,DJF,2,pr 50mm,Precipitation
NorESM1-M,rcp60,2035,DJF,1,pr 50mm,Precipitation
bcc-csm1-1,rcp60,2010,DJF,2,pr 50mm,Precipitation
bcc-csm1-1,rcp60,2012,DJF,2,pr 50mm,Precipitation
bcc-csm1-1,rcp60,2013,DJF,1,pr 50mm,Precipitation
bcc-csm1-1,rcp60,2020,DJF,1,pr 50mm,Precipitation
bcc-csm1-1,rcp60,2024,DJF,1,pr 50mm,Precipitation
bcc-csm1-1,rcp60,2027,DJF,1,pr 50mm,Precipitation
bcc-csm1-1,rcp60,2028,DJF,1,pr 50mm,Precipitation
bcc-csm1-1,rcp60,2029,DJF,1,pr 50mm,Precipitation
bcc-csm1-1,rcp60,2030,DJF,2,pr 50mm,Precipitation
bcc-csm1-1,rcp60,2031,DJF,2,pr 50mm,Precipitation
bcc-csm1-1,rcp60,2036,DJF,1,pr 50mm,Precipitation
bcc-csm1-1-m,rcp60,2010,DJF,1,pr 50mm,Precipitation
bcc-csm1-1-m,rcp60,2012,DJF,1,pr 50mm,Precipitation
bcc-csm1-1-m,rcp60,2014,DJF,1,pr 50mm,Precipitation
bcc-csm1-1-m,rcp60,2017,DJF,1,pr 50mm,Precipitation
bcc-csm1-1-m,rcp60,2019,DJF,1,pr 50mm,Precipitation
bcc-csm1-1-m,rcp60,2023,DJF,1,pr 50mm,Precipitation
bcc-csm1-1-m,rcp60,2032,DJF,2,pr 50mm,Precipitation
bcc-csm1-1-m,rcp60,2035,DJF,1,pr 50mm,Precipitation
CCSM4,rcp60,2008,JJA,1,pr 50mm,Precipitation
CCSM4,rcp60,2009,JJA,8,pr 50mm,Precipitation
CCSM4,rcp60,2010,JJA,2,pr 50mm,Precipitation
CCSM4,rcp60,2012,JJA,3,pr 50mm,Precipitation
CCSM4,rcp60,2013,JJA,2,pr 50mm,Precipitation
CCSM4,rcp60,2014,JJA,8,pr 50mm,Precipitation
CCSM4,rcp60,2015,JJA,1,pr 50mm,Precipitation
CCSM4,rcp60,2016,JJA,2,pr 50mm,Precipitation
CCSM4,rcp60,2017,JJA,6,pr 50mm,Precipitation
CCSM4,rcp60,2018,JJA,9,pr 50mm,Precipitation
CCSM4,rcp60,2019,JJA,4,pr 50mm,Precipitation
CCSM4,rcp60,2020,JJA,6,pr 50mm,Precipitation
CCSM4,rcp60,2021,JJA,1,pr 50mm,Precipitation
CCSM4,rcp60,2022,JJA,3,pr 50mm,Precipitation
CCSM4,rcp60,2023,JJA,3,pr 50mm,Precipitation
CCSM4,rcp60,2025,JJA,4,pr 50mm,Precipitation
CCSM4,rcp60,2027,JJA,3,pr 50mm,Precipitation
CCSM4,rcp60,2028,JJA,7,pr 50mm,Precipitation
CCSM4,rcp60,2029,JJA,4,pr 50mm,Precipitation
CCSM4,rcp60,2030,JJA,3,pr 50mm,Precipitation
CCSM4,rcp60,2031,JJA,4,pr 50mm,Precipitation
CCSM4,rcp60,2032,JJA,5,pr 50mm,Precipitation
CCSM4,rcp60,2033,JJA,8,pr 50mm,Precipitation
CCSM4,rcp60,2034,JJA,10,pr 50mm,Precipitation
CCSM4,rcp60,2035,JJA,5,pr 50mm,Precipitation
CCSM4,rcp60,2036,JJA,8,pr 50mm,Precipitation
CESM1-CAM5,rcp60,2006,JJA,5,pr 50mm,Precipitation
CESM1-CAM5,rcp60,2008,JJA,1,pr 50mm,Precipitation
CESM1-CAM5,rcp60,2009,JJA,1,pr 50mm,Precipitation
CESM1-CAM5,rcp60,2011,JJA,7,pr 50mm,Precipitation
CESM1-CAM5,rcp60,2012,JJA,4,pr 50mm,Precipitation
CESM1-CAM5,rcp60,2013,JJA,2,pr 50mm,Precipitation
CESM1-CAM5,rcp60,2014,JJA,6,pr 50mm,Precipitation
CESM1-CAM5,rcp60,2015,JJA,3,pr 50mm,Precipitation
CESM1-CAM5,rcp60,2016,JJA,6,pr 50mm,Precipitation
CESM1-CAM5,rcp60,2017,JJA,5,pr 50mm,Precipitation
CESM1-CAM5,rcp60,2018,JJA,3,pr 50mm,Precipitation
CESM1-CAM5,rcp60,2019,JJA,5,pr 50mm,Precipitation
CESM1-CAM5,rcp60,2020,JJA,5,pr 50mm,Precipitation
CESM1-CAM5,rcp60,2023,JJA,2,pr 50mm,Precipitation
CESM1-CAM5,rcp60,2024,JJA,6,pr 50mm,Precipitation
CESM1-CAM5,rcp60,2025,JJA,5,pr 50mm,Precipitation
CESM1-CAM5,rcp60,2026,JJA,8,pr 50mm,Precipitation
CESM1-CAM5,rcp60,2027,JJA,3,pr 50mm,Precipitation
CESM1-CAM5,rcp60,2028,JJA,3,pr 50mm,Precipitation
CESM1-CAM5,rcp60,2029,JJA,6,pr 50mm,Precipitation
CESM1-CAM5,rcp60,2030,JJA,11,pr 50mm,Precipitation
CESM1-CAM5,rcp60,2031,JJA,3,pr 50mm,Precipitation
CESM1-CAM5,rcp60,2032,JJA,3,pr 50mm,Precipitation
CESM1-CAM5,rcp60,2034,JJA,3,pr 50mm,Precipitation
CESM1-CAM5,rcp60,2035,JJA,2,pr 50mm,Precipitation
CSIRO-Mk3-6-0,rcp60,2006,JJA,2,pr 50mm,Precipitation
CSIRO-Mk3-6-0,rcp60,2007,JJA,3,pr 50mm,Precipitation
CSIRO-Mk3-6-0,rcp60,2008,JJA,2,pr 50mm,Precipitation
CSIRO-Mk3-6-0,rcp60,2010,JJA,9,pr 50mm,Precipitation
CSIRO-Mk3-6-0,rcp60,2012,JJA,2,pr 50mm,Precipitation
CSIRO-Mk3-6-0,rcp60,2015,JJA,11,pr 50mm,Precipitation
CSIRO-Mk3-6-0,rcp60,2016,JJA,7,pr 50mm,Precipitation
CSIRO-Mk3-6-0,rcp60,2017,JJA,3,pr 50mm,Precipitation
CSIRO-Mk3-6-0,rcp60,2018,JJA,2,pr 50mm,Precipitation
CSIRO-Mk3-6-0,rcp60,2019,JJA,2,pr 50mm,Precipitation
CSIRO-Mk3-6-0,rcp60,2020,JJA,6,pr 50mm,Precipitation
CSIRO-Mk3-6-0,rcp60,2021,JJA,6,pr 50mm,Precipitation
CSIRO-Mk3-6-0,rcp60,2022,JJA,2,pr 50mm,Precipitation
CSIRO-Mk3-6-0,rcp60,2023,JJA,2,pr 50mm,Precipitation
CSIRO-Mk3-6-0,rcp60,2024,JJA,4,pr 50mm,Precipitation
CSIRO-Mk3-6-0,rcp60,2025,JJA,2,pr 50mm,Precipitation
CSIRO-Mk3-6-0,rcp60,2026,JJA,1,pr 50mm,Precipitation
CSIRO-Mk3-6-0,rcp60,2027,JJA,4,pr 50mm,Precipitation
CSIRO-Mk3-6-0,rcp60,2029,JJA,8,pr 50mm,Precipitation
CSIRO-Mk3-6-0,rcp60,2030,JJA,2,pr 50mm,Precipitation
CSIRO-Mk3-6-0,rcp60,2031,JJA,8,pr 50mm,Precipitation
CSIRO-Mk3-6-0,rcp60,2032,JJA,8,pr 50mm,Precipitation
CSIRO-Mk3-6-0,rcp60,2033,JJA,4,pr 50mm,Precipitation
CSIRO-Mk3-6-0,rcp60,2034,JJA,6,pr 50mm,Precipitation
CSIRO-Mk3-6-0,rcp60,2035,JJA,1,pr 50mm,Precipitation
CSIRO-Mk3-6-0,rcp60,2036,JJA,7,pr 50mm,Precipitation
GFDL-CM3,rcp60,2006,JJA,2,pr 50mm,Precipitation
GFDL-CM3,rcp60,2007,JJA,5,pr 50mm,Precipitation
GFDL-CM3,rcp60,2008,JJA,3,pr 50mm,Precipitation
GFDL-CM3,rcp60,2009,JJA,4,pr 50mm,Precipitation
GFDL-CM3,rcp60,2012,JJA,1,pr 50mm,Precipitation
GFDL-CM3,rcp60,2013,JJA,2,pr 50mm,Precipitation
GFDL-CM3,rcp60,2014,JJA,2,pr 50mm,Precipitation
GFDL-CM3,rcp60,2015,JJA,3,pr 50mm,Precipitation
GFDL-CM3,rcp60,2016,JJA,5,pr 50mm,Precipitation
GFDL-CM3,rcp60,2017,JJA,10,pr 50mm,Precipitation
GFDL-CM3,rcp60,2018,JJA,1,pr 50mm,Precipitation
GFDL-CM3,rcp60,2019,JJA,4,pr 50mm,Precipitation
GFDL-CM3,rcp60,2020,JJA,3,pr 50mm,Precipitation
GFDL-CM3,rcp60,2021,JJA,1,pr 50mm,Precipitation
GFDL-CM3,rcp60,2022,JJA,6,pr 50mm,Precipitation
GFDL-CM3,rcp60,2023,JJA,6,pr 50mm,Precipitation
GFDL-CM3,rcp60,2024,JJA,9,pr 50mm,Precipitation
GFDL-CM3,rcp60,2025,JJA,1,pr 50mm,Precipitation
GFDL-CM3,rcp60,2026,JJA,4,pr 50mm,Precipitation
GFDL-CM3,rcp60,2027,JJA,8,pr 50mm,Precipitation
GFDL-CM3,rcp60,2028,JJA,4,pr 50mm,Precipitation
GFDL-CM3,rcp60,2029,JJA,4,pr 50mm,Precipitation
GFDL-CM3,rcp60,2031,JJA,3,pr 50mm,Precipitation
GFDL-CM3,rcp60,2032,JJA,6,pr 50mm,Precipitation
GFDL-CM3,rcp60,2033,JJA,5,pr 50mm,Precipitation
GFDL-CM3,rcp60,2034,JJA,3,pr 50mm,Precipitation
GFDL-CM3,rcp60,2035,JJA,3,pr 50mm,Precipitation
GFDL-CM3,rcp60,2036,JJA,2,pr 50mm,Precipitation
GFDL-ESM2G,rcp60,2006,JJA,4,pr 50mm,Precipitation
GFDL-ESM2G,rcp60,2007,JJA,3,pr 50mm,Precipitation
GFDL-ESM2G,rcp60,2008,JJA,9,pr 50mm,Precipitation
GFDL-ESM2G,rcp60,2009,JJA,2,pr 50mm,Precipitation
GFDL-ESM2G,rcp60,2010,JJA,4,pr 50mm,Precipitation
GFDL-ESM2G,rcp60,2011,JJA,3,pr 50mm,Precipitation
GFDL-ESM2G,rcp60,2013,JJA,3,pr 50mm,Precipitation
GFDL-ESM2G,rcp60,2014,JJA,4,pr 50mm,Precipitation
GFDL-ESM2G,rcp60,2015,JJA,4,pr 50mm,Precipitation
GFDL-ESM2G,rcp60,2016,JJA,9,pr 50mm,Precipitation
GFDL-ESM2G,rcp60,2017,JJA,14,pr 50mm,Precipitation
GFDL-ESM2G,rcp60,2018,JJA,4,pr 50mm,Precipitation
GFDL-ESM2G,rcp60,2019,JJA,2,pr 50mm,Precipitation
GFDL-ESM2G,rcp60,2020,JJA,3,pr 50mm,Precipitation
GFDL-ESM2G,rcp60,2021,JJA,7,pr 50mm,Precipitation
GFDL-ESM2G,rcp60,2022,JJA,1,pr 50mm,Precipitation
GFDL-ESM2G,rcp60,2023,JJA,10,pr 50mm,Precipitation
GFDL-ESM2G,rcp60,2024,JJA,3,pr 50mm,Precipitation
GFDL-ESM2G,rcp60,2025,JJA,4,pr 50mm,Precipitation
GFDL-ESM2G,rcp60,2026,JJA,5,pr 50mm,Precipitation
GFDL-ESM2G,rcp60,2027,JJA,3,pr 50mm,Precipitation
GFDL-ESM2G,rcp60,2028,JJA,6,pr 50mm,Precipitation
GFDL-ESM2G,rcp60,2029,JJA,2,pr 50mm,Precipitation
GFDL-ESM2G,rcp60,2030,JJA,2,pr 50mm,Precipitation
GFDL-ESM2G,rcp60,2031,JJA,3,pr 50mm,Precipitation
GFDL-ESM2G,rcp60,2032,JJA,3,pr 50mm,Precipitation
GFDL-ESM2G,rcp60,2033,JJA,6,pr 50mm,Precipitation
GFDL-ESM2G,rcp60,2034,JJA,5,pr 50mm,Precipitation
GFDL-ESM2G,rcp60,2035,JJA,3,pr 50mm,Precipitation
GFDL-ESM2G,rcp60,2036,JJA,5,pr 50mm,Precipitation
GFDL-ESM2M,rcp60,2007,JJA,5,pr 50mm,Precipitation
GFDL-ESM2M,rcp60,2008,JJA,7,pr 50mm,Precipitation
GFDL-ESM2M,rcp60,2009,JJA,5,pr 50mm,Precipitation
GFDL-ESM2M,rcp60,2010,JJA,4,pr 50mm,Precipitation
GFDL-ESM2M,rcp60,2011,JJA,2,pr 50mm,Precipitation
GFDL-ESM2M,rcp60,2012,JJA,11,pr 50mm,Precipitation
GFDL-ESM2M,rcp60,2013,JJA,3,pr 50mm,Precipitation
GFDL-ESM2M,rcp60,2014,JJA,8,pr 50mm,Precipitation
GFDL-ESM2M,rcp60,2016,JJA,4,pr 50mm,Precipitation
GFDL-ESM2M,rcp60,2017,JJA,4,pr 50mm,Precipitation
GFDL-ESM2M,rcp60,2018,JJA,11,pr 50mm,Precipitation
GFDL-ESM2M,rcp60,2019,JJA,11,pr 50mm,Precipitation
GFDL-ESM2M,rcp60,2020,JJA,5,pr 50mm,Precipitation
GFDL-ESM2M,rcp60,2021,JJA,4,pr 50mm,Precipitation
GFDL-ESM2M,rcp60,2022,JJA,3,pr 50mm,Precipitation
GFDL-ESM2M,rcp60,2023,JJA,1,pr 50mm,Precipitation
GFDL-ESM2M,rcp60,2024,JJA,12,pr 50mm,Precipitation
GFDL-ESM2M,rcp60,2025,JJA,14,pr 50mm,Precipitation
GFDL-ESM2M,rcp60,2026,JJA,8,pr 50mm,Precipitation
GFDL-ESM2M,rcp60,2027,JJA,3,pr 50mm,Precipitation
GFDL-ESM2M,rcp60,2028,JJA,2,pr 50mm,Precipitation
GFDL-ESM2M,rcp60,2029,JJA,5,pr 50mm,Precipitation
GFDL-ESM2M,rcp60,2030,JJA,8,pr 50mm,Precipitation
GFDL-ESM2M,rcp60,2031,JJA,4,pr 50mm,Precipitation
GFDL-ESM2M,rcp60,2032,JJA,6,pr 50mm,Precipitation
GFDL-ESM2M,rcp60,2033,JJA,4,pr 50mm,Precipitation
GFDL-ESM2M,rcp60,2034,JJA,9,pr 50mm,Precipitation
GFDL-ESM2M,rcp60,2035,JJA,3,pr 50mm,Precipitation
IPSL-CM5A-LR,rcp60,2006,JJA,3,pr 50mm,Precipitation
IPSL-CM5A-LR,rcp60,2007,JJA,6,pr 50mm,Precipitation
IPSL-CM5A-LR,rcp60,2008,JJA,5,pr 50mm,Precipitation
IPSL-CM5A-LR,rcp60,2009,JJA,3,pr 50mm,Precipitation
IPSL-CM5A-LR,rcp60,2010,JJA,3,pr 50mm,Precipitation
IPSL-CM5A-LR,rcp60,2011,JJA,12,pr 50mm,Precipitation
IPSL-CM5A-LR,rcp60,2012,JJA,4,pr 50mm,Precipitation
IPSL-CM5A-LR,rcp60,2016,JJA,3,pr 50mm,Precipitation
IPSL-CM5A-LR,rcp60,2017,JJA,2,pr 50mm,Precipitation
IPSL-CM5A-LR,rcp60,2018,JJA,1,pr 50mm,Precipitation
IPSL-CM5A-LR,rcp60,2019,JJA,2,pr 50mm,Precipitation
IPSL-CM5A-LR,rcp60,2021,JJA,1,pr 50mm,Precipitation
IPSL-CM5A-LR,rcp60,2023,JJA,4,pr 50mm,Precipitation
IPSL-CM5A-LR,rcp60,2024,JJA,3,pr 50mm,Precipitation
IPSL-CM5A-LR,rcp60,2026,JJA,6,pr 50mm,Precipitation
IPSL-CM5A-LR,rcp60,2027,JJA,1,pr 50mm,Precipitation
IPSL-CM5A-LR,rcp60,2029,JJA,6,pr 50mm,Precipitation
IPSL-CM5A-LR,rcp60,2030,JJA,4,pr 50mm,Precipitation
IPSL-CM5A-LR,rcp60,2031,JJA,3,pr 50mm,Precipitation
IPSL-CM5A-LR,rcp60,2032,JJA,4,pr 50mm,Precipitation
IPSL-CM5A-LR,rcp60,2033,JJA,3,pr 50mm,Precipitation
IPSL-CM5A-LR,rcp60,2034,JJA,1,pr 50mm,Precipitation
IPSL-CM5A-LR,rcp60,2036,JJA,2,pr 50mm,Precipitation
IPSL-CM5A-MR,rcp60,2006,JJA,2,pr 50mm,Precipitation
IPSL-CM5A-MR,rcp60,2008,JJA,3,pr 50mm,Precipitation
IPSL-CM5A-MR,rcp60,2009,JJA,8,pr 50mm,Precipitation
IPSL-CM5A-MR,rcp60,2010,JJA,3,pr 50mm,Precipitation
IPSL-CM5A-MR,rcp60,2012,JJA,4,pr 50mm,Precipitation
IPSL-CM5A-MR,rcp60,2013,JJA,6,pr 50mm,Precipitation
IPSL-CM5A-MR,rcp60,2014,JJA,2,pr 50mm,Precipitation
IPSL-CM5A-MR,rcp60,2015,JJA,3,pr 50mm,Precipitation
IPSL-CM5A-MR,rcp60,2016,JJA,2,pr 50mm,Precipitation
IPSL-CM5A-MR,rcp60,2018,JJA,2,pr 50mm,Precipitation
IPSL-CM5A-MR,rcp60,2019,JJA,3,pr 50mm,Precipitation
IPSL-CM5A-MR,rcp60,2020,JJA,7,pr 50mm,Precipitation
IPSL-CM5A-MR,rcp60,2021,JJA,5,pr 50mm,Precipitation
IPSL-CM5A-MR,rcp60,2022,JJA,4,pr 50mm,Precipitation
IPSL-CM5A-MR,rcp60,2023,JJA,6,pr 50mm,Precipitation
IPSL-CM5A-MR,rcp60,2025,JJA,4,pr 50mm,Precipitation
IPSL-CM5A-MR,rcp60,2026,JJA,1,pr 50mm,Precipitation
IPSL-CM5A-MR,rcp60,2028,JJA,3,pr 50mm,Precipitation
IPSL-CM5A-MR,rcp60,2029,JJA,5,pr 50mm,Precipitation
IPSL-CM5A-MR,rcp60,2030,JJA,8,pr 50mm,Precipitation
IPSL-CM5A-MR,rcp60,2031,JJA,6,pr 50mm,Precipitation
IPSL-CM5A-MR,rcp60,2032,JJA,1,pr 50mm,Precipitation
IPSL-CM5A-MR,rcp60,2033,JJA,5,pr 50mm,Precipitation
IPSL-CM5A-MR,rcp60,2034,JJA,11,pr 50mm,Precipitation
IPSL-CM5A-MR,rcp60,2036,JJA,8,pr 50mm,Precipitation
MIROC-ESM,rcp60,2006,JJA,5,pr 50mm,Precipitation
MIROC-ESM,rcp60,2007,JJA,1,pr 50mm,Precipitation
MIROC-ESM,rcp60,2008,JJA,9,pr 50mm,Precipitation
MIROC-ESM,rcp60,2009,JJA,6,pr 50mm,Precipitation
MIROC-ESM,rcp60,2010,JJA,4,pr 50mm,Precipitation
MIROC-ESM,rcp60,2011,JJA,4,pr 50mm,Precipitation
MIROC-ESM,rcp60,2012,JJA,3,pr 50mm,Precipitation
MIROC-ESM,rcp60,2013,JJA,2,pr 50mm,Precipitation
MIROC-ESM,rcp60,2014,JJA,4,pr 50mm,Precipitation
MIROC-ESM,rcp60,2015,JJA,11,pr 50mm,Precipitation
MIROC-ESM,rcp60,2016,JJA,4,pr 50mm,Precipitation
MIROC-ESM,rcp60,2018,JJA,8,pr 50mm,Precipitation
MIROC-ESM,rcp60,2019,JJA,9,pr 50mm,Precipitation
MIROC-ESM,rcp60,2021,JJA,2,pr 50mm,Precipitation
MIROC-ESM,rcp60,2022,JJA,1,pr 50mm,Precipitation
MIROC-ESM,rcp60,2023,JJA,5,pr 50mm,Precipitation
MIROC-ESM,rcp60,2024,JJA,2,pr 50mm,Precipitation
MIROC-ESM,rcp60,2025,JJA,5,pr 50mm,Precipitation
MIROC-ESM,rcp60,2026,JJA,2,pr 50mm,Precipitation
MIROC-ESM,rcp60,2027,JJA,3,pr 50mm,Precipitation
MIROC-ESM,rcp60,2028,JJA,1,pr 50mm,Precipitation
MIROC-ESM,rcp60,2029,JJA,5,pr 50mm,Precipitation
MIROC-ESM,rcp60,2030,JJA,2,pr 50mm,Precipitation
MIROC-ESM,rcp60,2032,JJA,5,pr 50mm,Precipitation
MIROC-ESM,rcp60,2033,JJA,4,pr 50mm,Precipitation
MIROC-ESM,rcp60,2034,JJA,2,pr 50mm,Precipitation
MIROC-ESM,rcp60,2035,JJA,1,pr 50mm,Precipitation
MIROC-ESM,rcp60,2036,JJA,11,pr 50mm,Precipitation
MIROC-ESM-CHEM,rcp60,2006,JJA,2,pr 50mm,Precipitation
MIROC-ESM-CHEM,rcp60,2007,JJA,1,pr 50mm,Precipitation
MIROC-ESM-CHEM,rcp60,2008,JJA,2,pr 50mm,Precipitation
MIROC-ESM-CHEM,rcp60,2009,JJA,7,pr 50mm,Precipitation
MIROC-ESM-CHEM,rcp60,2010,JJA,2,pr 50mm,Precipitation
MIROC-ESM-CHEM,rcp60,2011,JJA,3,pr 50mm,Precipitation
MIROC-ESM-CHEM,rcp60,2013,JJA,1,pr 50mm,Precipitation
MIROC-ESM-CHEM,rcp60,2014,JJA,7,pr 50mm,Precipitation
MIROC-ESM-CHEM,rcp60,2017,JJA,4,pr 50mm,Precipitation
MIROC-ESM-CHEM,rcp60,2018,JJA,6,pr 50mm,Precipitation
MIROC-ESM-CHEM,rcp60,2019,JJA,1,pr 50mm,Precipitation
MIROC-ESM-CHEM,rcp60,2022,JJA,5,pr 50mm,Precipitation
MIROC-ESM-CHEM,rcp60,2023,JJA,7,pr 50mm,Precipitation
MIROC-ESM-CHEM,rcp60,2024,JJA,9,pr 50mm,Precipitation
MIROC-ESM-CHEM,rcp60,2025,JJA,7,pr 50mm,Precipitation
MIROC-ESM-CHEM,rcp60,2027,JJA,7,pr 50mm,Precipitation
MIROC-ESM-CHEM,rcp60,2029,JJA,5,pr 50mm,Precipitation
MIROC-ESM-CHEM,rcp60,2030,JJA,5,pr 50mm,Precipitation
MIROC-ESM-CHEM,rcp60,2031,JJA,9,pr 50mm,Precipitation
MIROC-ESM-CHEM,rcp60,2032,JJA,3,pr 50mm,Precipitation
MIROC-ESM-CHEM,rcp60,2033,JJA,2,pr 50mm,Precipitation
MIROC-ESM-CHEM,rcp60,2034,JJA,1,pr 50mm,Precipitation
MIROC-ESM-CHEM,rcp60,2035,JJA,1,pr 50mm,Precipitation
MIROC-ESM-CHEM,rcp60,2036,JJA,3,pr 50mm,Precipitation
MIROC5,rcp60,2006,JJA,9,pr 50mm,Precipitation
MIROC5,rcp60,2007,JJA,5,pr 50mm,Precipitation
MIROC5,rcp60,2008,JJA,6,pr 50mm,Precipitation
MIROC5,rcp60,2009,JJA,10,pr 50mm,Precipitation
MIROC5,rcp60,2010,JJA,6,pr 50mm,Precipitation
MIROC5,rcp60,2011,JJA,3,pr 50mm,Precipitation
MIROC5,rcp60,2012,JJA,1,pr 50mm,Precipitation
MIROC5,rcp60,2013,JJA,6,pr 50mm,Precipitation
MIROC5,rcp60,2014,JJA,2,pr 50mm,Precipitation
MIROC5,rcp60,2015,JJA,7,pr 50mm,Precipitation
MIROC5,rcp60,2017,JJA,4,pr 50mm,Precipitation
MIROC5,rcp60,2018,JJA,7,pr 50mm,Precipitation
MIROC5,rcp60,2019,JJA,4,pr 50mm,Precipitation
MIROC5,rcp60,2020,JJA,2,pr 50mm,Precipitation
MIROC5,rcp60,2021,JJA,5,pr 50mm,Precipitation
MIROC5,rcp60,2022,JJA,6,pr 50mm,Precipitation
MIROC5,rcp60,2023,JJA,1,pr 50mm,Precipitation
MIROC5,rcp60,2024,JJA,2,pr 50mm,Precipitation
MIROC5,rcp60,2025,JJA,1,pr 50mm,Precipitation
MIROC5,rcp60,2026,JJA,5,pr 50mm,Precipitation
MIROC5,rcp60,2028,JJA,2,pr 50mm,Precipitation
MIROC5,rcp60,2029,JJA,3,pr 50mm,Precipitation
MIROC5,rcp60,2030,JJA,5,pr 50mm,Precipitation
MIROC5,rcp60,2031,JJA,2,pr 50mm,Precipitation
MIROC5,rcp60,2032,JJA,1,pr 50mm,Precipitation
MIROC5,rcp60,2033,JJA,3,pr 50mm,Precipitation
MIROC5,rcp60,2034,JJA,6,pr 50mm,Precipitation
MIROC5,rcp60,2035,JJA,13,pr 50mm,Precipitation
MIROC5,rcp60,2036,JJA,5,pr 50mm,Precipitation
MRI-CGCM3,rcp60,2006,JJA,2,pr 50mm,Precipitation
MRI-CGCM3,rcp60,2007,JJA,7,pr 50mm,Precipitation
MRI-CGCM3,rcp60,2008,JJA,5,pr 50mm,Precipitation
MRI-CGCM3,rcp60,2009,JJA,1,pr 50mm,Precipitation
MRI-CGCM3,rcp60,2010,JJA,8,pr 50mm,Precipitation
MRI-CGCM3,rcp60,2011,JJA,1,pr 50mm,Precipitation
MRI-CGCM3,rcp60,2012,JJA,3,pr 50mm,Precipitation
MRI-CGCM3,rcp60,2013,JJA,5,pr 50mm,Precipitation
MRI-CGCM3,rcp60,2014,JJA,2,pr 50mm,Precipitation
MRI-CGCM3,rcp60,2015,JJA,2,pr 50mm,Precipitation
MRI-CGCM3,rcp60,2016,JJA,6,pr 50mm,Precipitation
MRI-CGCM3,rcp60,2017,JJA,4,pr 50mm,Precipitation
MRI-CGCM3,rcp60,2019,JJA,3,pr 50mm,Precipitation
MRI-CGCM3,rcp60,2020,JJA,1,pr 50mm,Precipitation
MRI-CGCM3,rcp60,2021,JJA,3,pr 50mm,Precipitation
MRI-CGCM3,rcp60,2022,JJA,7,pr 50mm,Precipitation
MRI-CGCM3,rcp60,2023,JJA,5,pr 50mm,Precipitation
MRI-CGCM3,rcp60,2024,JJA,3,pr 50mm,Precipitation
MRI-CGCM3,rcp60,2025,JJA,7,pr 50mm,Precipitation
MRI-CGCM3,rcp60,2026,JJA,6,pr 50mm,Precipitation
MRI-CGCM3,rcp60,2027,JJA,4,pr 50mm,Precipitation
MRI-CGCM3,rcp60,2028,JJA,6,pr 50mm,Precipitation
MRI-CGCM3,rcp60,2029,JJA,1,pr 50mm,Precipitation
MRI-CGCM3,rcp60,2030,JJA,5,pr 50mm,Precipitation
MRI-CGCM3,rcp60,2031,JJA,1,pr 50mm,Precipitation
MRI-CGCM3,rcp60,2032,JJA,3,pr 50mm,Precipitation
MRI-CGCM3,rcp60,2034,JJA,6,pr 50mm,Precipitation
MRI-CGCM3,rcp60,2035,JJA,4,pr 50mm,Precipitation
MRI-CGCM3,rcp60,2036,JJA,7,pr 50mm,Precipitation
NorESM1-M,rcp60,2006,JJA,14,pr 50mm,Precipitation
NorESM1-M,rcp60,2007,JJA,10,pr 50mm,Precipitation
NorESM1-M,rcp60,2008,JJA,7,pr 50mm,Precipitation
NorESM1-M,rcp60,2010,JJA,2,pr 50mm,Precipitation
NorESM1-M,rcp60,2011,JJA,3,pr 50mm,Precipitation
NorESM1-M,rcp60,2013,JJA,5,pr 50mm,Precipitation
NorESM1-M,rcp60,2017,JJA,5,pr 50mm,Precipitation
NorESM1-M,rcp60,2018,JJA,3,pr 50mm,Precipitation
NorESM1-M,rcp60,2019,JJA,7,pr 50mm,Precipitation
NorESM1-M,rcp60,2020,JJA,5,pr 50mm,Precipitation
NorESM1-M,rcp60,2021,JJA,1,pr 50mm,Precipitation
NorESM1-M,rcp60,2022,JJA,8,pr 50mm,Precipitation
NorESM1-M,rcp60,2023,JJA,8,pr 50mm,Precipitation
NorESM1-M,rcp60,2024,JJA,7,pr 50mm,Precipitation
NorESM1-M,rcp60,2025,JJA,1,pr 50mm,Precipitation
NorESM1-M,rcp60,2026,JJA,3,pr 50mm,Precipitation
NorESM1-M,rcp60,2027,JJA,4,pr 50mm,Precipitation
NorESM1-M,rcp60,2028,JJA,3,pr 50mm,Precipitation
NorESM1-M,rcp60,2029,JJA,3,pr 50mm,Precipitation
NorESM1-M,rcp60,2030,JJA,8,pr 50mm,Precipitation
NorESM1-M,rcp60,2031,JJA,1,pr 50mm,Precipitation
NorESM1-M,rcp60,2033,JJA,9,pr 50mm,Precipitation
NorESM1-M,rcp60,2034,JJA,1,pr 50mm,Precipitation
NorESM1-M,rcp60,2035,JJA,1,pr 50mm,Precipitation
NorESM1-M,rcp60,2036,JJA,4,pr 50mm,Precipitation
bcc-csm1-1,rcp60,2006,JJA,3,pr 50mm,Precipitation
bcc-csm1-1,rcp60,2007,JJA,4,pr 50mm,Precipitation
bcc-csm1-1,rcp60,2008,JJA,1,pr 50mm,Precipitation
bcc-csm1-1,rcp60,2009,JJA,1,pr 50mm,Precipitation
bcc-csm1-1,rcp60,2010,JJA,2,pr 50mm,Precipitation
bcc-csm1-1,rcp60,2011,JJA,3,pr 50mm,Precipitation
bcc-csm1-1,rcp60,2012,JJA,6,pr 50mm,Precipitation
bcc-csm1-1,rcp60,2013,JJA,2,pr 50mm,Precipitation
bcc-csm1-1,rcp60,2014,JJA,2,pr 50mm,Precipitation
bcc-csm1-1,rcp60,2015,JJA,9,pr 50mm,Precipitation
bcc-csm1-1,rcp60,2016,JJA,4,pr 50mm,Precipitation
bcc-csm1-1,rcp60,2017,JJA,8,pr 50mm,Precipitation
bcc-csm1-1,rcp60,2018,JJA,6,pr 50mm,Precipitation
bcc-csm1-1,rcp60,2019,JJA,3,pr 50mm,Precipitation
bcc-csm1-1,rcp60,2020,JJA,5,pr 50mm,Precipitation
bcc-csm1-1,rcp60,2021,JJA,7,pr 50mm,Precipitation
bcc-csm1-1,rcp60,2022,JJA,5,pr 50mm,Precipitation
bcc-csm1-1,rcp60,2023,JJA,5,pr 50mm,Precipitation
bcc-csm1-1,rcp60,2024,JJA,5,pr 50mm,Precipitation
bcc-csm1-1,rcp60,2025,JJA,3,pr 50mm,Precipitation
bcc-csm1-1,rcp60,2026,JJA,3,pr 50mm,Precipitation
bcc-csm1-1,rcp60,2027,JJA,1,pr 50mm,Precipitation
bcc-csm1-1,rcp60,2028,JJA,2,pr 50mm,Precipitation
bcc-csm1-1,rcp60,2029,JJA,10,pr 50mm,Precipitation
bcc-csm1-1,rcp60,2030,JJA,3,pr 50mm,Precipitation
bcc-csm1-1,rcp60,2031,JJA,4,pr 50mm,Precipitation
bcc-csm1-1,rcp60,2032,JJA,1,pr 50mm,Precipitation
bcc-csm1-1,rcp60,2033,JJA,4,pr 50mm,Precipitation
bcc-csm1-1,rcp60,2034,JJA,10,pr 50mm,Precipitation
bcc-csm1-1,rcp60,2035,JJA,5,pr 50mm,Precipitation
bcc-csm1-1,rcp60,2036,JJA,3,pr 50mm,Precipitation
bcc-csm1-1-m,rcp60,2006,JJA,4,pr 50mm,Precipitation
bcc-csm1-1-m,rcp60,2007,JJA,3,pr 50mm,Precipitation
bcc-csm1-1-m,rcp60,2009,JJA,2,pr 50mm,Precipitation
bcc-csm1-1-m,rcp60,2010,JJA,4,pr 50mm,Precipitation
bcc-csm1-1-m,rcp60,2011,JJA,11,pr 50mm,Precipitation
bcc-csm1-1-m,rcp60,2012,JJA,5,pr 50mm,Precipitation
bcc-csm1-1-m,rcp60,2013,JJA,3,pr 50mm,Precipitation
bcc-csm1-1-m,rcp60,2015,JJA,2,pr 50mm,Precipitation
bcc-csm1-1-m,rcp60,2016,JJA,1,pr 50mm,Precipitation
bcc-csm1-1-m,rcp60,2017,JJA,4,pr 50mm,Precipitation
bcc-csm1-1-m,rcp60,2018,JJA,2,pr 50mm,Precipitation
bcc-csm1-1-m,rcp60,2019,JJA,1,pr 50mm,Precipitation
bcc-csm1-1-m,rcp60,2020,JJA,5,pr 50mm,Precipitation
bcc-csm1-1-m,rcp60,2022,JJA,3,pr 50mm,Precipitation
bcc-csm1-1-m,rcp60,2024,JJA,1,pr 50mm,Precipitation
bcc-csm1-1-m,rcp60,2025,JJA,2,pr 50mm,Precipitation
bcc-csm1-1-m,rcp60,2026,JJA,8,pr 50mm,Precipitation
bcc-csm1-1-m,rcp60,2027,JJA,2,pr 50mm,Precipitation
bcc-csm1-1-m,rcp60,2028,JJA,3,pr 50mm,Precipitation
bcc-csm1-1-m,rcp60,2029,JJA,4,pr 50mm,Precipitation
bcc-csm1-1-m,rcp60,2030,JJA,1,pr 50mm,Precipitation
bcc-csm1-1-m,rcp60,2031,JJA,3,pr 50mm,Precipitation
bcc-csm1-1-m,rcp60,2032,JJA,4,pr 50mm,Precipitation
bcc-csm1-1-m,rcp60,2034,JJA,5,pr 50mm,Precipitation
bcc-csm1-1-m,rcp60,2035,JJA,3,pr 50mm,Precipitation
bcc-csm1-1-m,rcp60,2036,JJA,2,pr 50mm,Precipitation
CCSM4,rcp60,2008,MAM,1,pr 50mm,Precipitation
CCSM4,rcp60,2010,MAM,1,pr 50mm,Precipitation
CCSM4,rcp60,2011,MAM,1,pr 50mm,Precipitation
CCSM4,rcp60,2012,MAM,1,pr 50mm,Precipitation
CCSM4,rcp60,2013,MAM,1,pr 50mm,Precipitation
CCSM4,rcp60,2014,MAM,2,pr 50mm,Precipitation
CCSM4,rcp60,2015,MAM,1,pr 50mm,Precipitation
CCSM4,rcp60,2017,MAM,2,pr 50mm,Precipitation
CCSM4,rcp60,2025,MAM,2,pr 50mm,Precipitation
CCSM4,rcp60,2028,MAM,1,pr 50mm,Precipitation
CCSM4,rcp60,2031,MAM,1,pr 50mm,Precipitation
CCSM4,rcp60,2036,MAM,2,pr 50mm,Precipitation
CESM1-CAM5,rcp60,2006,MAM,2,pr 50mm,Precipitation
CESM1-CAM5,rcp60,2007,MAM,2,pr 50mm,Precipitation
CESM1-CAM5,rcp60,2008,MAM,1,pr 50mm,Precipitation
CESM1-CAM5,rcp60,2009,MAM,2,pr 50mm,Precipitation
CESM1-CAM5,rcp60,2010,MAM,1,pr 50mm,Precipitation
CESM1-CAM5,rcp60,2012,MAM,1,pr 50mm,Precipitation
CESM1-CAM5,rcp60,2013,MAM,1,pr 50mm,Precipitation
CESM1-CAM5,rcp60,2016,MAM,1,pr 50mm,Precipitation
CESM1-CAM5,rcp60,2019,MAM,1,pr 50mm,Precipitation
CESM1-CAM5,rcp60,2020,MAM,1,pr 50mm,Precipitation
CESM1-CAM5,rcp60,2022,MAM,2,pr 50mm,Precipitation
CESM1-CAM5,rcp60,2027,MAM,3,pr 50mm,Precipitation
CESM1-CAM5,rcp60,2028,MAM,1,pr 50mm,Precipitation
CESM1-CAM5,rcp60,2029,MAM,2,pr 50mm,Precipitation
CESM1-CAM5,rcp60,2031,MAM,2,pr 50mm,Precipitation
CESM1-CAM5,rcp60,2032,MAM,1,pr 50mm,Precipitation
CESM1-CAM5,rcp60,2033,MAM,2,pr 50mm,Precipitation
CESM1-CAM5,rcp60,2034,MAM,2,pr 50mm,Precipitation
CESM1-CAM5,rcp60,2035,MAM,3,pr 50mm,Precipitation
CSIRO-Mk3-6-0,rcp60,2009,MAM,1,pr 50mm,Precipitation
CSIRO-Mk3-6-0,rcp60,2011,MAM,2,pr 50mm,Precipitation
CSIRO-Mk3-6-0,rcp60,2012,MAM,1,pr 50mm,Precipitation
CSIRO-Mk3-6-0,rcp60,2013,MAM,2,pr 50mm,Precipitation
CSIRO-Mk3-6-0,rcp60,2014,MAM,3,pr 50mm,Precipitation
CSIRO-Mk3-6-0,rcp60,2015,MAM,2,pr 50mm,Precipitation
CSIRO-Mk3-6-0,rcp60,2016,MAM,1,pr 50mm,Precipitation
CSIRO-Mk3-6-0,rcp60,2017,MAM,1,pr 50mm,Precipitation
CSIRO-Mk3-6-0,rcp60,2018,MAM,1,pr 50mm,Precipitation
CSIRO-Mk3-6-0,rcp60,2021,MAM,1,pr 50mm,Precipitation
CSIRO-Mk3-6-0,rcp60,2023,MAM,2,pr 50mm,Precipitation
CSIRO-Mk3-6-0,rcp60,2025,MAM,1,pr 50mm,Precipitation
CSIRO-Mk3-6-0,rcp60,2030,MAM,3,pr 50mm,Precipitation
CSIRO-Mk3-6-0,rcp60,2031,MAM,5,pr 50mm,Precipitation
CSIRO-Mk3-6-0,rcp60,2032,MAM,3,pr 50mm,Precipitation
CSIRO-Mk3-6-0,rcp60,2034,MAM,3,pr 50mm,Precipitation
CSIRO-Mk3-6-0,rcp60,2036,MAM,2,pr 50mm,Precipitation
GFDL-CM3,rcp60,2006,MAM,1,pr 50mm,Precipitation
GFDL-CM3,rcp60,2007,MAM,2,pr 50mm,Precipitation
GFDL-CM3,rcp60,2008,MAM,2,pr 50mm,Precipitation
GFDL-CM3,rcp60,2010,MAM,2,pr 50mm,Precipitation
GFDL-CM3,rcp60,2012,MAM,2,pr 50mm,Precipitation
GFDL-CM3,rcp60,2013,MAM,2,pr 50mm,Precipitation
GFDL-CM3,rcp60,2015,MAM,2,pr 50mm,Precipitation
GFDL-CM3,rcp60,2019,MAM,1,pr 50mm,Precipitation
GFDL-CM3,rcp60,2020,MAM,1,pr 50mm,Precipitation
GFDL-CM3,rcp60,2025,MAM,2,pr 50mm,Precipitation
GFDL-CM3,rcp60,2027,MAM,1,pr 50mm,Precipitation
GFDL-CM3,rcp60,2029,MAM,2,pr 50mm,Precipitation
GFDL-CM3,rcp60,2032,MAM,2,pr 50mm,Precipitation
GFDL-CM3,rcp60,2033,MAM,2,pr 50mm,Precipitation
GFDL-CM3,rcp60,2035,MAM,3,pr 50mm,Precipitation
GFDL-ESM2G,rcp60,2006,MAM,4,pr 50mm,Precipitation
GFDL-ESM2G,rcp60,2007,MAM,3,pr 50mm,Precipitation
GFDL-ESM2G,rcp60,2008,MAM,1,pr 50mm,Precipitation
GFDL-ESM2G,rcp60,2009,MAM,2,pr 50mm,Precipitation
GFDL-ESM2G,rcp60,2010,MAM,4,pr 50mm,Precipitation
GFDL-ESM2G,rcp60,2013,MAM,1,pr 50mm,Precipitation
GFDL-ESM2G,rcp60,2015,MAM,1,pr 50mm,Precipitation
GFDL-ESM2G,rcp60,2017,MAM,3,pr 50mm,Precipitation
GFDL-ESM2G,rcp60,2018,MAM,1,pr 50mm,Precipitation
GFDL-ESM2G,rcp60,2021,MAM,2,pr 50mm,Precipitation
GFDL-ESM2G,rcp60,2023,MAM,1,pr 50mm,Precipitation
GFDL-ESM2G,rcp60,2025,MAM,1,pr 50mm,Precipitation
GFDL-ESM2G,rcp60,2028,MAM,2,pr 50mm,Precipitation
GFDL-ESM2G,rcp60,2031,MAM,1,pr 50mm,Precipitation
GFDL-ESM2G,rcp60,2033,MAM,3,pr 50mm,Precipitation
GFDL-ESM2G,rcp60,2034,MAM,1,pr 50mm,Precipitation
GFDL-ESM2G,rcp60,2035,MAM,3,pr 50mm,Precipitation
GFDL-ESM2G,rcp60,2036,MAM,1,pr 50mm,Precipitation
GFDL-ESM2M,rcp60,2007,MAM,5,pr 50mm,Precipitation
GFDL-ESM2M,rcp60,2008,MAM,3,pr 50mm,Precipitation
GFDL-ESM2M,rcp60,2009,MAM,4,pr 50mm,Precipitation
GFDL-ESM2M,rcp60,2012,MAM,3,pr 50mm,Precipitation
GFDL-ESM2M,rcp60,2016,MAM,1,pr 50mm,Precipitation
GFDL-ESM2M,rcp60,2017,MAM,1,pr 50mm,Precipitation
GFDL-ESM2M,rcp60,2018,MAM,3,pr 50mm,Precipitation
GFDL-ESM2M,rcp60,2019,MAM,3,pr 50mm,Precipitation
GFDL-ESM2M,rcp60,2020,MAM,1,pr 50mm,Precipitation
GFDL-ESM2M,rcp60,2021,MAM,1,pr 50mm,Precipitation
GFDL-ESM2M,rcp60,2022,MAM,3,pr 50mm,Precipitation
GFDL-ESM2M,rcp60,2024,MAM,5,pr 50mm,Precipitation
GFDL-ESM2M,rcp60,2025,MAM,2,pr 50mm,Precipitation
GFDL-ESM2M,rcp60,2026,MAM,6,pr 50mm,Precipitation
GFDL-ESM2M,rcp60,2027,MAM,1,pr 50mm,Precipitation
GFDL-ESM2M,rcp60,2029,MAM,2,pr 50mm,Precipitation
GFDL-ESM2M,rcp60,2030,MAM,6,pr 50mm,Precipitation
GFDL-ESM2M,rcp60,2031,MAM,5,pr 50mm,Precipitation
GFDL-ESM2M,rcp60,2034,MAM,2,pr 50mm,Precipitation
GFDL-ESM2M,rcp60,2035,MAM,7,pr 50mm,Precipitation
IPSL-CM5A-LR,rcp60,2006,MAM,2,pr 50mm,Precipitation
IPSL-CM5A-LR,rcp60,2007,MAM,1,pr 50mm,Precipitation
IPSL-CM5A-LR,rcp60,2010,MAM,1,pr 50mm,Precipitation
IPSL-CM5A-LR,rcp60,2011,MAM,1,pr 50mm,Precipitation
IPSL-CM5A-LR,rcp60,2012,MAM,1,pr 50mm,Precipitation
IPSL-CM5A-LR,rcp60,2014,MAM,1,pr 50mm,Precipitation
IPSL-CM5A-LR,rcp60,2017,MAM,1,pr 50mm,Precipitation
IPSL-CM5A-LR,rcp60,2019,MAM,3,pr 50mm,Precipitation
IPSL-CM5A-LR,rcp60,2020,MAM,2,pr 50mm,Precipitation
IPSL-CM5A-LR,rcp60,2021,MAM,2,pr 50mm,Precipitation
IPSL-CM5A-LR,rcp60,2023,MAM,1,pr 50mm,Precipitation
IPSL-CM5A-LR,rcp60,2024,MAM,2,pr 50mm,Precipitation
IPSL-CM5A-LR,rcp60,2026,MAM,2,pr 50mm,Precipitation
IPSL-CM5A-LR,rcp60,2027,MAM,2,pr 50mm,Precipitation
IPSL-CM5A-LR,rcp60,2028,MAM,1,pr 50mm,Precipitation
IPSL-CM5A-LR,rcp60,2029,MAM,4,pr 50mm,Precipitation
IPSL-CM5A-LR,rcp60,2031,MAM,1,pr 50mm,Precipitation
IPSL-CM5A-LR,rcp60,2032,MAM,1,pr 50mm,Precipitation
IPSL-CM5A-LR,rcp60,2033,MAM,1,pr 50mm,Precipitation
IPSL-CM5A-LR,rcp60,2034,MAM,3,pr 50mm,Precipitation
IPSL-CM5A-LR,rcp60,2035,MAM,4,pr 50mm,Precipitation
IPSL-CM5A-LR,rcp60,2036,MAM,2,pr 50mm,Precipitation
IPSL-CM5A-MR,rcp60,2007,MAM,1,pr 50mm,Precipitation
IPSL-CM5A-MR,rcp60,2008,MAM,1,pr 50mm,Precipitation
IPSL-CM5A-MR,rcp60,2009,MAM,3,pr 50mm,Precipitation
IPSL-CM5A-MR,rcp60,2010,MAM,1,pr 50mm,Precipitation
IPSL-CM5A-MR,rcp60,2012,MAM,1,pr 50mm,Precipitation
IPSL-CM5A-MR,rcp60,2013,MAM,1,pr 50mm,Precipitation
IPSL-CM5A-MR,rcp60,2014,MAM,1,pr 50mm,Precipitation
IPSL-CM5A-MR,rcp60,2017,MAM,1,pr 50mm,Precipitation
IPSL-CM5A-MR,rcp60,2020,MAM,1,pr 50mm,Precipitation
IPSL-CM5A-MR,rcp60,2021,MAM,3,pr 50mm,Precipitation
IPSL-CM5A-MR,rcp60,2025,MAM,2,pr 50mm,Precipitation
IPSL-CM5A-MR,rcp60,2029,MAM,1,pr 50mm,Precipitation
IPSL-CM5A-MR,rcp60,2030,MAM,2,pr 50mm,Precipitation
IPSL-CM5A-MR,rcp60,2031,MAM,1,pr 50mm,Precipitation
IPSL-CM5A-MR,rcp60,2033,MAM,3,pr 50mm,Precipitation
IPSL-CM5A-MR,rcp60,2035,MAM,1,pr 50mm,Precipitation
MIROC-ESM,rcp60,2008,MAM,1,pr 50mm,Precipitation
MIROC-ESM,rcp60,2009,MAM,1,pr 50mm,Precipitation
MIROC-ESM,rcp60,2011,MAM,2,pr 50mm,Precipitation
MIROC-ESM,rcp60,2012,MAM,1,pr 50mm,Precipitation
MIROC-ESM,rcp60,2015,MAM,1,pr 50mm,Precipitation
MIROC-ESM,rcp60,2016,MAM,5,pr 50mm,Precipitation
MIROC-ESM,rcp60,2019,MAM,1,pr 50mm,Precipitation
MIROC-ESM,rcp60,2021,MAM,1,pr 50mm,Precipitation
MIROC-ESM,rcp60,2022,MAM,4,pr 50mm,Precipitation
MIROC-ESM,rcp60,2024,MAM,1,pr 50mm,Precipitation
MIROC-ESM,rcp60,2025,MAM,4,pr 50mm,Precipitation
MIROC-ESM,rcp60,2026,MAM,1,pr 50mm,Precipitation
MIROC-ESM,rcp60,2027,MAM,3,pr 50mm,Precipitation
MIROC-ESM,rcp60,2028,MAM,1,pr 50mm,Precipitation
MIROC-ESM,rcp60,2029,MAM,1,pr 50mm,Precipitation
MIROC-ESM,rcp60,2033,MAM,2,pr 50mm,Precipitation
MIROC-ESM,rcp60,2035,MAM,1,pr 50mm,Precipitation
MIROC-ESM,rcp60,2036,MAM,5,pr 50mm,Precipitation
MIROC-ESM-CHEM,rcp60,2006,MAM,2,pr 50mm,Precipitation
MIROC-ESM-CHEM,rcp60,2009,MAM,1,pr 50mm,Precipitation
MIROC-ESM-CHEM,rcp60,2010,MAM,1,pr 50mm,Precipitation
MIROC-ESM-CHEM,rcp60,2012,MAM,1,pr 50mm,Precipitation
MIROC-ESM-CHEM,rcp60,2013,MAM,4,pr 50mm,Precipitation
MIROC-ESM-CHEM,rcp60,2014,MAM,1,pr 50mm,Precipitation
MIROC-ESM-CHEM,rcp60,2017,MAM,1,pr 50mm,Precipitation
MIROC-ESM-CHEM,rcp60,2019,MAM,2,pr 50mm,Precipitation
MIROC-ESM-CHEM,rcp60,2020,MAM,3,pr 50mm,Precipitation
MIROC-ESM-CHEM,rcp60,2023,MAM,2,pr 50mm,Precipitation
MIROC-ESM-CHEM,rcp60,2025,MAM,2,pr 50mm,Precipitation
MIROC-ESM-CHEM,rcp60,2028,MAM,1,pr 50mm,Precipitation
MIROC-ESM-CHEM,rcp60,2029,MAM,1,pr 50mm,Precipitation
MIROC-ESM-CHEM,rcp60,2030,MAM,2,pr 50mm,Precipitation
MIROC-ESM-CHEM,rcp60,2031,MAM,1,pr 50mm,Precipitation
MIROC-ESM-CHEM,rcp60,2033,MAM,5,pr 50mm,Precipitation
MIROC-ESM-CHEM,rcp60,2035,MAM,1,pr 50mm,Precipitation
MIROC-ESM-CHEM,rcp60,2036,MAM,1,pr 50mm,Precipitation
MIROC5,rcp60,2006,MAM,1,pr 50mm,Precipitation
MIROC5,rcp60,2009,MAM,2,pr 50mm,Precipitation
MIROC5,rcp60,2011,MAM,1,pr 50mm,Precipitation
MIROC5,rcp60,2012,MAM,1,pr 50mm,Precipitation
MIROC5,rcp60,2014,MAM,5,pr 50mm,Precipitation
MIROC5,rcp60,2020,MAM,1,pr 50mm,Precipitation
MIROC5,rcp60,2022,MAM,4,pr 50mm,Precipitation
MIROC5,rcp60,2023,MAM,1,pr 50mm,Precipitation
MIROC5,rcp60,2024,MAM,3,pr 50mm,Precipitation
MIROC5,rcp60,2025,MAM,2,pr 50mm,Precipitation
MIROC5,rcp60,2026,MAM,1,pr 50mm,Precipitation
MIROC5,rcp60,2027,MAM,3,pr 50mm,Precipitation
MIROC5,rcp60,2028,MAM,1,pr 50mm,Precipitation
MIROC5,rcp60,2029,MAM,3,pr 50mm,Precipitation
MIROC5,rcp60,2030,MAM,1,pr 50mm,Precipitation
MIROC5,rcp60,2031,MAM,1,pr 50mm,Precipitation
MIROC5,rcp60,2033,MAM,2,pr 50mm,Precipitation
MIROC5,rcp60,2034,MAM,4,pr 50mm,Precipitation
MIROC5,rcp60,2036,MAM,2,pr 50mm,Precipitation
MRI-CGCM3,rcp60,2006,MAM,3,pr 50mm,Precipitation
MRI-CGCM3,rcp60,2008,MAM,1,pr 50mm,Precipitation
MRI-CGCM3,rcp60,2009,MAM,1,pr 50mm,Precipitation
MRI-CGCM3,rcp60,2010,MAM,2,pr 50mm,Precipitation
MRI-CGCM3,rcp60,2015,MAM,1,pr 50mm,Precipitation
MRI-CGCM3,rcp60,2016,MAM,3,pr 50mm,Precipitation
MRI-CGCM3,rcp60,2018,MAM,2,pr 50mm,Precipitation
MRI-CGCM3,rcp60,2020,MAM,1,pr 50mm,Precipitation
MRI-CGCM3,rcp60,2022,MAM,2,pr 50mm,Precipitation
MRI-CGCM3,rcp60,2023,MAM,2,pr 50mm,Precipitation
MRI-CGCM3,rcp60,2026,MAM,2,pr 50mm,Precipitation
MRI-CGCM3,rcp60,2027,MAM,2,pr 50mm,Precipitation
MRI-CGCM3,rcp60,2028,MAM,1,pr 50mm,Precipitation
MRI-CGCM3,rcp60,2030,MAM,2,pr 50mm,Precipitation
MRI-CGCM3,rcp60,2031,MAM,1,pr 50mm,Precipitation
MRI-CGCM3,rcp60,2032,MAM,2,pr 50mm,Precipitation
MRI-CGCM3,rcp60,2036,MAM,2,pr 50mm,Precipitation
NorESM1-M,rcp60,2008,MAM,1,pr 50mm,Precipitation
NorESM1-M,rcp60,2012,MAM,1,pr 50mm,Precipitation
NorESM1-M,rcp60,2013,MAM,1,pr 50mm,Precipitation
NorESM1-M,rcp60,2018,MAM,4,pr 50mm,Precipitation
NorESM1-M,rcp60,2020,MAM,3,pr 50mm,Precipitation
NorESM1-M,rcp60,2023,MAM,2,pr 50mm,Precipitation
NorESM1-M,rcp60,2024,MAM,5,pr 50mm,Precipitation
NorESM1-M,rcp60,2026,MAM,3,pr 50mm,Precipitation
NorESM1-M,rcp60,2029,MAM,2,pr 50mm,Precipitation
NorESM1-M,rcp60,2030,MAM,5,pr 50mm,Precipitation
NorESM1-M,rcp60,2033,MAM,1,pr 50mm,Precipitation
bcc-csm1-1,rcp60,2006,MAM,2,pr 50mm,Precipitation
bcc-csm1-1,rcp60,2007,MAM,1,pr 50mm,Precipitation
bcc-csm1-1,rcp60,2008,MAM,2,pr 50mm,Precipitation
bcc-csm1-1,rcp60,2010,MAM,1,pr 50mm,Precipitation
bcc-csm1-1,rcp60,2011,MAM,4,pr 50mm,Precipitation
bcc-csm1-1,rcp60,2013,MAM,1,pr 50mm,Precipitation
bcc-csm1-1,rcp60,2014,MAM,2,pr 50mm,Precipitation
bcc-csm1-1,rcp60,2015,MAM,1,pr 50mm,Precipitation
bcc-csm1-1,rcp60,2016,MAM,3,pr 50mm,Precipitation
bcc-csm1-1,rcp60,2017,MAM,1,pr 50mm,Precipitation
bcc-csm1-1,rcp60,2018,MAM,2,pr 50mm,Precipitation
bcc-csm1-1,rcp60,2019,MAM,1,pr 50mm,Precipitation
bcc-csm1-1,rcp60,2020,MAM,1,pr 50mm,Precipitation
bcc-csm1-1,rcp60,2021,MAM,1,pr 50mm,Precipitation
bcc-csm1-1,rcp60,2022,MAM,1,pr 50mm,Precipitation
bcc-csm1-1,rcp60,2024,MAM,1,pr 50mm,Precipitation
bcc-csm1-1,rcp60,2025,MAM,6,pr 50mm,Precipitation
bcc-csm1-1,rcp60,2026,MAM,1,pr 50mm,Precipitation
bcc-csm1-1,rcp60,2027,MAM,1,pr 50mm,Precipitation
bcc-csm1-1,rcp60,2028,MAM,1,pr 50mm,Precipitation
bcc-csm1-1,rcp60,2030,MAM,1,pr 50mm,Precipitation
bcc-csm1-1,rcp60,2031,MAM,1,pr 50mm,Precipitation
bcc-csm1-1,rcp60,2032,MAM,2,pr 50mm,Precipitation
bcc-csm1-1,rcp60,2033,MAM,1,pr 50mm,Precipitation
bcc-csm1-1,rcp60,2034,MAM,1,pr 50mm,Precipitation
bcc-csm1-1,rcp60,2035,MAM,1,pr 50mm,Precipitation
bcc-csm1-1,rcp60,2036,MAM,3,pr 50mm,Precipitation
bcc-csm1-1-m,rcp60,2007,MAM,1,pr 50mm,Precipitation
bcc-csm1-1-m,rcp60,2010,MAM,2,pr 50mm,Precipitation
bcc-csm1-1-m,rcp60,2013,MAM,1,pr 50mm,Precipitation
bcc-csm1-1-m,rcp60,2018,MAM,1,pr 50mm,Precipitation
bcc-csm1-1-m,rcp60,2020,MAM,1,pr 50mm,Precipitation
bcc-csm1-1-m,rcp60,2025,MAM,1,pr 50mm,Precipitation
bcc-csm1-1-m,rcp60,2028,MAM,1,pr 50mm,Precipitation
CCSM4,rcp60,2006,SON,1,pr 50mm,Precipitation
CCSM4,rcp60,2007,SON,4,pr 50mm,Precipitation
CCSM4,rcp60,2008,SON,5,pr 50mm,Precipitation
CCSM4,rcp60,2009,SON,4,pr 50mm,Precipitation
CCSM4,rcp60,2010,SON,6,pr 50mm,Precipitation
CCSM4,rcp60,2011,SON,4,pr 50mm,Precipitation
CCSM4,rcp60,2012,SON,2,pr 50mm,Precipitation
CCSM4,rcp60,2013,SON,5,pr 50mm,Precipitation
CCSM4,rcp60,2014,SON,2,pr 50mm,Precipitation
CCSM4,rcp60,2015,SON,1,pr 50mm,Precipitation
CCSM4,rcp60,2016,SON,8,pr 50mm,Precipitation
CCSM4,rcp60,2017,SON,5,pr 50mm,Precipitation
CCSM4,rcp60,2018,SON,2,pr 50mm,Precipitation
CCSM4,rcp60,2020,SON,8,pr 50mm,Precipitation
CCSM4,rcp60,2021,SON,5,pr 50mm,Precipitation
CCSM4,rcp60,2023,SON,6,pr 50mm,Precipitation
CCSM4,rcp60,2025,SON,4,pr 50mm,Precipitation
CCSM4,rcp60,2026,SON,6,pr 50mm,Precipitation
CCSM4,rcp60,2028,SON,1,pr 50mm,Precipitation
CCSM4,rcp60,2030,SON,3,pr 50mm,Precipitation
CCSM4,rcp60,2031,SON,4,pr 50mm,Precipitation
CCSM4,rcp60,2033,SON,3,pr 50mm,Precipitation
CCSM4,rcp60,2035,SON,2,pr 50mm,Precipitation
CCSM4,rcp60,2036,SON,3,pr 50mm,Precipitation
CESM1-CAM5,rcp60,2006,SON,5,pr 50mm,Precipitation
CESM1-CAM5,rcp60,2007,SON,3,pr 50mm,Precipitation
CESM1-CAM5,rcp60,2008,SON,4,pr 50mm,Precipitation
CESM1-CAM5,rcp60,2010,SON,9,pr 50mm,Precipitation
CESM1-CAM5,rcp60,2011,SON,4,pr 50mm,Precipitation
CESM1-CAM5,rcp60,2012,SON,3,pr 50mm,Precipitation
CESM1-CAM5,rcp60,2013,SON,2,pr 50mm,Precipitation
CESM1-CAM5,rcp60,2014,SON,3,pr 50mm,Precipitation
CESM1-CAM5,rcp60,2015,SON,2,pr 50mm,Precipitation
CESM1-CAM5,rcp60,2016,SON,3,pr 50mm,Precipitation
CESM1-CAM5,rcp60,2017,SON,2,pr 50mm,Precipitation
CESM1-CAM5,rcp60,2018,SON,9,pr 50mm,Precipitation
CESM1-CAM5,rcp60,2020,SON,3,pr 50mm,Precipitation
CESM1-CAM5,rcp60,2021,SON,5,pr 50mm,Precipitation
CESM1-CAM5,rcp60,2022,SON,1,pr 50mm,Precipitation
CESM1-CAM5,rcp60,2023,SON,3,pr 50mm,Precipitation
CESM1-CAM5,rcp60,2024,SON,3,pr 50mm,Precipitation
CESM1-CAM5,rcp60,2025,SON,3,pr 50mm,Precipitation
CESM1-CAM5,rcp60,2026,SON,2,pr 50mm,Precipitation
CESM1-CAM5,rcp60,2027,SON,5,pr 50mm,Precipitation
CESM1-CAM5,rcp60,2028,SON,6,pr 50mm,Precipitation
CESM1-CAM5,rcp60,2029,SON,3,pr 50mm,Precipitation
CESM1-CAM5,rcp60,2030,SON,5,pr 50mm,Precipitation
CESM1-CAM5,rcp60,2032,SON,4,pr 50mm,Precipitation
CESM1-CAM5,rcp60,2033,SON,1,pr 50mm,Precipitation
CESM1-CAM5,rcp60,2034,SON,2,pr 50mm,Precipitation
CESM1-CAM5,rcp60,2035,SON,1,pr 50mm,Precipitation
CESM1-CAM5,rcp60,2036,SON,2,pr 50mm,Precipitation
CSIRO-Mk3-6-0,rcp60,2007,SON,6,pr 50mm,Precipitation
CSIRO-Mk3-6-0,rcp60,2008,SON,3,pr 50mm,Precipitation
CSIRO-Mk3-6-0,rcp60,2009,SON,4,pr 50mm,Precipitation
CSIRO-Mk3-6-0,rcp60,2010,SON,3,pr 50mm,Precipitation
CSIRO-Mk3-6-0,rcp60,2011,SON,7,pr 50mm,Precipitation
CSIRO-Mk3-6-0,rcp60,2012,SON,3,pr 50mm,Precipitation
CSIRO-Mk3-6-0,rcp60,2013,SON,8,pr 50mm,Precipitation
CSIRO-Mk3-6-0,rcp60,2014,SON,2,pr 50mm,Precipitation
CSIRO-Mk3-6-0,rcp60,2015,SON,2,pr 50mm,Precipitation
CSIRO-Mk3-6-0,rcp60,2017,SON,4,pr 50mm,Precipitation
CSIRO-Mk3-6-0,rcp60,2018,SON,2,pr 50mm,Precipitation
CSIRO-Mk3-6-0,rcp60,2020,SON,3,pr 50mm,Precipitation
CSIRO-Mk3-6-0,rcp60,2023,SON,5,pr 50mm,Precipitation
CSIRO-Mk3-6-0,rcp60,2024,SON,5,pr 50mm,Precipitation
CSIRO-Mk3-6-0,rcp60,2025,SON,2,pr 50mm,Precipitation
CSIRO-Mk3-6-0,rcp60,2026,SON,2,pr 50mm,Precipitation
CSIRO-Mk3-6-0,rcp60,2027,SON,3,pr 50mm,Precipitation
CSIRO-Mk3-6-0,rcp60,2028,SON,5,pr 50mm,Precipitation
CSIRO-Mk3-6-0,rcp60,2029,SON,3,pr 50mm,Precipitation
CSIRO-Mk3-6-0,rcp60,2030,SON,3,pr 50mm,Precipitation
CSIRO-Mk3-6-0,rcp60,2031,SON,4,pr 50mm,Precipitation
CSIRO-Mk3-6-0,rcp60,2032,SON,1,pr 50mm,Precipitation
CSIRO-Mk3-6-0,rcp60,2033,SON,3,pr 50mm,Precipitation
CSIRO-Mk3-6-0,rcp60,2034,SON,1,pr 50mm,Precipitation
CSIRO-Mk3-6-0,rcp60,2035,SON,5,pr 50mm,Precipitation
GFDL-CM3,rcp60,2006,SON,3,pr 50mm,Precipitation
GFDL-CM3,rcp60,2007,SON,4,pr 50mm,Precipitation
GFDL-CM3,rcp60,2008,SON,5,pr 50mm,Precipitation
GFDL-CM3,rcp60,2010,SON,1,pr 50mm,Precipitation
GFDL-CM3,rcp60,2011,SON,1,pr 50mm,Precipitation
GFDL-CM3,rcp60,2012,SON,3,pr 50mm,Precipitation
GFDL-CM3,rcp60,2013,SON,3,pr 50mm,Precipitation
GFDL-CM3,rcp60,2014,SON,3,pr 50mm,Precipitation
GFDL-CM3,rcp60,2015,SON,2,pr 50mm,Precipitation
GFDL-CM3,rcp60,2018,SON,2,pr 50mm,Precipitation
GFDL-CM3,rcp60,2019,SON,3,pr 50mm,Precipitation
GFDL-CM3,rcp60,2021,SON,2,pr 50mm,Precipitation
GFDL-CM3,rcp60,2022,SON,7,pr 50mm,Precipitation
GFDL-CM3,rcp60,2023,SON,3,pr 50mm,Precipitation
GFDL-CM3,rcp60,2026,SON,3,pr 50mm,Precipitation
GFDL-CM3,rcp60,2027,SON,5,pr 50mm,Precipitation
GFDL-CM3,rcp60,2028,SON,2,pr 50mm,Precipitation
GFDL-CM3,rcp60,2029,SON,3,pr 50mm,Precipitation
GFDL-CM3,rcp60,2030,SON,3,pr 50mm,Precipitation
GFDL-CM3,rcp60,2031,SON,11,pr 50mm,Precipitation
GFDL-CM3,rcp60,2035,SON,2,pr 50mm,Precipitation
GFDL-ESM2G,rcp60,2006,SON,16,pr 50mm,Precipitation
GFDL-ESM2G,rcp60,2008,SON,7,pr 50mm,Precipitation
GFDL-ESM2G,rcp60,2009,SON,1,pr 50mm,Precipitation
GFDL-ESM2G,rcp60,2010,SON,14,pr 50mm,Precipitation
GFDL-ESM2G,rcp60,2011,SON,10,pr 50mm,Precipitation
GFDL-ESM2G,rcp60,2012,SON,2,pr 50mm,Precipitation
GFDL-ESM2G,rcp60,2014,SON,6,pr 50mm,Precipitation
GFDL-ESM2G,rcp60,2017,SON,9,pr 50mm,Precipitation
GFDL-ESM2G,rcp60,2018,SON,6,pr 50mm,Precipitation
GFDL-ESM2G,rcp60,2019,SON,1,pr 50mm,Precipitation
GFDL-ESM2G,rcp60,2021,SON,5,pr 50mm,Precipitation
GFDL-ESM2G,rcp60,2023,SON,4,pr 50mm,Precipitation
GFDL-ESM2G,rcp60,2024,SON,4,pr 50mm,Precipitation
GFDL-ESM2G,rcp60,2025,SON,3,pr 50mm,Precipitation
GFDL-ESM2G,rcp60,2026,SON,1,pr 50mm,Precipitation
GFDL-ESM2G,rcp60,2027,SON,3,pr 50mm,Precipitation
GFDL-ESM2G,rcp60,2028,SON,3,pr 50mm,Precipitation
GFDL-ESM2G,rcp60,2029,SON,3,pr 50mm,Precipitation
GFDL-ESM2G,rcp60,2030,SON,6,pr 50mm,Precipitation
GFDL-ESM2G,rcp60,2031,SON,3,pr 50mm,Precipitation
GFDL-ESM2G,rcp60,2032,SON,3,pr 50mm,Precipitation
GFDL-ESM2G,rcp60,2033,SON,1,pr 50mm,Precipitation
GFDL-ESM2G,rcp60,2034,SON,2,pr 50mm,Precipitation
GFDL-ESM2G,rcp60,2036,SON,7,pr 50mm,Precipitation
GFDL-ESM2M,rcp60,2006,SON,1,pr 50mm,Precipitation
GFDL-ESM2M,rcp60,2007,SON,5,pr 50mm,Precipitation
GFDL-ESM2M,rcp60,2008,SON,7,pr 50mm,Precipitation
GFDL-ESM2M,rcp60,2009,SON,3,pr 50mm,Precipitation
GFDL-ESM2M,rcp60,2011,SON,1,pr 50mm,Precipitation
GFDL-ESM2M,rcp60,2012,SON,4,pr 50mm,Precipitation
GFDL-ESM2M,rcp60,2013,SON,7,pr 50mm,Precipitation
GFDL-ESM2M,rcp60,2014,SON,5,pr 50mm,Precipitation
GFDL-ESM2M,rcp60,2017,SON,12,pr 50mm,Precipitation
GFDL-ESM2M,rcp60,2019,SON,10,pr 50mm,Precipitation
GFDL-ESM2M,rcp60,2020,SON,4,pr 50mm,Precipitation
GFDL-ESM2M,rcp60,2021,SON,3,pr 50mm,Precipitation
GFDL-ESM2M,rcp60,2022,SON,3,pr 50mm,Precipitation
GFDL-ESM2M,rcp60,2023,SON,3,pr 50mm,Precipitation
GFDL-ESM2M,rcp60,2024,SON,5,pr 50mm,Precipitation
GFDL-ESM2M,rcp60,2025,SON,3,pr 50mm,Precipitation
GFDL-ESM2M,rcp60,2026,SON,4,pr 50mm,Precipitation
GFDL-ESM2M,rcp60,2027,SON,3,pr 50mm,Precipitation
GFDL-ESM2M,rcp60,2028,SON,2,pr 50mm,Precipitation
GFDL-ESM2M,rcp60,2031,SON,1,pr 50mm,Precipitation
GFDL-ESM2M,rcp60,2034,SON,2,pr 50mm,Precipitation
GFDL-ESM2M,rcp60,2035,SON,12,pr 50mm,Precipitation
GFDL-ESM2M,rcp60,2036,SON,1,pr 50mm,Precipitation
IPSL-CM5A-LR,rcp60,2006,SON,2,pr 50mm,Precipitation
IPSL-CM5A-LR,rcp60,2007,SON,1,pr 50mm,Precipitation
IPSL-CM5A-LR,rcp60,2008,SON,1,pr 50mm,Precipitation
IPSL-CM5A-LR,rcp60,2011,SON,3,pr 50mm,Precipitation
IPSL-CM5A-LR,rcp60,2012,SON,4,pr 50mm,Precipitation
IPSL-CM5A-LR,rcp60,2013,SON,10,pr 50mm,Precipitation
IPSL-CM5A-LR,rcp60,2014,SON,3,pr 50mm,Precipitation
IPSL-CM5A-LR,rcp60,2015,SON,2,pr 50mm,Precipitation
IPSL-CM5A-LR,rcp60,2017,SON,3,pr 50mm,Precipitation
IPSL-CM5A-LR,rcp60,2018,SON,1,pr 50mm,Precipitation
IPSL-CM5A-LR,rcp60,2020,SON,3,pr 50mm,Precipitation
IPSL-CM5A-LR,rcp60,2021,SON,12,pr 50mm,Precipitation
IPSL-CM5A-LR,rcp60,2022,SON,4,pr 50mm,Precipitation
IPSL-CM5A-LR,rcp60,2023,SON,6,pr 50mm,Precipitation
IPSL-CM5A-LR,rcp60,2026,SON,3,pr 50mm,Precipitation
IPSL-CM5A-LR,rcp60,2028,SON,2,pr 50mm,Precipitation
IPSL-CM5A-LR,rcp60,2031,SON,4,pr 50mm,Precipitation
IPSL-CM5A-LR,rcp60,2032,SON,3,pr 50mm,Precipitation
IPSL-CM5A-LR,rcp60,2033,SON,2,pr 50mm,Precipitation
IPSL-CM5A-LR,rcp60,2034,SON,5,pr 50mm,Precipitation
IPSL-CM5A-LR,rcp60,2036,SON,1,pr 50mm,Precipitation
IPSL-CM5A-MR,rcp60,2006,SON,11,pr 50mm,Precipitation
IPSL-CM5A-MR,rcp60,2007,SON,4,pr 50mm,Precipitation
IPSL-CM5A-MR,rcp60,2009,SON,4,pr 50mm,Precipitation
IPSL-CM5A-MR,rcp60,2010,SON,1,pr 50mm,Precipitation
IPSL-CM5A-MR,rcp60,2011,SON,2,pr 50mm,Precipitation
IPSL-CM5A-MR,rcp60,2012,SON,9,pr 50mm,Precipitation
IPSL-CM5A-MR,rcp60,2013,SON,11,pr 50mm,Precipitation
IPSL-CM5A-MR,rcp60,2014,SON,2,pr 50mm,Precipitation
IPSL-CM5A-MR,rcp60,2015,SON,2,pr 50mm,Precipitation
IPSL-CM5A-MR,rcp60,2016,SON,4,pr 50mm,Precipitation
IPSL-CM5A-MR,rcp60,2017,SON,5,pr 50mm,Precipitation
IPSL-CM5A-MR,rcp60,2023,SON,11,pr 50mm,Precipitation
IPSL-CM5A-MR,rcp60,2024,SON,7,pr 50mm,Precipitation
IPSL-CM5A-MR,rcp60,2025,SON,2,pr 50mm,Precipitation
IPSL-CM5A-MR,rcp60,2026,SON,4,pr 50mm,Precipitation
IPSL-CM5A-MR,rcp60,2027,SON,5,pr 50mm,Precipitation
IPSL-CM5A-MR,rcp60,2028,SON,3,pr 50mm,Precipitation
IPSL-CM5A-MR,rcp60,2029,SON,1,pr 50mm,Precipitation
IPSL-CM5A-MR,rcp60,2030,SON,2,pr 50mm,Precipitation
IPSL-CM5A-MR,rcp60,2032,SON,2,pr 50mm,Precipitation
IPSL-CM5A-MR,rcp60,2033,SON,2,pr 50mm,Precipitation
IPSL-CM5A-MR,rcp60,2034,SON,2,pr 50mm,Precipitation
IPSL-CM5A-MR,rcp60,2035,SON,2,pr 50mm,Precipitation
IPSL-CM5A-MR,rcp60,2036,SON,12,pr 50mm,Precipitation
MIROC-ESM,rcp60,2006,SON,3,pr 50mm,Precipitation
MIROC-ESM,rcp60,2007,SON,2,pr 50mm,Precipitation
MIROC-ESM,rcp60,2009,SON,6,pr 50mm,Precipitation
MIROC-ESM,rcp60,2010,SON,3,pr 50mm,Precipitation
MIROC-ESM,rcp60,2012,SON,4,pr 50mm,Precipitation
MIROC-ESM,rcp60,2013,SON,4,pr 50mm,Precipitation
MIROC-ESM,rcp60,2015,SON,4,pr 50mm,Precipitation
MIROC-ESM,rcp60,2016,SON,2,pr 50mm,Precipitation
MIROC-ESM,rcp60,2017,SON,5,pr 50mm,Precipitation
MIROC-ESM,rcp60,2019,SON,1,pr 50mm,Precipitation
MIROC-ESM,rcp60,2020,SON,2,pr 50mm,Precipitation
MIROC-ESM,rcp60,2021,SON,3,pr 50mm,Precipitation
MIROC-ESM,rcp60,2022,SON,5,pr 50mm,Precipitation
MIROC-ESM,rcp60,2023,SON,8,pr 50mm,Precipitation
MIROC-ESM,rcp60,2027,SON,4,pr 50mm,Precipitation
MIROC-ESM,rcp60,2028,SON,4,pr 50mm,Precipitation
MIROC-ESM,rcp60,2030,SON,7,pr 50mm,Precipitation
MIROC-ESM,rcp60,2031,SON,5,pr 50mm,Precipitation
MIROC-ESM,rcp60,2032,SON,2,pr 50mm,Precipitation
MIROC-ESM,rcp60,2033,SON,6,pr 50mm,Precipitation
MIROC-ESM,rcp60,2034,SON,1,pr 50mm,Precipitation
MIROC-ESM,rcp60,2035,SON,6,pr 50mm,Precipitation
MIROC-ESM,rcp60,2036,SON,4,pr 50mm,Precipitation
MIROC-ESM-CHEM,rcp60,2006,SON,5,pr 50mm,Precipitation
MIROC-ESM-CHEM,rcp60,2007,SON,4,pr 50mm,Precipitation
MIROC-ESM-CHEM,rcp60,2008,SON,1,pr 50mm,Precipitation
MIROC-ESM-CHEM,rcp60,2009,SON,1,pr 50mm,Precipitation
MIROC-ESM-CHEM,rcp60,2010,SON,6,pr 50mm,Precipitation
MIROC-ESM-CHEM,rcp60,2011,SON,3,pr 50mm,Precipitation
MIROC-ESM-CHEM,rcp60,2012,SON,6,pr 50mm,Precipitation
MIROC-ESM-CHEM,rcp60,2013,SON,3,pr 50mm,Precipitation
MIROC-ESM-CHEM,rcp60,2014,SON,1,pr 50mm,Precipitation
MIROC-ESM-CHEM,rcp60,2016,SON,2,pr 50mm,Precipitation
MIROC-ESM-CHEM,rcp60,2017,SON,3,pr 50mm,Precipitation
MIROC-ESM-CHEM,rcp60,2018,SON,7,pr 50mm,Precipitation
MIROC-ESM-CHEM,rcp60,2019,SON,2,pr 50mm,Precipitation
MIROC-ESM-CHEM,rcp60,2020,SON,1,pr 50mm,Precipitation
MIROC-ESM-CHEM,rcp60,2021,SON,3,pr 50mm,Precipitation
MIROC-ESM-CHEM,rcp60,2022,SON,10,pr 50mm,Precipitation
MIROC-ESM-CHEM,rcp60,2023,SON,2,pr 50mm,Precipitation
MIROC-ESM-CHEM,rcp60,2024,SON,7,pr 50mm,Precipitation
MIROC-ESM-CHEM,rcp60,2026,SON,3,pr 50mm,Precipitation
MIROC-ESM-CHEM,rcp60,2027,SON,4,pr 50mm,Precipitation
MIROC-ESM-CHEM,rcp60,2028,SON,1,pr 50mm,Precipitation
MIROC-ESM-CHEM,rcp60,2029,SON,2,pr 50mm,Precipitation
MIROC-ESM-CHEM,rcp60,2030,SON,3,pr 50mm,Precipitation
MIROC-ESM-CHEM,rcp60,2032,SON,1,pr 50mm,Precipitation
MIROC-ESM-CHEM,rcp60,2034,SON,1,pr 50mm,Precipitation
MIROC-ESM-CHEM,rcp60,2035,SON,1,pr 50mm,Precipitation
MIROC-ESM-CHEM,rcp60,2036,SON,3,pr 50mm,Precipitation
MIROC5,rcp60,2006,SON,1,pr 50mm,Precipitation
MIROC5,rcp60,2008,SON,2,pr 50mm,Precipitation
MIROC5,rcp60,2011,SON,3,pr 50mm,Precipitation
MIROC5,rcp60,2014,SON,2,pr 50mm,Precipitation
MIROC5,rcp60,2015,SON,2,pr 50mm,Precipitation
MIROC5,rcp60,2016,SON,7,pr 50mm,Precipitation
MIROC5,rcp60,2017,SON,4,pr 50mm,Precipitation
MIROC5,rcp60,2018,SON,3,pr 50mm,Precipitation
MIROC5,rcp60,2021,SON,1,pr 50mm,Precipitation
MIROC5,rcp60,2022,SON,1,pr 50mm,Precipitation
MIROC5,rcp60,2023,SON,1,pr 50mm,Precipitation
MIROC5,rcp60,2024,SON,2,pr 50mm,Precipitation
MIROC5,rcp60,2025,SON,3,pr 50mm,Precipitation
MIROC5,rcp60,2026,SON,5,pr 50mm,Precipitation
MIROC5,rcp60,2027,SON,9,pr 50mm,Precipitation
MIROC5,rcp60,2028,SON,1,pr 50mm,Precipitation
MIROC5,rcp60,2029,SON,3,pr 50mm,Precipitation
MIROC5,rcp60,2030,SON,6,pr 50mm,Precipitation
MIROC5,rcp60,2031,SON,1,pr 50mm,Precipitation
MIROC5,rcp60,2033,SON,1,pr 50mm,Precipitation
MIROC5,rcp60,2034,SON,5,pr 50mm,Precipitation
MIROC5,rcp60,2036,SON,2,pr 50mm,Precipitation
MRI-CGCM3,rcp60,2006,SON,8,pr 50mm,Precipitation
MRI-CGCM3,rcp60,2007,SON,7,pr 50mm,Precipitation
MRI-CGCM3,rcp60,2008,SON,7,pr 50mm,Precipitation
MRI-CGCM3,rcp60,2010,SON,5,pr 50mm,Precipitation
MRI-CGCM3,rcp60,2011,SON,4,pr 50mm,Precipitation
MRI-CGCM3,rcp60,2012,SON,4,pr 50mm,Precipitation
MRI-CGCM3,rcp60,2013,SON,2,pr 50mm,Precipitation
MRI-CGCM3,rcp60,2014,SON,5,pr 50mm,Precipitation
MRI-CGCM3,rcp60,2015,SON,2,pr 50mm,Precipitation
MRI-CGCM3,rcp60,2017,SON,2,pr 50mm,Precipitation
MRI-CGCM3,rcp60,2018,SON,3,pr 50mm,Precipitation
MRI-CGCM3,rcp60,2019,SON,2,pr 50mm,Precipitation
MRI-CGCM3,rcp60,2022,SON,4,pr 50mm,Precipitation
MRI-CGCM3,rcp60,2023,SON,8,pr 50mm,Precipitation
MRI-CGCM3,rcp60,2024,SON,3,pr 50mm,Precipitation
MRI-CGCM3,rcp60,2025,SON,5,pr 50mm,Precipitation
MRI-CGCM3,rcp60,2026,SON,1,pr 50mm,Precipitation
MRI-CGCM3,rcp60,2027,SON,4,pr 50mm,Precipitation
MRI-CGCM3,rcp60,2028,SON,3,pr 50mm,Precipitation
MRI-CGCM3,rcp60,2029,SON,2,pr 50mm,Precipitation
MRI-CGCM3,rcp60,2030,SON,2,pr 50mm,Precipitation
MRI-CGCM3,rcp60,2031,SON,3,pr 50mm,Precipitation
MRI-CGCM3,rcp60,2033,SON,8,pr 50mm,Precipitation
MRI-CGCM3,rcp60,2034,SON,5,pr 50mm,Precipitation
MRI-CGCM3,rcp60,2035,SON,1,pr 50mm,Precipitation
MRI-CGCM3,rcp60,2036,SON,2,pr 50mm,Precipitation
NorESM1-M,rcp60,2008,SON,5,pr 50mm,Precipitation
NorESM1-M,rcp60,2009,SON,5,pr 50mm,Precipitation
NorESM1-M,rcp60,2010,SON,8,pr 50mm,Precipitation
NorESM1-M,rcp60,2011,SON,3,pr 50mm,Precipitation
NorESM1-M,rcp60,2012,SON,2,pr 50mm,Precipitation
NorESM1-M,rcp60,2013,SON,2,pr 50mm,Precipitation
NorESM1-M,rcp60,2014,SON,7,pr 50mm,Precipitation
NorESM1-M,rcp60,2015,SON,4,pr 50mm,Precipitation
NorESM1-M,rcp60,2016,SON,5,pr 50mm,Precipitation
NorESM1-M,rcp60,2017,SON,3,pr 50mm,Precipitation
NorESM1-M,rcp60,2019,SON,3,pr 50mm,Precipitation
NorESM1-M,rcp60,2020,SON,3,pr 50mm,Precipitation
NorESM1-M,rcp60,2021,SON,1,pr 50mm,Precipitation
NorESM1-M,rcp60,2022,SON,7,pr 50mm,Precipitation
NorESM1-M,rcp60,2023,SON,2,pr 50mm,Precipitation
NorESM1-M,rcp60,2025,SON,3,pr 50mm,Precipitation
NorESM1-M,rcp60,2026,SON,3,pr 50mm,Precipitation
NorESM1-M,rcp60,2027,SON,3,pr 50mm,Precipitation
NorESM1-M,rcp60,2028,SON,2,pr 50mm,Precipitation
NorESM1-M,rcp60,2029,SON,1,pr 50mm,Precipitation
NorESM1-M,rcp60,2030,SON,5,pr 50mm,Precipitation
NorESM1-M,rcp60,2033,SON,5,pr 50mm,Precipitation
NorESM1-M,rcp60,2034,SON,1,pr 50mm,Precipitation
NorESM1-M,rcp60,2036,SON,1,pr 50mm,Precipitation
bcc-csm1-1,rcp60,2007,SON,2,pr 50mm,Precipitation
bcc-csm1-1,rcp60,2008,SON,4,pr 50mm,Precipitation
bcc-csm1-1,rcp60,2009,SON,4,pr 50mm,Precipitation
bcc-csm1-1,rcp60,2010,SON,4,pr 50mm,Precipitation
bcc-csm1-1,rcp60,2011,SON,1,pr 50mm,Precipitation
bcc-csm1-1,rcp60,2013,SON,2,pr 50mm,Precipitation
bcc-csm1-1,rcp60,2014,SON,5,pr 50mm,Precipitation
bcc-csm1-1,rcp60,2015,SON,4,pr 50mm,Precipitation
bcc-csm1-1,rcp60,2016,SON,1,pr 50mm,Precipitation
bcc-csm1-1,rcp60,2017,SON,2,pr 50mm,Precipitation
bcc-csm1-1,rcp60,2018,SON,6,pr 50mm,Precipitation
bcc-csm1-1,rcp60,2019,SON,6,pr 50mm,Precipitation
bcc-csm1-1,rcp60,2020,SON,6,pr 50mm,Precipitation
bcc-csm1-1,rcp60,2021,SON,5,pr 50mm,Precipitation
bcc-csm1-1,rcp60,2023,SON,2,pr 50mm,Precipitation
bcc-csm1-1,rcp60,2024,SON,2,pr 50mm,Precipitation
bcc-csm1-1,rcp60,2025,SON,2,pr 50mm,Precipitation
bcc-csm1-1,rcp60,2026,SON,2,pr 50mm,Precipitation
bcc-csm1-1,rcp60,2027,SON,4,pr 50mm,Precipitation
bcc-csm1-1,rcp60,2028,SON,2,pr 50mm,Precipitation
bcc-csm1-1,rcp60,2029,SON,1,pr 50mm,Precipitation
bcc-csm1-1,rcp60,2030,SON,3,pr 50mm,Precipitation
bcc-csm1-1,rcp60,2031,SON,4,pr 50mm,Precipitation
bcc-csm1-1,rcp60,2033,SON,1,pr 50mm,Precipitation
bcc-csm1-1,rcp60,2034,SON,4,pr 50mm,Precipitation
bcc-csm1-1,rcp60,2035,SON,3,pr 50mm,Precipitation
bcc-csm1-1,rcp60,2036,SON,6,pr 50mm,Precipitation
bcc-csm1-1-m,rcp60,2006,SON,4,pr 50mm,Precipitation
bcc-csm1-1-m,rcp60,2007,SON,1,pr 50mm,Precipitation
bcc-csm1-1-m,rcp60,2008,SON,4,pr 50mm,Precipitation
bcc-csm1-1-m,rcp60,2009,SON,2,pr 50mm,Precipitation
bcc-csm1-1-m,rcp60,2010,SON,4,pr 50mm,Precipitation
bcc-csm1-1-m,rcp60,2011,SON,3,pr 50mm,Precipitation
bcc-csm1-1-m,rcp60,2012,SON,3,pr 50mm,Precipitation
bcc-csm1-1-m,rcp60,2013,SON,2,pr 50mm,Precipitation
bcc-csm1-1-m,rcp60,2014,SON,3,pr 50mm,Precipitation
bcc-csm1-1-m,rcp60,2015,SON,1,pr 50mm,Precipitation
bcc-csm1-1-m,rcp60,2016,SON,1,pr 50mm,Precipitation
bcc-csm1-1-m,rcp60,2018,SON,2,pr 50mm,Precipitation
bcc-csm1-1-m,rcp60,2019,SON,3,pr 50mm,Precipitation
bcc-csm1-1-m,rcp60,2021,SON,5,pr 50mm,Precipitation
bcc-csm1-1-m,rcp60,2023,SON,3,pr 50mm,Precipitation
bcc-csm1-1-m,rcp60,2026,SON,4,pr 50mm,Precipitation
bcc-csm1-1-m,rcp60,2028,SON,1,pr 50mm,Precipitation
bcc-csm1-1-m,rcp60,2029,SON,2,pr 50mm,Precipitation
bcc-csm1-1-m,rcp60,2030,SON,1,pr 50mm,Precipitation
bcc-csm1-1-m,rcp60,2031,SON,1,pr 50mm,Precipitation
bcc-csm1-1-m,rcp60,2032,SON,5,pr 50mm,Precipitation
bcc-csm1-1-m,rcp60,2033,SON,3,pr 50mm,Precipitation
bcc-csm1-1-m,rcp60,2034,SON,2,pr 50mm,Precipitation
bcc-csm1-1-m,rcp60,2035,SON,2,pr 50mm,Precipitation
bcc-csm1-1-m,rcp60,2036,SON,2,pr 50mm,Precipitation
ACCESS1-0,rcp85,2006,DJF,2,pr 50mm,Precipitation
ACCESS1-0,rcp85,2011,DJF,1,pr 50mm,Precipitation
ACCESS1-0,rcp85,2013,DJF,1,pr 50mm,Precipitation
ACCESS1-0,rcp85,2015,DJF,1,pr 50mm,Precipitation
ACCESS1-0,rcp85,2017,DJF,1,pr 50mm,Precipitation
ACCESS1-0,rcp85,2021,DJF,1,pr 50mm,Precipitation
ACCESS1-0,rcp85,2024,DJF,1,pr 50mm,Precipitation
ACCESS1-0,rcp85,2026,DJF,1,pr 50mm,Precipitation
ACCESS1-0,rcp85,2029,DJF,2,pr 50mm,Precipitation
ACCESS1-0,rcp85,2032,DJF,1,pr 50mm,Precipitation
ACCESS1-0,rcp85,2034,DJF,1,pr 50mm,Precipitation
ACCESS1-3,rcp85,2006,DJF,1,pr 50mm,Precipitation
ACCESS1-3,rcp85,2007,DJF,1,pr 50mm,Precipitation
ACCESS1-3,rcp85,2008,DJF,1,pr 50mm,Precipitation
ACCESS1-3,rcp85,2009,DJF,1,pr 50mm,Precipitation
ACCESS1-3,rcp85,2010,DJF,1,pr 50mm,Precipitation
ACCESS1-3,rcp85,2014,DJF,1,pr 50mm,Precipitation
ACCESS1-3,rcp85,2018,DJF,1,pr 50mm,Precipitation
ACCESS1-3,rcp85,2019,DJF,1,pr 50mm,Precipitation
ACCESS1-3,rcp85,2022,DJF,2,pr 50mm,Precipitation
ACCESS1-3,rcp85,2024,DJF,2,pr 50mm,Precipitation
ACCESS1-3,rcp85,2031,DJF,2,pr 50mm,Precipitation
ACCESS1-3,rcp85,2032,DJF,1,pr 50mm,Precipitation
ACCESS1-3,rcp85,2033,DJF,2,pr 50mm,Precipitation
ACCESS1-3,rcp85,2036,DJF,1,pr 50mm,Precipitation
BNU-ESM,rcp85,2011,DJF,1,pr 50mm,Precipitation
BNU-ESM,rcp85,2013,DJF,1,pr 50mm,Precipitation
BNU-ESM,rcp85,2015,DJF,1,pr 50mm,Precipitation
BNU-ESM,rcp85,2018,DJF,1,pr 50mm,Precipitation
BNU-ESM,rcp85,2019,DJF,2,pr 50mm,Precipitation
BNU-ESM,rcp85,2021,DJF,2,pr 50mm,Precipitation
BNU-ESM,rcp85,2030,DJF,1,pr 50mm,Precipitation
BNU-ESM,rcp85,2032,DJF,1,pr 50mm,Precipitation
CCSM4,rcp85,2007,DJF,1,pr 50mm,Precipitation
CCSM4,rcp85,2008,DJF,1,pr 50mm,Precipitation
CCSM4,rcp85,2011,DJF,1,pr 50mm,Precipitation
CCSM4,rcp85,2012,DJF,1,pr 50mm,Precipitation
CCSM4,rcp85,2019,DJF,1,pr 50mm,Precipitation
CCSM4,rcp85,2026,DJF,1,pr 50mm,Precipitation
CESM1-BGC,rcp85,2006,DJF,1,pr 50mm,Precipitation
CESM1-BGC,rcp85,2011,DJF,1,pr 50mm,Precipitation
CESM1-BGC,rcp85,2013,DJF,1,pr 50mm,Precipitation
CESM1-BGC,rcp85,2016,DJF,1,pr 50mm,Precipitation
CESM1-BGC,rcp85,2017,DJF,1,pr 50mm,Precipitation
CESM1-BGC,rcp85,2021,DJF,1,pr 50mm,Precipitation
CESM1-BGC,rcp85,2024,DJF,1,pr 50mm,Precipitation
CESM1-BGC,rcp85,2026,DJF,1,pr 50mm,Precipitation
CESM1-BGC,rcp85,2029,DJF,2,pr 50mm,Precipitation
CESM1-BGC,rcp85,2030,DJF,1,pr 50mm,Precipitation
CESM1-CAM5,rcp85,2017,DJF,1,pr 50mm,Precipitation
CESM1-CAM5,rcp85,2019,DJF,1,pr 50mm,Precipitation
CESM1-CAM5,rcp85,2022,DJF,1,pr 50mm,Precipitation
CESM1-CAM5,rcp85,2023,DJF,2,pr 50mm,Precipitation
CESM1-CAM5,rcp85,2028,DJF,1,pr 50mm,Precipitation
CESM1-CAM5,rcp85,2031,DJF,2,pr 50mm,Precipitation
CESM1-CAM5,rcp85,2035,DJF,2,pr 50mm,Precipitation
CMCC-CESM,rcp85,2010,DJF,2,pr 50mm,Precipitation
CMCC-CESM,rcp85,2011,DJF,1,pr 50mm,Precipitation
CMCC-CESM,rcp85,2012,DJF,1,pr 50mm,Precipitation
CMCC-CESM,rcp85,2013,DJF,2,pr 50mm,Precipitation
CMCC-CESM,rcp85,2014,DJF,3,pr 50mm,Precipitation
CMCC-CESM,rcp85,2027,DJF,2,pr 50mm,Precipitation
CMCC-CESM,rcp85,2028,DJF,1,pr 50mm,Precipitation
CMCC-CESM,rcp85,2031,DJF,1,pr 50mm,Precipitation
CMCC-CESM,rcp85,2037,DJF,1,pr 50mm,Precipitation
CMCC-CM,rcp85,2012,DJF,1,pr 50mm,Precipitation
CMCC-CM,rcp85,2015,DJF,2,pr 50mm,Precipitation
CMCC-CM,rcp85,2019,DJF,1,pr 50mm,Precipitation
CMCC-CM,rcp85,2020,DJF,2,pr 50mm,Precipitation
CMCC-CM,rcp85,2024,DJF,1,pr 50mm,Precipitation
CMCC-CM,rcp85,2030,DJF,1,pr 50mm,Precipitation
CMCC-CM,rcp85,2032,DJF,1,pr 50mm,Precipitation
CMCC-CM,rcp85,2033,DJF,2,pr 50mm,Precipitation
CMCC-CM,rcp85,2036,DJF,1,pr 50mm,Precipitation
CMCC-CM,rcp85,2037,DJF,1,pr 50mm,Precipitation
CNRM-CM5,rcp85,2006,DJF,1,pr 50mm,Precipitation
CNRM-CM5,rcp85,2007,DJF,2,pr 50mm,Precipitation
CNRM-CM5,rcp85,2008,DJF,1,pr 50mm,Precipitation
CNRM-CM5,rcp85,2010,DJF,1,pr 50mm,Precipitation
CNRM-CM5,rcp85,2012,DJF,1,pr 50mm,Precipitation
CNRM-CM5,rcp85,2013,DJF,1,pr 50mm,Precipitation
CNRM-CM5,rcp85,2016,DJF,1,pr 50mm,Precipitation
CNRM-CM5,rcp85,2017,DJF,1,pr 50mm,Precipitation
CNRM-CM5,rcp85,2019,DJF,2,pr 50mm,Precipitation
CNRM-CM5,rcp85,2020,DJF,1,pr 50mm,Precipitation
CNRM-CM5,rcp85,2021,DJF,1,pr 50mm,Precipitation
CNRM-CM5,rcp85,2022,DJF,3,pr 50mm,Precipitation
CNRM-CM5,rcp85,2026,DJF,1,pr 50mm,Precipitation
CNRM-CM5,rcp85,2030,DJF,2,pr 50mm,Precipitation
CNRM-CM5,rcp85,2031,DJF,1,pr 50mm,Precipitation
CNRM-CM5,rcp85,2033,DJF,1,pr 50mm,Precipitation
CSIRO-Mk3-6-0,rcp85,2013,DJF,1,pr 50mm,Precipitation
CSIRO-Mk3-6-0,rcp85,2014,DJF,2,pr 50mm,Precipitation
CSIRO-Mk3-6-0,rcp85,2015,DJF,1,pr 50mm,Precipitation
CSIRO-Mk3-6-0,rcp85,2022,DJF,1,pr 50mm,Precipitation
CSIRO-Mk3-6-0,rcp85,2029,DJF,1,pr 50mm,Precipitation
CSIRO-Mk3-6-0,rcp85,2033,DJF,1,pr 50mm,Precipitation
CSIRO-Mk3-6-0,rcp85,2034,DJF,1,pr 50mm,Precipitation
CSIRO-Mk3-6-0,rcp85,2036,DJF,1,pr 50mm,Precipitation
CanESM2,rcp85,2007,DJF,2,pr 50mm,Precipitation
CanESM2,rcp85,2008,DJF,1,pr 50mm,Precipitation
CanESM2,rcp85,2016,DJF,1,pr 50mm,Precipitation
CanESM2,rcp85,2017,DJF,3,pr 50mm,Precipitation
CanESM2,rcp85,2018,DJF,1,pr 50mm,Precipitation
CanESM2,rcp85,2020,DJF,3,pr 50mm,Precipitation
CanESM2,rcp85,2023,DJF,2,pr 50mm,Precipitation
CanESM2,rcp85,2025,DJF,4,pr 50mm,Precipitation
CanESM2,rcp85,2026,DJF,1,pr 50mm,Precipitation
CanESM2,rcp85,2032,DJF,1,pr 50mm,Precipitation
CanESM2,rcp85,2033,DJF,3,pr 50mm,Precipitation
CanESM2,rcp85,2034,DJF,2,pr 50mm,Precipitation
CanESM2,rcp85,2036,DJF,1,pr 50mm,Precipitation
EC-EARTH,rcp85,2009,DJF,3,pr 50mm,Precipitation
EC-EARTH,rcp85,2014,DJF,3,pr 50mm,Precipitation
EC-EARTH,rcp85,2016,DJF,2,pr 50mm,Precipitation
EC-EARTH,rcp85,2020,DJF,1,pr 50mm,Precipitation
EC-EARTH,rcp85,2025,DJF,1,pr 50mm,Precipitation
EC-EARTH,rcp85,2030,DJF,1,pr 50mm,Precipitation
EC-EARTH,rcp85,2031,DJF,1,pr 50mm,Precipitation
EC-EARTH,rcp85,2034,DJF,2,pr 50mm,Precipitation
FGOALS-g2,rcp85,2008,DJF,1,pr 50mm,Precipitation
FGOALS-g2,rcp85,2010,DJF,3,pr 50mm,Precipitation
FGOALS-g2,rcp85,2013,DJF,2,pr 50mm,Precipitation
FGOALS-g2,rcp85,2014,DJF,2,pr 50mm,Precipitation
FGOALS-g2,rcp85,2015,DJF,2,pr 50mm,Precipitation
FGOALS-g2,rcp85,2017,DJF,1,pr 50mm,Precipitation
FGOALS-g2,rcp85,2018,DJF,2,pr 50mm,Precipitation
FGOALS-g2,rcp85,2020,DJF,1,pr 50mm,Precipitation
FGOALS-g2,rcp85,2023,DJF,1,pr 50mm,Precipitation
FGOALS-g2,rcp85,2024,DJF,1,pr 50mm,Precipitation
FGOALS-g2,rcp85,2025,DJF,1,pr 50mm,Precipitation
FGOALS-g2,rcp85,2026,DJF,1,pr 50mm,Precipitation
FGOALS-g2,rcp85,2030,DJF,3,pr 50mm,Precipitation
FGOALS-g2,rcp85,2036,DJF,1,pr 50mm,Precipitation
GFDL-CM3,rcp85,2010,DJF,3,pr 50mm,Precipitation
GFDL-CM3,rcp85,2012,DJF,2,pr 50mm,Precipitation
GFDL-CM3,rcp85,2016,DJF,1,pr 50mm,Precipitation
GFDL-CM3,rcp85,2017,DJF,1,pr 50mm,Precipitation
GFDL-CM3,rcp85,2018,DJF,2,pr 50mm,Precipitation
GFDL-CM3,rcp85,2021,DJF,3,pr 50mm,Precipitation
GFDL-CM3,rcp85,2022,DJF,2,pr 50mm,Precipitation
GFDL-CM3,rcp85,2025,DJF,1,pr 50mm,Precipitation
GFDL-CM3,rcp85,2026,DJF,1,pr 50mm,Precipitation
GFDL-CM3,rcp85,2027,DJF,2,pr 50mm,Precipitation
GFDL-CM3,rcp85,2028,DJF,1,pr 50mm,Precipitation
GFDL-CM3,rcp85,2030,DJF,1,pr 50mm,Precipitation
GFDL-CM3,rcp85,2031,DJF,1,pr 50mm,Precipitation
GFDL-CM3,rcp85,2032,DJF,1,pr 50mm,Precipitation
GFDL-CM3,rcp85,2033,DJF,1,pr 50mm,Precipitation
GFDL-CM3,rcp85,2036,DJF,2,pr 50mm,Precipitation
GFDL-ESM2G,rcp85,2008,DJF,2,pr 50mm,Precipitation
GFDL-ESM2G,rcp85,2009,DJF,1,pr 50mm,Precipitation
GFDL-ESM2G,rcp85,2010,DJF,1,pr 50mm,Precipitation
GFDL-ESM2G,rcp85,2017,DJF,2,pr 50mm,Precipitation
GFDL-ESM2G,rcp85,2021,DJF,1,pr 50mm,Precipitation
GFDL-ESM2G,rcp85,2024,DJF,1,pr 50mm,Precipitation
GFDL-ESM2G,rcp85,2025,DJF,2,pr 50mm,Precipitation
GFDL-ESM2G,rcp85,2029,DJF,1,pr 50mm,Precipitation
GFDL-ESM2G,rcp85,2030,DJF,1,pr 50mm,Precipitation
GFDL-ESM2G,rcp85,2032,DJF,1,pr 50mm,Precipitation
GFDL-ESM2G,rcp85,2033,DJF,1,pr 50mm,Precipitation
GFDL-ESM2G,rcp85,2034,DJF,1,pr 50mm,Precipitation
GFDL-ESM2G,rcp85,2037,DJF,3,pr 50mm,Precipitation
GFDL-ESM2M,rcp85,2007,DJF,1,pr 50mm,Precipitation
GFDL-ESM2M,rcp85,2011,DJF,2,pr 50mm,Precipitation
GFDL-ESM2M,rcp85,2014,DJF,1,pr 50mm,Precipitation
GFDL-ESM2M,rcp85,2017,DJF,1,pr 50mm,Precipitation
GFDL-ESM2M,rcp85,2019,DJF,1,pr 50mm,Precipitation
GFDL-ESM2M,rcp85,2025,DJF,1,pr 50mm,Precipitation
GFDL-ESM2M,rcp85,2029,DJF,1,pr 50mm,Precipitation
GFDL-ESM2M,rcp85,2031,DJF,1,pr 50mm,Precipitation
IPSL-CM5A-LR,rcp85,2006,DJF,1,pr 50mm,Precipitation
IPSL-CM5A-LR,rcp85,2010,DJF,1,pr 50mm,Precipitation
IPSL-CM5A-LR,rcp85,2011,DJF,1,pr 50mm,Precipitation
IPSL-CM5A-LR,rcp85,2014,DJF,1,pr 50mm,Precipitation
IPSL-CM5A-LR,rcp85,2018,DJF,2,pr 50mm,Precipitation
IPSL-CM5A-LR,rcp85,2019,DJF,1,pr 50mm,Precipitation
IPSL-CM5A-LR,rcp85,2021,DJF,1,pr 50mm,Precipitation
IPSL-CM5A-LR,rcp85,2023,DJF,1,pr 50mm,Precipitation
IPSL-CM5A-LR,rcp85,2024,DJF,1,pr 50mm,Precipitation
IPSL-CM5A-LR,rcp85,2028,DJF,2,pr 50mm,Precipitation
IPSL-CM5A-LR,rcp85,2029,DJF,4,pr 50mm,Precipitation
IPSL-CM5A-MR,rcp85,2017,DJF,1,pr 50mm,Precipitation
IPSL-CM5A-MR,rcp85,2019,DJF,1,pr 50mm,Precipitation
IPSL-CM5A-MR,rcp85,2023,DJF,1,pr 50mm,Precipitation
IPSL-CM5A-MR,rcp85,2024,DJF,1,pr 50mm,Precipitation
IPSL-CM5A-MR,rcp85,2026,DJF,1,pr 50mm,Precipitation
IPSL-CM5A-MR,rcp85,2030,DJF,1,pr 50mm,Precipitation
IPSL-CM5A-MR,rcp85,2032,DJF,2,pr 50mm,Precipitation
IPSL-CM5A-MR,rcp85,2033,DJF,1,pr 50mm,Precipitation
IPSL-CM5A-MR,rcp85,2036,DJF,1,pr 50mm,Precipitation
IPSL-CM5B-LR,rcp85,2006,DJF,1,pr 50mm,Precipitation
IPSL-CM5B-LR,rcp85,2008,DJF,1,pr 50mm,Precipitation
IPSL-CM5B-LR,rcp85,2011,DJF,2,pr 50mm,Precipitation
IPSL-CM5B-LR,rcp85,2012,DJF,1,pr 50mm,Precipitation
IPSL-CM5B-LR,rcp85,2013,DJF,1,pr 50mm,Precipitation
IPSL-CM5B-LR,rcp85,2015,DJF,1,pr 50mm,Precipitation
IPSL-CM5B-LR,rcp85,2017,DJF,2,pr 50mm,Precipitation
IPSL-CM5B-LR,rcp85,2019,DJF,1,pr 50mm,Precipitation
IPSL-CM5B-LR,rcp85,2020,DJF,1,pr 50mm,Precipitation
IPSL-CM5B-LR,rcp85,2023,DJF,1,pr 50mm,Precipitation
IPSL-CM5B-LR,rcp85,2030,DJF,1,pr 50mm,Precipitation
IPSL-CM5B-LR,rcp85,2032,DJF,1,pr 50mm,Precipitation
MIROC-ESM,rcp85,2006,DJF,1,pr 50mm,Precipitation
MIROC-ESM,rcp85,2011,DJF,1,pr 50mm,Precipitation
MIROC-ESM,rcp85,2012,DJF,3,pr 50mm,Precipitation
MIROC-ESM,rcp85,2019,DJF,2,pr 50mm,Precipitation
MIROC-ESM,rcp85,2020,DJF,1,pr 50mm,Precipitation
MIROC-ESM,rcp85,2023,DJF,1,pr 50mm,Precipitation
MIROC-ESM,rcp85,2026,DJF,1,pr 50mm,Precipitation
MIROC-ESM,rcp85,2030,DJF,1,pr 50mm,Precipitation
MIROC-ESM,rcp85,2031,DJF,3,pr 50mm,Precipitation
MIROC-ESM,rcp85,2033,DJF,2,pr 50mm,Precipitation
MIROC-ESM,rcp85,2035,DJF,1,pr 50mm,Precipitation
MIROC-ESM,rcp85,2036,DJF,2,pr 50mm,Precipitation
MIROC-ESM,rcp85,2037,DJF,1,pr 50mm,Precipitation
MIROC-ESM-CHEM,rcp85,2007,DJF,2,pr 50mm,Precipitation
MIROC-ESM-CHEM,rcp85,2013,DJF,1,pr 50mm,Precipitation
MIROC-ESM-CHEM,rcp85,2014,DJF,3,pr 50mm,Precipitation
MIROC-ESM-CHEM,rcp85,2017,DJF,1,pr 50mm,Precipitation
MIROC-ESM-CHEM,rcp85,2020,DJF,1,pr 50mm,Precipitation
MIROC-ESM-CHEM,rcp85,2021,DJF,1,pr 50mm,Precipitation
MIROC-ESM-CHEM,rcp85,2024,DJF,1,pr 50mm,Precipitation
MIROC-ESM-CHEM,rcp85,2027,DJF,1,pr 50mm,Precipitation
MIROC-ESM-CHEM,rcp85,2033,DJF,1,pr 50mm,Precipitation
MIROC-ESM-CHEM,rcp85,2034,DJF,1,pr 50mm,Precipitation
MIROC-ESM-CHEM,rcp85,2035,DJF,1,pr 50mm,Precipitation
MIROC5,rcp85,2008,DJF,2,pr 50mm,Precipitation
MIROC5,rcp85,2009,DJF,1,pr 50mm,Precipitation
MIROC5,rcp85,2013,DJF,1,pr 50mm,Precipitation
MIROC5,rcp85,2014,DJF,1,pr 50mm,Precipitation
MIROC5,rcp85,2023,DJF,2,pr 50mm,Precipitation
MIROC5,rcp85,2024,DJF,2,pr 50mm,Precipitation
MIROC5,rcp85,2025,DJF,2,pr 50mm,Precipitation
MIROC5,rcp85,2029,DJF,1,pr 50mm,Precipitation
MIROC5,rcp85,2034,DJF,1,pr 50mm,Precipitation
MIROC5,rcp85,2035,DJF,1,pr 50mm,Precipitation
MPI-ESM-LR,rcp85,2007,DJF,1,pr 50mm,Precipitation
MPI-ESM-LR,rcp85,2009,DJF,2,pr 50mm,Precipitation
MPI-ESM-LR,rcp85,2011,DJF,2,pr 50mm,Precipitation
MPI-ESM-LR,rcp85,2013,DJF,4,pr 50mm,Precipitation
MPI-ESM-LR,rcp85,2014,DJF,1,pr 50mm,Precipitation
MPI-ESM-LR,rcp85,2017,DJF,1,pr 50mm,Precipitation
MPI-ESM-LR,rcp85,2023,DJF,1,pr 50mm,Precipitation
MPI-ESM-LR,rcp85,2024,DJF,1,pr 50mm,Precipitation
MPI-ESM-LR,rcp85,2025,DJF,1,pr 50mm,Precipitation
MPI-ESM-LR,rcp85,2026,DJF,1,pr 50mm,Precipitation
MPI-ESM-LR,rcp85,2027,DJF,1,pr 50mm,Precipitation
MPI-ESM-LR,rcp85,2028,DJF,5,pr 50mm,Precipitation
MPI-ESM-LR,rcp85,2029,DJF,2,pr 50mm,Precipitation
MPI-ESM-LR,rcp85,2034,DJF,2,pr 50mm,Precipitation
MPI-ESM-MR,rcp85,2007,DJF,1,pr 50mm,Precipitation
MPI-ESM-MR,rcp85,2008,DJF,1,pr 50mm,Precipitation
MPI-ESM-MR,rcp85,2010,DJF,2,pr 50mm,Precipitation
MPI-ESM-MR,rcp85,2011,DJF,2,pr 50mm,Precipitation
MPI-ESM-MR,rcp85,2016,DJF,1,pr 50mm,Precipitation
MPI-ESM-MR,rcp85,2018,DJF,1,pr 50mm,Precipitation
MPI-ESM-MR,rcp85,2023,DJF,1,pr 50mm,Precipitation
MPI-ESM-MR,rcp85,2031,DJF,3,pr 50mm,Precipitation
MPI-ESM-MR,rcp85,2034,DJF,1,pr 50mm,Precipitation
MRI-CGCM3,rcp85,2007,DJF,1,pr 50mm,Precipitation
MRI-CGCM3,rcp85,2009,DJF,1,pr 50mm,Precipitation
MRI-CGCM3,rcp85,2010,DJF,2,pr 50mm,Precipitation
MRI-CGCM3,rcp85,2011,DJF,2,pr 50mm,Precipitation
MRI-CGCM3,rcp85,2014,DJF,1,pr 50mm,Precipitation
MRI-CGCM3,rcp85,2017,DJF,1,pr 50mm,Precipitation
MRI-CGCM3,rcp85,2020,DJF,2,pr 50mm,Precipitation
MRI-CGCM3,rcp85,2025,DJF,1,pr 50mm,Precipitation
MRI-CGCM3,rcp85,2026,DJF,1,pr 50mm,Precipitation
MRI-CGCM3,rcp85,2027,DJF,1,pr 50mm,Precipitation
MRI-CGCM3,rcp85,2028,DJF,1,pr 50mm,Precipitation
MRI-CGCM3,rcp85,2029,DJF,1,pr 50mm,Precipitation
MRI-ESM1,rcp85,2006,DJF,1,pr 50mm,Precipitation
MRI-ESM1,rcp85,2010,DJF,1,pr 50mm,Precipitation
MRI-ESM1,rcp85,2011,DJF,2,pr 50mm,Precipitation
MRI-ESM1,rcp85,2013,DJF,1,pr 50mm,Precipitation
MRI-ESM1,rcp85,2014,DJF,1,pr 50mm,Precipitation
MRI-ESM1,rcp85,2016,DJF,1,pr 50mm,Precipitation
MRI-ESM1,rcp85,2017,DJF,1,pr 50mm,Precipitation
MRI-ESM1,rcp85,2019,DJF,1,pr 50mm,Precipitation
MRI-ESM1,rcp85,2027,DJF,2,pr 50mm,Precipitation
MRI-ESM1,rcp85,2032,DJF,1,pr 50mm,Precipitation
MRI-ESM1,rcp85,2033,DJF,1,pr 50mm,Precipitation
MRI-ESM1,rcp85,2036,DJF,1,pr 50mm,Precipitation
NorESM1-M,rcp85,2012,DJF,1,pr 50mm,Precipitation
NorESM1-M,rcp85,2016,DJF,1,pr 50mm,Precipitation
NorESM1-M,rcp85,2020,DJF,3,pr 50mm,Precipitation
NorESM1-M,rcp85,2021,DJF,2,pr 50mm,Precipitation
NorESM1-M,rcp85,2022,DJF,2,pr 50mm,Precipitation
NorESM1-M,rcp85,2025,DJF,1,pr 50mm,Precipitation
NorESM1-M,rcp85,2031,DJF,2,pr 50mm,Precipitation
NorESM1-M,rcp85,2033,DJF,4,pr 50mm,Precipitation
NorESM1-M,rcp85,2036,DJF,2,pr 50mm,Precipitation
bcc-csm1-1,rcp85,2009,DJF,1,pr 50mm,Precipitation
bcc-csm1-1,rcp85,2017,DJF,1,pr 50mm,Precipitation
bcc-csm1-1,rcp85,2019,DJF,1,pr 50mm,Precipitation
bcc-csm1-1,rcp85,2020,DJF,2,pr 50mm,Precipitation
bcc-csm1-1,rcp85,2022,DJF,2,pr 50mm,Precipitation
bcc-csm1-1,rcp85,2028,DJF,1,pr 50mm,Precipitation
bcc-csm1-1,rcp85,2034,DJF,1,pr 50mm,Precipitation
bcc-csm1-1,rcp85,2036,DJF,1,pr 50mm,Precipitation
bcc-csm1-1-m,rcp85,2007,DJF,1,pr 50mm,Precipitation
bcc-csm1-1-m,rcp85,2008,DJF,1,pr 50mm,Precipitation
bcc-csm1-1-m,rcp85,2011,DJF,1,pr 50mm,Precipitation
bcc-csm1-1-m,rcp85,2015,DJF,1,pr 50mm,Precipitation
bcc-csm1-1-m,rcp85,2016,DJF,2,pr 50mm,Precipitation
bcc-csm1-1-m,rcp85,2018,DJF,1,pr 50mm,Precipitation
bcc-csm1-1-m,rcp85,2025,DJF,2,pr 50mm,Precipitation
bcc-csm1-1-m,rcp85,2037,DJF,1,pr 50mm,Precipitation
inmcm4,rcp85,2006,DJF,2,pr 50mm,Precipitation
inmcm4,rcp85,2008,DJF,1,pr 50mm,Precipitation
inmcm4,rcp85,2011,DJF,1,pr 50mm,Precipitation
inmcm4,rcp85,2015,DJF,1,pr 50mm,Precipitation
inmcm4,rcp85,2018,DJF,2,pr 50mm,Precipitation
inmcm4,rcp85,2020,DJF,1,pr 50mm,Precipitation
inmcm4,rcp85,2021,DJF,2,pr 50mm,Precipitation
inmcm4,rcp85,2023,DJF,1,pr 50mm,Precipitation
inmcm4,rcp85,2027,DJF,2,pr 50mm,Precipitation
inmcm4,rcp85,2028,DJF,1,pr 50mm,Precipitation
inmcm4,rcp85,2030,DJF,1,pr 50mm,Precipitation
inmcm4,rcp85,2033,DJF,1,pr 50mm,Precipitation
inmcm4,rcp85,2034,DJF,1,pr 50mm,Precipitation
inmcm4,rcp85,2037,DJF,2,pr 50mm,Precipitation
ACCESS1-0,rcp85,2006,JJA,2,pr 50mm,Precipitation
ACCESS1-0,rcp85,2007,JJA,1,pr 50mm,Precipitation
ACCESS1-0,rcp85,2008,JJA,6,pr 50mm,Precipitation
ACCESS1-0,rcp85,2009,JJA,3,pr 50mm,Precipitation
ACCESS1-0,rcp85,2010,JJA,5,pr 50mm,Precipitation
ACCESS1-0,rcp85,2011,JJA,4,pr 50mm,Precipitation
ACCESS1-0,rcp85,2012,JJA,4,pr 50mm,Precipitation
ACCESS1-0,rcp85,2013,JJA,5,pr 50mm,Precipitation
ACCESS1-0,rcp85,2015,JJA,4,pr 50mm,Precipitation
ACCESS1-0,rcp85,2016,JJA,5,pr 50mm,Precipitation
ACCESS1-0,rcp85,2017,JJA,1,pr 50mm,Precipitation
ACCESS1-0,rcp85,2018,JJA,4,pr 50mm,Precipitation
ACCESS1-0,rcp85,2019,JJA,6,pr 50mm,Precipitation
ACCESS1-0,rcp85,2020,JJA,1,pr 50mm,Precipitation
ACCESS1-0,rcp85,2021,JJA,3,pr 50mm,Precipitation
ACCESS1-0,rcp85,2022,JJA,3,pr 50mm,Precipitation
ACCESS1-0,rcp85,2023,JJA,3,pr 50mm,Precipitation
ACCESS1-0,rcp85,2025,JJA,1,pr 50mm,Precipitation
ACCESS1-0,rcp85,2026,JJA,1,pr 50mm,Precipitation
ACCESS1-0,rcp85,2027,JJA,5,pr 50mm,Precipitation
ACCESS1-0,rcp85,2028,JJA,3,pr 50mm,Precipitation
ACCESS1-0,rcp85,2029,JJA,4,pr 50mm,Precipitation
ACCESS1-0,rcp85,2030,JJA,1,pr 50mm,Precipitation
ACCESS1-0,rcp85,2031,JJA,6,pr 50mm,Precipitation
ACCESS1-0,rcp85,2032,JJA,2,pr 50mm,Precipitation
ACCESS1-0,rcp85,2033,JJA,3,pr 50mm,Precipitation
ACCESS1-0,rcp85,2034,JJA,5,pr 50mm,Precipitation
ACCESS1-0,rcp85,2035,JJA,2,pr 50mm,Precipitation
ACCESS1-0,rcp85,2036,JJA,8,pr 50mm,Precipitation
ACCESS1-3,rcp85,2006,JJA,6,pr 50mm,Precipitation
ACCESS1-3,rcp85,2007,JJA,3,pr 50mm,Precipitation
ACCESS1-3,rcp85,2008,JJA,4,pr 50mm,Precipitation
ACCESS1-3,rcp85,2009,JJA,3,pr 50mm,Precipitation
ACCESS1-3,rcp85,2010,JJA,4,pr 50mm,Precipitation
ACCESS1-3,rcp85,2011,JJA,2,pr 50mm,Precipitation
ACCESS1-3,rcp85,2012,JJA,3,pr 50mm,Precipitation
ACCESS1-3,rcp85,2014,JJA,5,pr 50mm,Precipitation
ACCESS1-3,rcp85,2015,JJA,2,pr 50mm,Precipitation
ACCESS1-3,rcp85,2017,JJA,2,pr 50mm,Precipitation
ACCESS1-3,rcp85,2018,JJA,4,pr 50mm,Precipitation
ACCESS1-3,rcp85,2019,JJA,3,pr 50mm,Precipitation
ACCESS1-3,rcp85,2020,JJA,3,pr 50mm,Precipitation
ACCESS1-3,rcp85,2021,JJA,3,pr 50mm,Precipitation
ACCESS1-3,rcp85,2022,JJA,4,pr 50mm,Precipitation
ACCESS1-3,rcp85,2023,JJA,1,pr 50mm,Precipitation
ACCESS1-3,rcp85,2024,JJA,3,pr 50mm,Precipitation
ACCESS1-3,rcp85,2026,JJA,2,pr 50mm,Precipitation
ACCESS1-3,rcp85,2027,JJA,6,pr 50mm,Precipitation
ACCESS1-3,rcp85,2029,JJA,1,pr 50mm,Precipitation
ACCESS1-3,rcp85,2030,JJA,2,pr 50mm,Precipitation
ACCESS1-3,rcp85,2031,JJA,10,pr 50mm,Precipitation
ACCESS1-3,rcp85,2032,JJA,7,pr 50mm,Precipitation
ACCESS1-3,rcp85,2033,JJA,10,pr 50mm,Precipitation
ACCESS1-3,rcp85,2035,JJA,8,pr 50mm,Precipitation
ACCESS1-3,rcp85,2036,JJA,5,pr 50mm,Precipitation
BNU-ESM,rcp85,2006,JJA,9,pr 50mm,Precipitation
BNU-ESM,rcp85,2007,JJA,4,pr 50mm,Precipitation
BNU-ESM,rcp85,2008,JJA,2,pr 50mm,Precipitation
BNU-ESM,rcp85,2010,JJA,6,pr 50mm,Precipitation
BNU-ESM,rcp85,2011,JJA,3,pr 50mm,Precipitation
BNU-ESM,rcp85,2012,JJA,1,pr 50mm,Precipitation
BNU-ESM,rcp85,2013,JJA,3,pr 50mm,Precipitation
BNU-ESM,rcp85,2014,JJA,13,pr 50mm,Precipitation
BNU-ESM,rcp85,2015,JJA,3,pr 50mm,Precipitation
BNU-ESM,rcp85,2016,JJA,2,pr 50mm,Precipitation
BNU-ESM,rcp85,2018,JJA,1,pr 50mm,Precipitation
BNU-ESM,rcp85,2019,JJA,2,pr 50mm,Precipitation
BNU-ESM,rcp85,2020,JJA,7,pr 50mm,Precipitation
BNU-ESM,rcp85,2023,JJA,2,pr 50mm,Precipitation
BNU-ESM,rcp85,2024,JJA,8,pr 50mm,Precipitation
BNU-ESM,rcp85,2025,JJA,2,pr 50mm,Precipitation
BNU-ESM,rcp85,2026,JJA,3,pr 50mm,Precipitation
BNU-ESM,rcp85,2027,JJA,4,pr 50mm,Precipitation
BNU-ESM,rcp85,2029,JJA,10,pr 50mm,Precipitation
BNU-ESM,rcp85,2030,JJA,5,pr 50mm,Precipitation
BNU-ESM,rcp85,2031,JJA,12,pr 50mm,Precipitation
BNU-ESM,rcp85,2032,JJA,4,pr 50mm,Precipitation
BNU-ESM,rcp85,2033,JJA,4,pr 50mm,Precipitation
BNU-ESM,rcp85,2034,JJA,5,pr 50mm,Precipitation
BNU-ESM,rcp85,2035,JJA,6,pr 50mm,Precipitation
BNU-ESM,rcp85,2036,JJA,10,pr 50mm,Precipitation
CCSM4,rcp85,2006,JJA,2,pr 50mm,Precipitation
CCSM4,rcp85,2007,JJA,4,pr 50mm,Precipitation
CCSM4,rcp85,2008,JJA,5,pr 50mm,Precipitation
CCSM4,rcp85,2009,JJA,5,pr 50mm,Precipitation
CCSM4,rcp85,2011,JJA,3,pr 50mm,Precipitation
CCSM4,rcp85,2012,JJA,7,pr 50mm,Precipitation
CCSM4,rcp85,2013,JJA,7,pr 50mm,Precipitation
CCSM4,rcp85,2014,JJA,4,pr 50mm,Precipitation
CCSM4,rcp85,2015,JJA,2,pr 50mm,Precipitation
CCSM4,rcp85,2016,JJA,4,pr 50mm,Precipitation
CCSM4,rcp85,2017,JJA,2,pr 50mm,Precipitation
CCSM4,rcp85,2018,JJA,2,pr 50mm,Precipitation
CCSM4,rcp85,2019,JJA,1,pr 50mm,Precipitation
CCSM4,rcp85,2020,JJA,1,pr 50mm,Precipitation
CCSM4,rcp85,2021,JJA,8,pr 50mm,Precipitation
CCSM4,rcp85,2022,JJA,6,pr 50mm,Precipitation
CCSM4,rcp85,2023,JJA,3,pr 50mm,Precipitation
CCSM4,rcp85,2024,JJA,2,pr 50mm,Precipitation
CCSM4,rcp85,2025,JJA,2,pr 50mm,Precipitation
CCSM4,rcp85,2026,JJA,1,pr 50mm,Precipitation
CCSM4,rcp85,2027,JJA,1,pr 50mm,Precipitation
CCSM4,rcp85,2028,JJA,3,pr 50mm,Precipitation
CCSM4,rcp85,2029,JJA,5,pr 50mm,Precipitation
CCSM4,rcp85,2030,JJA,2,pr 50mm,Precipitation
CCSM4,rcp85,2031,JJA,3,pr 50mm,Precipitation
CCSM4,rcp85,2032,JJA,8,pr 50mm,Precipitation
CCSM4,rcp85,2033,JJA,4,pr 50mm,Precipitation
CCSM4,rcp85,2034,JJA,2,pr 50mm,Precipitation
CCSM4,rcp85,2035,JJA,6,pr 50mm,Precipitation
CCSM4,rcp85,2036,JJA,6,pr 50mm,Precipitation
CESM1-BGC,rcp85,2006,JJA,3,pr 50mm,Precipitation
CESM1-BGC,rcp85,2007,JJA,5,pr 50mm,Precipitation
CESM1-BGC,rcp85,2008,JJA,9,pr 50mm,Precipitation
CESM1-BGC,rcp85,2009,JJA,2,pr 50mm,Precipitation
CESM1-BGC,rcp85,2010,JJA,2,pr 50mm,Precipitation
CESM1-BGC,rcp85,2011,JJA,5,pr 50mm,Precipitation
CESM1-BGC,rcp85,2012,JJA,3,pr 50mm,Precipitation
CESM1-BGC,rcp85,2013,JJA,2,pr 50mm,Precipitation
CESM1-BGC,rcp85,2014,JJA,3,pr 50mm,Precipitation
CESM1-BGC,rcp85,2015,JJA,1,pr 50mm,Precipitation
CESM1-BGC,rcp85,2016,JJA,4,pr 50mm,Precipitation
CESM1-BGC,rcp85,2017,JJA,3,pr 50mm,Precipitation
CESM1-BGC,rcp85,2018,JJA,3,pr 50mm,Precipitation
CESM1-BGC,rcp85,2019,JJA,5,pr 50mm,Precipitation
CESM1-BGC,rcp85,2020,JJA,2,pr 50mm,Precipitation
CESM1-BGC,rcp85,2021,JJA,2,pr 50mm,Precipitation
CESM1-BGC,rcp85,2022,JJA,4,pr 50mm,Precipitation
CESM1-BGC,rcp85,2023,JJA,6,pr 50mm,Precipitation
CESM1-BGC,rcp85,2024,JJA,2,pr 50mm,Precipitation
CESM1-BGC,rcp85,2026,JJA,5,pr 50mm,Precipitation
CESM1-BGC,rcp85,2027,JJA,1,pr 50mm,Precipitation
CESM1-BGC,rcp85,2028,JJA,1,pr 50mm,Precipitation
CESM1-BGC,rcp85,2029,JJA,5,pr 50mm,Precipitation
CESM1-BGC,rcp85,2030,JJA,5,pr 50mm,Precipitation
CESM1-BGC,rcp85,2031,JJA,3,pr 50mm,Precipitation
CESM1-BGC,rcp85,2032,JJA,9,pr 50mm,Precipitation
CESM1-BGC,rcp85,2033,JJA,2,pr 50mm,Precipitation
CESM1-BGC,rcp85,2034,JJA,5,pr 50mm,Precipitation
CESM1-BGC,rcp85,2035,JJA,3,pr 50mm,Precipitation
CESM1-BGC,rcp85,2036,JJA,3,pr 50mm,Precipitation
CESM1-CAM5,rcp85,2006,JJA,3,pr 50mm,Precipitation
CESM1-CAM5,rcp85,2007,JJA,5,pr 50mm,Precipitation
CESM1-CAM5,rcp85,2008,JJA,4,pr 50mm,Precipitation
CESM1-CAM5,rcp85,2009,JJA,3,pr 50mm,Precipitation
CESM1-CAM5,rcp85,2010,JJA,2,pr 50mm,Precipitation
CESM1-CAM5,rcp85,2012,JJA,5,pr 50mm,Precipitation
CESM1-CAM5,rcp85,2013,JJA,5,pr 50mm,Precipitation
CESM1-CAM5,rcp85,2014,JJA,6,pr 50mm,Precipitation
CESM1-CAM5,rcp85,2015,JJA,1,pr 50mm,Precipitation
CESM1-CAM5,rcp85,2016,JJA,1,pr 50mm,Precipitation
CESM1-CAM5,rcp85,2017,JJA,2,pr 50mm,Precipitation
CESM1-CAM5,rcp85,2019,JJA,2,pr 50mm,Precipitation
CESM1-CAM5,rcp85,2020,JJA,10,pr 50mm,Precipitation
CESM1-CAM5,rcp85,2021,JJA,2,pr 50mm,Precipitation
CESM1-CAM5,rcp85,2022,JJA,1,pr 50mm,Precipitation
CESM1-CAM5,rcp85,2025,JJA,3,pr 50mm,Precipitation
CESM1-CAM5,rcp85,2026,JJA,4,pr 50mm,Precipitation
CESM1-CAM5,rcp85,2027,JJA,5,pr 50mm,Precipitation
CESM1-CAM5,rcp85,2028,JJA,8,pr 50mm,Precipitation
CESM1-CAM5,rcp85,2029,JJA,3,pr 50mm,Precipitation
CESM1-CAM5,rcp85,2030,JJA,8,pr 50mm,Precipitation
CESM1-CAM5,rcp85,2031,JJA,3,pr 50mm,Precipitation
CESM1-CAM5,rcp85,2032,JJA,9,pr 50mm,Precipitation
CESM1-CAM5,rcp85,2033,JJA,2,pr 50mm,Precipitation
CESM1-CAM5,rcp85,2034,JJA,2,pr 50mm,Precipitation
CESM1-CAM5,rcp85,2035,JJA,3,pr 50mm,Precipitation
CESM1-CAM5,rcp85,2036,JJA,3,pr 50mm,Precipitation
CMCC-CESM,rcp85,2006,JJA,5,pr 50mm,Precipitation
CMCC-CESM,rcp85,2007,JJA,8,pr 50mm,Precipitation
CMCC-CESM,rcp85,2009,JJA,8,pr 50mm,Precipitation
CMCC-CESM,rcp85,2010,JJA,5,pr 50mm,Precipitation
CMCC-CESM,rcp85,2011,JJA,7,pr 50mm,Precipitation
CMCC-CESM,rcp85,2012,JJA,2,pr 50mm,Precipitation
CMCC-CESM,rcp85,2013,JJA,13,pr 50mm,Precipitation
CMCC-CESM,rcp85,2014,JJA,9,pr 50mm,Precipitation
CMCC-CESM,rcp85,2015,JJA,9,pr 50mm,Precipitation
CMCC-CESM,rcp85,2016,JJA,1,pr 50mm,Precipitation
CMCC-CESM,rcp85,2017,JJA,4,pr 50mm,Precipitation
CMCC-CESM,rcp85,2018,JJA,9,pr 50mm,Precipitation
CMCC-CESM,rcp85,2019,JJA,2,pr 50mm,Precipitation
CMCC-CESM,rcp85,2020,JJA,4,pr 50mm,Precipitation
CMCC-CESM,rcp85,2021,JJA,5,pr 50mm,Precipitation
CMCC-CESM,rcp85,2022,JJA,5,pr 50mm,Precipitation
CMCC-CESM,rcp85,2023,JJA,8,pr 50mm,Precipitation
CMCC-CESM,rcp85,2024,JJA,6,pr 50mm,Precipitation
CMCC-CESM,rcp85,2025,JJA,5,pr 50mm,Precipitation
CMCC-CESM,rcp85,2026,JJA,5,pr 50mm,Precipitation
CMCC-CESM,rcp85,2027,JJA,9,pr 50mm,Precipitation
CMCC-CESM,rcp85,2028,JJA,7,pr 50mm,Precipitation
CMCC-CESM,rcp85,2029,JJA,7,pr 50mm,Precipitation
CMCC-CESM,rcp85,2030,JJA,4,pr 50mm,Precipitation
CMCC-CESM,rcp85,2032,JJA,9,pr 50mm,Precipitation
CMCC-CESM,rcp85,2033,JJA,4,pr 50mm,Precipitation
CMCC-CESM,rcp85,2034,JJA,7,pr 50mm,Precipitation
CMCC-CESM,rcp85,2036,JJA,2,pr 50mm,Precipitation
CMCC-CM,rcp85,2006,JJA,4,pr 50mm,Precipitation
CMCC-CM,rcp85,2007,JJA,4,pr 50mm,Precipitation
CMCC-CM,rcp85,2008,JJA,3,pr 50mm,Precipitation
CMCC-CM,rcp85,2009,JJA,2,pr 50mm,Precipitation
CMCC-CM,rcp85,2010,JJA,5,pr 50mm,Precipitation
CMCC-CM,rcp85,2011,JJA,4,pr 50mm,Precipitation
CMCC-CM,rcp85,2012,JJA,3,pr 50mm,Precipitation
CMCC-CM,rcp85,2013,JJA,5,pr 50mm,Precipitation
CMCC-CM,rcp85,2014,JJA,3,pr 50mm,Precipitation
CMCC-CM,rcp85,2015,JJA,2,pr 50mm,Precipitation
CMCC-CM,rcp85,2016,JJA,1,pr 50mm,Precipitation
CMCC-CM,rcp85,2017,JJA,4,pr 50mm,Precipitation
CMCC-CM,rcp85,2019,JJA,3,pr 50mm,Precipitation
CMCC-CM,rcp85,2020,JJA,7,pr 50mm,Precipitation
CMCC-CM,rcp85,2021,JJA,2,pr 50mm,Precipitation
CMCC-CM,rcp85,2022,JJA,1,pr 50mm,Precipitation
CMCC-CM,rcp85,2023,JJA,1,pr 50mm,Precipitation
CMCC-CM,rcp85,2025,JJA,1,pr 50mm,Precipitation
CMCC-CM,rcp85,2026,JJA,3,pr 50mm,Precipitation
CMCC-CM,rcp85,2028,JJA,6,pr 50mm,Precipitation
CMCC-CM,rcp85,2029,JJA,3,pr 50mm,Precipitation
CMCC-CM,rcp85,2030,JJA,6,pr 50mm,Precipitation
CMCC-CM,rcp85,2031,JJA,3,pr 50mm,Precipitation
CMCC-CM,rcp85,2032,JJA,3,pr 50mm,Precipitation
CMCC-CM,rcp85,2033,JJA,4,pr 50mm,Precipitation
CMCC-CM,rcp85,2034,JJA,4,pr 50mm,Precipitation
CMCC-CM,rcp85,2035,JJA,6,pr 50mm,Precipitation
CNRM-CM5,rcp85,2006,JJA,9,pr 50mm,Precipitation
CNRM-CM5,rcp85,2007,JJA,1,pr 50mm,Precipitation
CNRM-CM5,rcp85,2008,JJA,3,pr 50mm,Precipitation
CNRM-CM5,rcp85,2009,JJA,2,pr 50mm,Precipitation
CNRM-CM5,rcp85,2010,JJA,3,pr 50mm,Precipitation
CNRM-CM5,rcp85,2011,JJA,9,pr 50mm,Precipitation
CNRM-CM5,rcp85,2012,JJA,5,pr 50mm,Precipitation
CNRM-CM5,rcp85,2014,JJA,1,pr 50mm,Precipitation
CNRM-CM5,rcp85,2015,JJA,1,pr 50mm,Precipitation
CNRM-CM5,rcp85,2016,JJA,1,pr 50mm,Precipitation
CNRM-CM5,rcp85,2017,JJA,2,pr 50mm,Precipitation
CNRM-CM5,rcp85,2018,JJA,1,pr 50mm,Precipitation
CNRM-CM5,rcp85,2019,JJA,4,pr 50mm,Precipitation
CNRM-CM5,rcp85,2020,JJA,4,pr 50mm,Precipitation
CNRM-CM5,rcp85,2021,JJA,5,pr 50mm,Precipitation
CNRM-CM5,rcp85,2022,JJA,4,pr 50mm,Precipitation
CNRM-CM5,rcp85,2023,JJA,1,pr 50mm,Precipitation
CNRM-CM5,rcp85,2024,JJA,9,pr 50mm,Precipitation
CNRM-CM5,rcp85,2025,JJA,2,pr 50mm,Precipitation
CNRM-CM5,rcp85,2026,JJA,3,pr 50mm,Precipitation
CNRM-CM5,rcp85,2027,JJA,1,pr 50mm,Precipitation
CNRM-CM5,rcp85,2028,JJA,3,pr 50mm,Precipitation
CNRM-CM5,rcp85,2029,JJA,1,pr 50mm,Precipitation
CNRM-CM5,rcp85,2030,JJA,2,pr 50mm,Precipitation
CNRM-CM5,rcp85,2033,JJA,1,pr 50mm,Precipitation
CNRM-CM5,rcp85,2034,JJA,5,pr 50mm,Precipitation
CNRM-CM5,rcp85,2035,JJA,2,pr 50mm,Precipitation
CNRM-CM5,rcp85,2036,JJA,1,pr 50mm,Precipitation
CSIRO-Mk3-6-0,rcp85,2006,JJA,1,pr 50mm,Precipitation
CSIRO-Mk3-6-0,rcp85,2007,JJA,2,pr 50mm,Precipitation
CSIRO-Mk3-6-0,rcp85,2008,JJA,4,pr 50mm,Precipitation
CSIRO-Mk3-6-0,rcp85,2009,JJA,4,pr 50mm,Precipitation
CSIRO-Mk3-6-0,rcp85,2010,JJA,2,pr 50mm,Precipitation
CSIRO-Mk3-6-0,rcp85,2011,JJA,4,pr 50mm,Precipitation
CSIRO-Mk3-6-0,rcp85,2013,JJA,1,pr 50mm,Precipitation
CSIRO-Mk3-6-0,rcp85,2014,JJA,3,pr 50mm,Precipitation
CSIRO-Mk3-6-0,rcp85,2016,JJA,5,pr 50mm,Precipitation
CSIRO-Mk3-6-0,rcp85,2018,JJA,5,pr 50mm,Precipitation
CSIRO-Mk3-6-0,rcp85,2019,JJA,3,pr 50mm,Precipitation
CSIRO-Mk3-6-0,rcp85,2020,JJA,5,pr 50mm,Precipitation
CSIRO-Mk3-6-0,rcp85,2021,JJA,3,pr 50mm,Precipitation
CSIRO-Mk3-6-0,rcp85,2022,JJA,7,pr 50mm,Precipitation
CSIRO-Mk3-6-0,rcp85,2023,JJA,2,pr 50mm,Precipitation
CSIRO-Mk3-6-0,rcp85,2024,JJA,2,pr 50mm,Precipitation
CSIRO-Mk3-6-0,rcp85,2025,JJA,1,pr 50mm,Precipitation
CSIRO-Mk3-6-0,rcp85,2026,JJA,2,pr 50mm,Precipitation
CSIRO-Mk3-6-0,rcp85,2027,JJA,3,pr 50mm,Precipitation
CSIRO-Mk3-6-0,rcp85,2028,JJA,4,pr 50mm,Precipitation
CSIRO-Mk3-6-0,rcp85,2029,JJA,4,pr 50mm,Precipitation
CSIRO-Mk3-6-0,rcp85,2030,JJA,2,pr 50mm,Precipitation
CSIRO-Mk3-6-0,rcp85,2031,JJA,7,pr 50mm,Precipitation
CSIRO-Mk3-6-0,rcp85,2032,JJA,4,pr 50mm,Precipitation
CSIRO-Mk3-6-0,rcp85,2033,JJA,2,pr 50mm,Precipitation
CSIRO-Mk3-6-0,rcp85,2035,JJA,7,pr 50mm,Precipitation
CSIRO-Mk3-6-0,rcp85,2036,JJA,3,pr 50mm,Precipitation
CanESM2,rcp85,2006,JJA,9,pr 50mm,Precipitation
CanESM2,rcp85,2007,JJA,2,pr 50mm,Precipitation
CanESM2,rcp85,2008,JJA,7,pr 50mm,Precipitation
CanESM2,rcp85,2009,JJA,4,pr 50mm,Precipitation
CanESM2,rcp85,2010,JJA,2,pr 50mm,Precipitation
CanESM2,rcp85,2011,JJA,5,pr 50mm,Precipitation
CanESM2,rcp85,2012,JJA,2,pr 50mm,Precipitation
CanESM2,rcp85,2013,JJA,4,pr 50mm,Precipitation
CanESM2,rcp85,2014,JJA,5,pr 50mm,Precipitation
CanESM2,rcp85,2015,JJA,4,pr 50mm,Precipitation
CanESM2,rcp85,2016,JJA,3,pr 50mm,Precipitation
CanESM2,rcp85,2017,JJA,3,pr 50mm,Precipitation
CanESM2,rcp85,2018,JJA,5,pr 50mm,Precipitation
CanESM2,rcp85,2019,JJA,5,pr 50mm,Precipitation
CanESM2,rcp85,2020,JJA,3,pr 50mm,Precipitation
CanESM2,rcp85,2021,JJA,1,pr 50mm,Precipitation
CanESM2,rcp85,2022,JJA,3,pr 50mm,Precipitation
CanESM2,rcp85,2023,JJA,7,pr 50mm,Precipitation
CanESM2,rcp85,2024,JJA,5,pr 50mm,Precipitation
CanESM2,rcp85,2025,JJA,6,pr 50mm,Precipitation
CanESM2,rcp85,2026,JJA,4,pr 50mm,Precipitation
CanESM2,rcp85,2027,JJA,7,pr 50mm,Precipitation
CanESM2,rcp85,2028,JJA,5,pr 50mm,Precipitation
CanESM2,rcp85,2029,JJA,4,pr 50mm,Precipitation
CanESM2,rcp85,2030,JJA,5,pr 50mm,Precipitation
CanESM2,rcp85,2031,JJA,1,pr 50mm,Precipitation
CanESM2,rcp85,2032,JJA,5,pr 50mm,Precipitation
CanESM2,rcp85,2033,JJA,4,pr 50mm,Precipitation
CanESM2,rcp85,2034,JJA,5,pr 50mm,Precipitation
CanESM2,rcp85,2035,JJA,1,pr 50mm,Precipitation
CanESM2,rcp85,2036,JJA,6,pr 50mm,Precipitation
EC-EARTH,rcp85,2006,JJA,4,pr 50mm,Precipitation
EC-EARTH,rcp85,2007,JJA,3,pr 50mm,Precipitation
EC-EARTH,rcp85,2008,JJA,4,pr 50mm,Precipitation
EC-EARTH,rcp85,2009,JJA,2,pr 50mm,Precipitation
EC-EARTH,rcp85,2010,JJA,2,pr 50mm,Precipitation
EC-EARTH,rcp85,2011,JJA,2,pr 50mm,Precipitation
EC-EARTH,rcp85,2012,JJA,4,pr 50mm,Precipitation
EC-EARTH,rcp85,2014,JJA,9,pr 50mm,Precipitation
EC-EARTH,rcp85,2015,JJA,9,pr 50mm,Precipitation
EC-EARTH,rcp85,2016,JJA,3,pr 50mm,Precipitation
EC-EARTH,rcp85,2017,JJA,1,pr 50mm,Precipitation
EC-EARTH,rcp85,2018,JJA,1,pr 50mm,Precipitation
EC-EARTH,rcp85,2019,JJA,4,pr 50mm,Precipitation
EC-EARTH,rcp85,2020,JJA,1,pr 50mm,Precipitation
EC-EARTH,rcp85,2021,JJA,4,pr 50mm,Precipitation
EC-EARTH,rcp85,2022,JJA,1,pr 50mm,Precipitation
EC-EARTH,rcp85,2023,JJA,1,pr 50mm,Precipitation
EC-EARTH,rcp85,2025,JJA,7,pr 50mm,Precipitation
EC-EARTH,rcp85,2026,JJA,8,pr 50mm,Precipitation
EC-EARTH,rcp85,2027,JJA,7,pr 50mm,Precipitation
EC-EARTH,rcp85,2028,JJA,4,pr 50mm,Precipitation
EC-EARTH,rcp85,2030,JJA,1,pr 50mm,Precipitation
EC-EARTH,rcp85,2031,JJA,2,pr 50mm,Precipitation
EC-EARTH,rcp85,2033,JJA,2,pr 50mm,Precipitation
EC-EARTH,rcp85,2034,JJA,1,pr 50mm,Precipitation
EC-EARTH,rcp85,2035,JJA,11,pr 50mm,Precipitation
EC-EARTH,rcp85,2036,JJA,7,pr 50mm,Precipitation
FGOALS-g2,rcp85,2006,JJA,1,pr 50mm,Precipitation
FGOALS-g2,rcp85,2007,JJA,2,pr 50mm,Precipitation
FGOALS-g2,rcp85,2008,JJA,1,pr 50mm,Precipitation
FGOALS-g2,rcp85,2009,JJA,3,pr 50mm,Precipitation
FGOALS-g2,rcp85,2010,JJA,5,pr 50mm,Precipitation
FGOALS-g2,rcp85,2011,JJA,8,pr 50mm,Precipitation
FGOALS-g2,rcp85,2012,JJA,5,pr 50mm,Precipitation
FGOALS-g2,rcp85,2013,JJA,3,pr 50mm,Precipitation
FGOALS-g2,rcp85,2014,JJA,5,pr 50mm,Precipitation
FGOALS-g2,rcp85,2015,JJA,4,pr 50mm,Precipitation
FGOALS-g2,rcp85,2016,JJA,1,pr 50mm,Precipitation
FGOALS-g2,rcp85,2017,JJA,7,pr 50mm,Precipitation
FGOALS-g2,rcp85,2018,JJA,5,pr 50mm,Precipitation
FGOALS-g2,rcp85,2019,JJA,2,pr 50mm,Precipitation
FGOALS-g2,rcp85,2020,JJA,6,pr 50mm,Precipitation
FGOALS-g2,rcp85,2021,JJA,5,pr 50mm,Precipitation
FGOALS-g2,rcp85,2022,JJA,8,pr 50mm,Precipitation
FGOALS-g2,rcp85,2023,JJA,3,pr 50mm,Precipitation
FGOALS-g2,rcp85,2024,JJA,3,pr 50mm,Precipitation
FGOALS-g2,rcp85,2025,JJA,3,pr 50mm,Precipitation
FGOALS-g2,rcp85,2026,JJA,3,pr 50mm,Precipitation
FGOALS-g2,rcp85,2027,JJA,4,pr 50mm,Precipitation
FGOALS-g2,rcp85,2028,JJA,1,pr 50mm,Precipitation
FGOALS-g2,rcp85,2029,JJA,3,pr 50mm,Precipitation
FGOALS-g2,rcp85,2030,JJA,1,pr 50mm,Precipitation
FGOALS-g2,rcp85,2031,JJA,2,pr 50mm,Precipitation
FGOALS-g2,rcp85,2032,JJA,2,pr 50mm,Precipitation
FGOALS-g2,rcp85,2033,JJA,4,pr 50mm,Precipitation
FGOALS-g2,rcp85,2034,JJA,3,pr 50mm,Precipitation
FGOALS-g2,rcp85,2035,JJA,12,pr 50mm,Precipitation
FGOALS-g2,rcp85,2036,JJA,4,pr 50mm,Precipitation
GFDL-CM3,rcp85,2006,JJA,4,pr 50mm,Precipitation
GFDL-CM3,rcp85,2007,JJA,1,pr 50mm,Precipitation
GFDL-CM3,rcp85,2008,JJA,4,pr 50mm,Precipitation
GFDL-CM3,rcp85,2009,JJA,2,pr 50mm,Precipitation
GFDL-CM3,rcp85,2012,JJA,3,pr 50mm,Precipitation
GFDL-CM3,rcp85,2013,JJA,3,pr 50mm,Precipitation
GFDL-CM3,rcp85,2014,JJA,1,pr 50mm,Precipitation
GFDL-CM3,rcp85,2015,JJA,1,pr 50mm,Precipitation
GFDL-CM3,rcp85,2016,JJA,2,pr 50mm,Precipitation
GFDL-CM3,rcp85,2017,JJA,3,pr 50mm,Precipitation
GFDL-CM3,rcp85,2018,JJA,4,pr 50mm,Precipitation
GFDL-CM3,rcp85,2019,JJA,8,pr 50mm,Precipitation
GFDL-CM3,rcp85,2020,JJA,7,pr 50mm,Precipitation
GFDL-CM3,rcp85,2021,JJA,1,pr 50mm,Precipitation
GFDL-CM3,rcp85,2022,JJA,1,pr 50mm,Precipitation
GFDL-CM3,rcp85,2023,JJA,2,pr 50mm,Precipitation
GFDL-CM3,rcp85,2024,JJA,3,pr 50mm,Precipitation
GFDL-CM3,rcp85,2025,JJA,2,pr 50mm,Precipitation
GFDL-CM3,rcp85,2026,JJA,6,pr 50mm,Precipitation
GFDL-CM3,rcp85,2027,JJA,1,pr 50mm,Precipitation
GFDL-CM3,rcp85,2028,JJA,4,pr 50mm,Precipitation
GFDL-CM3,rcp85,2029,JJA,6,pr 50mm,Precipitation
GFDL-CM3,rcp85,2030,JJA,5,pr 50mm,Precipitation
GFDL-CM3,rcp85,2031,JJA,4,pr 50mm,Precipitation
GFDL-CM3,rcp85,2032,JJA,6,pr 50mm,Precipitation
GFDL-CM3,rcp85,2033,JJA,3,pr 50mm,Precipitation
GFDL-CM3,rcp85,2034,JJA,7,pr 50mm,Precipitation
GFDL-CM3,rcp85,2035,JJA,3,pr 50mm,Precipitation
GFDL-CM3,rcp85,2036,JJA,7,pr 50mm,Precipitation
GFDL-ESM2G,rcp85,2006,JJA,10,pr 50mm,Precipitation
GFDL-ESM2G,rcp85,2007,JJA,2,pr 50mm,Precipitation
GFDL-ESM2G,rcp85,2008,JJA,4,pr 50mm,Precipitation
GFDL-ESM2G,rcp85,2010,JJA,11,pr 50mm,Precipitation
GFDL-ESM2G,rcp85,2011,JJA,7,pr 50mm,Precipitation
GFDL-ESM2G,rcp85,2012,JJA,7,pr 50mm,Precipitation
GFDL-ESM2G,rcp85,2013,JJA,3,pr 50mm,Precipitation
GFDL-ESM2G,rcp85,2014,JJA,2,pr 50mm,Precipitation
GFDL-ESM2G,rcp85,2015,JJA,2,pr 50mm,Precipitation
GFDL-ESM2G,rcp85,2016,JJA,5,pr 50mm,Precipitation
GFDL-ESM2G,rcp85,2017,JJA,6,pr 50mm,Precipitation
GFDL-ESM2G,rcp85,2018,JJA,2,pr 50mm,Precipitation
GFDL-ESM2G,rcp85,2019,JJA,10,pr 50mm,Precipitation
GFDL-ESM2G,rcp85,2020,JJA,8,pr 50mm,Precipitation
GFDL-ESM2G,rcp85,2022,JJA,5,pr 50mm,Precipitation
GFDL-ESM2G,rcp85,2023,JJA,1,pr 50mm,Precipitation
GFDL-ESM2G,rcp85,2024,JJA,16,pr 50mm,Precipitation
GFDL-ESM2G,rcp85,2025,JJA,8,pr 50mm,Precipitation
GFDL-ESM2G,rcp85,2026,JJA,4,pr 50mm,Precipitation
GFDL-ESM2G,rcp85,2027,JJA,4,pr 50mm,Precipitation
GFDL-ESM2G,rcp85,2028,JJA,9,pr 50mm,Precipitation
GFDL-ESM2G,rcp85,2029,JJA,2,pr 50mm,Precipitation
GFDL-ESM2G,rcp85,2030,JJA,4,pr 50mm,Precipitation
GFDL-ESM2G,rcp85,2031,JJA,7,pr 50mm,Precipitation
GFDL-ESM2G,rcp85,2032,JJA,2,pr 50mm,Precipitation
GFDL-ESM2G,rcp85,2033,JJA,1,pr 50mm,Precipitation
GFDL-ESM2G,rcp85,2034,JJA,4,pr 50mm,Precipitation
GFDL-ESM2G,rcp85,2035,JJA,1,pr 50mm,Precipitation
GFDL-ESM2G,rcp85,2036,JJA,2,pr 50mm,Precipitation
GFDL-ESM2M,rcp85,2006,JJA,3,pr 50mm,Precipitation
GFDL-ESM2M,rcp85,2007,JJA,6,pr 50mm,Precipitation
GFDL-ESM2M,rcp85,2008,JJA,2,pr 50mm,Precipitation
GFDL-ESM2M,rcp85,2009,JJA,7,pr 50mm,Precipitation
GFDL-ESM2M,rcp85,2010,JJA,3,pr 50mm,Precipitation
GFDL-ESM2M,rcp85,2011,JJA,1,pr 50mm,Precipitation
GFDL-ESM2M,rcp85,2012,JJA,1,pr 50mm,Precipitation
GFDL-ESM2M,rcp85,2013,JJA,11,pr 50mm,Precipitation
GFDL-ESM2M,rcp85,2014,JJA,3,pr 50mm,Precipitation
GFDL-ESM2M,rcp85,2015,JJA,2,pr 50mm,Precipitation
GFDL-ESM2M,rcp85,2016,JJA,7,pr 50mm,Precipitation
GFDL-ESM2M,rcp85,2017,JJA,5,pr 50mm,Precipitation
GFDL-ESM2M,rcp85,2018,JJA,1,pr 50mm,Precipitation
GFDL-ESM2M,rcp85,2019,JJA,1,pr 50mm,Precipitation
GFDL-ESM2M,rcp85,2020,JJA,5,pr 50mm,Precipitation
GFDL-ESM2M,rcp85,2021,JJA,9,pr 50mm,Precipitation
GFDL-ESM2M,rcp85,2022,JJA,8,pr 50mm,Precipitation
GFDL-ESM2M,rcp85,2023,JJA,5,pr 50mm,Precipitation
GFDL-ESM2M,rcp85,2025,JJA,11,pr 50mm,Precipitation
GFDL-ESM2M,rcp85,2026,JJA,1,pr 50mm,Precipitation
GFDL-ESM2M,rcp85,2027,JJA,3,pr 50mm,Precipitation
GFDL-ESM2M,rcp85,2028,JJA,5,pr 50mm,Precipitation
GFDL-ESM2M,rcp85,2029,JJA,9,pr 50mm,Precipitation
GFDL-ESM2M,rcp85,2030,JJA,5,pr 50mm,Precipitation
GFDL-ESM2M,rcp85,2031,JJA,8,pr 50mm,Precipitation
GFDL-ESM2M,rcp85,2032,JJA,8,pr 50mm,Precipitation
GFDL-ESM2M,rcp85,2033,JJA,1,pr 50mm,Precipitation
GFDL-ESM2M,rcp85,2034,JJA,2,pr 50mm,Precipitation
GFDL-ESM2M,rcp85,2035,JJA,4,pr 50mm,Precipitation
GFDL-ESM2M,rcp85,2036,JJA,6,pr 50mm,Precipitation
IPSL-CM5A-LR,rcp85,2006,JJA,3,pr 50mm,Precipitation
IPSL-CM5A-LR,rcp85,2011,JJA,1,pr 50mm,Precipitation
IPSL-CM5A-LR,rcp85,2014,JJA,8,pr 50mm,Precipitation
IPSL-CM5A-LR,rcp85,2015,JJA,2,pr 50mm,Precipitation
IPSL-CM5A-LR,rcp85,2016,JJA,6,pr 50mm,Precipitation
IPSL-CM5A-LR,rcp85,2018,JJA,2,pr 50mm,Precipitation
IPSL-CM5A-LR,rcp85,2020,JJA,2,pr 50mm,Precipitation
IPSL-CM5A-LR,rcp85,2021,JJA,8,pr 50mm,Precipitation
IPSL-CM5A-LR,rcp85,2022,JJA,5,pr 50mm,Precipitation
IPSL-CM5A-LR,rcp85,2024,JJA,3,pr 50mm,Precipitation
IPSL-CM5A-LR,rcp85,2026,JJA,5,pr 50mm,Precipitation
IPSL-CM5A-LR,rcp85,2027,JJA,4,pr 50mm,Precipitation
IPSL-CM5A-LR,rcp85,2028,JJA,10,pr 50mm,Precipitation
IPSL-CM5A-LR,rcp85,2029,JJA,2,pr 50mm,Precipitation
IPSL-CM5A-LR,rcp85,2030,JJA,11,pr 50mm,Precipitation
IPSL-CM5A-LR,rcp85,2033,JJA,3,pr 50mm,Precipitation
IPSL-CM5A-LR,rcp85,2034,JJA,6,pr 50mm,Precipitation
IPSL-CM5A-LR,rcp85,2035,JJA,4,pr 50mm,Precipitation
IPSL-CM5A-LR,rcp85,2036,JJA,1,pr 50mm,Precipitation
IPSL-CM5A-MR,rcp85,2006,JJA,5,pr 50mm,Precipitation
IPSL-CM5A-MR,rcp85,2007,JJA,4,pr 50mm,Precipitation
IPSL-CM5A-MR,rcp85,2008,JJA,10,pr 50mm,Precipitation
IPSL-CM5A-MR,rcp85,2009,JJA,5,pr 50mm,Precipitation
IPSL-CM5A-MR,rcp85,2010,JJA,4,pr 50mm,Precipitation
IPSL-CM5A-MR,rcp85,2011,JJA,2,pr 50mm,Precipitation
IPSL-CM5A-MR,rcp85,2012,JJA,3,pr 50mm,Precipitation
IPSL-CM5A-MR,rcp85,2013,JJA,6,pr 50mm,Precipitation
IPSL-CM5A-MR,rcp85,2014,JJA,1,pr 50mm,Precipitation
IPSL-CM5A-MR,rcp85,2015,JJA,6,pr 50mm,Precipitation
IPSL-CM5A-MR,rcp85,2016,JJA,1,pr 50mm,Precipitation
IPSL-CM5A-MR,rcp85,2017,JJA,7,pr 50mm,Precipitation
IPSL-CM5A-MR,rcp85,2018,JJA,1,pr 50mm,Precipitation
IPSL-CM5A-MR,rcp85,2019,JJA,3,pr 50mm,Precipitation
IPSL-CM5A-MR,rcp85,2020,JJA,3,pr 50mm,Precipitation
IPSL-CM5A-MR,rcp85,2021,JJA,6,pr 50mm,Precipitation
IPSL-CM5A-MR,rcp85,2022,JJA,2,pr 50mm,Precipitation
IPSL-CM5A-MR,rcp85,2024,JJA,5,pr 50mm,Precipitation
IPSL-CM5A-MR,rcp85,2025,JJA,4,pr 50mm,Precipitation
IPSL-CM5A-MR,rcp85,2026,JJA,1,pr 50mm,Precipitation
IPSL-CM5A-MR,rcp85,2027,JJA,3,pr 50mm,Precipitation
IPSL-CM5A-MR,rcp85,2028,JJA,3,pr 50mm,Precipitation
IPSL-CM5A-MR,rcp85,2029,JJA,6,pr 50mm,Precipitation
IPSL-CM5A-MR,rcp85,2030,JJA,2,pr 50mm,Precipitation
IPSL-CM5A-MR,rcp85,2031,JJA,1,pr 50mm,Precipitation
IPSL-CM5A-MR,rcp85,2032,JJA,6,pr 50mm,Precipitation
IPSL-CM5A-MR,rcp85,2033,JJA,4,pr 50mm,Precipitation
IPSL-CM5A-MR,rcp85,2034,JJA,6,pr 50mm,Precipitation
IPSL-CM5A-MR,rcp85,2035,JJA,4,pr 50mm,Precipitation
IPSL-CM5B-LR,rcp85,2006,JJA,1,pr 50mm,Precipitation
IPSL-CM5B-LR,rcp85,2008,JJA,2,pr 50mm,Precipitation
IPSL-CM5B-LR,rcp85,2009,JJA,5,pr 50mm,Precipitation
IPSL-CM5B-LR,rcp85,2011,JJA,3,pr 50mm,Precipitation
IPSL-CM5B-LR,rcp85,2013,JJA,6,pr 50mm,Precipitation
IPSL-CM5B-LR,rcp85,2014,JJA,5,pr 50mm,Precipitation
IPSL-CM5B-LR,rcp85,2015,JJA,8,pr 50mm,Precipitation
IPSL-CM5B-LR,rcp85,2016,JJA,10,pr 50mm,Precipitation
IPSL-CM5B-LR,rcp85,2017,JJA,1,pr 50mm,Precipitation
IPSL-CM5B-LR,rcp85,2018,JJA,2,pr 50mm,Precipitation
IPSL-CM5B-LR,rcp85,2019,JJA,5,pr 50mm,Precipitation
IPSL-CM5B-LR,rcp85,2021,JJA,2,pr 50mm,Precipitation
IPSL-CM5B-LR,rcp85,2022,JJA,2,pr 50mm,Precipitation
IPSL-CM5B-LR,rcp85,2023,JJA,2,pr 50mm,Precipitation
IPSL-CM5B-LR,rcp85,2024,JJA,2,pr 50mm,Precipitation
IPSL-CM5B-LR,rcp85,2025,JJA,2,pr 50mm,Precipitation
IPSL-CM5B-LR,rcp85,2026,JJA,3,pr 50mm,Precipitation
IPSL-CM5B-LR,rcp85,2027,JJA,7,pr 50mm,Precipitation
IPSL-CM5B-LR,rcp85,2028,JJA,5,pr 50mm,Precipitation
IPSL-CM5B-LR,rcp85,2029,JJA,3,pr 50mm,Precipitation
IPSL-CM5B-LR,rcp85,2030,JJA,4,pr 50mm,Precipitation
IPSL-CM5B-LR,rcp85,2031,JJA,2,pr 50mm,Precipitation
IPSL-CM5B-LR,rcp85,2032,JJA,4,pr 50mm,Precipitation
IPSL-CM5B-LR,rcp85,2033,JJA,3,pr 50mm,Precipitation
IPSL-CM5B-LR,rcp85,2034,JJA,5,pr 50mm,Precipitation
IPSL-CM5B-LR,rcp85,2035,JJA,1,pr 50mm,Precipitation
IPSL-CM5B-LR,rcp85,2036,JJA,10,pr 50mm,Precipitation
MIROC-ESM,rcp85,2006,JJA,8,pr 50mm,Precipitation
MIROC-ESM,rcp85,2007,JJA,3,pr 50mm,Precipitation
MIROC-ESM,rcp85,2008,JJA,3,pr 50mm,Precipitation
MIROC-ESM,rcp85,2009,JJA,6,pr 50mm,Precipitation
MIROC-ESM,rcp85,2010,JJA,2,pr 50mm,Precipitation
MIROC-ESM,rcp85,2011,JJA,2,pr 50mm,Precipitation
MIROC-ESM,rcp85,2012,JJA,7,pr 50mm,Precipitation
MIROC-ESM,rcp85,2013,JJA,4,pr 50mm,Precipitation
MIROC-ESM,rcp85,2014,JJA,5,pr 50mm,Precipitation
MIROC-ESM,rcp85,2015,JJA,1,pr 50mm,Precipitation
MIROC-ESM,rcp85,2017,JJA,17,pr 50mm,Precipitation
MIROC-ESM,rcp85,2018,JJA,2,pr 50mm,Precipitation
MIROC-ESM,rcp85,2019,JJA,1,pr 50mm,Precipitation
MIROC-ESM,rcp85,2021,JJA,1,pr 50mm,Precipitation
MIROC-ESM,rcp85,2022,JJA,1,pr 50mm,Precipitation
MIROC-ESM,rcp85,2024,JJA,7,pr 50mm,Precipitation
MIROC-ESM,rcp85,2025,JJA,5,pr 50mm,Precipitation
MIROC-ESM,rcp85,2026,JJA,4,pr 50mm,Precipitation
MIROC-ESM,rcp85,2028,JJA,3,pr 50mm,Precipitation
MIROC-ESM,rcp85,2030,JJA,2,pr 50mm,Precipitation
MIROC-ESM,rcp85,2031,JJA,1,pr 50mm,Precipitation
MIROC-ESM,rcp85,2033,JJA,6,pr 50mm,Precipitation
MIROC-ESM,rcp85,2034,JJA,5,pr 50mm,Precipitation
MIROC-ESM,rcp85,2035,JJA,2,pr 50mm,Precipitation
MIROC-ESM,rcp85,2036,JJA,3,pr 50mm,Precipitation
MIROC-ESM-CHEM,rcp85,2007,JJA,3,pr 50mm,Precipitation
MIROC-ESM-CHEM,rcp85,2008,JJA,1,pr 50mm,Precipitation
MIROC-ESM-CHEM,rcp85,2009,JJA,6,pr 50mm,Precipitation
MIROC-ESM-CHEM,rcp85,2012,JJA,1,pr 50mm,Precipitation
MIROC-ESM-CHEM,rcp85,2013,JJA,9,pr 50mm,Precipitation
MIROC-ESM-CHEM,rcp85,2014,JJA,5,pr 50mm,Precipitation
MIROC-ESM-CHEM,rcp85,2015,JJA,1,pr 50mm,Precipitation
MIROC-ESM-CHEM,rcp85,2016,JJA,1,pr 50mm,Precipitation
MIROC-ESM-CHEM,rcp85,2017,JJA,1,pr 50mm,Precipitation
MIROC-ESM-CHEM,rcp85,2018,JJA,4,pr 50mm,Precipitation
MIROC-ESM-CHEM,rcp85,2019,JJA,3,pr 50mm,Precipitation
MIROC-ESM-CHEM,rcp85,2020,JJA,7,pr 50mm,Precipitation
MIROC-ESM-CHEM,rcp85,2021,JJA,4,pr 50mm,Precipitation
MIROC-ESM-CHEM,rcp85,2022,JJA,4,pr 50mm,Precipitation
MIROC-ESM-CHEM,rcp85,2023,JJA,1,pr 50mm,Precipitation
MIROC-ESM-CHEM,rcp85,2024,JJA,1,pr 50mm,Precipitation
MIROC-ESM-CHEM,rcp85,2025,JJA,2,pr 50mm,Precipitation
MIROC-ESM-CHEM,rcp85,2026,JJA,7,pr 50mm,Precipitation
MIROC-ESM-CHEM,rcp85,2029,JJA,5,pr 50mm,Precipitation
MIROC-ESM-CHEM,rcp85,2030,JJA,4,pr 50mm,Precipitation
MIROC-ESM-CHEM,rcp85,2031,JJA,1,pr 50mm,Precipitation
MIROC-ESM-CHEM,rcp85,2032,JJA,5,pr 50mm,Precipitation
MIROC-ESM-CHEM,rcp85,2033,JJA,1,pr 50mm,Precipitation
MIROC-ESM-CHEM,rcp85,2034,JJA,6,pr 50mm,Precipitation
MIROC-ESM-CHEM,rcp85,2035,JJA,6,pr 50mm,Precipitation
MIROC5,rcp85,2006,JJA,3,pr 50mm,Precipitation
MIROC5,rcp85,2007,JJA,9,pr 50mm,Precipitation
MIROC5,rcp85,2008,JJA,11,pr 50mm,Precipitation
MIROC5,rcp85,2009,JJA,3,pr 50mm,Precipitation
MIROC5,rcp85,2010,JJA,4,pr 50mm,Precipitation
MIROC5,rcp85,2011,JJA,1,pr 50mm,Precipitation
MIROC5,rcp85,2012,JJA,4,pr 50mm,Precipitation
MIROC5,rcp85,2013,JJA,6,pr 50mm,Precipitation
MIROC5,rcp85,2014,JJA,5,pr 50mm,Precipitation
MIROC5,rcp85,2015,JJA,6,pr 50mm,Precipitation
MIROC5,rcp85,2016,JJA,1,pr 50mm,Precipitation
MIROC5,rcp85,2017,JJA,4,pr 50mm,Precipitation
MIROC5,rcp85,2018,JJA,2,pr 50mm,Precipitation
MIROC5,rcp85,2019,JJA,3,pr 50mm,Precipitation
MIROC5,rcp85,2020,JJA,1,pr 50mm,Precipitation
MIROC5,rcp85,2021,JJA,5,pr 50mm,Precipitation
MIROC5,rcp85,2022,JJA,5,pr 50mm,Precipitation
MIROC5,rcp85,2023,JJA,6,pr 50mm,Precipitation
MIROC5,rcp85,2024,JJA,5,pr 50mm,Precipitation
MIROC5,rcp85,2025,JJA,6,pr 50mm,Precipitation
MIROC5,rcp85,2026,JJA,6,pr 50mm,Precipitation
MIROC5,rcp85,2027,JJA,4,pr 50mm,Precipitation
MIROC5,rcp85,2028,JJA,8,pr 50mm,Precipitation
MIROC5,rcp85,2029,JJA,10,pr 50mm,Precipitation
MIROC5,rcp85,2030,JJA,6,pr 50mm,Precipitation
MIROC5,rcp85,2031,JJA,4,pr 50mm,Precipitation
MIROC5,rcp85,2033,JJA,9,pr 50mm,Precipitation
MIROC5,rcp85,2034,JJA,3,pr 50mm,Precipitation
MIROC5,rcp85,2035,JJA,7,pr 50mm,Precipitation
MIROC5,rcp85,2036,JJA,20,pr 50mm,Precipitation
MPI-ESM-LR,rcp85,2006,JJA,6,pr 50mm,Precipitation
MPI-ESM-LR,rcp85,2007,JJA,2,pr 50mm,Precipitation
MPI-ESM-LR,rcp85,2008,JJA,6,pr 50mm,Precipitation
MPI-ESM-LR,rcp85,2009,JJA,7,pr 50mm,Precipitation
MPI-ESM-LR,rcp85,2011,JJA,3,pr 50mm,Precipitation
MPI-ESM-LR,rcp85,2012,JJA,3,pr 50mm,Precipitation
MPI-ESM-LR,rcp85,2013,JJA,2,pr 50mm,Precipitation
MPI-ESM-LR,rcp85,2014,JJA,2,pr 50mm,Precipitation
MPI-ESM-LR,rcp85,2016,JJA,6,pr 50mm,Precipitation
MPI-ESM-LR,rcp85,2017,JJA,3,pr 50mm,Precipitation
MPI-ESM-LR,rcp85,2018,JJA,4,pr 50mm,Precipitation
MPI-ESM-LR,rcp85,2019,JJA,1,pr 50mm,Precipitation
MPI-ESM-LR,rcp85,2020,JJA,1,pr 50mm,Precipitation
MPI-ESM-LR,rcp85,2021,JJA,3,pr 50mm,Precipitation
MPI-ESM-LR,rcp85,2022,JJA,3,pr 50mm,Precipitation
MPI-ESM-LR,rcp85,2023,JJA,2,pr 50mm,Precipitation
MPI-ESM-LR,rcp85,2024,JJA,6,pr 50mm,Precipitation
MPI-ESM-LR,rcp85,2025,JJA,1,pr 50mm,Precipitation
MPI-ESM-LR,rcp85,2026,JJA,3,pr 50mm,Precipitation
MPI-ESM-LR,rcp85,2027,JJA,2,pr 50mm,Precipitation
MPI-ESM-LR,rcp85,2028,JJA,1,pr 50mm,Precipitation
MPI-ESM-LR,rcp85,2029,JJA,4,pr 50mm,Precipitation
MPI-ESM-LR,rcp85,2030,JJA,5,pr 50mm,Precipitation
MPI-ESM-LR,rcp85,2031,JJA,3,pr 50mm,Precipitation
MPI-ESM-LR,rcp85,2032,JJA,4,pr 50mm,Precipitation
MPI-ESM-LR,rcp85,2033,JJA,4,pr 50mm,Precipitation
MPI-ESM-LR,rcp85,2034,JJA,7,pr 50mm,Precipitation
MPI-ESM-LR,rcp85,2035,JJA,6,pr 50mm,Precipitation
MPI-ESM-LR,rcp85,2036,JJA,7,pr 50mm,Precipitation
MPI-ESM-MR,rcp85,2006,JJA,11,pr 50mm,Precipitation
MPI-ESM-MR,rcp85,2007,JJA,5,pr 50mm,Precipitation
MPI-ESM-MR,rcp85,2008,JJA,4,pr 50mm,Precipitation
MPI-ESM-MR,rcp85,2009,JJA,6,pr 50mm,Precipitation
MPI-ESM-MR,rcp85,2010,JJA,12,pr 50mm,Precipitation
MPI-ESM-MR,rcp85,2011,JJA,1,pr 50mm,Precipitation
MPI-ESM-MR,rcp85,2012,JJA,3,pr 50mm,Precipitation
MPI-ESM-MR,rcp85,2013,JJA,16,pr 50mm,Precipitation
MPI-ESM-MR,rcp85,2014,JJA,6,pr 50mm,Precipitation
MPI-ESM-MR,rcp85,2016,JJA,3,pr 50mm,Precipitation
MPI-ESM-MR,rcp85,2017,JJA,7,pr 50mm,Precipitation
MPI-ESM-MR,rcp85,2018,JJA,6,pr 50mm,Precipitation
MPI-ESM-MR,rcp85,2019,JJA,3,pr 50mm,Precipitation
MPI-ESM-MR,rcp85,2020,JJA,7,pr 50mm,Precipitation
MPI-ESM-MR,rcp85,2021,JJA,1,pr 50mm,Precipitation
MPI-ESM-MR,rcp85,2022,JJA,6,pr 50mm,Precipitation
MPI-ESM-MR,rcp85,2023,JJA,1,pr 50mm,Precipitation
MPI-ESM-MR,rcp85,2025,JJA,4,pr 50mm,Precipitation
MPI-ESM-MR,rcp85,2026,JJA,1,pr 50mm,Precipitation
MPI-ESM-MR,rcp85,2027,JJA,6,pr 50mm,Precipitation
MPI-ESM-MR,rcp85,2028,JJA,1,pr 50mm,Precipitation
MPI-ESM-MR,rcp85,2029,JJA,1,pr 50mm,Precipitation
MPI-ESM-MR,rcp85,2030,JJA,12,pr 50mm,Precipitation
MPI-ESM-MR,rcp85,2031,JJA,5,pr 50mm,Precipitation
MPI-ESM-MR,rcp85,2032,JJA,2,pr 50mm,Precipitation
MPI-ESM-MR,rcp85,2033,JJA,7,pr 50mm,Precipitation
MPI-ESM-MR,rcp85,2034,JJA,2,pr 50mm,Precipitation
MPI-ESM-MR,rcp85,2035,JJA,1,pr 50mm,Precipitation
MPI-ESM-MR,rcp85,2036,JJA,2,pr 50mm,Precipitation
MRI-CGCM3,rcp85,2006,JJA,2,pr 50mm,Precipitation
MRI-CGCM3,rcp85,2007,JJA,3,pr 50mm,Precipitation
MRI-CGCM3,rcp85,2008,JJA,6,pr 50mm,Precipitation
MRI-CGCM3,rcp85,2009,JJA,4,pr 50mm,Precipitation
MRI-CGCM3,rcp85,2010,JJA,2,pr 50mm,Precipitation
MRI-CGCM3,rcp85,2011,JJA,5,pr 50mm,Precipitation
MRI-CGCM3,rcp85,2012,JJA,7,pr 50mm,Precipitation
MRI-CGCM3,rcp85,2013,JJA,5,pr 50mm,Precipitation
MRI-CGCM3,rcp85,2014,JJA,5,pr 50mm,Precipitation
MRI-CGCM3,rcp85,2016,JJA,1,pr 50mm,Precipitation
MRI-CGCM3,rcp85,2017,JJA,1,pr 50mm,Precipitation
MRI-CGCM3,rcp85,2018,JJA,2,pr 50mm,Precipitation
MRI-CGCM3,rcp85,2019,JJA,2,pr 50mm,Precipitation
MRI-CGCM3,rcp85,2020,JJA,3,pr 50mm,Precipitation
MRI-CGCM3,rcp85,2021,JJA,3,pr 50mm,Precipitation
MRI-CGCM3,rcp85,2022,JJA,5,pr 50mm,Precipitation
MRI-CGCM3,rcp85,2023,JJA,7,pr 50mm,Precipitation
MRI-CGCM3,rcp85,2024,JJA,2,pr 50mm,Precipitation
MRI-CGCM3,rcp85,2025,JJA,3,pr 50mm,Precipitation
MRI-CGCM3,rcp85,2026,JJA,2,pr 50mm,Precipitation
MRI-CGCM3,rcp85,2027,JJA,3,pr 50mm,Precipitation
MRI-CGCM3,rcp85,2028,JJA,1,pr 50mm,Precipitation
MRI-CGCM3,rcp85,2029,JJA,3,pr 50mm,Precipitation
MRI-CGCM3,rcp85,2030,JJA,6,pr 50mm,Precipitation
MRI-CGCM3,rcp85,2031,JJA,3,pr 50mm,Precipitation
MRI-CGCM3,rcp85,2032,JJA,3,pr 50mm,Precipitation
MRI-CGCM3,rcp85,2033,JJA,11,pr 50mm,Precipitation
MRI-CGCM3,rcp85,2034,JJA,2,pr 50mm,Precipitation
MRI-CGCM3,rcp85,2035,JJA,4,pr 50mm,Precipitation
MRI-CGCM3,rcp85,2036,JJA,2,pr 50mm,Precipitation
MRI-ESM1,rcp85,2007,JJA,1,pr 50mm,Precipitation
MRI-ESM1,rcp85,2008,JJA,4,pr 50mm,Precipitation
MRI-ESM1,rcp85,2009,JJA,7,pr 50mm,Precipitation
MRI-ESM1,rcp85,2010,JJA,4,pr 50mm,Precipitation
MRI-ESM1,rcp85,2011,JJA,1,pr 50mm,Precipitation
MRI-ESM1,rcp85,2012,JJA,6,pr 50mm,Precipitation
MRI-ESM1,rcp85,2013,JJA,4,pr 50mm,Precipitation
MRI-ESM1,rcp85,2014,JJA,3,pr 50mm,Precipitation
MRI-ESM1,rcp85,2015,JJA,2,pr 50mm,Precipitation
MRI-ESM1,rcp85,2017,JJA,1,pr 50mm,Precipitation
MRI-ESM1,rcp85,2018,JJA,3,pr 50mm,Precipitation
MRI-ESM1,rcp85,2019,JJA,5,pr 50mm,Precipitation
MRI-ESM1,rcp85,2020,JJA,4,pr 50mm,Precipitation
MRI-ESM1,rcp85,2021,JJA,3,pr 50mm,Precipitation
MRI-ESM1,rcp85,2022,JJA,8,pr 50mm,Precipitation
MRI-ESM1,rcp85,2023,JJA,5,pr 50mm,Precipitation
MRI-ESM1,rcp85,2024,JJA,4,pr 50mm,Precipitation
MRI-ESM1,rcp85,2025,JJA,5,pr 50mm,Precipitation
MRI-ESM1,rcp85,2026,JJA,4,pr 50mm,Precipitation
MRI-ESM1,rcp85,2027,JJA,3,pr 50mm,Precipitation
MRI-ESM1,rcp85,2028,JJA,6,pr 50mm,Precipitation
MRI-ESM1,rcp85,2029,JJA,4,pr 50mm,Precipitation
MRI-ESM1,rcp85,2031,JJA,1,pr 50mm,Precipitation
MRI-ESM1,rcp85,2032,JJA,2,pr 50mm,Precipitation
MRI-ESM1,rcp85,2033,JJA,9,pr 50mm,Precipitation
MRI-ESM1,rcp85,2034,JJA,4,pr 50mm,Precipitation
MRI-ESM1,rcp85,2035,JJA,3,pr 50mm,Precipitation
MRI-ESM1,rcp85,2036,JJA,3,pr 50mm,Precipitation
NorESM1-M,rcp85,2007,JJA,8,pr 50mm,Precipitation
NorESM1-M,rcp85,2008,JJA,9,pr 50mm,Precipitation
NorESM1-M,rcp85,2009,JJA,11,pr 50mm,Precipitation
NorESM1-M,rcp85,2010,JJA,5,pr 50mm,Precipitation
NorESM1-M,rcp85,2011,JJA,2,pr 50mm,Precipitation
NorESM1-M,rcp85,2012,JJA,2,pr 50mm,Precipitation
NorESM1-M,rcp85,2013,JJA,7,pr 50mm,Precipitation
NorESM1-M,rcp85,2015,JJA,5,pr 50mm,Precipitation
NorESM1-M,rcp85,2016,JJA,6,pr 50mm,Precipitation
NorESM1-M,rcp85,2017,JJA,4,pr 50mm,Precipitation
NorESM1-M,rcp85,2018,JJA,11,pr 50mm,Precipitation
NorESM1-M,rcp85,2019,JJA,1,pr 50mm,Precipitation
NorESM1-M,rcp85,2020,JJA,2,pr 50mm,Precipitation
NorESM1-M,rcp85,2021,JJA,5,pr 50mm,Precipitation
NorESM1-M,rcp85,2022,JJA,2,pr 50mm,Precipitation
NorESM1-M,rcp85,2023,JJA,8,pr 50mm,Precipitation
NorESM1-M,rcp85,2024,JJA,10,pr 50mm,Precipitation
NorESM1-M,rcp85,2025,JJA,9,pr 50mm,Precipitation
NorESM1-M,rcp85,2026,JJA,12,pr 50mm,Precipitation
NorESM1-M,rcp85,2027,JJA,8,pr 50mm,Precipitation
NorESM1-M,rcp85,2028,JJA,1,pr 50mm,Precipitation
NorESM1-M,rcp85,2029,JJA,12,pr 50mm,Precipitation
NorESM1-M,rcp85,2030,JJA,1,pr 50mm,Precipitation
NorESM1-M,rcp85,2031,JJA,4,pr 50mm,Precipitation
NorESM1-M,rcp85,2032,JJA,5,pr 50mm,Precipitation
NorESM1-M,rcp85,2033,JJA,4,pr 50mm,Precipitation
NorESM1-M,rcp85,2034,JJA,5,pr 50mm,Precipitation
NorESM1-M,rcp85,2035,JJA,9,pr 50mm,Precipitation
NorESM1-M,rcp85,2036,JJA,10,pr 50mm,Precipitation
bcc-csm1-1,rcp85,2006,JJA,5,pr 50mm,Precipitation
bcc-csm1-1,rcp85,2007,JJA,1,pr 50mm,Precipitation
bcc-csm1-1,rcp85,2008,JJA,6,pr 50mm,Precipitation
bcc-csm1-1,rcp85,2009,JJA,6,pr 50mm,Precipitation
bcc-csm1-1,rcp85,2010,JJA,6,pr 50mm,Precipitation
bcc-csm1-1,rcp85,2011,JJA,4,pr 50mm,Precipitation
bcc-csm1-1,rcp85,2012,JJA,5,pr 50mm,Precipitation
bcc-csm1-1,rcp85,2013,JJA,3,pr 50mm,Precipitation
bcc-csm1-1,rcp85,2014,JJA,3,pr 50mm,Precipitation
bcc-csm1-1,rcp85,2015,JJA,1,pr 50mm,Precipitation
bcc-csm1-1,rcp85,2016,JJA,3,pr 50mm,Precipitation
bcc-csm1-1,rcp85,2017,JJA,1,pr 50mm,Precipitation
bcc-csm1-1,rcp85,2018,JJA,4,pr 50mm,Precipitation
bcc-csm1-1,rcp85,2019,JJA,4,pr 50mm,Precipitation
bcc-csm1-1,rcp85,2020,JJA,1,pr 50mm,Precipitation
bcc-csm1-1,rcp85,2021,JJA,12,pr 50mm,Precipitation
bcc-csm1-1,rcp85,2022,JJA,6,pr 50mm,Precipitation
bcc-csm1-1,rcp85,2023,JJA,1,pr 50mm,Precipitation
bcc-csm1-1,rcp85,2024,JJA,4,pr 50mm,Precipitation
bcc-csm1-1,rcp85,2025,JJA,8,pr 50mm,Precipitation
bcc-csm1-1,rcp85,2026,JJA,4,pr 50mm,Precipitation
bcc-csm1-1,rcp85,2028,JJA,4,pr 50mm,Precipitation
bcc-csm1-1,rcp85,2029,JJA,1,pr 50mm,Precipitation
bcc-csm1-1,rcp85,2030,JJA,2,pr 50mm,Precipitation
bcc-csm1-1,rcp85,2031,JJA,10,pr 50mm,Precipitation
bcc-csm1-1,rcp85,2032,JJA,7,pr 50mm,Precipitation
bcc-csm1-1,rcp85,2033,JJA,5,pr 50mm,Precipitation
bcc-csm1-1,rcp85,2035,JJA,6,pr 50mm,Precipitation
bcc-csm1-1,rcp85,2036,JJA,1,pr 50mm,Precipitation
bcc-csm1-1-m,rcp85,2006,JJA,2,pr 50mm,Precipitation
bcc-csm1-1-m,rcp85,2007,JJA,1,pr 50mm,Precipitation
bcc-csm1-1-m,rcp85,2008,JJA,8,pr 50mm,Precipitation
bcc-csm1-1-m,rcp85,2009,JJA,1,pr 50mm,Precipitation
bcc-csm1-1-m,rcp85,2010,JJA,1,pr 50mm,Precipitation
bcc-csm1-1-m,rcp85,2011,JJA,6,pr 50mm,Precipitation
bcc-csm1-1-m,rcp85,2012,JJA,2,pr 50mm,Precipitation
bcc-csm1-1-m,rcp85,2013,JJA,2,pr 50mm,Precipitation
bcc-csm1-1-m,rcp85,2014,JJA,1,pr 50mm,Precipitation
bcc-csm1-1-m,rcp85,2016,JJA,1,pr 50mm,Precipitation
bcc-csm1-1-m,rcp85,2018,JJA,3,pr 50mm,Precipitation
bcc-csm1-1-m,rcp85,2019,JJA,2,pr 50mm,Precipitation
bcc-csm1-1-m,rcp85,2021,JJA,3,pr 50mm,Precipitation
bcc-csm1-1-m,rcp85,2022,JJA,3,pr 50mm,Precipitation
bcc-csm1-1-m,rcp85,2024,JJA,2,pr 50mm,Precipitation
bcc-csm1-1-m,rcp85,2025,JJA,2,pr 50mm,Precipitation
bcc-csm1-1-m,rcp85,2026,JJA,5,pr 50mm,Precipitation
bcc-csm1-1-m,rcp85,2027,JJA,2,pr 50mm,Precipitation
bcc-csm1-1-m,rcp85,2028,JJA,5,pr 50mm,Precipitation
bcc-csm1-1-m,rcp85,2029,JJA,2,pr 50mm,Precipitation
bcc-csm1-1-m,rcp85,2030,JJA,1,pr 50mm,Precipitation
bcc-csm1-1-m,rcp85,2031,JJA,1,pr 50mm,Precipitation
bcc-csm1-1-m,rcp85,2032,JJA,1,pr 50mm,Precipitation
bcc-csm1-1-m,rcp85,2033,JJA,5,pr 50mm,Precipitation
bcc-csm1-1-m,rcp85,2034,JJA,3,pr 50mm,Precipitation
bcc-csm1-1-m,rcp85,2035,JJA,4,pr 50mm,Precipitation
bcc-csm1-1-m,rcp85,2036,JJA,3,pr 50mm,Precipitation
inmcm4,rcp85,2006,JJA,5,pr 50mm,Precipitation
inmcm4,rcp85,2007,JJA,2,pr 50mm,Precipitation
inmcm4,rcp85,2008,JJA,5,pr 50mm,Precipitation
inmcm4,rcp85,2009,JJA,8,pr 50mm,Precipitation
inmcm4,rcp85,2011,JJA,6,pr 50mm,Precipitation
inmcm4,rcp85,2012,JJA,1,pr 50mm,Precipitation
inmcm4,rcp85,2013,JJA,4,pr 50mm,Precipitation
inmcm4,rcp85,2014,JJA,9,pr 50mm,Precipitation
inmcm4,rcp85,2015,JJA,1,pr 50mm,Precipitation
inmcm4,rcp85,2016,JJA,2,pr 50mm,Precipitation
inmcm4,rcp85,2017,JJA,8,pr 50mm,Precipitation
inmcm4,rcp85,2018,JJA,4,pr 50mm,Precipitation
inmcm4,rcp85,2019,JJA,8,pr 50mm,Precipitation
inmcm4,rcp85,2020,JJA,5,pr 50mm,Precipitation
inmcm4,rcp85,2021,JJA,7,pr 50mm,Precipitation
inmcm4,rcp85,2025,JJA,11,pr 50mm,Precipitation
inmcm4,rcp85,2026,JJA,3,pr 50mm,Precipitation
inmcm4,rcp85,2027,JJA,4,pr 50mm,Precipitation
inmcm4,rcp85,2028,JJA,14,pr 50mm,Precipitation
inmcm4,rcp85,2029,JJA,3,pr 50mm,Precipitation
inmcm4,rcp85,2030,JJA,4,pr 50mm,Precipitation
inmcm4,rcp85,2031,JJA,13,pr 50mm,Precipitation
inmcm4,rcp85,2032,JJA,7,pr 50mm,Precipitation
inmcm4,rcp85,2033,JJA,4,pr 50mm,Precipitation
inmcm4,rcp85,2034,JJA,2,pr 50mm,Precipitation
inmcm4,rcp85,2035,JJA,6,pr 50mm,Precipitation
inmcm4,rcp85,2036,JJA,8,pr 50mm,Precipitation
ACCESS1-0,rcp85,2006,MAM,1,pr 50mm,Precipitation
ACCESS1-0,rcp85,2007,MAM,1,pr 50mm,Precipitation
ACCESS1-0,rcp85,2008,MAM,1,pr 50mm,Precipitation
ACCESS1-0,rcp85,2011,MAM,1,pr 50mm,Precipitation
ACCESS1-0,rcp85,2014,MAM,1,pr 50mm,Precipitation
ACCESS1-0,rcp85,2016,MAM,2,pr 50mm,Precipitation
ACCESS1-0,rcp85,2018,MAM,2,pr 50mm,Precipitation
ACCESS1-0,rcp85,2019,MAM,1,pr 50mm,Precipitation
ACCESS1-0,rcp85,2020,MAM,1,pr 50mm,Precipitation
ACCESS1-0,rcp85,2022,MAM,3,pr 50mm,Precipitation
ACCESS1-0,rcp85,2023,MAM,2,pr 50mm,Precipitation
ACCESS1-0,rcp85,2024,MAM,2,pr 50mm,Precipitation
ACCESS1-0,rcp85,2026,MAM,3,pr 50mm,Precipitation
ACCESS1-0,rcp85,2029,MAM,1,pr 50mm,Precipitation
ACCESS1-0,rcp85,2030,MAM,2,pr 50mm,Precipitation
ACCESS1-0,rcp85,2032,MAM,2,pr 50mm,Precipitation
ACCESS1-0,rcp85,2033,MAM,3,pr 50mm,Precipitation
ACCESS1-0,rcp85,2034,MAM,1,pr 50mm,Precipitation
ACCESS1-3,rcp85,2006,MAM,1,pr 50mm,Precipitation
ACCESS1-3,rcp85,2008,MAM,1,pr 50mm,Precipitation
ACCESS1-3,rcp85,2009,MAM,2,pr 50mm,Precipitation
ACCESS1-3,rcp85,2011,MAM,1,pr 50mm,Precipitation
ACCESS1-3,rcp85,2012,MAM,1,pr 50mm,Precipitation
ACCESS1-3,rcp85,2016,MAM,3,pr 50mm,Precipitation
ACCESS1-3,rcp85,2017,MAM,3,pr 50mm,Precipitation
ACCESS1-3,rcp85,2018,MAM,1,pr 50mm,Precipitation
ACCESS1-3,rcp85,2019,MAM,2,pr 50mm,Precipitation
ACCESS1-3,rcp85,2021,MAM,1,pr 50mm,Precipitation
ACCESS1-3,rcp85,2023,MAM,4,pr 50mm,Precipitation
ACCESS1-3,rcp85,2024,MAM,1,pr 50mm,Precipitation
ACCESS1-3,rcp85,2026,MAM,1,pr 50mm,Precipitation
ACCESS1-3,rcp85,2028,MAM,1,pr 50mm,Precipitation
ACCESS1-3,rcp85,2029,MAM,1,pr 50mm,Precipitation
ACCESS1-3,rcp85,2032,MAM,1,pr 50mm,Precipitation
ACCESS1-3,rcp85,2033,MAM,1,pr 50mm,Precipitation
ACCESS1-3,rcp85,2034,MAM,1,pr 50mm,Precipitation
ACCESS1-3,rcp85,2035,MAM,2,pr 50mm,Precipitation
ACCESS1-3,rcp85,2036,MAM,2,pr 50mm,Precipitation
BNU-ESM,rcp85,2006,MAM,1,pr 50mm,Precipitation
BNU-ESM,rcp85,2007,MAM,1,pr 50mm,Precipitation
BNU-ESM,rcp85,2010,MAM,1,pr 50mm,Precipitation
BNU-ESM,rcp85,2012,MAM,1,pr 50mm,Precipitation
BNU-ESM,rcp85,2017,MAM,1,pr 50mm,Precipitation
BNU-ESM,rcp85,2019,MAM,5,pr 50mm,Precipitation
BNU-ESM,rcp85,2020,MAM,3,pr 50mm,Precipitation
BNU-ESM,rcp85,2021,MAM,2,pr 50mm,Precipitation
BNU-ESM,rcp85,2023,MAM,2,pr 50mm,Precipitation
BNU-ESM,rcp85,2025,MAM,1,pr 50mm,Precipitation
BNU-ESM,rcp85,2026,MAM,4,pr 50mm,Precipitation
BNU-ESM,rcp85,2028,MAM,2,pr 50mm,Precipitation
BNU-ESM,rcp85,2033,MAM,1,pr 50mm,Precipitation
CCSM4,rcp85,2006,MAM,1,pr 50mm,Precipitation
CCSM4,rcp85,2011,MAM,2,pr 50mm,Precipitation
CCSM4,rcp85,2012,MAM,2,pr 50mm,Precipitation
CCSM4,rcp85,2017,MAM,1,pr 50mm,Precipitation
CCSM4,rcp85,2021,MAM,2,pr 50mm,Precipitation
CCSM4,rcp85,2024,MAM,1,pr 50mm,Precipitation
CCSM4,rcp85,2026,MAM,3,pr 50mm,Precipitation
CCSM4,rcp85,2027,MAM,6,pr 50mm,Precipitation
CCSM4,rcp85,2028,MAM,2,pr 50mm,Precipitation
CCSM4,rcp85,2030,MAM,2,pr 50mm,Precipitation
CCSM4,rcp85,2031,MAM,2,pr 50mm,Precipitation
CCSM4,rcp85,2034,MAM,1,pr 50mm,Precipitation
CCSM4,rcp85,2036,MAM,1,pr 50mm,Precipitation
CESM1-BGC,rcp85,2006,MAM,1,pr 50mm,Precipitation
CESM1-BGC,rcp85,2008,MAM,2,pr 50mm,Precipitation
CESM1-BGC,rcp85,2009,MAM,1,pr 50mm,Precipitation
CESM1-BGC,rcp85,2012,MAM,2,pr 50mm,Precipitation
CESM1-BGC,rcp85,2013,MAM,1,pr 50mm,Precipitation
CESM1-BGC,rcp85,2014,MAM,1,pr 50mm,Precipitation
CESM1-BGC,rcp85,2016,MAM,2,pr 50mm,Precipitation
CESM1-BGC,rcp85,2017,MAM,2,pr 50mm,Precipitation
CESM1-BGC,rcp85,2019,MAM,3,pr 50mm,Precipitation
CESM1-BGC,rcp85,2021,MAM,3,pr 50mm,Precipitation
CESM1-BGC,rcp85,2022,MAM,2,pr 50mm,Precipitation
CESM1-BGC,rcp85,2023,MAM,2,pr 50mm,Precipitation
CESM1-BGC,rcp85,2024,MAM,1,pr 50mm,Precipitation
CESM1-BGC,rcp85,2027,MAM,1,pr 50mm,Precipitation
CESM1-BGC,rcp85,2028,MAM,1,pr 50mm,Precipitation
CESM1-BGC,rcp85,2029,MAM,3,pr 50mm,Precipitation
CESM1-BGC,rcp85,2030,MAM,1,pr 50mm,Precipitation
CESM1-BGC,rcp85,2031,MAM,3,pr 50mm,Precipitation
CESM1-BGC,rcp85,2032,MAM,1,pr 50mm,Precipitation
CESM1-BGC,rcp85,2033,MAM,1,pr 50mm,Precipitation
CESM1-BGC,rcp85,2034,MAM,1,pr 50mm,Precipitation
CESM1-BGC,rcp85,2035,MAM,1,pr 50mm,Precipitation
CESM1-CAM5,rcp85,2006,MAM,2,pr 50mm,Precipitation
CESM1-CAM5,rcp85,2007,MAM,1,pr 50mm,Precipitation
CESM1-CAM5,rcp85,2008,MAM,3,pr 50mm,Precipitation
CESM1-CAM5,rcp85,2011,MAM,1,pr 50mm,Precipitation
CESM1-CAM5,rcp85,2012,MAM,3,pr 50mm,Precipitation
CESM1-CAM5,rcp85,2018,MAM,1,pr 50mm,Precipitation
CESM1-CAM5,rcp85,2019,MAM,3,pr 50mm,Precipitation
CESM1-CAM5,rcp85,2020,MAM,1,pr 50mm,Precipitation
CESM1-CAM5,rcp85,2021,MAM,1,pr 50mm,Precipitation
CESM1-CAM5,rcp85,2022,MAM,3,pr 50mm,Precipitation
CESM1-CAM5,rcp85,2024,MAM,1,pr 50mm,Precipitation
CESM1-CAM5,rcp85,2025,MAM,1,pr 50mm,Precipitation
CESM1-CAM5,rcp85,2027,MAM,2,pr 50mm,Precipitation
CESM1-CAM5,rcp85,2028,MAM,2,pr 50mm,Precipitation
CESM1-CAM5,rcp85,2030,MAM,3,pr 50mm,Precipitation
CESM1-CAM5,rcp85,2031,MAM,1,pr 50mm,Precipitation
CESM1-CAM5,rcp85,2032,MAM,1,pr 50mm,Precipitation
CESM1-CAM5,rcp85,2033,MAM,2,pr 50mm,Precipitation
CESM1-CAM5,rcp85,2034,MAM,1,pr 50mm,Precipitation
CESM1-CAM5,rcp85,2035,MAM,2,pr 50mm,Precipitation
CESM1-CAM5,rcp85,2036,MAM,1,pr 50mm,Precipitation
CMCC-CESM,rcp85,2006,MAM,2,pr 50mm,Precipitation
CMCC-CESM,rcp85,2007,MAM,1,pr 50mm,Precipitation
CMCC-CESM,rcp85,2010,MAM,1,pr 50mm,Precipitation
CMCC-CESM,rcp85,2011,MAM,3,pr 50mm,Precipitation
CMCC-CESM,rcp85,2013,MAM,1,pr 50mm,Precipitation
CMCC-CESM,rcp85,2014,MAM,5,pr 50mm,Precipitation
CMCC-CESM,rcp85,2015,MAM,1,pr 50mm,Precipitation
CMCC-CESM,rcp85,2017,MAM,5,pr 50mm,Precipitation
CMCC-CESM,rcp85,2018,MAM,1,pr 50mm,Precipitation
CMCC-CESM,rcp85,2019,MAM,2,pr 50mm,Precipitation
CMCC-CESM,rcp85,2020,MAM,1,pr 50mm,Precipitation
CMCC-CESM,rcp85,2022,MAM,1,pr 50mm,Precipitation
CMCC-CESM,rcp85,2023,MAM,3,pr 50mm,Precipitation
CMCC-CESM,rcp85,2029,MAM,1,pr 50mm,Precipitation
CMCC-CESM,rcp85,2030,MAM,4,pr 50mm,Precipitation
CMCC-CESM,rcp85,2031,MAM,2,pr 50mm,Precipitation
CMCC-CESM,rcp85,2033,MAM,3,pr 50mm,Precipitation
CMCC-CESM,rcp85,2036,MAM,3,pr 50mm,Precipitation
CMCC-CM,rcp85,2006,MAM,1,pr 50mm,Precipitation
CMCC-CM,rcp85,2007,MAM,3,pr 50mm,Precipitation
CMCC-CM,rcp85,2008,MAM,2,pr 50mm,Precipitation
CMCC-CM,rcp85,2010,MAM,2,pr 50mm,Precipitation
CMCC-CM,rcp85,2012,MAM,1,pr 50mm,Precipitation
CMCC-CM,rcp85,2015,MAM,1,pr 50mm,Precipitation
CMCC-CM,rcp85,2016,MAM,1,pr 50mm,Precipitation
CMCC-CM,rcp85,2018,MAM,2,pr 50mm,Precipitation
CMCC-CM,rcp85,2019,MAM,1,pr 50mm,Precipitation
CMCC-CM,rcp85,2020,MAM,2,pr 50mm,Precipitation
CMCC-CM,rcp85,2021,MAM,1,pr 50mm,Precipitation
CMCC-CM,rcp85,2022,MAM,2,pr 50mm,Precipitation
CMCC-CM,rcp85,2024,MAM,1,pr 50mm,Precipitation
CMCC-CM,rcp85,2025,MAM,1,pr 50mm,Precipitation
CMCC-CM,rcp85,2026,MAM,4,pr 50mm,Precipitation
CMCC-CM,rcp85,2029,MAM,1,pr 50mm,Precipitation
CMCC-CM,rcp85,2032,MAM,3,pr 50mm,Precipitation
CMCC-CM,rcp85,2034,MAM,1,pr 50mm,Precipitation
CMCC-CM,rcp85,2035,MAM,3,pr 50mm,Precipitation
CNRM-CM5,rcp85,2006,MAM,1,pr 50mm,Precipitation
CNRM-CM5,rcp85,2007,MAM,2,pr 50mm,Precipitation
CNRM-CM5,rcp85,2009,MAM,2,pr 50mm,Precipitation
CNRM-CM5,rcp85,2011,MAM,1,pr 50mm,Precipitation
CNRM-CM5,rcp85,2014,MAM,1,pr 50mm,Precipitation
CNRM-CM5,rcp85,2015,MAM,3,pr 50mm,Precipitation
CNRM-CM5,rcp85,2016,MAM,1,pr 50mm,Precipitation
CNRM-CM5,rcp85,2017,MAM,1,pr 50mm,Precipitation
CNRM-CM5,rcp85,2018,MAM,1,pr 50mm,Precipitation
CNRM-CM5,rcp85,2020,MAM,2,pr 50mm,Precipitation
CNRM-CM5,rcp85,2023,MAM,1,pr 50mm,Precipitation
CNRM-CM5,rcp85,2024,MAM,2,pr 50mm,Precipitation
CNRM-CM5,rcp85,2025,MAM,1,pr 50mm,Precipitation
CNRM-CM5,rcp85,2026,MAM,2,pr 50mm,Precipitation
CNRM-CM5,rcp85,2027,MAM,2,pr 50mm,Precipitation
CNRM-CM5,rcp85,2028,MAM,1,pr 50mm,Precipitation
CNRM-CM5,rcp85,2030,MAM,2,pr 50mm,Precipitation
CNRM-CM5,rcp85,2032,MAM,3,pr 50mm,Precipitation
CNRM-CM5,rcp85,2033,MAM,2,pr 50mm,Precipitation
CSIRO-Mk3-6-0,rcp85,2008,MAM,1,pr 50mm,Precipitation
CSIRO-Mk3-6-0,rcp85,2011,MAM,2,pr 50mm,Precipitation
CSIRO-Mk3-6-0,rcp85,2012,MAM,2,pr 50mm,Precipitation
CSIRO-Mk3-6-0,rcp85,2013,MAM,1,pr 50mm,Precipitation
CSIRO-Mk3-6-0,rcp85,2015,MAM,1,pr 50mm,Precipitation
CSIRO-Mk3-6-0,rcp85,2016,MAM,1,pr 50mm,Precipitation
CSIRO-Mk3-6-0,rcp85,2017,MAM,2,pr 50mm,Precipitation
CSIRO-Mk3-6-0,rcp85,2020,MAM,3,pr 50mm,Precipitation
CSIRO-Mk3-6-0,rcp85,2022,MAM,1,pr 50mm,Precipitation
CSIRO-Mk3-6-0,rcp85,2023,MAM,1,pr 50mm,Precipitation
CSIRO-Mk3-6-0,rcp85,2024,MAM,1,pr 50mm,Precipitation
CSIRO-Mk3-6-0,rcp85,2026,MAM,2,pr 50mm,Precipitation
CSIRO-Mk3-6-0,rcp85,2030,MAM,1,pr 50mm,Precipitation
CSIRO-Mk3-6-0,rcp85,2031,MAM,2,pr 50mm,Precipitation
CSIRO-Mk3-6-0,rcp85,2033,MAM,1,pr 50mm,Precipitation
CSIRO-Mk3-6-0,rcp85,2034,MAM,1,pr 50mm,Precipitation
CSIRO-Mk3-6-0,rcp85,2035,MAM,2,pr 50mm,Precipitation
CSIRO-Mk3-6-0,rcp85,2036,MAM,4,pr 50mm,Precipitation
CanESM2,rcp85,2006,MAM,5,pr 50mm,Precipitation
CanESM2,rcp85,2007,MAM,2,pr 50mm,Precipitation
CanESM2,rcp85,2009,MAM,1,pr 50mm,Precipitation
CanESM2,rcp85,2010,MAM,3,pr 50mm,Precipitation
CanESM2,rcp85,2011,MAM,4,pr 50mm,Precipitation
CanESM2,rcp85,2015,MAM,1,pr 50mm,Precipitation
CanESM2,rcp85,2016,MAM,2,pr 50mm,Precipitation
CanESM2,rcp85,2017,MAM,1,pr 50mm,Precipitation
CanESM2,rcp85,2018,MAM,3,pr 50mm,Precipitation
CanESM2,rcp85,2019,MAM,3,pr 50mm,Precipitation
CanESM2,rcp85,2021,MAM,2,pr 50mm,Precipitation
CanESM2,rcp85,2024,MAM,4,pr 50mm,Precipitation
CanESM2,rcp85,2025,MAM,3,pr 50mm,Precipitation
CanESM2,rcp85,2026,MAM,4,pr 50mm,Precipitation
CanESM2,rcp85,2027,MAM,1,pr 50mm,Precipitation
CanESM2,rcp85,2030,MAM,1,pr 50mm,Precipitation
CanESM2,rcp85,2031,MAM,1,pr 50mm,Precipitation
CanESM2,rcp85,2032,MAM,3,pr 50mm,Precipitation
CanESM2,rcp85,2033,MAM,2,pr 50mm,Precipitation
CanESM2,rcp85,2034,MAM,1,pr 50mm,Precipitation
CanESM2,rcp85,2036,MAM,2,pr 50mm,Precipitation
EC-EARTH,rcp85,2006,MAM,3,pr 50mm,Precipitation
EC-EARTH,rcp85,2008,MAM,1,pr 50mm,Precipitation
EC-EARTH,rcp85,2009,MAM,3,pr 50mm,Precipitation
EC-EARTH,rcp85,2010,MAM,2,pr 50mm,Precipitation
EC-EARTH,rcp85,2011,MAM,1,pr 50mm,Precipitation
EC-EARTH,rcp85,2012,MAM,1,pr 50mm,Precipitation
EC-EARTH,rcp85,2014,MAM,1,pr 50mm,Precipitation
EC-EARTH,rcp85,2015,MAM,1,pr 50mm,Precipitation
EC-EARTH,rcp85,2016,MAM,2,pr 50mm,Precipitation
EC-EARTH,rcp85,2017,MAM,5,pr 50mm,Precipitation
EC-EARTH,rcp85,2019,MAM,1,pr 50mm,Precipitation
EC-EARTH,rcp85,2020,MAM,1,pr 50mm,Precipitation
EC-EARTH,rcp85,2021,MAM,1,pr 50mm,Precipitation
EC-EARTH,rcp85,2023,MAM,1,pr 50mm,Precipitation
EC-EARTH,rcp85,2025,MAM,4,pr 50mm,Precipitation
EC-EARTH,rcp85,2026,MAM,2,pr 50mm,Precipitation
EC-EARTH,rcp85,2027,MAM,4,pr 50mm,Precipitation
EC-EARTH,rcp85,2031,MAM,1,pr 50mm,Precipitation
EC-EARTH,rcp85,2032,MAM,2,pr 50mm,Precipitation
EC-EARTH,rcp85,2033,MAM,2,pr 50mm,Precipitation
EC-EARTH,rcp85,2034,MAM,3,pr 50mm,Precipitation
EC-EARTH,rcp85,2036,MAM,4,pr 50mm,Precipitation
FGOALS-g2,rcp85,2006,MAM,1,pr 50mm,Precipitation
FGOALS-g2,rcp85,2007,MAM,1,pr 50mm,Precipitation
FGOALS-g2,rcp85,2008,MAM,1,pr 50mm,Precipitation
FGOALS-g2,rcp85,2009,MAM,2,pr 50mm,Precipitation
FGOALS-g2,rcp85,2010,MAM,1,pr 50mm,Precipitation
FGOALS-g2,rcp85,2013,MAM,1,pr 50mm,Precipitation
FGOALS-g2,rcp85,2014,MAM,3,pr 50mm,Precipitation
FGOALS-g2,rcp85,2016,MAM,4,pr 50mm,Precipitation
FGOALS-g2,rcp85,2020,MAM,1,pr 50mm,Precipitation
FGOALS-g2,rcp85,2021,MAM,3,pr 50mm,Precipitation
FGOALS-g2,rcp85,2023,MAM,3,pr 50mm,Precipitation
FGOALS-g2,rcp85,2024,MAM,2,pr 50mm,Precipitation
FGOALS-g2,rcp85,2025,MAM,1,pr 50mm,Precipitation
FGOALS-g2,rcp85,2026,MAM,2,pr 50mm,Precipitation
FGOALS-g2,rcp85,2033,MAM,1,pr 50mm,Precipitation
FGOALS-g2,rcp85,2034,MAM,1,pr 50mm,Precipitation
GFDL-CM3,rcp85,2007,MAM,3,pr 50mm,Precipitation
GFDL-CM3,rcp85,2008,MAM,1,pr 50mm,Precipitation
GFDL-CM3,rcp85,2010,MAM,2,pr 50mm,Precipitation
GFDL-CM3,rcp85,2013,MAM,1,pr 50mm,Precipitation
GFDL-CM3,rcp85,2015,MAM,2,pr 50mm,Precipitation
GFDL-CM3,rcp85,2017,MAM,2,pr 50mm,Precipitation
GFDL-CM3,rcp85,2018,MAM,1,pr 50mm,Precipitation
GFDL-CM3,rcp85,2022,MAM,1,pr 50mm,Precipitation
GFDL-CM3,rcp85,2023,MAM,4,pr 50mm,Precipitation
GFDL-CM3,rcp85,2024,MAM,1,pr 50mm,Precipitation
GFDL-CM3,rcp85,2027,MAM,1,pr 50mm,Precipitation
GFDL-CM3,rcp85,2028,MAM,2,pr 50mm,Precipitation
GFDL-CM3,rcp85,2030,MAM,2,pr 50mm,Precipitation
GFDL-CM3,rcp85,2031,MAM,2,pr 50mm,Precipitation
GFDL-CM3,rcp85,2033,MAM,3,pr 50mm,Precipitation
GFDL-CM3,rcp85,2034,MAM,1,pr 50mm,Precipitation
GFDL-ESM2G,rcp85,2007,MAM,1,pr 50mm,Precipitation
GFDL-ESM2G,rcp85,2009,MAM,3,pr 50mm,Precipitation
GFDL-ESM2G,rcp85,2010,MAM,3,pr 50mm,Precipitation
GFDL-ESM2G,rcp85,2011,MAM,1,pr 50mm,Precipitation
GFDL-ESM2G,rcp85,2012,MAM,1,pr 50mm,Precipitation
GFDL-ESM2G,rcp85,2014,MAM,1,pr 50mm,Precipitation
GFDL-ESM2G,rcp85,2015,MAM,2,pr 50mm,Precipitation
GFDL-ESM2G,rcp85,2019,MAM,4,pr 50mm,Precipitation
GFDL-ESM2G,rcp85,2020,MAM,1,pr 50mm,Precipitation
GFDL-ESM2G,rcp85,2024,MAM,1,pr 50mm,Precipitation
GFDL-ESM2G,rcp85,2025,MAM,2,pr 50mm,Precipitation
GFDL-ESM2G,rcp85,2027,MAM,1,pr 50mm,Precipitation
GFDL-ESM2G,rcp85,2028,MAM,3,pr 50mm,Precipitation
GFDL-ESM2G,rcp85,2029,MAM,1,pr 50mm,Precipitation
GFDL-ESM2G,rcp85,2030,MAM,1,pr 50mm,Precipitation
GFDL-ESM2G,rcp85,2032,MAM,1,pr 50mm,Precipitation
GFDL-ESM2G,rcp85,2033,MAM,2,pr 50mm,Precipitation
GFDL-ESM2G,rcp85,2034,MAM,1,pr 50mm,Precipitation
GFDL-ESM2G,rcp85,2036,MAM,3,pr 50mm,Precipitation
GFDL-ESM2M,rcp85,2006,MAM,7,pr 50mm,Precipitation
GFDL-ESM2M,rcp85,2007,MAM,3,pr 50mm,Precipitation
GFDL-ESM2M,rcp85,2008,MAM,2,pr 50mm,Precipitation
GFDL-ESM2M,rcp85,2009,MAM,2,pr 50mm,Precipitation
GFDL-ESM2M,rcp85,2010,MAM,1,pr 50mm,Precipitation
GFDL-ESM2M,rcp85,2012,MAM,2,pr 50mm,Precipitation
GFDL-ESM2M,rcp85,2013,MAM,2,pr 50mm,Precipitation
GFDL-ESM2M,rcp85,2014,MAM,1,pr 50mm,Precipitation
GFDL-ESM2M,rcp85,2015,MAM,5,pr 50mm,Precipitation
GFDL-ESM2M,rcp85,2018,MAM,2,pr 50mm,Precipitation
GFDL-ESM2M,rcp85,2019,MAM,2,pr 50mm,Precipitation
GFDL-ESM2M,rcp85,2020,MAM,1,pr 50mm,Precipitation
GFDL-ESM2M,rcp85,2021,MAM,4,pr 50mm,Precipitation
GFDL-ESM2M,rcp85,2022,MAM,2,pr 50mm,Precipitation
GFDL-ESM2M,rcp85,2023,MAM,3,pr 50mm,Precipitation
GFDL-ESM2M,rcp85,2024,MAM,2,pr 50mm,Precipitation
GFDL-ESM2M,rcp85,2025,MAM,1,pr 50mm,Precipitation
GFDL-ESM2M,rcp85,2026,MAM,8,pr 50mm,Precipitation
GFDL-ESM2M,rcp85,2027,MAM,1,pr 50mm,Precipitation
GFDL-ESM2M,rcp85,2028,MAM,3,pr 50mm,Precipitation
GFDL-ESM2M,rcp85,2029,MAM,2,pr 50mm,Precipitation
GFDL-ESM2M,rcp85,2030,MAM,1,pr 50mm,Precipitation
GFDL-ESM2M,rcp85,2032,MAM,1,pr 50mm,Precipitation
GFDL-ESM2M,rcp85,2034,MAM,2,pr 50mm,Precipitation
GFDL-ESM2M,rcp85,2036,MAM,2,pr 50mm,Precipitation
IPSL-CM5A-LR,rcp85,2006,MAM,3,pr 50mm,Precipitation
IPSL-CM5A-LR,rcp85,2008,MAM,2,pr 50mm,Precipitation
IPSL-CM5A-LR,rcp85,2011,MAM,2,pr 50mm,Precipitation
IPSL-CM5A-LR,rcp85,2014,MAM,1,pr 50mm,Precipitation
IPSL-CM5A-LR,rcp85,2015,MAM,1,pr 50mm,Precipitation
IPSL-CM5A-LR,rcp85,2018,MAM,1,pr 50mm,Precipitation
IPSL-CM5A-LR,rcp85,2020,MAM,1,pr 50mm,Precipitation
IPSL-CM5A-LR,rcp85,2021,MAM,1,pr 50mm,Precipitation
IPSL-CM5A-LR,rcp85,2022,MAM,1,pr 50mm,Precipitation
IPSL-CM5A-LR,rcp85,2023,MAM,1,pr 50mm,Precipitation
IPSL-CM5A-LR,rcp85,2024,MAM,1,pr 50mm,Precipitation
IPSL-CM5A-LR,rcp85,2028,MAM,3,pr 50mm,Precipitation
IPSL-CM5A-LR,rcp85,2029,MAM,1,pr 50mm,Precipitation
IPSL-CM5A-LR,rcp85,2030,MAM,2,pr 50mm,Precipitation
IPSL-CM5A-LR,rcp85,2031,MAM,2,pr 50mm,Precipitation
IPSL-CM5A-LR,rcp85,2032,MAM,1,pr 50mm,Precipitation
IPSL-CM5A-LR,rcp85,2034,MAM,1,pr 50mm,Precipitation
IPSL-CM5A-LR,rcp85,2036,MAM,4,pr 50mm,Precipitation
IPSL-CM5A-MR,rcp85,2010,MAM,1,pr 50mm,Precipitation
IPSL-CM5A-MR,rcp85,2014,MAM,1,pr 50mm,Precipitation
IPSL-CM5A-MR,rcp85,2015,MAM,2,pr 50mm,Precipitation
IPSL-CM5A-MR,rcp85,2016,MAM,3,pr 50mm,Precipitation
IPSL-CM5A-MR,rcp85,2017,MAM,3,pr 50mm,Precipitation
IPSL-CM5A-MR,rcp85,2018,MAM,1,pr 50mm,Precipitation
IPSL-CM5A-MR,rcp85,2019,MAM,1,pr 50mm,Precipitation
IPSL-CM5A-MR,rcp85,2020,MAM,1,pr 50mm,Precipitation
IPSL-CM5A-MR,rcp85,2021,MAM,3,pr 50mm,Precipitation
IPSL-CM5A-MR,rcp85,2022,MAM,1,pr 50mm,Precipitation
IPSL-CM5A-MR,rcp85,2025,MAM,1,pr 50mm,Precipitation
IPSL-CM5A-MR,rcp85,2026,MAM,4,pr 50mm,Precipitation
IPSL-CM5A-MR,rcp85,2027,MAM,3,pr 50mm,Precipitation
IPSL-CM5A-MR,rcp85,2028,MAM,1,pr 50mm,Precipitation
IPSL-CM5A-MR,rcp85,2029,MAM,1,pr 50mm,Precipitation
IPSL-CM5A-MR,rcp85,2030,MAM,1,pr 50mm,Precipitation
IPSL-CM5A-MR,rcp85,2033,MAM,2,pr 50mm,Precipitation
IPSL-CM5A-MR,rcp85,2034,MAM,1,pr 50mm,Precipitation
IPSL-CM5A-MR,rcp85,2036,MAM,1,pr 50mm,Precipitation
IPSL-CM5B-LR,rcp85,2006,MAM,1,pr 50mm,Precipitation
IPSL-CM5B-LR,rcp85,2007,MAM,3,pr 50mm,Precipitation
IPSL-CM5B-LR,rcp85,2008,MAM,2,pr 50mm,Precipitation
IPSL-CM5B-LR,rcp85,2010,MAM,1,pr 50mm,Precipitation
IPSL-CM5B-LR,rcp85,2011,MAM,5,pr 50mm,Precipitation
IPSL-CM5B-LR,rcp85,2013,MAM,1,pr 50mm,Precipitation
IPSL-CM5B-LR,rcp85,2014,MAM,1,pr 50mm,Precipitation
IPSL-CM5B-LR,rcp85,2015,MAM,1,pr 50mm,Precipitation
IPSL-CM5B-LR,rcp85,2016,MAM,1,pr 50mm,Precipitation
IPSL-CM5B-LR,rcp85,2017,MAM,2,pr 50mm,Precipitation
IPSL-CM5B-LR,rcp85,2018,MAM,2,pr 50mm,Precipitation
IPSL-CM5B-LR,rcp85,2020,MAM,3,pr 50mm,Precipitation
IPSL-CM5B-LR,rcp85,2021,MAM,1,pr 50mm,Precipitation
IPSL-CM5B-LR,rcp85,2022,MAM,2,pr 50mm,Precipitation
IPSL-CM5B-LR,rcp85,2029,MAM,2,pr 50mm,Precipitation
IPSL-CM5B-LR,rcp85,2030,MAM,1,pr 50mm,Precipitation
IPSL-CM5B-LR,rcp85,2031,MAM,2,pr 50mm,Precipitation
IPSL-CM5B-LR,rcp85,2032,MAM,1,pr 50mm,Precipitation
IPSL-CM5B-LR,rcp85,2036,MAM,4,pr 50mm,Precipitation
MIROC-ESM,rcp85,2006,MAM,1,pr 50mm,Precipitation
MIROC-ESM,rcp85,2007,MAM,1,pr 50mm,Precipitation
MIROC-ESM,rcp85,2008,MAM,3,pr 50mm,Precipitation
MIROC-ESM,rcp85,2009,MAM,3,pr 50mm,Precipitation
MIROC-ESM,rcp85,2010,MAM,2,pr 50mm,Precipitation
MIROC-ESM,rcp85,2012,MAM,1,pr 50mm,Precipitation
MIROC-ESM,rcp85,2015,MAM,4,pr 50mm,Precipitation
MIROC-ESM,rcp85,2016,MAM,2,pr 50mm,Precipitation
MIROC-ESM,rcp85,2018,MAM,1,pr 50mm,Precipitation
MIROC-ESM,rcp85,2020,MAM,1,pr 50mm,Precipitation
MIROC-ESM,rcp85,2021,MAM,1,pr 50mm,Precipitation
MIROC-ESM,rcp85,2023,MAM,3,pr 50mm,Precipitation
MIROC-ESM,rcp85,2026,MAM,1,pr 50mm,Precipitation
MIROC-ESM,rcp85,2028,MAM,1,pr 50mm,Precipitation
MIROC-ESM,rcp85,2029,MAM,7,pr 50mm,Precipitation
MIROC-ESM,rcp85,2031,MAM,1,pr 50mm,Precipitation
MIROC-ESM,rcp85,2032,MAM,1,pr 50mm,Precipitation
MIROC-ESM,rcp85,2033,MAM,2,pr 50mm,Precipitation
MIROC-ESM,rcp85,2034,MAM,1,pr 50mm,Precipitation
MIROC-ESM,rcp85,2035,MAM,1,pr 50mm,Precipitation
MIROC-ESM,rcp85,2036,MAM,3,pr 50mm,Precipitation
MIROC-ESM-CHEM,rcp85,2006,MAM,2,pr 50mm,Precipitation
MIROC-ESM-CHEM,rcp85,2009,MAM,1,pr 50mm,Precipitation
MIROC-ESM-CHEM,rcp85,2011,MAM,1,pr 50mm,Precipitation
MIROC-ESM-CHEM,rcp85,2013,MAM,3,pr 50mm,Precipitation
MIROC-ESM-CHEM,rcp85,2014,MAM,1,pr 50mm,Precipitation
MIROC-ESM-CHEM,rcp85,2017,MAM,4,pr 50mm,Precipitation
MIROC-ESM-CHEM,rcp85,2018,MAM,1,pr 50mm,Precipitation
MIROC-ESM-CHEM,rcp85,2019,MAM,1,pr 50mm,Precipitation
MIROC-ESM-CHEM,rcp85,2021,MAM,1,pr 50mm,Precipitation
MIROC-ESM-CHEM,rcp85,2022,MAM,3,pr 50mm,Precipitation
MIROC-ESM-CHEM,rcp85,2024,MAM,5,pr 50mm,Precipitation
MIROC-ESM-CHEM,rcp85,2025,MAM,1,pr 50mm,Precipitation
MIROC-ESM-CHEM,rcp85,2026,MAM,4,pr 50mm,Precipitation
MIROC-ESM-CHEM,rcp85,2027,MAM,1,pr 50mm,Precipitation
MIROC-ESM-CHEM,rcp85,2029,MAM,1,pr 50mm,Precipitation
MIROC-ESM-CHEM,rcp85,2033,MAM,2,pr 50mm,Precipitation
MIROC-ESM-CHEM,rcp85,2036,MAM,3,pr 50mm,Precipitation
MIROC5,rcp85,2007,MAM,1,pr 50mm,Precipitation
MIROC5,rcp85,2008,MAM,1,pr 50mm,Precipitation
MIROC5,rcp85,2009,MAM,3,pr 50mm,Precipitation
MIROC5,rcp85,2010,MAM,1,pr 50mm,Precipitation
MIROC5,rcp85,2013,MAM,1,pr 50mm,Precipitation
MIROC5,rcp85,2014,MAM,1,pr 50mm,Precipitation
MIROC5,rcp85,2015,MAM,1,pr 50mm,Precipitation
MIROC5,rcp85,2017,MAM,2,pr 50mm,Precipitation
MIROC5,rcp85,2018,MAM,2,pr 50mm,Precipitation
MIROC5,rcp85,2019,MAM,2,pr 50mm,Precipitation
MIROC5,rcp85,2020,MAM,1,pr 50mm,Precipitation
MIROC5,rcp85,2023,MAM,2,pr 50mm,Precipitation
MIROC5,rcp85,2024,MAM,1,pr 50mm,Precipitation
MIROC5,rcp85,2025,MAM,6,pr 50mm,Precipitation
MIROC5,rcp85,2026,MAM,2,pr 50mm,Precipitation
MIROC5,rcp85,2028,MAM,1,pr 50mm,Precipitation
MIROC5,rcp85,2029,MAM,1,pr 50mm,Precipitation
MIROC5,rcp85,2030,MAM,1,pr 50mm,Precipitation
MIROC5,rcp85,2032,MAM,5,pr 50mm,Precipitation
MIROC5,rcp85,2034,MAM,3,pr 50mm,Precipitation
MIROC5,rcp85,2036,MAM,1,pr 50mm,Precipitation
MPI-ESM-LR,rcp85,2006,MAM,3,pr 50mm,Precipitation
MPI-ESM-LR,rcp85,2007,MAM,1,pr 50mm,Precipitation
MPI-ESM-LR,rcp85,2008,MAM,1,pr 50mm,Precipitation
MPI-ESM-LR,rcp85,2009,MAM,4,pr 50mm,Precipitation
MPI-ESM-LR,rcp85,2011,MAM,2,pr 50mm,Precipitation
MPI-ESM-LR,rcp85,2014,MAM,1,pr 50mm,Precipitation
MPI-ESM-LR,rcp85,2015,MAM,2,pr 50mm,Precipitation
MPI-ESM-LR,rcp85,2017,MAM,4,pr 50mm,Precipitation
MPI-ESM-LR,rcp85,2018,MAM,1,pr 50mm,Precipitation
MPI-ESM-LR,rcp85,2019,MAM,2,pr 50mm,Precipitation
MPI-ESM-LR,rcp85,2020,MAM,2,pr 50mm,Precipitation
MPI-ESM-LR,rcp85,2021,MAM,2,pr 50mm,Precipitation
MPI-ESM-LR,rcp85,2023,MAM,2,pr 50mm,Precipitation
MPI-ESM-LR,rcp85,2026,MAM,1,pr 50mm,Precipitation
MPI-ESM-LR,rcp85,2027,MAM,1,pr 50mm,Precipitation
MPI-ESM-LR,rcp85,2028,MAM,3,pr 50mm,Precipitation
MPI-ESM-LR,rcp85,2030,MAM,1,pr 50mm,Precipitation
MPI-ESM-LR,rcp85,2031,MAM,4,pr 50mm,Precipitation
MPI-ESM-LR,rcp85,2033,MAM,1,pr 50mm,Precipitation
MPI-ESM-LR,rcp85,2034,MAM,2,pr 50mm,Precipitation
MPI-ESM-LR,rcp85,2035,MAM,1,pr 50mm,Precipitation
MPI-ESM-LR,rcp85,2036,MAM,1,pr 50mm,Precipitation
MPI-ESM-MR,rcp85,2006,MAM,2,pr 50mm,Precipitation
MPI-ESM-MR,rcp85,2008,MAM,2,pr 50mm,Precipitation
MPI-ESM-MR,rcp85,2011,MAM,2,pr 50mm,Precipitation
MPI-ESM-MR,rcp85,2012,MAM,1,pr 50mm,Precipitation
MPI-ESM-MR,rcp85,2013,MAM,1,pr 50mm,Precipitation
MPI-ESM-MR,rcp85,2014,MAM,3,pr 50mm,Precipitation
MPI-ESM-MR,rcp85,2017,MAM,3,pr 50mm,Precipitation
MPI-ESM-MR,rcp85,2018,MAM,2,pr 50mm,Precipitation
MPI-ESM-MR,rcp85,2019,MAM,2,pr 50mm,Precipitation
MPI-ESM-MR,rcp85,2021,MAM,3,pr 50mm,Precipitation
MPI-ESM-MR,rcp85,2023,MAM,1,pr 50mm,Precipitation
MPI-ESM-MR,rcp85,2024,MAM,3,pr 50mm,Precipitation
MPI-ESM-MR,rcp85,2026,MAM,2,pr 50mm,Precipitation
MPI-ESM-MR,rcp85,2027,MAM,3,pr 50mm,Precipitation
MPI-ESM-MR,rcp85,2029,MAM,2,pr 50mm,Precipitation
MPI-ESM-MR,rcp85,2031,MAM,1,pr 50mm,Precipitation
MPI-ESM-MR,rcp85,2034,MAM,2,pr 50mm,Precipitation
MRI-CGCM3,rcp85,2006,MAM,2,pr 50mm,Precipitation
MRI-CGCM3,rcp85,2007,MAM,2,pr 50mm,Precipitation
MRI-CGCM3,rcp85,2008,MAM,2,pr 50mm,Precipitation
MRI-CGCM3,rcp85,2009,MAM,1,pr 50mm,Precipitation
MRI-CGCM3,rcp85,2011,MAM,2,pr 50mm,Precipitation
MRI-CGCM3,rcp85,2012,MAM,1,pr 50mm,Precipitation
MRI-CGCM3,rcp85,2013,MAM,2,pr 50mm,Precipitation
MRI-CGCM3,rcp85,2014,MAM,1,pr 50mm,Precipitation
MRI-CGCM3,rcp85,2015,MAM,1,pr 50mm,Precipitation
MRI-CGCM3,rcp85,2016,MAM,3,pr 50mm,Precipitation
MRI-CGCM3,rcp85,2017,MAM,2,pr 50mm,Precipitation
MRI-CGCM3,rcp85,2019,MAM,3,pr 50mm,Precipitation
MRI-CGCM3,rcp85,2020,MAM,3,pr 50mm,Precipitation
MRI-CGCM3,rcp85,2023,MAM,2,pr 50mm,Precipitation
MRI-CGCM3,rcp85,2024,MAM,2,pr 50mm,Precipitation
MRI-CGCM3,rcp85,2025,MAM,2,pr 50mm,Precipitation
MRI-CGCM3,rcp85,2029,MAM,5,pr 50mm,Precipitation
MRI-CGCM3,rcp85,2030,MAM,1,pr 50mm,Precipitation
MRI-CGCM3,rcp85,2032,MAM,1,pr 50mm,Precipitation
MRI-CGCM3,rcp85,2034,MAM,2,pr 50mm,Precipitation
MRI-CGCM3,rcp85,2036,MAM,4,pr 50mm,Precipitation
MRI-ESM1,rcp85,2006,MAM,1,pr 50mm,Precipitation
MRI-ESM1,rcp85,2007,MAM,2,pr 50mm,Precipitation
MRI-ESM1,rcp85,2008,MAM,2,pr 50mm,Precipitation
MRI-ESM1,rcp85,2010,MAM,3,pr 50mm,Precipitation
MRI-ESM1,rcp85,2011,MAM,2,pr 50mm,Precipitation
MRI-ESM1,rcp85,2012,MAM,3,pr 50mm,Precipitation
MRI-ESM1,rcp85,2013,MAM,2,pr 50mm,Precipitation
MRI-ESM1,rcp85,2014,MAM,5,pr 50mm,Precipitation
MRI-ESM1,rcp85,2015,MAM,2,pr 50mm,Precipitation
MRI-ESM1,rcp85,2016,MAM,1,pr 50mm,Precipitation
MRI-ESM1,rcp85,2017,MAM,1,pr 50mm,Precipitation
MRI-ESM1,rcp85,2018,MAM,2,pr 50mm,Precipitation
MRI-ESM1,rcp85,2020,MAM,4,pr 50mm,Precipitation
MRI-ESM1,rcp85,2021,MAM,1,pr 50mm,Precipitation
MRI-ESM1,rcp85,2022,MAM,1,pr 50mm,Precipitation
MRI-ESM1,rcp85,2023,MAM,1,pr 50mm,Precipitation
MRI-ESM1,rcp85,2024,MAM,1,pr 50mm,Precipitation
MRI-ESM1,rcp85,2025,MAM,1,pr 50mm,Precipitation
MRI-ESM1,rcp85,2026,MAM,3,pr 50mm,Precipitation
MRI-ESM1,rcp85,2027,MAM,2,pr 50mm,Precipitation
MRI-ESM1,rcp85,2029,MAM,1,pr 50mm,Precipitation
MRI-ESM1,rcp85,2030,MAM,1,pr 50mm,Precipitation
MRI-ESM1,rcp85,2031,MAM,2,pr 50mm,Precipitation
MRI-ESM1,rcp85,2032,MAM,1,pr 50mm,Precipitation
MRI-ESM1,rcp85,2033,MAM,3,pr 50mm,Precipitation
MRI-ESM1,rcp85,2034,MAM,4,pr 50mm,Precipitation
MRI-ESM1,rcp85,2035,MAM,2,pr 50mm,Precipitation
MRI-ESM1,rcp85,2036,MAM,1,pr 50mm,Precipitation
NorESM1-M,rcp85,2006,MAM,2,pr 50mm,Precipitation
NorESM1-M,rcp85,2007,MAM,3,pr 50mm,Precipitation
NorESM1-M,rcp85,2008,MAM,1,pr 50mm,Precipitation
NorESM1-M,rcp85,2009,MAM,4,pr 50mm,Precipitation
NorESM1-M,rcp85,2010,MAM,2,pr 50mm,Precipitation
NorESM1-M,rcp85,2012,MAM,6,pr 50mm,Precipitation
NorESM1-M,rcp85,2013,MAM,3,pr 50mm,Precipitation
NorESM1-M,rcp85,2016,MAM,4,pr 50mm,Precipitation
NorESM1-M,rcp85,2017,MAM,1,pr 50mm,Precipitation
NorESM1-M,rcp85,2021,MAM,2,pr 50mm,Precipitation
NorESM1-M,rcp85,2022,MAM,5,pr 50mm,Precipitation
NorESM1-M,rcp85,2023,MAM,1,pr 50mm,Precipitation
NorESM1-M,rcp85,2025,MAM,3,pr 50mm,Precipitation
NorESM1-M,rcp85,2026,MAM,1,pr 50mm,Precipitation
NorESM1-M,rcp85,2027,MAM,1,pr 50mm,Precipitation
NorESM1-M,rcp85,2028,MAM,8,pr 50mm,Precipitation
NorESM1-M,rcp85,2032,MAM,1,pr 50mm,Precipitation
NorESM1-M,rcp85,2034,MAM,4,pr 50mm,Precipitation
bcc-csm1-1,rcp85,2006,MAM,1,pr 50mm,Precipitation
bcc-csm1-1,rcp85,2008,MAM,1,pr 50mm,Precipitation
bcc-csm1-1,rcp85,2009,MAM,2,pr 50mm,Precipitation
bcc-csm1-1,rcp85,2010,MAM,4,pr 50mm,Precipitation
bcc-csm1-1,rcp85,2011,MAM,2,pr 50mm,Precipitation
bcc-csm1-1,rcp85,2012,MAM,1,pr 50mm,Precipitation
bcc-csm1-1,rcp85,2013,MAM,2,pr 50mm,Precipitation
bcc-csm1-1,rcp85,2014,MAM,2,pr 50mm,Precipitation
bcc-csm1-1,rcp85,2015,MAM,3,pr 50mm,Precipitation
bcc-csm1-1,rcp85,2016,MAM,2,pr 50mm,Precipitation
bcc-csm1-1,rcp85,2017,MAM,1,pr 50mm,Precipitation
bcc-csm1-1,rcp85,2019,MAM,3,pr 50mm,Precipitation
bcc-csm1-1,rcp85,2020,MAM,1,pr 50mm,Precipitation
bcc-csm1-1,rcp85,2021,MAM,1,pr 50mm,Precipitation
bcc-csm1-1,rcp85,2022,MAM,1,pr 50mm,Precipitation
bcc-csm1-1,rcp85,2023,MAM,3,pr 50mm,Precipitation
bcc-csm1-1,rcp85,2024,MAM,5,pr 50mm,Precipitation
bcc-csm1-1,rcp85,2025,MAM,1,pr 50mm,Precipitation
bcc-csm1-1,rcp85,2026,MAM,1,pr 50mm,Precipitation
bcc-csm1-1,rcp85,2027,MAM,2,pr 50mm,Precipitation
bcc-csm1-1,rcp85,2029,MAM,1,pr 50mm,Precipitation
bcc-csm1-1,rcp85,2030,MAM,7,pr 50mm,Precipitation
bcc-csm1-1,rcp85,2031,MAM,2,pr 50mm,Precipitation
bcc-csm1-1,rcp85,2032,MAM,1,pr 50mm,Precipitation
bcc-csm1-1,rcp85,2033,MAM,2,pr 50mm,Precipitation
bcc-csm1-1,rcp85,2034,MAM,4,pr 50mm,Precipitation
bcc-csm1-1,rcp85,2035,MAM,1,pr 50mm,Precipitation
bcc-csm1-1,rcp85,2036,MAM,3,pr 50mm,Precipitation
bcc-csm1-1-m,rcp85,2012,MAM,1,pr 50mm,Precipitation
bcc-csm1-1-m,rcp85,2013,MAM,3,pr 50mm,Precipitation
bcc-csm1-1-m,rcp85,2017,MAM,2,pr 50mm,Precipitation
bcc-csm1-1-m,rcp85,2022,MAM,1,pr 50mm,Precipitation
bcc-csm1-1-m,rcp85,2023,MAM,1,pr 50mm,Precipitation
bcc-csm1-1-m,rcp85,2025,MAM,1,pr 50mm,Precipitation
bcc-csm1-1-m,rcp85,2026,MAM,2,pr 50mm,Precipitation
bcc-csm1-1-m,rcp85,2034,MAM,1,pr 50mm,Precipitation
inmcm4,rcp85,2006,MAM,3,pr 50mm,Precipitation
inmcm4,rcp85,2007,MAM,4,pr 50mm,Precipitation
inmcm4,rcp85,2008,MAM,2,pr 50mm,Precipitation
inmcm4,rcp85,2009,MAM,1,pr 50mm,Precipitation
inmcm4,rcp85,2011,MAM,1,pr 50mm,Precipitation
inmcm4,rcp85,2012,MAM,1,pr 50mm,Precipitation
inmcm4,rcp85,2013,MAM,5,pr 50mm,Precipitation
inmcm4,rcp85,2016,MAM,2,pr 50mm,Precipitation
inmcm4,rcp85,2018,MAM,2,pr 50mm,Precipitation
inmcm4,rcp85,2019,MAM,3,pr 50mm,Precipitation
inmcm4,rcp85,2020,MAM,7,pr 50mm,Precipitation
inmcm4,rcp85,2021,MAM,1,pr 50mm,Precipitation
inmcm4,rcp85,2023,MAM,1,pr 50mm,Precipitation
inmcm4,rcp85,2024,MAM,1,pr 50mm,Precipitation
inmcm4,rcp85,2026,MAM,1,pr 50mm,Precipitation
inmcm4,rcp85,2027,MAM,4,pr 50mm,Precipitation
inmcm4,rcp85,2030,MAM,1,pr 50mm,Precipitation
inmcm4,rcp85,2033,MAM,3,pr 50mm,Precipitation
inmcm4,rcp85,2035,MAM,1,pr 50mm,Precipitation
inmcm4,rcp85,2036,MAM,2,pr 50mm,Precipitation
ACCESS1-0,rcp85,2006,SON,2,pr 50mm,Precipitation
ACCESS1-0,rcp85,2007,SON,1,pr 50mm,Precipitation
ACCESS1-0,rcp85,2008,SON,3,pr 50mm,Precipitation
ACCESS1-0,rcp85,2009,SON,9,pr 50mm,Precipitation
ACCESS1-0,rcp85,2010,SON,3,pr 50mm,Precipitation
ACCESS1-0,rcp85,2011,SON,3,pr 50mm,Precipitation
ACCESS1-0,rcp85,2012,SON,6,pr 50mm,Precipitation
ACCESS1-0,rcp85,2014,SON,8,pr 50mm,Precipitation
ACCESS1-0,rcp85,2015,SON,3,pr 50mm,Precipitation
ACCESS1-0,rcp85,2016,SON,2,pr 50mm,Precipitation
ACCESS1-0,rcp85,2017,SON,4,pr 50mm,Precipitation
ACCESS1-0,rcp85,2018,SON,3,pr 50mm,Precipitation
ACCESS1-0,rcp85,2019,SON,3,pr 50mm,Precipitation
ACCESS1-0,rcp85,2020,SON,1,pr 50mm,Precipitation
ACCESS1-0,rcp85,2021,SON,5,pr 50mm,Precipitation
ACCESS1-0,rcp85,2023,SON,3,pr 50mm,Precipitation
ACCESS1-0,rcp85,2024,SON,3,pr 50mm,Precipitation
ACCESS1-0,rcp85,2025,SON,3,pr 50mm,Precipitation
ACCESS1-0,rcp85,2027,SON,1,pr 50mm,Precipitation
ACCESS1-0,rcp85,2028,SON,1,pr 50mm,Precipitation
ACCESS1-0,rcp85,2029,SON,4,pr 50mm,Precipitation
ACCESS1-0,rcp85,2030,SON,1,pr 50mm,Precipitation
ACCESS1-0,rcp85,2031,SON,2,pr 50mm,Precipitation
ACCESS1-0,rcp85,2032,SON,4,pr 50mm,Precipitation
ACCESS1-0,rcp85,2034,SON,2,pr 50mm,Precipitation
ACCESS1-0,rcp85,2035,SON,6,pr 50mm,Precipitation
ACCESS1-0,rcp85,2036,SON,3,pr 50mm,Precipitation
ACCESS1-3,rcp85,2006,SON,4,pr 50mm,Precipitation
ACCESS1-3,rcp85,2007,SON,3,pr 50mm,Precipitation
ACCESS1-3,rcp85,2008,SON,3,pr 50mm,Precipitation
ACCESS1-3,rcp85,2010,SON,6,pr 50mm,Precipitation
ACCESS1-3,rcp85,2011,SON,5,pr 50mm,Precipitation
ACCESS1-3,rcp85,2012,SON,1,pr 50mm,Precipitation
ACCESS1-3,rcp85,2013,SON,1,pr 50mm,Precipitation
ACCESS1-3,rcp85,2014,SON,1,pr 50mm,Precipitation
ACCESS1-3,rcp85,2015,SON,4,pr 50mm,Precipitation
ACCESS1-3,rcp85,2016,SON,2,pr 50mm,Precipitation
ACCESS1-3,rcp85,2017,SON,6,pr 50mm,Precipitation
ACCESS1-3,rcp85,2018,SON,3,pr 50mm,Precipitation
ACCESS1-3,rcp85,2019,SON,3,pr 50mm,Precipitation
ACCESS1-3,rcp85,2020,SON,2,pr 50mm,Precipitation
ACCESS1-3,rcp85,2021,SON,2,pr 50mm,Precipitation
ACCESS1-3,rcp85,2022,SON,4,pr 50mm,Precipitation
ACCESS1-3,rcp85,2023,SON,3,pr 50mm,Precipitation
ACCESS1-3,rcp85,2024,SON,1,pr 50mm,Precipitation
ACCESS1-3,rcp85,2025,SON,6,pr 50mm,Precipitation
ACCESS1-3,rcp85,2026,SON,1,pr 50mm,Precipitation
ACCESS1-3,rcp85,2028,SON,2,pr 50mm,Precipitation
ACCESS1-3,rcp85,2029,SON,7,pr 50mm,Precipitation
ACCESS1-3,rcp85,2030,SON,1,pr 50mm,Precipitation
ACCESS1-3,rcp85,2031,SON,6,pr 50mm,Precipitation
ACCESS1-3,rcp85,2032,SON,5,pr 50mm,Precipitation
ACCESS1-3,rcp85,2033,SON,7,pr 50mm,Precipitation
ACCESS1-3,rcp85,2034,SON,1,pr 50mm,Precipitation
ACCESS1-3,rcp85,2035,SON,2,pr 50mm,Precipitation
ACCESS1-3,rcp85,2036,SON,1,pr 50mm,Precipitation
BNU-ESM,rcp85,2006,SON,2,pr 50mm,Precipitation
BNU-ESM,rcp85,2007,SON,1,pr 50mm,Precipitation
BNU-ESM,rcp85,2008,SON,7,pr 50mm,Precipitation
BNU-ESM,rcp85,2009,SON,3,pr 50mm,Precipitation
BNU-ESM,rcp85,2010,SON,1,pr 50mm,Precipitation
BNU-ESM,rcp85,2012,SON,3,pr 50mm,Precipitation
BNU-ESM,rcp85,2013,SON,2,pr 50mm,Precipitation
BNU-ESM,rcp85,2014,SON,5,pr 50mm,Precipitation
BNU-ESM,rcp85,2015,SON,2,pr 50mm,Precipitation
BNU-ESM,rcp85,2016,SON,4,pr 50mm,Precipitation
BNU-ESM,rcp85,2017,SON,3,pr 50mm,Precipitation
BNU-ESM,rcp85,2018,SON,2,pr 50mm,Precipitation
BNU-ESM,rcp85,2019,SON,1,pr 50mm,Precipitation
BNU-ESM,rcp85,2021,SON,7,pr 50mm,Precipitation
BNU-ESM,rcp85,2023,SON,3,pr 50mm,Precipitation
BNU-ESM,rcp85,2024,SON,6,pr 50mm,Precipitation
BNU-ESM,rcp85,2025,SON,8,pr 50mm,Precipitation
BNU-ESM,rcp85,2026,SON,2,pr 50mm,Precipitation
BNU-ESM,rcp85,2027,SON,4,pr 50mm,Precipitation
BNU-ESM,rcp85,2028,SON,4,pr 50mm,Precipitation
BNU-ESM,rcp85,2029,SON,6,pr 50mm,Precipitation
BNU-ESM,rcp85,2035,SON,6,pr 50mm,Precipitation
BNU-ESM,rcp85,2036,SON,6,pr 50mm,Precipitation
CCSM4,rcp85,2006,SON,2,pr 50mm,Precipitation
CCSM4,rcp85,2007,SON,2,pr 50mm,Precipitation
CCSM4,rcp85,2008,SON,3,pr 50mm,Precipitation
CCSM4,rcp85,2009,SON,5,pr 50mm,Precipitation
CCSM4,rcp85,2010,SON,2,pr 50mm,Precipitation
CCSM4,rcp85,2011,SON,4,pr 50mm,Precipitation
CCSM4,rcp85,2012,SON,2,pr 50mm,Precipitation
CCSM4,rcp85,2013,SON,4,pr 50mm,Precipitation
CCSM4,rcp85,2014,SON,7,pr 50mm,Precipitation
CCSM4,rcp85,2015,SON,4,pr 50mm,Precipitation
CCSM4,rcp85,2016,SON,3,pr 50mm,Precipitation
CCSM4,rcp85,2017,SON,5,pr 50mm,Precipitation
CCSM4,rcp85,2018,SON,3,pr 50mm,Precipitation
CCSM4,rcp85,2019,SON,2,pr 50mm,Precipitation
CCSM4,rcp85,2021,SON,1,pr 50mm,Precipitation
CCSM4,rcp85,2023,SON,4,pr 50mm,Precipitation
CCSM4,rcp85,2024,SON,3,pr 50mm,Precipitation
CCSM4,rcp85,2025,SON,5,pr 50mm,Precipitation
CCSM4,rcp85,2026,SON,8,pr 50mm,Precipitation
CCSM4,rcp85,2027,SON,5,pr 50mm,Precipitation
CCSM4,rcp85,2028,SON,3,pr 50mm,Precipitation
CCSM4,rcp85,2029,SON,2,pr 50mm,Precipitation
CCSM4,rcp85,2030,SON,7,pr 50mm,Precipitation
CCSM4,rcp85,2031,SON,6,pr 50mm,Precipitation
CCSM4,rcp85,2033,SON,3,pr 50mm,Precipitation
CCSM4,rcp85,2034,SON,6,pr 50mm,Precipitation
CCSM4,rcp85,2036,SON,3,pr 50mm,Precipitation
CESM1-BGC,rcp85,2006,SON,1,pr 50mm,Precipitation
CESM1-BGC,rcp85,2007,SON,2,pr 50mm,Precipitation
CESM1-BGC,rcp85,2009,SON,5,pr 50mm,Precipitation
CESM1-BGC,rcp85,2010,SON,2,pr 50mm,Precipitation
CESM1-BGC,rcp85,2011,SON,8,pr 50mm,Precipitation
CESM1-BGC,rcp85,2012,SON,1,pr 50mm,Precipitation
CESM1-BGC,rcp85,2013,SON,4,pr 50mm,Precipitation
CESM1-BGC,rcp85,2014,SON,4,pr 50mm,Precipitation
CESM1-BGC,rcp85,2015,SON,10,pr 50mm,Precipitation
CESM1-BGC,rcp85,2016,SON,5,pr 50mm,Precipitation
CESM1-BGC,rcp85,2017,SON,4,pr 50mm,Precipitation
CESM1-BGC,rcp85,2018,SON,2,pr 50mm,Precipitation
CESM1-BGC,rcp85,2019,SON,5,pr 50mm,Precipitation
CESM1-BGC,rcp85,2021,SON,1,pr 50mm,Precipitation
CESM1-BGC,rcp85,2022,SON,2,pr 50mm,Precipitation
CESM1-BGC,rcp85,2023,SON,8,pr 50mm,Precipitation
CESM1-BGC,rcp85,2024,SON,2,pr 50mm,Precipitation
CESM1-BGC,rcp85,2025,SON,5,pr 50mm,Precipitation
CESM1-BGC,rcp85,2026,SON,2,pr 50mm,Precipitation
CESM1-BGC,rcp85,2028,SON,5,pr 50mm,Precipitation
CESM1-BGC,rcp85,2029,SON,4,pr 50mm,Precipitation
CESM1-BGC,rcp85,2030,SON,6,pr 50mm,Precipitation
CESM1-BGC,rcp85,2031,SON,1,pr 50mm,Precipitation
CESM1-BGC,rcp85,2032,SON,5,pr 50mm,Precipitation
CESM1-BGC,rcp85,2033,SON,3,pr 50mm,Precipitation
CESM1-BGC,rcp85,2034,SON,2,pr 50mm,Precipitation
CESM1-BGC,rcp85,2035,SON,2,pr 50mm,Precipitation
CESM1-CAM5,rcp85,2006,SON,8,pr 50mm,Precipitation
CESM1-CAM5,rcp85,2007,SON,1,pr 50mm,Precipitation
CESM1-CAM5,rcp85,2009,SON,9,pr 50mm,Precipitation
CESM1-CAM5,rcp85,2010,SON,2,pr 50mm,Precipitation
CESM1-CAM5,rcp85,2011,SON,4,pr 50mm,Precipitation
CESM1-CAM5,rcp85,2012,SON,1,pr 50mm,Precipitation
CESM1-CAM5,rcp85,2013,SON,3,pr 50mm,Precipitation
CESM1-CAM5,rcp85,2015,SON,3,pr 50mm,Precipitation
CESM1-CAM5,rcp85,2016,SON,2,pr 50mm,Precipitation
CESM1-CAM5,rcp85,2017,SON,4,pr 50mm,Precipitation
CESM1-CAM5,rcp85,2018,SON,4,pr 50mm,Precipitation
CESM1-CAM5,rcp85,2019,SON,3,pr 50mm,Precipitation
CESM1-CAM5,rcp85,2021,SON,7,pr 50mm,Precipitation
CESM1-CAM5,rcp85,2022,SON,4,pr 50mm,Precipitation
CESM1-CAM5,rcp85,2023,SON,2,pr 50mm,Precipitation
CESM1-CAM5,rcp85,2024,SON,2,pr 50mm,Precipitation
CESM1-CAM5,rcp85,2025,SON,3,pr 50mm,Precipitation
CESM1-CAM5,rcp85,2026,SON,4,pr 50mm,Precipitation
CESM1-CAM5,rcp85,2027,SON,5,pr 50mm,Precipitation
CESM1-CAM5,rcp85,2029,SON,15,pr 50mm,Precipitation
CESM1-CAM5,rcp85,2030,SON,5,pr 50mm,Precipitation
CESM1-CAM5,rcp85,2031,SON,7,pr 50mm,Precipitation
CESM1-CAM5,rcp85,2032,SON,2,pr 50mm,Precipitation
CESM1-CAM5,rcp85,2033,SON,5,pr 50mm,Precipitation
CESM1-CAM5,rcp85,2034,SON,3,pr 50mm,Precipitation
CESM1-CAM5,rcp85,2035,SON,4,pr 50mm,Precipitation
CESM1-CAM5,rcp85,2036,SON,3,pr 50mm,Precipitation
CMCC-CESM,rcp85,2006,SON,2,pr 50mm,Precipitation
CMCC-CESM,rcp85,2007,SON,4,pr 50mm,Precipitation
CMCC-CESM,rcp85,2010,SON,9,pr 50mm,Precipitation
CMCC-CESM,rcp85,2011,SON,4,pr 50mm,Precipitation
CMCC-CESM,rcp85,2012,SON,5,pr 50mm,Precipitation
CMCC-CESM,rcp85,2013,SON,11,pr 50mm,Precipitation
CMCC-CESM,rcp85,2014,SON,10,pr 50mm,Precipitation
CMCC-CESM,rcp85,2015,SON,2,pr 50mm,Precipitation
CMCC-CESM,rcp85,2016,SON,10,pr 50mm,Precipitation
CMCC-CESM,rcp85,2017,SON,1,pr 50mm,Precipitation
CMCC-CESM,rcp85,2021,SON,2,pr 50mm,Precipitation
CMCC-CESM,rcp85,2022,SON,4,pr 50mm,Precipitation
CMCC-CESM,rcp85,2023,SON,2,pr 50mm,Precipitation
CMCC-CESM,rcp85,2024,SON,1,pr 50mm,Precipitation
CMCC-CESM,rcp85,2026,SON,10,pr 50mm,Precipitation
CMCC-CESM,rcp85,2027,SON,15,pr 50mm,Precipitation
CMCC-CESM,rcp85,2028,SON,7,pr 50mm,Precipitation
CMCC-CESM,rcp85,2029,SON,3,pr 50mm,Precipitation
CMCC-CESM,rcp85,2030,SON,6,pr 50mm,Precipitation
CMCC-CESM,rcp85,2031,SON,6,pr 50mm,Precipitation
CMCC-CESM,rcp85,2032,SON,4,pr 50mm,Precipitation
CMCC-CESM,rcp85,2033,SON,1,pr 50mm,Precipitation
CMCC-CESM,rcp85,2034,SON,4,pr 50mm,Precipitation
CMCC-CESM,rcp85,2035,SON,5,pr 50mm,Precipitation
CMCC-CESM,rcp85,2036,SON,3,pr 50mm,Precipitation
CMCC-CM,rcp85,2006,SON,4,pr 50mm,Precipitation
CMCC-CM,rcp85,2007,SON,2,pr 50mm,Precipitation
CMCC-CM,rcp85,2008,SON,6,pr 50mm,Precipitation
CMCC-CM,rcp85,2010,SON,2,pr 50mm,Precipitation
CMCC-CM,rcp85,2011,SON,7,pr 50mm,Precipitation
CMCC-CM,rcp85,2014,SON,1,pr 50mm,Precipitation
CMCC-CM,rcp85,2016,SON,4,pr 50mm,Precipitation
CMCC-CM,rcp85,2017,SON,2,pr 50mm,Precipitation
CMCC-CM,rcp85,2019,SON,4,pr 50mm,Precipitation
CMCC-CM,rcp85,2020,SON,4,pr 50mm,Precipitation
CMCC-CM,rcp85,2021,SON,3,pr 50mm,Precipitation
CMCC-CM,rcp85,2022,SON,8,pr 50mm,Precipitation
CMCC-CM,rcp85,2024,SON,6,pr 50mm,Precipitation
CMCC-CM,rcp85,2026,SON,7,pr 50mm,Precipitation
CMCC-CM,rcp85,2027,SON,3,pr 50mm,Precipitation
CMCC-CM,rcp85,2028,SON,2,pr 50mm,Precipitation
CMCC-CM,rcp85,2029,SON,6,pr 50mm,Precipitation
CMCC-CM,rcp85,2030,SON,6,pr 50mm,Precipitation
CMCC-CM,rcp85,2031,SON,5,pr 50mm,Precipitation
CMCC-CM,rcp85,2033,SON,5,pr 50mm,Precipitation
CMCC-CM,rcp85,2034,SON,1,pr 50mm,Precipitation
CMCC-CM,rcp85,2035,SON,4,pr 50mm,Precipitation
CMCC-CM,rcp85,2036,SON,3,pr 50mm,Precipitation
CNRM-CM5,rcp85,2006,SON,3,pr 50mm,Precipitation
CNRM-CM5,rcp85,2007,SON,3,pr 50mm,Precipitation
CNRM-CM5,rcp85,2008,SON,6,pr 50mm,Precipitation
CNRM-CM5,rcp85,2009,SON,5,pr 50mm,Precipitation
CNRM-CM5,rcp85,2010,SON,7,pr 50mm,Precipitation
CNRM-CM5,rcp85,2011,SON,3,pr 50mm,Precipitation
CNRM-CM5,rcp85,2012,SON,2,pr 50mm,Precipitation
CNRM-CM5,rcp85,2013,SON,3,pr 50mm,Precipitation
CNRM-CM5,rcp85,2014,SON,2,pr 50mm,Precipitation
CNRM-CM5,rcp85,2015,SON,4,pr 50mm,Precipitation
CNRM-CM5,rcp85,2016,SON,3,pr 50mm,Precipitation
CNRM-CM5,rcp85,2017,SON,5,pr 50mm,Precipitation
CNRM-CM5,rcp85,2018,SON,1,pr 50mm,Precipitation
CNRM-CM5,rcp85,2020,SON,3,pr 50mm,Precipitation
CNRM-CM5,rcp85,2022,SON,5,pr 50mm,Precipitation
CNRM-CM5,rcp85,2023,SON,1,pr 50mm,Precipitation
CNRM-CM5,rcp85,2024,SON,3,pr 50mm,Precipitation
CNRM-CM5,rcp85,2025,SON,6,pr 50mm,Precipitation
CNRM-CM5,rcp85,2026,SON,1,pr 50mm,Precipitation
CNRM-CM5,rcp85,2027,SON,6,pr 50mm,Precipitation
CNRM-CM5,rcp85,2028,SON,2,pr 50mm,Precipitation
CNRM-CM5,rcp85,2029,SON,4,pr 50mm,Precipitation
CNRM-CM5,rcp85,2030,SON,7,pr 50mm,Precipitation
CNRM-CM5,rcp85,2031,SON,2,pr 50mm,Precipitation
CNRM-CM5,rcp85,2032,SON,9,pr 50mm,Precipitation
CNRM-CM5,rcp85,2033,SON,4,pr 50mm,Precipitation
CNRM-CM5,rcp85,2034,SON,4,pr 50mm,Precipitation
CNRM-CM5,rcp85,2035,SON,3,pr 50mm,Precipitation
CNRM-CM5,rcp85,2036,SON,1,pr 50mm,Precipitation
CSIRO-Mk3-6-0,rcp85,2006,SON,5,pr 50mm,Precipitation
CSIRO-Mk3-6-0,rcp85,2007,SON,4,pr 50mm,Precipitation
CSIRO-Mk3-6-0,rcp85,2008,SON,2,pr 50mm,Precipitation
CSIRO-Mk3-6-0,rcp85,2009,SON,4,pr 50mm,Precipitation
CSIRO-Mk3-6-0,rcp85,2010,SON,8,pr 50mm,Precipitation
CSIRO-Mk3-6-0,rcp85,2012,SON,5,pr 50mm,Precipitation
CSIRO-Mk3-6-0,rcp85,2013,SON,1,pr 50mm,Precipitation
CSIRO-Mk3-6-0,rcp85,2014,SON,7,pr 50mm,Precipitation
CSIRO-Mk3-6-0,rcp85,2015,SON,6,pr 50mm,Precipitation
CSIRO-Mk3-6-0,rcp85,2017,SON,5,pr 50mm,Precipitation
CSIRO-Mk3-6-0,rcp85,2018,SON,2,pr 50mm,Precipitation
CSIRO-Mk3-6-0,rcp85,2019,SON,6,pr 50mm,Precipitation
CSIRO-Mk3-6-0,rcp85,2021,SON,2,pr 50mm,Precipitation
CSIRO-Mk3-6-0,rcp85,2022,SON,7,pr 50mm,Precipitation
CSIRO-Mk3-6-0,rcp85,2023,SON,2,pr 50mm,Precipitation
CSIRO-Mk3-6-0,rcp85,2024,SON,2,pr 50mm,Precipitation
CSIRO-Mk3-6-0,rcp85,2025,SON,2,pr 50mm,Precipitation
CSIRO-Mk3-6-0,rcp85,2026,SON,1,pr 50mm,Precipitation
CSIRO-Mk3-6-0,rcp85,2027,SON,8,pr 50mm,Precipitation
CSIRO-Mk3-6-0,rcp85,2028,SON,7,pr 50mm,Precipitation
CSIRO-Mk3-6-0,rcp85,2030,SON,4,pr 50mm,Precipitation
CSIRO-Mk3-6-0,rcp85,2031,SON,5,pr 50mm,Precipitation
CSIRO-Mk3-6-0,rcp85,2032,SON,3,pr 50mm,Precipitation
CSIRO-Mk3-6-0,rcp85,2034,SON,5,pr 50mm,Precipitation
CSIRO-Mk3-6-0,rcp85,2035,SON,5,pr 50mm,Precipitation
CSIRO-Mk3-6-0,rcp85,2036,SON,3,pr 50mm,Precipitation
CanESM2,rcp85,2007,SON,4,pr 50mm,Precipitation
CanESM2,rcp85,2008,SON,8,pr 50mm,Precipitation
CanESM2,rcp85,2009,SON,4,pr 50mm,Precipitation
CanESM2,rcp85,2010,SON,2,pr 50mm,Precipitation
CanESM2,rcp85,2011,SON,1,pr 50mm,Precipitation
CanESM2,rcp85,2012,SON,5,pr 50mm,Precipitation
CanESM2,rcp85,2013,SON,6,pr 50mm,Precipitation
CanESM2,rcp85,2014,SON,6,pr 50mm,Precipitation
CanESM2,rcp85,2015,SON,6,pr 50mm,Precipitation
CanESM2,rcp85,2016,SON,12,pr 50mm,Precipitation
CanESM2,rcp85,2017,SON,4,pr 50mm,Precipitation
CanESM2,rcp85,2018,SON,6,pr 50mm,Precipitation
CanESM2,rcp85,2019,SON,1,pr 50mm,Precipitation
CanESM2,rcp85,2020,SON,3,pr 50mm,Precipitation
CanESM2,rcp85,2023,SON,1,pr 50mm,Precipitation
CanESM2,rcp85,2024,SON,2,pr 50mm,Precipitation
CanESM2,rcp85,2025,SON,6,pr 50mm,Precipitation
CanESM2,rcp85,2026,SON,7,pr 50mm,Precipitation
CanESM2,rcp85,2027,SON,6,pr 50mm,Precipitation
CanESM2,rcp85,2028,SON,2,pr 50mm,Precipitation
CanESM2,rcp85,2029,SON,10,pr 50mm,Precipitation
CanESM2,rcp85,2031,SON,3,pr 50mm,Precipitation
CanESM2,rcp85,2032,SON,1,pr 50mm,Precipitation
CanESM2,rcp85,2034,SON,2,pr 50mm,Precipitation
CanESM2,rcp85,2035,SON,2,pr 50mm,Precipitation
CanESM2,rcp85,2036,SON,1,pr 50mm,Precipitation
EC-EARTH,rcp85,2006,SON,3,pr 50mm,Precipitation
EC-EARTH,rcp85,2008,SON,8,pr 50mm,Precipitation
EC-EARTH,rcp85,2009,SON,3,pr 50mm,Precipitation
EC-EARTH,rcp85,2010,SON,10,pr 50mm,Precipitation
EC-EARTH,rcp85,2011,SON,1,pr 50mm,Precipitation
EC-EARTH,rcp85,2012,SON,2,pr 50mm,Precipitation
EC-EARTH,rcp85,2013,SON,1,pr 50mm,Precipitation
EC-EARTH,rcp85,2014,SON,2,pr 50mm,Precipitation
EC-EARTH,rcp85,2015,SON,2,pr 50mm,Precipitation
EC-EARTH,rcp85,2016,SON,6,pr 50mm,Precipitation
EC-EARTH,rcp85,2017,SON,3,pr 50mm,Precipitation
EC-EARTH,rcp85,2018,SON,3,pr 50mm,Precipitation
EC-EARTH,rcp85,2019,SON,3,pr 50mm,Precipitation
EC-EARTH,rcp85,2020,SON,5,pr 50mm,Precipitation
EC-EARTH,rcp85,2021,SON,6,pr 50mm,Precipitation
EC-EARTH,rcp85,2022,SON,6,pr 50mm,Precipitation
EC-EARTH,rcp85,2023,SON,2,pr 50mm,Precipitation
EC-EARTH,rcp85,2024,SON,7,pr 50mm,Precipitation
EC-EARTH,rcp85,2025,SON,4,pr 50mm,Precipitation
EC-EARTH,rcp85,2026,SON,2,pr 50mm,Precipitation
EC-EARTH,rcp85,2028,SON,4,pr 50mm,Precipitation
EC-EARTH,rcp85,2030,SON,5,pr 50mm,Precipitation
EC-EARTH,rcp85,2031,SON,11,pr 50mm,Precipitation
EC-EARTH,rcp85,2032,SON,5,pr 50mm,Precipitation
EC-EARTH,rcp85,2033,SON,3,pr 50mm,Precipitation
EC-EARTH,rcp85,2034,SON,6,pr 50mm,Precipitation
EC-EARTH,rcp85,2035,SON,2,pr 50mm,Precipitation
FGOALS-g2,rcp85,2007,SON,4,pr 50mm,Precipitation
FGOALS-g2,rcp85,2008,SON,1,pr 50mm,Precipitation
FGOALS-g2,rcp85,2010,SON,4,pr 50mm,Precipitation
FGOALS-g2,rcp85,2011,SON,2,pr 50mm,Precipitation
FGOALS-g2,rcp85,2012,SON,3,pr 50mm,Precipitation
FGOALS-g2,rcp85,2013,SON,5,pr 50mm,Precipitation
FGOALS-g2,rcp85,2015,SON,7,pr 50mm,Precipitation
FGOALS-g2,rcp85,2017,SON,1,pr 50mm,Precipitation
FGOALS-g2,rcp85,2018,SON,4,pr 50mm,Precipitation
FGOALS-g2,rcp85,2019,SON,6,pr 50mm,Precipitation
FGOALS-g2,rcp85,2020,SON,4,pr 50mm,Precipitation
FGOALS-g2,rcp85,2021,SON,1,pr 50mm,Precipitation
FGOALS-g2,rcp85,2022,SON,3,pr 50mm,Precipitation
FGOALS-g2,rcp85,2023,SON,4,pr 50mm,Precipitation
FGOALS-g2,rcp85,2024,SON,3,pr 50mm,Precipitation
FGOALS-g2,rcp85,2025,SON,5,pr 50mm,Precipitation
FGOALS-g2,rcp85,2026,SON,3,pr 50mm,Precipitation
FGOALS-g2,rcp85,2027,SON,2,pr 50mm,Precipitation
FGOALS-g2,rcp85,2028,SON,3,pr 50mm,Precipitation
FGOALS-g2,rcp85,2029,SON,2,pr 50mm,Precipitation
FGOALS-g2,rcp85,2030,SON,5,pr 50mm,Precipitation
FGOALS-g2,rcp85,2032,SON,3,pr 50mm,Precipitation
FGOALS-g2,rcp85,2033,SON,3,pr 50mm,Precipitation
FGOALS-g2,rcp85,2034,SON,2,pr 50mm,Precipitation
FGOALS-g2,rcp85,2035,SON,1,pr 50mm,Precipitation
FGOALS-g2,rcp85,2036,SON,2,pr 50mm,Precipitation
GFDL-CM3,rcp85,2007,SON,6,pr 50mm,Precipitation
GFDL-CM3,rcp85,2008,SON,1,pr 50mm,Precipitation
GFDL-CM3,rcp85,2009,SON,4,pr 50mm,Precipitation
GFDL-CM3,rcp85,2010,SON,2,pr 50mm,Precipitation
GFDL-CM3,rcp85,2011,SON,1,pr 50mm,Precipitation
GFDL-CM3,rcp85,2012,SON,1,pr 50mm,Precipitation
GFDL-CM3,rcp85,2014,SON,2,pr 50mm,Precipitation
GFDL-CM3,rcp85,2015,SON,2,pr 50mm,Precipitation
GFDL-CM3,rcp85,2016,SON,6,pr 50mm,Precipitation
GFDL-CM3,rcp85,2017,SON,2,pr 50mm,Precipitation
GFDL-CM3,rcp85,2018,SON,14,pr 50mm,Precipitation
GFDL-CM3,rcp85,2020,SON,2,pr 50mm,Precipitation
GFDL-CM3,rcp85,2021,SON,2,pr 50mm,Precipitation
GFDL-CM3,rcp85,2022,SON,4,pr 50mm,Precipitation
GFDL-CM3,rcp85,2025,SON,1,pr 50mm,Precipitation
GFDL-CM3,rcp85,2027,SON,12,pr 50mm,Precipitation
GFDL-CM3,rcp85,2028,SON,1,pr 50mm,Precipitation
GFDL-CM3,rcp85,2029,SON,10,pr 50mm,Precipitation
GFDL-CM3,rcp85,2030,SON,2,pr 50mm,Precipitation
GFDL-CM3,rcp85,2031,SON,2,pr 50mm,Precipitation
GFDL-CM3,rcp85,2032,SON,3,pr 50mm,Precipitation
GFDL-CM3,rcp85,2033,SON,2,pr 50mm,Precipitation
GFDL-CM3,rcp85,2034,SON,3,pr 50mm,Precipitation
GFDL-ESM2G,rcp85,2006,SON,3,pr 50mm,Precipitation
GFDL-ESM2G,rcp85,2008,SON,2,pr 50mm,Precipitation
GFDL-ESM2G,rcp85,2009,SON,2,pr 50mm,Precipitation
GFDL-ESM2G,rcp85,2010,SON,5,pr 50mm,Precipitation
GFDL-ESM2G,rcp85,2011,SON,4,pr 50mm,Precipitation
GFDL-ESM2G,rcp85,2012,SON,8,pr 50mm,Precipitation
GFDL-ESM2G,rcp85,2013,SON,2,pr 50mm,Precipitation
GFDL-ESM2G,rcp85,2014,SON,5,pr 50mm,Precipitation
GFDL-ESM2G,rcp85,2016,SON,2,pr 50mm,Precipitation
GFDL-ESM2G,rcp85,2017,SON,15,pr 50mm,Precipitation
GFDL-ESM2G,rcp85,2019,SON,6,pr 50mm,Precipitation
GFDL-ESM2G,rcp85,2021,SON,1,pr 50mm,Precipitation
GFDL-ESM2G,rcp85,2022,SON,1,pr 50mm,Precipitation
GFDL-ESM2G,rcp85,2023,SON,7,pr 50mm,Precipitation
GFDL-ESM2G,rcp85,2024,SON,2,pr 50mm,Precipitation
GFDL-ESM2G,rcp85,2025,SON,11,pr 50mm,Precipitation
GFDL-ESM2G,rcp85,2026,SON,2,pr 50mm,Precipitation
GFDL-ESM2G,rcp85,2027,SON,1,pr 50mm,Precipitation
GFDL-ESM2G,rcp85,2028,SON,5,pr 50mm,Precipitation
GFDL-ESM2G,rcp85,2029,SON,4,pr 50mm,Precipitation
GFDL-ESM2G,rcp85,2030,SON,2,pr 50mm,Precipitation
GFDL-ESM2G,rcp85,2032,SON,4,pr 50mm,Precipitation
GFDL-ESM2G,rcp85,2033,SON,1,pr 50mm,Precipitation
GFDL-ESM2G,rcp85,2034,SON,6,pr 50mm,Precipitation
GFDL-ESM2G,rcp85,2035,SON,1,pr 50mm,Precipitation
GFDL-ESM2M,rcp85,2006,SON,5,pr 50mm,Precipitation
GFDL-ESM2M,rcp85,2007,SON,5,pr 50mm,Precipitation
GFDL-ESM2M,rcp85,2008,SON,12,pr 50mm,Precipitation
GFDL-ESM2M,rcp85,2009,SON,8,pr 50mm,Precipitation
GFDL-ESM2M,rcp85,2012,SON,1,pr 50mm,Precipitation
GFDL-ESM2M,rcp85,2014,SON,5,pr 50mm,Precipitation
GFDL-ESM2M,rcp85,2015,SON,13,pr 50mm,Precipitation
GFDL-ESM2M,rcp85,2018,SON,2,pr 50mm,Precipitation
GFDL-ESM2M,rcp85,2019,SON,2,pr 50mm,Precipitation
GFDL-ESM2M,rcp85,2020,SON,6,pr 50mm,Precipitation
GFDL-ESM2M,rcp85,2021,SON,4,pr 50mm,Precipitation
GFDL-ESM2M,rcp85,2022,SON,2,pr 50mm,Precipitation
GFDL-ESM2M,rcp85,2024,SON,1,pr 50mm,Precipitation
GFDL-ESM2M,rcp85,2028,SON,2,pr 50mm,Precipitation
GFDL-ESM2M,rcp85,2031,SON,3,pr 50mm,Precipitation
GFDL-ESM2M,rcp85,2032,SON,2,pr 50mm,Precipitation
GFDL-ESM2M,rcp85,2033,SON,6,pr 50mm,Precipitation
GFDL-ESM2M,rcp85,2034,SON,1,pr 50mm,Precipitation
GFDL-ESM2M,rcp85,2036,SON,6,pr 50mm,Precipitation
IPSL-CM5A-LR,rcp85,2006,SON,2,pr 50mm,Precipitation
IPSL-CM5A-LR,rcp85,2007,SON,6,pr 50mm,Precipitation
IPSL-CM5A-LR,rcp85,2008,SON,1,pr 50mm,Precipitation
IPSL-CM5A-LR,rcp85,2010,SON,7,pr 50mm,Precipitation
IPSL-CM5A-LR,rcp85,2013,SON,6,pr 50mm,Precipitation
IPSL-CM5A-LR,rcp85,2014,SON,1,pr 50mm,Precipitation
IPSL-CM5A-LR,rcp85,2015,SON,2,pr 50mm,Precipitation
IPSL-CM5A-LR,rcp85,2016,SON,3,pr 50mm,Precipitation
IPSL-CM5A-LR,rcp85,2017,SON,3,pr 50mm,Precipitation
IPSL-CM5A-LR,rcp85,2018,SON,2,pr 50mm,Precipitation
IPSL-CM5A-LR,rcp85,2019,SON,1,pr 50mm,Precipitation
IPSL-CM5A-LR,rcp85,2020,SON,14,pr 50mm,Precipitation
IPSL-CM5A-LR,rcp85,2021,SON,4,pr 50mm,Precipitation
IPSL-CM5A-LR,rcp85,2022,SON,2,pr 50mm,Precipitation
IPSL-CM5A-LR,rcp85,2023,SON,5,pr 50mm,Precipitation
IPSL-CM5A-LR,rcp85,2024,SON,1,pr 50mm,Precipitation
IPSL-CM5A-LR,rcp85,2025,SON,8,pr 50mm,Precipitation
IPSL-CM5A-LR,rcp85,2026,SON,3,pr 50mm,Precipitation
IPSL-CM5A-LR,rcp85,2027,SON,5,pr 50mm,Precipitation
IPSL-CM5A-LR,rcp85,2029,SON,2,pr 50mm,Precipitation
IPSL-CM5A-LR,rcp85,2031,SON,6,pr 50mm,Precipitation
IPSL-CM5A-LR,rcp85,2032,SON,3,pr 50mm,Precipitation
IPSL-CM5A-LR,rcp85,2033,SON,1,pr 50mm,Precipitation
IPSL-CM5A-LR,rcp85,2034,SON,3,pr 50mm,Precipitation
IPSL-CM5A-LR,rcp85,2036,SON,2,pr 50mm,Precipitation
IPSL-CM5A-MR,rcp85,2006,SON,2,pr 50mm,Precipitation
IPSL-CM5A-MR,rcp85,2007,SON,3,pr 50mm,Precipitation
IPSL-CM5A-MR,rcp85,2008,SON,4,pr 50mm,Precipitation
IPSL-CM5A-MR,rcp85,2009,SON,4,pr 50mm,Precipitation
IPSL-CM5A-MR,rcp85,2010,SON,3,pr 50mm,Precipitation
IPSL-CM5A-MR,rcp85,2011,SON,1,pr 50mm,Precipitation
IPSL-CM5A-MR,rcp85,2012,SON,4,pr 50mm,Precipitation
IPSL-CM5A-MR,rcp85,2014,SON,3,pr 50mm,Precipitation
IPSL-CM5A-MR,rcp85,2015,SON,1,pr 50mm,Precipitation
IPSL-CM5A-MR,rcp85,2016,SON,2,pr 50mm,Precipitation
IPSL-CM5A-MR,rcp85,2017,SON,4,pr 50mm,Precipitation
IPSL-CM5A-MR,rcp85,2018,SON,7,pr 50mm,Precipitation
IPSL-CM5A-MR,rcp85,2019,SON,5,pr 50mm,Precipitation
IPSL-CM5A-MR,rcp85,2020,SON,8,pr 50mm,Precipitation
IPSL-CM5A-MR,rcp85,2021,SON,7,pr 50mm,Precipitation
IPSL-CM5A-MR,rcp85,2022,SON,3,pr 50mm,Precipitation
IPSL-CM5A-MR,rcp85,2023,SON,10,pr 50mm,Precipitation
IPSL-CM5A-MR,rcp85,2024,SON,9,pr 50mm,Precipitation
IPSL-CM5A-MR,rcp85,2027,SON,3,pr 50mm,Precipitation
IPSL-CM5A-MR,rcp85,2028,SON,2,pr 50mm,Precipitation
IPSL-CM5A-MR,rcp85,2029,SON,4,pr 50mm,Precipitation
IPSL-CM5A-MR,rcp85,2030,SON,7,pr 50mm,Precipitation
IPSL-CM5A-MR,rcp85,2031,SON,2,pr 50mm,Precipitation
IPSL-CM5A-MR,rcp85,2032,SON,15,pr 50mm,Precipitation
IPSL-CM5A-MR,rcp85,2033,SON,4,pr 50mm,Precipitation
IPSL-CM5A-MR,rcp85,2034,SON,2,pr 50mm,Precipitation
IPSL-CM5A-MR,rcp85,2035,SON,6,pr 50mm,Precipitation
IPSL-CM5A-MR,rcp85,2036,SON,2,pr 50mm,Precipitation
IPSL-CM5B-LR,rcp85,2006,SON,10,pr 50mm,Precipitation
IPSL-CM5B-LR,rcp85,2007,SON,1,pr 50mm,Precipitation
IPSL-CM5B-LR,rcp85,2009,SON,3,pr 50mm,Precipitation
IPSL-CM5B-LR,rcp85,2010,SON,4,pr 50mm,Precipitation
IPSL-CM5B-LR,rcp85,2011,SON,6,pr 50mm,Precipitation
IPSL-CM5B-LR,rcp85,2012,SON,12,pr 50mm,Precipitation
IPSL-CM5B-LR,rcp85,2013,SON,2,pr 50mm,Precipitation
IPSL-CM5B-LR,rcp85,2014,SON,6,pr 50mm,Precipitation
IPSL-CM5B-LR,rcp85,2015,SON,6,pr 50mm,Precipitation
IPSL-CM5B-LR,rcp85,2016,SON,3,pr 50mm,Precipitation
IPSL-CM5B-LR,rcp85,2017,SON,5,pr 50mm,Precipitation
IPSL-CM5B-LR,rcp85,2018,SON,2,pr 50mm,Precipitation
IPSL-CM5B-LR,rcp85,2024,SON,4,pr 50mm,Precipitation
IPSL-CM5B-LR,rcp85,2026,SON,3,pr 50mm,Precipitation
IPSL-CM5B-LR,rcp85,2028,SON,1,pr 50mm,Precipitation
IPSL-CM5B-LR,rcp85,2029,SON,3,pr 50mm,Precipitation
IPSL-CM5B-LR,rcp85,2030,SON,3,pr 50mm,Precipitation
IPSL-CM5B-LR,rcp85,2031,SON,3,pr 50mm,Precipitation
IPSL-CM5B-LR,rcp85,2032,SON,3,pr 50mm,Precipitation
IPSL-CM5B-LR,rcp85,2033,SON,1,pr 50mm,Precipitation
IPSL-CM5B-LR,rcp85,2034,SON,2,pr 50mm,Precipitation
IPSL-CM5B-LR,rcp85,2035,SON,5,pr 50mm,Precipitation
IPSL-CM5B-LR,rcp85,2036,SON,1,pr 50mm,Precipitation
MIROC-ESM,rcp85,2007,SON,5,pr 50mm,Precipitation
MIROC-ESM,rcp85,2009,SON,1,pr 50mm,Precipitation
MIROC-ESM,rcp85,2010,SON,5,pr 50mm,Precipitation
MIROC-ESM,rcp85,2011,SON,3,pr 50mm,Precipitation
MIROC-ESM,rcp85,2012,SON,2,pr 50mm,Precipitation
MIROC-ESM,rcp85,2013,SON,1,pr 50mm,Precipitation
MIROC-ESM,rcp85,2014,SON,1,pr 50mm,Precipitation
MIROC-ESM,rcp85,2016,SON,2,pr 50mm,Precipitation
MIROC-ESM,rcp85,2017,SON,3,pr 50mm,Precipitation
MIROC-ESM,rcp85,2018,SON,4,pr 50mm,Precipitation
MIROC-ESM,rcp85,2020,SON,3,pr 50mm,Precipitation
MIROC-ESM,rcp85,2021,SON,4,pr 50mm,Precipitation
MIROC-ESM,rcp85,2022,SON,1,pr 50mm,Precipitation
MIROC-ESM,rcp85,2023,SON,1,pr 50mm,Precipitation
MIROC-ESM,rcp85,2024,SON,4,pr 50mm,Precipitation
MIROC-ESM,rcp85,2025,SON,5,pr 50mm,Precipitation
MIROC-ESM,rcp85,2026,SON,1,pr 50mm,Precipitation
MIROC-ESM,rcp85,2027,SON,7,pr 50mm,Precipitation
MIROC-ESM,rcp85,2028,SON,5,pr 50mm,Precipitation
MIROC-ESM,rcp85,2029,SON,3,pr 50mm,Precipitation
MIROC-ESM,rcp85,2031,SON,1,pr 50mm,Precipitation
MIROC-ESM,rcp85,2032,SON,2,pr 50mm,Precipitation
MIROC-ESM,rcp85,2033,SON,2,pr 50mm,Precipitation
MIROC-ESM,rcp85,2034,SON,3,pr 50mm,Precipitation
MIROC-ESM,rcp85,2035,SON,3,pr 50mm,Precipitation
MIROC-ESM,rcp85,2036,SON,2,pr 50mm,Precipitation
MIROC-ESM-CHEM,rcp85,2006,SON,1,pr 50mm,Precipitation
MIROC-ESM-CHEM,rcp85,2007,SON,2,pr 50mm,Precipitation
MIROC-ESM-CHEM,rcp85,2010,SON,6,pr 50mm,Precipitation
MIROC-ESM-CHEM,rcp85,2011,SON,3,pr 50mm,Precipitation
MIROC-ESM-CHEM,rcp85,2012,SON,4,pr 50mm,Precipitation
MIROC-ESM-CHEM,rcp85,2013,SON,9,pr 50mm,Precipitation
MIROC-ESM-CHEM,rcp85,2014,SON,6,pr 50mm,Precipitation
MIROC-ESM-CHEM,rcp85,2015,SON,3,pr 50mm,Precipitation
MIROC-ESM-CHEM,rcp85,2016,SON,2,pr 50mm,Precipitation
MIROC-ESM-CHEM,rcp85,2017,SON,2,pr 50mm,Precipitation
MIROC-ESM-CHEM,rcp85,2018,SON,4,pr 50mm,Precipitation
MIROC-ESM-CHEM,rcp85,2019,SON,5,pr 50mm,Precipitation
MIROC-ESM-CHEM,rcp85,2020,SON,4,pr 50mm,Precipitation
MIROC-ESM-CHEM,rcp85,2021,SON,6,pr 50mm,Precipitation
MIROC-ESM-CHEM,rcp85,2022,SON,1,pr 50mm,Precipitation
MIROC-ESM-CHEM,rcp85,2023,SON,4,pr 50mm,Precipitation
MIROC-ESM-CHEM,rcp85,2024,SON,2,pr 50mm,Precipitation
MIROC-ESM-CHEM,rcp85,2025,SON,4,pr 50mm,Precipitation
MIROC-ESM-CHEM,rcp85,2026,SON,1,pr 50mm,Precipitation
MIROC-ESM-CHEM,rcp85,2027,SON,3,pr 50mm,Precipitation
MIROC-ESM-CHEM,rcp85,2028,SON,3,pr 50mm,Precipitation
MIROC-ESM-CHEM,rcp85,2029,SON,3,pr 50mm,Precipitation
MIROC-ESM-CHEM,rcp85,2030,SON,1,pr 50mm,Precipitation
MIROC-ESM-CHEM,rcp85,2031,SON,5,pr 50mm,Precipitation
MIROC-ESM-CHEM,rcp85,2032,SON,3,pr 50mm,Precipitation
MIROC-ESM-CHEM,rcp85,2033,SON,2,pr 50mm,Precipitation
MIROC-ESM-CHEM,rcp85,2034,SON,2,pr 50mm,Precipitation
MIROC-ESM-CHEM,rcp85,2035,SON,3,pr 50mm,Precipitation
MIROC-ESM-CHEM,rcp85,2036,SON,1,pr 50mm,Precipitation
MIROC5,rcp85,2006,SON,3,pr 50mm,Precipitation
MIROC5,rcp85,2007,SON,9,pr 50mm,Precipitation
MIROC5,rcp85,2012,SON,3,pr 50mm,Precipitation
MIROC5,rcp85,2013,SON,3,pr 50mm,Precipitation
MIROC5,rcp85,2014,SON,4,pr 50mm,Precipitation
MIROC5,rcp85,2015,SON,2,pr 50mm,Precipitation
MIROC5,rcp85,2016,SON,3,pr 50mm,Precipitation
MIROC5,rcp85,2017,SON,2,pr 50mm,Precipitation
MIROC5,rcp85,2018,SON,10,pr 50mm,Precipitation
MIROC5,rcp85,2019,SON,8,pr 50mm,Precipitation
MIROC5,rcp85,2020,SON,1,pr 50mm,Precipitation
MIROC5,rcp85,2021,SON,3,pr 50mm,Precipitation
MIROC5,rcp85,2022,SON,1,pr 50mm,Precipitation
MIROC5,rcp85,2024,SON,2,pr 50mm,Precipitation
MIROC5,rcp85,2025,SON,2,pr 50mm,Precipitation
MIROC5,rcp85,2026,SON,1,pr 50mm,Precipitation
MIROC5,rcp85,2027,SON,2,pr 50mm,Precipitation
MIROC5,rcp85,2028,SON,11,pr 50mm,Precipitation
MIROC5,rcp85,2029,SON,3,pr 50mm,Precipitation
MIROC5,rcp85,2030,SON,2,pr 50mm,Precipitation
MIROC5,rcp85,2031,SON,8,pr 50mm,Precipitation
MIROC5,rcp85,2034,SON,5,pr 50mm,Precipitation
MIROC5,rcp85,2036,SON,2,pr 50mm,Precipitation
MPI-ESM-LR,rcp85,2006,SON,4,pr 50mm,Precipitation
MPI-ESM-LR,rcp85,2007,SON,2,pr 50mm,Precipitation
MPI-ESM-LR,rcp85,2008,SON,2,pr 50mm,Precipitation
MPI-ESM-LR,rcp85,2009,SON,4,pr 50mm,Precipitation
MPI-ESM-LR,rcp85,2010,SON,3,pr 50mm,Precipitation
MPI-ESM-LR,rcp85,2011,SON,1,pr 50mm,Precipitation
MPI-ESM-LR,rcp85,2012,SON,2,pr 50mm,Precipitation
MPI-ESM-LR,rcp85,2013,SON,10,pr 50mm,Precipitation
MPI-ESM-LR,rcp85,2014,SON,6,pr 50mm,Precipitation
MPI-ESM-LR,rcp85,2015,SON,3,pr 50mm,Precipitation
MPI-ESM-LR,rcp85,2016,SON,3,pr 50mm,Precipitation
MPI-ESM-LR,rcp85,2017,SON,1,pr 50mm,Precipitation
MPI-ESM-LR,rcp85,2018,SON,2,pr 50mm,Precipitation
MPI-ESM-LR,rcp85,2019,SON,7,pr 50mm,Precipitation
MPI-ESM-LR,rcp85,2020,SON,1,pr 50mm,Precipitation
MPI-ESM-LR,rcp85,2021,SON,6,pr 50mm,Precipitation
MPI-ESM-LR,rcp85,2022,SON,4,pr 50mm,Precipitation
MPI-ESM-LR,rcp85,2023,SON,4,pr 50mm,Precipitation
MPI-ESM-LR,rcp85,2024,SON,4,pr 50mm,Precipitation
MPI-ESM-LR,rcp85,2025,SON,2,pr 50mm,Precipitation
MPI-ESM-LR,rcp85,2026,SON,3,pr 50mm,Precipitation
MPI-ESM-LR,rcp85,2027,SON,2,pr 50mm,Precipitation
MPI-ESM-LR,rcp85,2028,SON,2,pr 50mm,Precipitation
MPI-ESM-LR,rcp85,2029,SON,7,pr 50mm,Precipitation
MPI-ESM-LR,rcp85,2030,SON,3,pr 50mm,Precipitation
MPI-ESM-LR,rcp85,2031,SON,5,pr 50mm,Precipitation
MPI-ESM-LR,rcp85,2032,SON,1,pr 50mm,Precipitation
MPI-ESM-LR,rcp85,2033,SON,5,pr 50mm,Precipitation
MPI-ESM-LR,rcp85,2035,SON,5,pr 50mm,Precipitation
MPI-ESM-LR,rcp85,2036,SON,2,pr 50mm,Precipitation
MPI-ESM-MR,rcp85,2006,SON,4,pr 50mm,Precipitation
MPI-ESM-MR,rcp85,2007,SON,4,pr 50mm,Precipitation
MPI-ESM-MR,rcp85,2008,SON,5,pr 50mm,Precipitation
MPI-ESM-MR,rcp85,2009,SON,2,pr 50mm,Precipitation
MPI-ESM-MR,rcp85,2010,SON,7,pr 50mm,Precipitation
MPI-ESM-MR,rcp85,2011,SON,4,pr 50mm,Precipitation
MPI-ESM-MR,rcp85,2013,SON,4,pr 50mm,Precipitation
MPI-ESM-MR,rcp85,2014,SON,1,pr 50mm,Precipitation
MPI-ESM-MR,rcp85,2016,SON,3,pr 50mm,Precipitation
MPI-ESM-MR,rcp85,2017,SON,4,pr 50mm,Precipitation
MPI-ESM-MR,rcp85,2018,SON,1,pr 50mm,Precipitation
MPI-ESM-MR,rcp85,2019,SON,12,pr 50mm,Precipitation
MPI-ESM-MR,rcp85,2020,SON,1,pr 50mm,Precipitation
MPI-ESM-MR,rcp85,2022,SON,1,pr 50mm,Precipitation
MPI-ESM-MR,rcp85,2023,SON,5,pr 50mm,Precipitation
MPI-ESM-MR,rcp85,2024,SON,7,pr 50mm,Precipitation
MPI-ESM-MR,rcp85,2025,SON,2,pr 50mm,Precipitation
MPI-ESM-MR,rcp85,2026,SON,6,pr 50mm,Precipitation
MPI-ESM-MR,rcp85,2027,SON,4,pr 50mm,Precipitation
MPI-ESM-MR,rcp85,2029,SON,5,pr 50mm,Precipitation
MPI-ESM-MR,rcp85,2030,SON,7,pr 50mm,Precipitation
MPI-ESM-MR,rcp85,2031,SON,6,pr 50mm,Precipitation
MPI-ESM-MR,rcp85,2032,SON,2,pr 50mm,Precipitation
MPI-ESM-MR,rcp85,2033,SON,2,pr 50mm,Precipitation
MPI-ESM-MR,rcp85,2035,SON,6,pr 50mm,Precipitation
MPI-ESM-MR,rcp85,2036,SON,5,pr 50mm,Precipitation
MRI-CGCM3,rcp85,2006,SON,4,pr 50mm,Precipitation
MRI-CGCM3,rcp85,2007,SON,1,pr 50mm,Precipitation
MRI-CGCM3,rcp85,2008,SON,1,pr 50mm,Precipitation
MRI-CGCM3,rcp85,2010,SON,2,pr 50mm,Precipitation
MRI-CGCM3,rcp85,2011,SON,1,pr 50mm,Precipitation
MRI-CGCM3,rcp85,2012,SON,8,pr 50mm,Precipitation
MRI-CGCM3,rcp85,2013,SON,3,pr 50mm,Precipitation
MRI-CGCM3,rcp85,2014,SON,1,pr 50mm,Precipitation
MRI-CGCM3,rcp85,2018,SON,4,pr 50mm,Precipitation
MRI-CGCM3,rcp85,2019,SON,3,pr 50mm,Precipitation
MRI-CGCM3,rcp85,2020,SON,2,pr 50mm,Precipitation
MRI-CGCM3,rcp85,2021,SON,1,pr 50mm,Precipitation
MRI-CGCM3,rcp85,2022,SON,2,pr 50mm,Precipitation
MRI-CGCM3,rcp85,2023,SON,6,pr 50mm,Precipitation
MRI-CGCM3,rcp85,2024,SON,4,pr 50mm,Precipitation
MRI-CGCM3,rcp85,2025,SON,7,pr 50mm,Precipitation
MRI-CGCM3,rcp85,2026,SON,4,pr 50mm,Precipitation
MRI-CGCM3,rcp85,2027,SON,3,pr 50mm,Precipitation
MRI-CGCM3,rcp85,2028,SON,4,pr 50mm,Precipitation
MRI-CGCM3,rcp85,2030,SON,3,pr 50mm,Precipitation
MRI-CGCM3,rcp85,2032,SON,5,pr 50mm,Precipitation
MRI-CGCM3,rcp85,2034,SON,3,pr 50mm,Precipitation
MRI-CGCM3,rcp85,2035,SON,7,pr 50mm,Precipitation
MRI-CGCM3,rcp85,2036,SON,3,pr 50mm,Precipitation
MRI-ESM1,rcp85,2006,SON,1,pr 50mm,Precipitation
MRI-ESM1,rcp85,2007,SON,5,pr 50mm,Precipitation
MRI-ESM1,rcp85,2008,SON,2,pr 50mm,Precipitation
MRI-ESM1,rcp85,2010,SON,5,pr 50mm,Precipitation
MRI-ESM1,rcp85,2011,SON,2,pr 50mm,Precipitation
MRI-ESM1,rcp85,2012,SON,13,pr 50mm,Precipitation
MRI-ESM1,rcp85,2013,SON,9,pr 50mm,Precipitation
MRI-ESM1,rcp85,2015,SON,5,pr 50mm,Precipitation
MRI-ESM1,rcp85,2017,SON,1,pr 50mm,Precipitation
MRI-ESM1,rcp85,2018,SON,1,pr 50mm,Precipitation
MRI-ESM1,rcp85,2019,SON,2,pr 50mm,Precipitation
MRI-ESM1,rcp85,2020,SON,1,pr 50mm,Precipitation
MRI-ESM1,rcp85,2021,SON,4,pr 50mm,Precipitation
MRI-ESM1,rcp85,2022,SON,3,pr 50mm,Precipitation
MRI-ESM1,rcp85,2023,SON,4,pr 50mm,Precipitation
MRI-ESM1,rcp85,2024,SON,1,pr 50mm,Precipitation
MRI-ESM1,rcp85,2025,SON,7,pr 50mm,Precipitation
MRI-ESM1,rcp85,2026,SON,1,pr 50mm,Precipitation
MRI-ESM1,rcp85,2027,SON,1,pr 50mm,Precipitation
MRI-ESM1,rcp85,2028,SON,8,pr 50mm,Precipitation
MRI-ESM1,rcp85,2029,SON,3,pr 50mm,Precipitation
MRI-ESM1,rcp85,2030,SON,1,pr 50mm,Precipitation
MRI-ESM1,rcp85,2031,SON,4,pr 50mm,Precipitation
MRI-ESM1,rcp85,2032,SON,3,pr 50mm,Precipitation
MRI-ESM1,rcp85,2033,SON,4,pr 50mm,Precipitation
MRI-ESM1,rcp85,2034,SON,4,pr 50mm,Precipitation
MRI-ESM1,rcp85,2035,SON,3,pr 50mm,Precipitation
MRI-ESM1,rcp85,2036,SON,4,pr 50mm,Precipitation
NorESM1-M,rcp85,2006,SON,3,pr 50mm,Precipitation
NorESM1-M,rcp85,2007,SON,2,pr 50mm,Precipitation
NorESM1-M,rcp85,2008,SON,6,pr 50mm,Precipitation
NorESM1-M,rcp85,2009,SON,4,pr 50mm,Precipitation
NorESM1-M,rcp85,2010,SON,8,pr 50mm,Precipitation
NorESM1-M,rcp85,2012,SON,3,pr 50mm,Precipitation
NorESM1-M,rcp85,2016,SON,1,pr 50mm,Precipitation
NorESM1-M,rcp85,2017,SON,3,pr 50mm,Precipitation
NorESM1-M,rcp85,2018,SON,1,pr 50mm,Precipitation
NorESM1-M,rcp85,2019,SON,4,pr 50mm,Precipitation
NorESM1-M,rcp85,2020,SON,11,pr 50mm,Precipitation
NorESM1-M,rcp85,2022,SON,1,pr 50mm,Precipitation
NorESM1-M,rcp85,2023,SON,3,pr 50mm,Precipitation
NorESM1-M,rcp85,2024,SON,3,pr 50mm,Precipitation
NorESM1-M,rcp85,2027,SON,3,pr 50mm,Precipitation
NorESM1-M,rcp85,2028,SON,4,pr 50mm,Precipitation
NorESM1-M,rcp85,2029,SON,6,pr 50mm,Precipitation
NorESM1-M,rcp85,2030,SON,7,pr 50mm,Precipitation
NorESM1-M,rcp85,2031,SON,2,pr 50mm,Precipitation
NorESM1-M,rcp85,2032,SON,5,pr 50mm,Precipitation
NorESM1-M,rcp85,2033,SON,3,pr 50mm,Precipitation
NorESM1-M,rcp85,2034,SON,4,pr 50mm,Precipitation
NorESM1-M,rcp85,2035,SON,3,pr 50mm,Precipitation
NorESM1-M,rcp85,2036,SON,4,pr 50mm,Precipitation
bcc-csm1-1,rcp85,2006,SON,1,pr 50mm,Precipitation
bcc-csm1-1,rcp85,2007,SON,2,pr 50mm,Precipitation
bcc-csm1-1,rcp85,2008,SON,2,pr 50mm,Precipitation
bcc-csm1-1,rcp85,2009,SON,2,pr 50mm,Precipitation
bcc-csm1-1,rcp85,2010,SON,1,pr 50mm,Precipitation
bcc-csm1-1,rcp85,2011,SON,1,pr 50mm,Precipitation
bcc-csm1-1,rcp85,2012,SON,4,pr 50mm,Precipitation
bcc-csm1-1,rcp85,2013,SON,4,pr 50mm,Precipitation
bcc-csm1-1,rcp85,2014,SON,3,pr 50mm,Precipitation
bcc-csm1-1,rcp85,2015,SON,4,pr 50mm,Precipitation
bcc-csm1-1,rcp85,2016,SON,3,pr 50mm,Precipitation
bcc-csm1-1,rcp85,2017,SON,4,pr 50mm,Precipitation
bcc-csm1-1,rcp85,2018,SON,1,pr 50mm,Precipitation
bcc-csm1-1,rcp85,2019,SON,1,pr 50mm,Precipitation
bcc-csm1-1,rcp85,2020,SON,3,pr 50mm,Precipitation
bcc-csm1-1,rcp85,2022,SON,1,pr 50mm,Precipitation
bcc-csm1-1,rcp85,2023,SON,5,pr 50mm,Precipitation
bcc-csm1-1,rcp85,2024,SON,3,pr 50mm,Precipitation
bcc-csm1-1,rcp85,2025,SON,3,pr 50mm,Precipitation
bcc-csm1-1,rcp85,2026,SON,2,pr 50mm,Precipitation
bcc-csm1-1,rcp85,2027,SON,4,pr 50mm,Precipitation
bcc-csm1-1,rcp85,2028,SON,2,pr 50mm,Precipitation
bcc-csm1-1,rcp85,2029,SON,4,pr 50mm,Precipitation
bcc-csm1-1,rcp85,2030,SON,1,pr 50mm,Precipitation
bcc-csm1-1,rcp85,2031,SON,5,pr 50mm,Precipitation
bcc-csm1-1,rcp85,2032,SON,5,pr 50mm,Precipitation
bcc-csm1-1,rcp85,2033,SON,2,pr 50mm,Precipitation
bcc-csm1-1,rcp85,2034,SON,4,pr 50mm,Precipitation
bcc-csm1-1,rcp85,2035,SON,1,pr 50mm,Precipitation
bcc-csm1-1,rcp85,2036,SON,2,pr 50mm,Precipitation
bcc-csm1-1-m,rcp85,2006,SON,3,pr 50mm,Precipitation
bcc-csm1-1-m,rcp85,2007,SON,2,pr 50mm,Precipitation
bcc-csm1-1-m,rcp85,2008,SON,6,pr 50mm,Precipitation
bcc-csm1-1-m,rcp85,2009,SON,1,pr 50mm,Precipitation
bcc-csm1-1-m,rcp85,2010,SON,6,pr 50mm,Precipitation
bcc-csm1-1-m,rcp85,2012,SON,3,pr 50mm,Precipitation
bcc-csm1-1-m,rcp85,2013,SON,2,pr 50mm,Precipitation
bcc-csm1-1-m,rcp85,2014,SON,2,pr 50mm,Precipitation
bcc-csm1-1-m,rcp85,2015,SON,2,pr 50mm,Precipitation
bcc-csm1-1-m,rcp85,2016,SON,5,pr 50mm,Precipitation
bcc-csm1-1-m,rcp85,2017,SON,5,pr 50mm,Precipitation
bcc-csm1-1-m,rcp85,2018,SON,4,pr 50mm,Precipitation
bcc-csm1-1-m,rcp85,2020,SON,1,pr 50mm,Precipitation
bcc-csm1-1-m,rcp85,2021,SON,1,pr 50mm,Precipitation
bcc-csm1-1-m,rcp85,2022,SON,3,pr 50mm,Precipitation
bcc-csm1-1-m,rcp85,2023,SON,4,pr 50mm,Precipitation
bcc-csm1-1-m,rcp85,2024,SON,3,pr 50mm,Precipitation
bcc-csm1-1-m,rcp85,2026,SON,2,pr 50mm,Precipitation
bcc-csm1-1-m,rcp85,2028,SON,3,pr 50mm,Precipitation
bcc-csm1-1-m,rcp85,2029,SON,2,pr 50mm,Precipitation
bcc-csm1-1-m,rcp85,2030,SON,4,pr 50mm,Precipitation
bcc-csm1-1-m,rcp85,2031,SON,2,pr 50mm,Precipitation
bcc-csm1-1-m,rcp85,2032,SON,3,pr 50mm,Precipitation
bcc-csm1-1-m,rcp85,2033,SON,3,pr 50mm,Precipitation
bcc-csm1-1-m,rcp85,2034,SON,3,pr 50mm,Precipitation
bcc-csm1-1-m,rcp85,2036,SON,1,pr 50mm,Precipitation
inmcm4,rcp85,2006,SON,7,pr 50mm,Precipitation
inmcm4,rcp85,2007,SON,5,pr 50mm,Precipitation
inmcm4,rcp85,2008,SON,4,pr 50mm,Precipitation
inmcm4,rcp85,2009,SON,2,pr 50mm,Precipitation
inmcm4,rcp85,2010,SON,1,pr 50mm,Precipitation
inmcm4,rcp85,2011,SON,5,pr 50mm,Precipitation
inmcm4,rcp85,2012,SON,4,pr 50mm,Precipitation
inmcm4,rcp85,2013,SON,8,pr 50mm,Precipitation
inmcm4,rcp85,2014,SON,2,pr 50mm,Precipitation
inmcm4,rcp85,2016,SON,3,pr 50mm,Precipitation
inmcm4,rcp85,2017,SON,2,pr 50mm,Precipitation
inmcm4,rcp85,2018,SON,3,pr 50mm,Precipitation
inmcm4,rcp85,2019,SON,5,pr 50mm,Precipitation
inmcm4,rcp85,2020,SON,1,pr 50mm,Precipitation
inmcm4,rcp85,2021,SON,4,pr 50mm,Precipitation
inmcm4,rcp85,2022,SON,4,pr 50mm,Precipitation
inmcm4,rcp85,2023,SON,2,pr 50mm,Precipitation
inmcm4,rcp85,2024,SON,6,pr 50mm,Precipitation
inmcm4,rcp85,2025,SON,5,pr 50mm,Precipitation
inmcm4,rcp85,2026,SON,1,pr 50mm,Precipitation
inmcm4,rcp85,2028,SON,3,pr 50mm,Precipitation
inmcm4,rcp85,2029,SON,8,pr 50mm,Precipitation
inmcm4,rcp85,2030,SON,6,pr 50mm,Precipitation
inmcm4,rcp85,2031,SON,3,pr 50mm,Precipitation
inmcm4,rcp85,2032,SON,3,pr 50mm,Precipitation
inmcm4,rcp85,2033,SON,2,pr 50mm,Precipitation
inmcm4,rcp85,2035,SON,2,pr 50mm,Precipitation
inmcm4,rcp85,2036,SON,3,pr 50mm,Precipitation
