model,scenario,year,count,interval_name,variable
ACCESS1-0,historical,2000,52,Tmax 26–29°C,tmax
ACCESS1-0,historical,2001,54,Tmax 26–29°C,tmax
ACCESS1-0,historical,2002,50,Tmax 26–29°C,tmax
ACCESS1-0,historical,2003,49,Tmax 26–29°C,tmax
ACCESS1-0,historical,2004,61,Tmax 26–29°C,tmax
ACCESS1-0,historical,2005,58,Tmax 26–29°C,tmax
ACCESS1-3,historical,2000,58,Tmax 26–29°C,tmax
ACCESS1-3,historical,2001,60,Tmax 26–29°C,tmax
ACCESS1-3,historical,2002,42,Tmax 26–29°C,tmax
ACCESS1-3,historical,2003,51,Tmax 26–29°C,tmax
ACCESS1-3,historical,2004,71,Tmax 26–29°C,tmax
ACCESS1-3,historical,2005,47,Tmax 26–29°C,tmax
BNU-ESM,historical,2000,39,Tmax 26–29°C,tmax
BNU-ESM,historical,2001,48,Tmax 26–29°C,tmax
BNU-ESM,historical,2002,48,Tmax 26–29°C,tmax
BNU-ESM,historical,2003,56,Tmax 26–29°C,tmax
BNU-ESM,historical,2004,39,Tmax 26–29°C,tmax
BNU-ESM,historical,2005,65,Tmax 26–29°C,tmax
CCSM4,historical,2000,43,Tmax 26–29°C,tmax
CCSM4,historical,2001,55,Tmax 26–29°C,tmax
CCSM4,historical,2002,58,Tmax 26–29°C,tmax
CCSM4,historical,2003,49,Tmax 26–29°C,tmax
CCSM4,historical,2004,56,Tmax 26–29°C,tmax
CCSM4,historical,2005,56,Tmax 26–29°C,tmax
CESM1-BGC,historical,2000,62,Tmax 26–29°C,tmax
CESM1-BGC,historical,2001,54,Tmax 26–29°C,tmax
CESM1-BGC,historical,2002,38,Tmax 26–29°C,tmax
CESM1-BGC,historical,2003,46,Tmax 26–29°C,tmax
CESM1-BGC,historical,2004,47,Tmax 26–29°C,tmax
CESM1-BGC,historical,2005,37,Tmax 26–29°C,tmax
CESM1-CAM5,historical,2000,42,Tmax 26–29°C,tmax
CESM1-CAM5,historical,2001,52,Tmax 26–29°C,tmax
CESM1-CAM5,historical,2002,61,Tmax 26–29°C,tmax
CESM1-CAM5,historical,2003,62,Tmax 26–29°C,tmax
CESM1-CAM5,historical,2004,37,Tmax 26–29°C,tmax
CESM1-CAM5,historical,2005,55,Tmax 26–29°C,tmax
CMCC-CESM,historical,2000,59,Tmax 26–29°C,tmax
CMCC-CESM,historical,2001,49,Tmax 26–29°C,tmax
CMCC-CESM,historical,2002,31,Tmax 26–29°C,tmax
CMCC-CESM,historical,2003,36,Tmax 26–29°C,tmax
CMCC-CESM,historical,2004,39,Tmax 26–29°C,tmax
CMCC-CESM,historical,2005,60,Tmax 26–29°C,tmax
CMCC-CM,historical,2000,83,Tmax 26–29°C,tmax
CMCC-CM,historical,2001,49,Tmax 26–29°C,tmax
CMCC-CM,historical,2002,44,Tmax 26–29°C,tmax
CMCC-CM,historical,2003,43,Tmax 26–29°C,tmax
CMCC-CM,historical,2004,52,Tmax 26–29°C,tmax
CMCC-CM,historical,2005,41,Tmax 26–29°C,tmax
CMCC-CMS,historical,2000,56,Tmax 26–29°C,tmax
CMCC-CMS,historical,2001,43,Tmax 26–29°C,tmax
CMCC-CMS,historical,2002,51,Tmax 26–29°C,tmax
CMCC-CMS,historical,2003,61,Tmax 26–29°C,tmax
CMCC-CMS,historical,2004,43,Tmax 26–29°C,tmax
CMCC-CMS,historical,2005,57,Tmax 26–29°C,tmax
CNRM-CM5,historical,2000,48,Tmax 26–29°C,tmax
CNRM-CM5,historical,2001,48,Tmax 26–29°C,tmax
CNRM-CM5,historical,2002,41,Tmax 26–29°C,tmax
CNRM-CM5,historical,2003,53,Tmax 26–29°C,tmax
CNRM-CM5,historical,2004,50,Tmax 26–29°C,tmax
CNRM-CM5,historical,2005,46,Tmax 26–29°C,tmax
CSIRO-Mk3-6-0,historical,2000,54,Tmax 26–29°C,tmax
CSIRO-Mk3-6-0,historical,2001,39,Tmax 26–29°C,tmax
CSIRO-Mk3-6-0,historical,2002,55,Tmax 26–29°C,tmax
CSIRO-Mk3-6-0,historical,2003,43,Tmax 26–29°C,tmax
CSIRO-Mk3-6-0,historical,2004,59,Tmax 26–29°C,tmax
CSIRO-Mk3-6-0,historical,2005,43,Tmax 26–29°C,tmax
CanESM2,historical,2000,64,Tmax 26–29°C,tmax
CanESM2,historical,2001,35,Tmax 26–29°C,tmax
CanESM2,historical,2002,60,Tmax 26–29°C,tmax
CanESM2,historical,2003,59,Tmax 26–29°C,tmax
CanESM2,historical,2004,43,Tmax 26–29°C,tmax
CanESM2,historical,2005,57,Tmax 26–29°C,tmax
EC-EARTH,historical,2000,38,Tmax 26–29°C,tmax
EC-EARTH,historical,2001,36,Tmax 26–29°C,tmax
EC-EARTH,historical,2002,43,Tmax 26–29°C,tmax
EC-EARTH,historical,2003,52,Tmax 26–29°C,tmax
EC-EARTH,historical,2004,52,Tmax 26–29°C,tmax
EC-EARTH,historical,2005,54,Tmax 26–29°C,tmax
FGOALS-g2,historical,2000,57,Tmax 26–29°C,tmax
FGOALS-g2,historical,2001,61,Tmax 26–29°C,tmax
FGOALS-g2,historical,2002,37,Tmax 26–29°C,tmax
FGOALS-g2,historical,2003,59,Tmax 26–29°C,tmax
FGOALS-g2,historical,2004,61,Tmax 26–29°C,tmax
FGOALS-g2,historical,2005,55,Tmax 26–29°C,tmax
GFDL-CM3,historical,2000,59,Tmax 26–29°C,tmax
GFDL-CM3,historical,2001,44,Tmax 26–29°C,tmax
GFDL-CM3,historical,2002,33,Tmax 26–29°C,tmax
GFDL-CM3,historical,2003,50,Tmax 26–29°C,tmax
GFDL-CM3,historical,2004,43,Tmax 26–29°C,tmax
GFDL-CM3,historical,2005,55,Tmax 26–29°C,tmax
GFDL-ESM2G,historical,2000,39,Tmax 26–29°C,tmax
GFDL-ESM2G,historical,2001,77,Tmax 26–29°C,tmax
GFDL-ESM2G,historical,2002,43,Tmax 26–29°C,tmax
GFDL-ESM2G,historical,2003,33,Tmax 26–29°C,tmax
GFDL-ESM2G,historical,2004,58,Tmax 26–29°C,tmax
GFDL-ESM2G,historical,2005,72,Tmax 26–29°C,tmax
GFDL-ESM2M,historical,2000,73,Tmax 26–29°C,tmax
GFDL-ESM2M,historical,2001,82,Tmax 26–29°C,tmax
GFDL-ESM2M,historical,2002,75,Tmax 26–29°C,tmax
GFDL-ESM2M,historical,2003,53,Tmax 26–29°C,tmax
GFDL-ESM2M,historical,2004,48,Tmax 26–29°C,tmax
GFDL-ESM2M,historical,2005,42,Tmax 26–29°C,tmax
IPSL-CM5A-LR,historical,2000,64,Tmax 26–29°C,tmax
IPSL-CM5A-LR,historical,2001,48,Tmax 26–29°C,tmax
IPSL-CM5A-LR,historical,2002,52,Tmax 26–29°C,tmax
IPSL-CM5A-LR,historical,2003,73,Tmax 26–29°C,tmax
IPSL-CM5A-LR,historical,2004,41,Tmax 26–29°C,tmax
IPSL-CM5A-LR,historical,2005,39,Tmax 26–29°C,tmax
IPSL-CM5A-MR,historical,2000,52,Tmax 26–29°C,tmax
IPSL-CM5A-MR,historical,2001,47,Tmax 26–29°C,tmax
IPSL-CM5A-MR,historical,2002,66,Tmax 26–29°C,tmax
IPSL-CM5A-MR,historical,2003,46,Tmax 26–29°C,tmax
IPSL-CM5A-MR,historical,2004,34,Tmax 26–29°C,tmax
IPSL-CM5A-MR,historical,2005,40,Tmax 26–29°C,tmax
IPSL-CM5B-LR,historical,2000,43,Tmax 26–29°C,tmax
IPSL-CM5B-LR,historical,2001,56,Tmax 26–29°C,tmax
IPSL-CM5B-LR,historical,2002,34,Tmax 26–29°C,tmax
IPSL-CM5B-LR,historical,2003,41,Tmax 26–29°C,tmax
IPSL-CM5B-LR,historical,2004,62,Tmax 26–29°C,tmax
IPSL-CM5B-LR,historical,2005,52,Tmax 26–29°C,tmax
MIROC-ESM,historical,2000,57,Tmax 26–29°C,tmax
MIROC-ESM,historical,2001,41,Tmax 26–29°C,tmax
MIROC-ESM,historical,2002,65,Tmax 26–29°C,tmax
MIROC-ESM,historical,2003,74,Tmax 26–29°C,tmax
MIROC-ESM,historical,2004,51,Tmax 26–29°C,tmax
MIROC-ESM,historical,2005,40,Tmax 26–29°C,tmax
MIROC-ESM-CHEM,historical,2000,72,Tmax 26–29°C,tmax
MIROC-ESM-CHEM,historical,2001,63,Tmax 26–29°C,tmax
MIROC-ESM-CHEM,historical,2002,55,Tmax 26–29°C,tmax
MIROC-ESM-CHEM,historical,2003,71,Tmax 26–29°C,tmax
MIROC-ESM-CHEM,historical,2004,59,Tmax 26–29°C,tmax
MIROC-ESM-CHEM,historical,2005,59,Tmax 26–29°C,tmax
MIROC5,historical,2000,53,Tmax 26–29°C,tmax
MIROC5,historical,2001,41,Tmax 26–29°C,tmax
MIROC5,historical,2002,46,Tmax 26–29°C,tmax
MIROC5,historical,2003,73,Tmax 26–29°C,tmax
MIROC5,historical,2004,50,Tmax 26–29°C,tmax
MIROC5,historical,2005,50,Tmax 26–29°C,tmax
MPI-ESM-LR,historical,2000,41,Tmax 26–29°C,tmax
MPI-ESM-LR,historical,2001,57,Tmax 26–29°C,tmax
MPI-ESM-LR,historical,2002,46,Tmax 26–29°C,tmax
MPI-ESM-LR,historical,2003,59,Tmax 26–29°C,tmax
MPI-ESM-LR,historical,2004,31,Tmax 26–29°C,tmax
MPI-ESM-LR,historical,2005,55,Tmax 26–29°C,tmax
MPI-ESM-MR,historical,2000,54,Tmax 26–29°C,tmax
MPI-ESM-MR,historical,2001,44,Tmax 26–29°C,tmax
MPI-ESM-MR,historical,2002,30,Tmax 26–29°C,tmax
MPI-ESM-MR,historical,2003,31,Tmax 26–29°C,tmax
MPI-ESM-MR,historical,2004,75,Tmax 26–29°C,tmax
MPI-ESM-MR,historical,2005,50,Tmax 26–29°C,tmax
MRI-CGCM3,historical,2000,56,Tmax 26–29°C,tmax
MRI-CGCM3,historical,2001,48,Tmax 26–29°C,tmax
MRI-CGCM3,historical,2002,66,Tmax 26–29°C,tmax
MRI-CGCM3,historical,2003,45,Tmax 26–29°C,tmax
MRI-CGCM3,historical,2004,49,Tmax 26–29°C,tmax
MRI-CGCM3,historical,2005,45,Tmax 26–29°C,tmax
MRI-ESM1,historical,2000,53,Tmax 26–29°C,tmax
MRI-ESM1,historical,2001,32,Tmax 26–29°C,tmax
MRI-ESM1,historical,2002,48,Tmax 26–29°C,tmax
MRI-ESM1,historical,2003,47,Tmax 26–29°C,tmax
MRI-ESM1,historical,2004,45,Tmax 26–29°C,tmax
MRI-ESM1,historical,2005,54,Tmax 26–29°C,tmax
NorESM1-M,historical,2000,46,Tmax 26–29°C,tmax
NorESM1-M,historical,2001,49,Tmax 26–29°C,tmax
NorESM1-M,historical,2002,42,Tmax 26–29°C,tmax
NorESM1-M,historical,2003,40,Tmax 26–29°C,tmax
NorESM1-M,historical,2004,66,Tmax 26–29°C,tmax
NorESM1-M,historical,2005,56,Tmax 26–29°C,tmax
bcc-csm1-1,historical,2000,52,Tmax 26–29°C,tmax
bcc-csm1-1,historical,2001,55,Tmax 26–29°C,tmax
bcc-csm1-1,historical,2002,38,Tmax 26–29°C,tmax
bcc-csm1-1,historical,2003,41,Tmax 26–29°C,tmax
bcc-csm1-1,historical,2004,37,Tmax 26–29°C,tmax
bcc-csm1-1,historical,2005,52,Tmax 26–29°C,tmax
bcc-csm1-1-m,historical,2000,41,Tmax 26–29°C,tmax
bcc-csm1-1-m,historical,2001,57,Tmax 26–29°C,tmax
bcc-csm1-1-m,historical,2002,67,Tmax 26–29°C,tmax
bcc-csm1-1-m,historical,2003,53,Tmax 26–29°C,tmax
bcc-csm1-1-m,historical,2004,46,Tmax 26–29°C,tmax
bcc-csm1-1-m,historical,2005,53,Tmax 26–29°C,tmax
inmcm4,historical,2000,46,Tmax 26–29°C,tmax
inmcm4,historical,2001,64,Tmax 26–29°C,tmax
inmcm4,historical,2002,47,Tmax 26–29°C,tmax
inmcm4,historical,2003,47,Tmax 26–29°C,tmax
inmcm4,historical,2004,54,Tmax 26–29°C,tmax
inmcm4,historical,2005,46,Tmax 26–29°C,tmax
BNU-ESM,rcp26,2006,55,Tmax 26–29°C,tmax
BNU-ESM,rcp26,2007,36,Tmax 26–29°C,tmax
BNU-ESM,rcp26,2008,38,Tmax 26–29°C,tmax
BNU-ESM,rcp26,2009,40,Tmax 26–29°C,tmax
BNU-ESM,rcp26,2010,47,Tmax 26–29°C,tmax
BNU-ESM,rcp26,2011,68,Tmax 26–29°C,tmax
BNU-ESM,rcp26,2012,62,Tmax 26–29°C,tmax
BNU-ESM,rcp26,2013,66,Tmax 26–29°C,tmax
BNU-ESM,rcp26,2014,53,Tmax 26–29°C,tmax
BNU-ESM,rcp26,2015,38,Tmax 26–29°C,tmax
BNU-ESM,rcp26,2016,42,Tmax 26–29°C,tmax
BNU-ESM,rcp26,2017,68,Tmax 26–29°C,tmax
BNU-ESM,rcp26,2018,54,Tmax 26–29°C,tmax
BNU-ESM,rcp26,2019,59,Tmax 26–29°C,tmax
BNU-ESM,rcp26,2020,36,Tmax 26–29°C,tmax
BNU-ESM,rcp26,2021,46,Tmax 26–29°C,tmax
BNU-ESM,rcp26,2022,47,Tmax 26–29°C,tmax
BNU-ESM,rcp26,2023,65,Tmax 26–29°C,tmax
BNU-ESM,rcp26,2024,53,Tmax 26–29°C,tmax
BNU-ESM,rcp26,2025,42,Tmax 26–29°C,tmax
BNU-ESM,rcp26,2026,54,Tmax 26–29°C,tmax
BNU-ESM,rcp26,2027,39,Tmax 26–29°C,tmax
BNU-ESM,rcp26,2028,51,Tmax 26–29°C,tmax
BNU-ESM,rcp26,2029,48,Tmax 26–29°C,tmax
BNU-ESM,rcp26,2030,46,Tmax 26–29°C,tmax
BNU-ESM,rcp26,2031,37,Tmax 26–29°C,tmax
BNU-ESM,rcp26,2032,44,Tmax 26–29°C,tmax
BNU-ESM,rcp26,2033,49,Tmax 26–29°C,tmax
BNU-ESM,rcp26,2034,57,Tmax 26–29°C,tmax
BNU-ESM,rcp26,2035,65,Tmax 26–29°C,tmax
BNU-ESM,rcp26,2036,51,Tmax 26–29°C,tmax
CCSM4,rcp26,2006,46,Tmax 26–29°C,tmax
CCSM4,rcp26,2007,48,Tmax 26–29°C,tmax
CCSM4,rcp26,2008,54,Tmax 26–29°C,tmax
CCSM4,rcp26,2009,51,Tmax 26–29°C,tmax
CCSM4,rcp26,2010,40,Tmax 26–29°C,tmax
CCSM4,rcp26,2011,68,Tmax 26–29°C,tmax
CCSM4,rcp26,2012,51,Tmax 26–29°C,tmax
CCSM4,rcp26,2013,46,Tmax 26–29°C,tmax
CCSM4,rcp26,2014,79,Tmax 26–29°C,tmax
CCSM4,rcp26,2015,60,Tmax 26–29°C,tmax
CCSM4,rcp26,2016,51,Tmax 26–29°C,tmax
CCSM4,rcp26,2017,43,Tmax 26–29°C,tmax
CCSM4,rcp26,2018,61,Tmax 26–29°C,tmax
CCSM4,rcp26,2019,29,Tmax 26–29°C,tmax
CCSM4,rcp26,2020,66,Tmax 26–29°C,tmax
CCSM4,rcp26,2021,59,Tmax 26–29°C,tmax
CCSM4,rcp26,2022,52,Tmax 26–29°C,tmax
CCSM4,rcp26,2023,24,Tmax 26–29°C,tmax
CCSM4,rcp26,2024,53,Tmax 26–29°C,tmax
CCSM4,rcp26,2025,64,Tmax 26–29°C,tmax
CCSM4,rcp26,2026,41,Tmax 26–29°C,tmax
CCSM4,rcp26,2027,46,Tmax 26–29°C,tmax
CCSM4,rcp26,2028,55,Tmax 26–29°C,tmax
CCSM4,rcp26,2029,51,Tmax 26–29°C,tmax
CCSM4,rcp26,2030,56,Tmax 26–29°C,tmax
CCSM4,rcp26,2031,29,Tmax 26–29°C,tmax
CCSM4,rcp26,2032,61,Tmax 26–29°C,tmax
CCSM4,rcp26,2033,51,Tmax 26–29°C,tmax
CCSM4,rcp26,2034,49,Tmax 26–29°C,tmax
CCSM4,rcp26,2035,53,Tmax 26–29°C,tmax
CCSM4,rcp26,2036,39,Tmax 26–29°C,tmax
CESM1-CAM5,rcp26,2006,60,Tmax 26–29°C,tmax
CESM1-CAM5,rcp26,2007,50,Tmax 26–29°C,tmax
CESM1-CAM5,rcp26,2008,54,Tmax 26–29°C,tmax
CESM1-CAM5,rcp26,2009,68,Tmax 26–29°C,tmax
CESM1-CAM5,rcp26,2010,61,Tmax 26–29°C,tmax
CESM1-CAM5,rcp26,2011,57,Tmax 26–29°C,tmax
CESM1-CAM5,rcp26,2012,48,Tmax 26–29°C,tmax
CESM1-CAM5,rcp26,2013,74,Tmax 26–29°C,tmax
CESM1-CAM5,rcp26,2014,55,Tmax 26–29°C,tmax
CESM1-CAM5,rcp26,2015,48,Tmax 26–29°C,tmax
CESM1-CAM5,rcp26,2016,50,Tmax 26–29°C,tmax
CESM1-CAM5,rcp26,2017,38,Tmax 26–29°C,tmax
CESM1-CAM5,rcp26,2018,66,Tmax 26–29°C,tmax
CESM1-CAM5,rcp26,2019,50,Tmax 26–29°C,tmax
CESM1-CAM5,rcp26,2020,71,Tmax 26–29°C,tmax
CESM1-CAM5,rcp26,2021,50,Tmax 26–29°C,tmax
CESM1-CAM5,rcp26,2022,44,Tmax 26–29°C,tmax
CESM1-CAM5,rcp26,2023,41,Tmax 26–29°C,tmax
CESM1-CAM5,rcp26,2024,63,Tmax 26–29°C,tmax
CESM1-CAM5,rcp26,2025,39,Tmax 26–29°C,tmax
CESM1-CAM5,rcp26,2026,35,Tmax 26–29°C,tmax
CESM1-CAM5,rcp26,2027,49,Tmax 26–29°C,tmax
CESM1-CAM5,rcp26,2028,81,Tmax 26–29°C,tmax
CESM1-CAM5,rcp26,2029,55,Tmax 26–29°C,tmax
CESM1-CAM5,rcp26,2030,41,Tmax 26–29°C,tmax
CESM1-CAM5,rcp26,2031,60,Tmax 26–29°C,tmax
CESM1-CAM5,rcp26,2032,54,Tmax 26–29°C,tmax
CESM1-CAM5,rcp26,2033,71,Tmax 26–29°C,tmax
CESM1-CAM5,rcp26,2034,65,Tmax 26–29°C,tmax
CESM1-CAM5,rcp26,2035,67,Tmax 26–29°C,tmax
CESM1-CAM5,rcp26,2036,40,Tmax 26–29°C,tmax
CNRM-CM5,rcp26,2006,51,Tmax 26–29°C,tmax
CNRM-CM5,rcp26,2007,51,Tmax 26–29°C,tmax
CNRM-CM5,rcp26,2008,50,Tmax 26–29°C,tmax
CNRM-CM5,rcp26,2009,45,Tmax 26–29°C,tmax
CNRM-CM5,rcp26,2010,51,Tmax 26–29°C,tmax
CNRM-CM5,rcp26,2011,31,Tmax 26–29°C,tmax
CNRM-CM5,rcp26,2012,54,Tmax 26–29°C,tmax
CNRM-CM5,rcp26,2013,39,Tmax 26–29°C,tmax
CNRM-CM5,rcp26,2014,49,Tmax 26–29°C,tmax
CNRM-CM5,rcp26,2015,61,Tmax 26–29°C,tmax
CNRM-CM5,rcp26,2016,40,Tmax 26–29°C,tmax
CNRM-CM5,rcp26,2017,44,Tmax 26–29°C,tmax
CNRM-CM5,rcp26,2018,51,Tmax 26–29°C,tmax
CNRM-CM5,rcp26,2019,59,Tmax 26–29°C,tmax
CNRM-CM5,rcp26,2020,43,Tmax 26–29°C,tmax
CNRM-CM5,rcp26,2021,39,Tmax 26–29°C,tmax
CNRM-CM5,rcp26,2022,40,Tmax 26–29°C,tmax
CNRM-CM5,rcp26,2023,54,Tmax 26–29°C,tmax
CNRM-CM5,rcp26,2024,51,Tmax 26–29°C,tmax
CNRM-CM5,rcp26,2025,60,Tmax 26–29°C,tmax
CNRM-CM5,rcp26,2026,25,Tmax 26–29°C,tmax
CNRM-CM5,rcp26,2027,31,Tmax 26–29°C,tmax
CNRM-CM5,rcp26,2028,76,Tmax 26–29°C,tmax
CNRM-CM5,rcp26,2029,40,Tmax 26–29°C,tmax
CNRM-CM5,rcp26,2030,33,Tmax 26–29°C,tmax
CNRM-CM5,rcp26,2031,33,Tmax 26–29°C,tmax
CNRM-CM5,rcp26,2032,53,Tmax 26–29°C,tmax
CNRM-CM5,rcp26,2033,54,Tmax 26–29°C,tmax
CNRM-CM5,rcp26,2034,49,Tmax 26–29°C,tmax
CNRM-CM5,rcp26,2035,43,Tmax 26–29°C,tmax
CNRM-CM5,rcp26,2036,37,Tmax 26–29°C,tmax
CSIRO-Mk3-6-0,rcp26,2006,37,Tmax 26–29°C,tmax
CSIRO-Mk3-6-0,rcp26,2007,36,Tmax 26–29°C,tmax
CSIRO-Mk3-6-0,rcp26,2008,54,Tmax 26–29°C,tmax
CSIRO-Mk3-6-0,rcp26,2009,60,Tmax 26–29°C,tmax
CSIRO-Mk3-6-0,rcp26,2010,50,Tmax 26–29°C,tmax
CSIRO-Mk3-6-0,rcp26,2011,30,Tmax 26–29°C,tmax
CSIRO-Mk3-6-0,rcp26,2012,73,Tmax 26–29°C,tmax
CSIRO-Mk3-6-0,rcp26,2013,47,Tmax 26–29°C,tmax
CSIRO-Mk3-6-0,rcp26,2014,42,Tmax 26–29°C,tmax
CSIRO-Mk3-6-0,rcp26,2015,69,Tmax 26–29°C,tmax
CSIRO-Mk3-6-0,rcp26,2016,49,Tmax 26–29°C,tmax
CSIRO-Mk3-6-0,rcp26,2017,37,Tmax 26–29°C,tmax
CSIRO-Mk3-6-0,rcp26,2018,78,Tmax 26–29°C,tmax
CSIRO-Mk3-6-0,rcp26,2019,67,Tmax 26–29°C,tmax
CSIRO-Mk3-6-0,rcp26,2020,35,Tmax 26–29°C,tmax
CSIRO-Mk3-6-0,rcp26,2021,51,Tmax 26–29°C,tmax
CSIRO-Mk3-6-0,rcp26,2022,44,Tmax 26–29°C,tmax
CSIRO-Mk3-6-0,rcp26,2023,65,Tmax 26–29°C,tmax
CSIRO-Mk3-6-0,rcp26,2024,64,Tmax 26–29°C,tmax
CSIRO-Mk3-6-0,rcp26,2025,59,Tmax 26–29°C,tmax
CSIRO-Mk3-6-0,rcp26,2026,85,Tmax 26–29°C,tmax
CSIRO-Mk3-6-0,rcp26,2027,76,Tmax 26–29°C,tmax
CSIRO-Mk3-6-0,rcp26,2028,45,Tmax 26–29°C,tmax
CSIRO-Mk3-6-0,rcp26,2029,61,Tmax 26–29°C,tmax
CSIRO-Mk3-6-0,rcp26,2030,77,Tmax 26–29°C,tmax
CSIRO-Mk3-6-0,rcp26,2031,64,Tmax 26–29°C,tmax
CSIRO-Mk3-6-0,rcp26,2032,61,Tmax 26–29°C,tmax
CSIRO-Mk3-6-0,rcp26,2033,36,Tmax 26–29°C,tmax
CSIRO-Mk3-6-0,rcp26,2034,47,Tmax 26–29°C,tmax
CSIRO-Mk3-6-0,rcp26,2035,60,Tmax 26–29°C,tmax
CSIRO-Mk3-6-0,rcp26,2036,40,Tmax 26–29°C,tmax
CanESM2,rcp26,2006,51,Tmax 26–29°C,tmax
CanESM2,rcp26,2007,44,Tmax 26–29°C,tmax
CanESM2,rcp26,2008,48,Tmax 26–29°C,tmax
CanESM2,rcp26,2009,39,Tmax 26–29°C,tmax
CanESM2,rcp26,2010,58,Tmax 26–29°C,tmax
CanESM2,rcp26,2011,51,Tmax 26–29°C,tmax
CanESM2,rcp26,2012,48,Tmax 26–29°C,tmax
CanESM2,rcp26,2013,54,Tmax 26–29°C,tmax
CanESM2,rcp26,2014,45,Tmax 26–29°C,tmax
CanESM2,rcp26,2015,51,Tmax 26–29°C,tmax
CanESM2,rcp26,2016,37,Tmax 26–29°C,tmax
CanESM2,rcp26,2017,35,Tmax 26–29°C,tmax
CanESM2,rcp26,2018,59,Tmax 26–29°C,tmax
CanESM2,rcp26,2019,46,Tmax 26–29°C,tmax
CanESM2,rcp26,2020,54,Tmax 26–29°C,tmax
CanESM2,rcp26,2021,64,Tmax 26–29°C,tmax
CanESM2,rcp26,2022,54,Tmax 26–29°C,tmax
CanESM2,rcp26,2023,53,Tmax 26–29°C,tmax
CanESM2,rcp26,2024,47,Tmax 26–29°C,tmax
CanESM2,rcp26,2025,52,Tmax 26–29°C,tmax
CanESM2,rcp26,2026,51,Tmax 26–29°C,tmax
CanESM2,rcp26,2027,50,Tmax 26–29°C,tmax
CanESM2,rcp26,2028,40,Tmax 26–29°C,tmax
CanESM2,rcp26,2029,49,Tmax 26–29°C,tmax
CanESM2,rcp26,2030,40,Tmax 26–29°C,tmax
CanESM2,rcp26,2031,36,Tmax 26–29°C,tmax
CanESM2,rcp26,2032,40,Tmax 26–29°C,tmax
CanESM2,rcp26,2033,40,Tmax 26–29°C,tmax
CanESM2,rcp26,2034,36,Tmax 26–29°C,tmax
CanESM2,rcp26,2035,45,Tmax 26–29°C,tmax
CanESM2,rcp26,2036,38,Tmax 26–29°C,tmax
FGOALS-g2,rcp26,2006,45,Tmax 26–29°C,tmax
FGOALS-g2,rcp26,2007,53,Tmax 26–29°C,tmax
FGOALS-g2,rcp26,2008,51,Tmax 26–29°C,tmax
FGOALS-g2,rcp26,2009,55,Tmax 26–29°C,tmax
FGOALS-g2,rcp26,2010,45,Tmax 26–29°C,tmax
FGOALS-g2,rcp26,2011,47,Tmax 26–29°C,tmax
FGOALS-g2,rcp26,2012,42,Tmax 26–29°C,tmax
FGOALS-g2,rcp26,2013,39,Tmax 26–29°C,tmax
FGOALS-g2,rcp26,2014,47,Tmax 26–29°C,tmax
FGOALS-g2,rcp26,2015,54,Tmax 26–29°C,tmax
FGOALS-g2,rcp26,2016,50,Tmax 26–29°C,tmax
FGOALS-g2,rcp26,2017,51,Tmax 26–29°C,tmax
FGOALS-g2,rcp26,2018,72,Tmax 26–29°C,tmax
FGOALS-g2,rcp26,2019,48,Tmax 26–29°C,tmax
FGOALS-g2,rcp26,2020,62,Tmax 26–29°C,tmax
FGOALS-g2,rcp26,2021,59,Tmax 26–29°C,tmax
FGOALS-g2,rcp26,2022,56,Tmax 26–29°C,tmax
FGOALS-g2,rcp26,2023,46,Tmax 26–29°C,tmax
FGOALS-g2,rcp26,2024,57,Tmax 26–29°C,tmax
FGOALS-g2,rcp26,2025,59,Tmax 26–29°C,tmax
FGOALS-g2,rcp26,2026,56,Tmax 26–29°C,tmax
FGOALS-g2,rcp26,2027,77,Tmax 26–29°C,tmax
FGOALS-g2,rcp26,2028,60,Tmax 26–29°C,tmax
FGOALS-g2,rcp26,2029,46,Tmax 26–29°C,tmax
FGOALS-g2,rcp26,2030,50,Tmax 26–29°C,tmax
FGOALS-g2,rcp26,2031,68,Tmax 26–29°C,tmax
FGOALS-g2,rcp26,2032,49,Tmax 26–29°C,tmax
FGOALS-g2,rcp26,2033,54,Tmax 26–29°C,tmax
FGOALS-g2,rcp26,2034,43,Tmax 26–29°C,tmax
FGOALS-g2,rcp26,2035,65,Tmax 26–29°C,tmax
FGOALS-g2,rcp26,2036,45,Tmax 26–29°C,tmax
GFDL-CM3,rcp26,2006,37,Tmax 26–29°C,tmax
GFDL-CM3,rcp26,2007,72,Tmax 26–29°C,tmax
GFDL-CM3,rcp26,2008,62,Tmax 26–29°C,tmax
GFDL-CM3,rcp26,2009,50,Tmax 26–29°C,tmax
GFDL-CM3,rcp26,2010,42,Tmax 26–29°C,tmax
GFDL-CM3,rcp26,2011,68,Tmax 26–29°C,tmax
GFDL-CM3,rcp26,2012,30,Tmax 26–29°C,tmax
GFDL-CM3,rcp26,2013,39,Tmax 26–29°C,tmax
GFDL-CM3,rcp26,2014,63,Tmax 26–29°C,tmax
GFDL-CM3,rcp26,2015,59,Tmax 26–29°C,tmax
GFDL-CM3,rcp26,2016,32,Tmax 26–29°C,tmax
GFDL-CM3,rcp26,2017,41,Tmax 26–29°C,tmax
GFDL-CM3,rcp26,2018,47,Tmax 26–29°C,tmax
GFDL-CM3,rcp26,2019,50,Tmax 26–29°C,tmax
GFDL-CM3,rcp26,2020,66,Tmax 26–29°C,tmax
GFDL-CM3,rcp26,2021,69,Tmax 26–29°C,tmax
GFDL-CM3,rcp26,2022,49,Tmax 26–29°C,tmax
GFDL-CM3,rcp26,2023,56,Tmax 26–29°C,tmax
GFDL-CM3,rcp26,2024,43,Tmax 26–29°C,tmax
GFDL-CM3,rcp26,2025,44,Tmax 26–29°C,tmax
GFDL-CM3,rcp26,2026,50,Tmax 26–29°C,tmax
GFDL-CM3,rcp26,2027,40,Tmax 26–29°C,tmax
GFDL-CM3,rcp26,2028,62,Tmax 26–29°C,tmax
GFDL-CM3,rcp26,2029,53,Tmax 26–29°C,tmax
GFDL-CM3,rcp26,2030,39,Tmax 26–29°C,tmax
GFDL-CM3,rcp26,2031,30,Tmax 26–29°C,tmax
GFDL-CM3,rcp26,2032,40,Tmax 26–29°C,tmax
GFDL-CM3,rcp26,2033,43,Tmax 26–29°C,tmax
GFDL-CM3,rcp26,2034,64,Tmax 26–29°C,tmax
GFDL-CM3,rcp26,2035,41,Tmax 26–29°C,tmax
GFDL-CM3,rcp26,2036,29,Tmax 26–29°C,tmax
GFDL-ESM2G,rcp26,2006,44,Tmax 26–29°C,tmax
GFDL-ESM2G,rcp26,2007,37,Tmax 26–29°C,tmax
GFDL-ESM2G,rcp26,2008,47,Tmax 26–29°C,tmax
GFDL-ESM2G,rcp26,2009,53,Tmax 26–29°C,tmax
GFDL-ESM2G,rcp26,2010,49,Tmax 26–29°C,tmax
GFDL-ESM2G,rcp26,2011,42,Tmax 26–29°C,tmax
GFDL-ESM2G,rcp26,2012,47,Tmax 26–29°C,tmax
GFDL-ESM2G,rcp26,2013,64,Tmax 26–29°C,tmax
GFDL-ESM2G,rcp26,2014,39,Tmax 26–29°C,tmax
GFDL-ESM2G,rcp26,2015,54,Tmax 26–29°C,tmax
GFDL-ESM2G,rcp26,2016,44,Tmax 26–29°C,tmax
GFDL-ESM2G,rcp26,2017,72,Tmax 26–29°C,tmax
GFDL-ESM2G,rcp26,2018,70,Tmax 26–29°C,tmax
GFDL-ESM2G,rcp26,2019,54,Tmax 26–29°C,tmax
GFDL-ESM2G,rcp26,2020,48,Tmax 26–29°C,tmax
GFDL-ESM2G,rcp26,2021,45,Tmax 26–29°C,tmax
GFDL-ESM2G,rcp26,2022,62,Tmax 26–29°C,tmax
GFDL-ESM2G,rcp26,2023,44,Tmax 26–29°C,tmax
GFDL-ESM2G,rcp26,2024,57,Tmax 26–29°C,tmax
GFDL-ESM2G,rcp26,2025,63,Tmax 26–29°C,tmax
GFDL-ESM2G,rcp26,2026,47,Tmax 26–29°C,tmax
GFDL-ESM2G,rcp26,2027,44,Tmax 26–29°C,tmax
GFDL-ESM2G,rcp26,2028,49,Tmax 26–29°C,tmax
GFDL-ESM2G,rcp26,2029,65,Tmax 26–29°C,tmax
GFDL-ESM2G,rcp26,2030,37,Tmax 26–29°C,tmax
GFDL-ESM2G,rcp26,2031,46,Tmax 26–29°C,tmax
GFDL-ESM2G,rcp26,2032,48,Tmax 26–29°C,tmax
GFDL-ESM2G,rcp26,2033,40,Tmax 26–29°C,tmax
GFDL-ESM2G,rcp26,2034,58,Tmax 26–29°C,tmax
GFDL-ESM2G,rcp26,2035,55,Tmax 26–29°C,tmax
GFDL-ESM2G,rcp26,2036,39,Tmax 26–29°C,tmax
IPSL-CM5A-LR,rcp26,2006,46,Tmax 26–29°C,tmax
IPSL-CM5A-LR,rcp26,2007,46,Tmax 26–29°C,tmax
IPSL-CM5A-LR,rcp26,2008,41,Tmax 26–29°C,tmax
IPSL-CM5A-LR,rcp26,2009,39,Tmax 26–29°C,tmax
IPSL-CM5A-LR,rcp26,2010,32,Tmax 26–29°C,tmax
IPSL-CM5A-LR,rcp26,2011,47,Tmax 26–29°C,tmax
IPSL-CM5A-LR,rcp26,2012,51,Tmax 26–29°C,tmax
IPSL-CM5A-LR,rcp26,2013,52,Tmax 26–29°C,tmax
IPSL-CM5A-LR,rcp26,2014,53,Tmax 26–29°C,tmax
IPSL-CM5A-LR,rcp26,2015,48,Tmax 26–29°C,tmax
IPSL-CM5A-LR,rcp26,2016,50,Tmax 26–29°C,tmax
IPSL-CM5A-LR,rcp26,2017,40,Tmax 26–29°C,tmax
IPSL-CM5A-LR,rcp26,2018,38,Tmax 26–29°C,tmax
IPSL-CM5A-LR,rcp26,2019,77,Tmax 26–29°C,tmax
IPSL-CM5A-LR,rcp26,2020,62,Tmax 26–29°C,tmax
IPSL-CM5A-LR,rcp26,2021,49,Tmax 26–29°C,tmax
IPSL-CM5A-LR,rcp26,2022,52,Tmax 26–29°C,tmax
IPSL-CM5A-LR,rcp26,2023,30,Tmax 26–29°C,tmax
IPSL-CM5A-LR,rcp26,2024,60,Tmax 26–29°C,tmax
IPSL-CM5A-LR,rcp26,2025,42,Tmax 26–29°C,tmax
IPSL-CM5A-LR,rcp26,2026,44,Tmax 26–29°C,tmax
IPSL-CM5A-LR,rcp26,2027,56,Tmax 26–29°C,tmax
IPSL-CM5A-LR,rcp26,2028,49,Tmax 26–29°C,tmax
IPSL-CM5A-LR,rcp26,2029,68,Tmax 26–29°C,tmax
IPSL-CM5A-LR,rcp26,2030,42,Tmax 26–29°C,tmax
IPSL-CM5A-LR,rcp26,2031,52,Tmax 26–29°C,tmax
IPSL-CM5A-LR,rcp26,2032,30,Tmax 26–29°C,tmax
IPSL-CM5A-LR,rcp26,2033,38,Tmax 26–29°C,tmax
IPSL-CM5A-LR,rcp26,2034,71,Tmax 26–29°C,tmax
IPSL-CM5A-LR,rcp26,2035,45,Tmax 26–29°C,tmax
IPSL-CM5A-LR,rcp26,2036,33,Tmax 26–29°C,tmax
IPSL-CM5A-MR,rcp26,2006,38,Tmax 26–29°C,tmax
IPSL-CM5A-MR,rcp26,2007,58,Tmax 26–29°C,tmax
IPSL-CM5A-MR,rcp26,2008,56,Tmax 26–29°C,tmax
IPSL-CM5A-MR,rcp26,2009,66,Tmax 26–29°C,tmax
IPSL-CM5A-MR,rcp26,2010,46,Tmax 26–29°C,tmax
IPSL-CM5A-MR,rcp26,2011,45,Tmax 26–29°C,tmax
IPSL-CM5A-MR,rcp26,2012,58,Tmax 26–29°C,tmax
IPSL-CM5A-MR,rcp26,2013,43,Tmax 26–29°C,tmax
IPSL-CM5A-MR,rcp26,2014,51,Tmax 26–29°C,tmax
IPSL-CM5A-MR,rcp26,2015,33,Tmax 26–29°C,tmax
IPSL-CM5A-MR,rcp26,2016,51,Tmax 26–29°C,tmax
IPSL-CM5A-MR,rcp26,2017,44,Tmax 26–29°C,tmax
IPSL-CM5A-MR,rcp26,2018,44,Tmax 26–29°C,tmax
IPSL-CM5A-MR,rcp26,2019,37,Tmax 26–29°C,tmax
IPSL-CM5A-MR,rcp26,2020,47,Tmax 26–29°C,tmax
IPSL-CM5A-MR,rcp26,2021,44,Tmax 26–29°C,tmax
IPSL-CM5A-MR,rcp26,2022,37,Tmax 26–29°C,tmax
IPSL-CM5A-MR,rcp26,2023,49,Tmax 26–29°C,tmax
IPSL-CM5A-MR,rcp26,2024,61,Tmax 26–29°C,tmax
IPSL-CM5A-MR,rcp26,2025,44,Tmax 26–29°C,tmax
IPSL-CM5A-MR,rcp26,2026,45,Tmax 26–29°C,tmax
IPSL-CM5A-MR,rcp26,2027,47,Tmax 26–29°C,tmax
IPSL-CM5A-MR,rcp26,2028,66,Tmax 26–29°C,tmax
IPSL-CM5A-MR,rcp26,2029,61,Tmax 26–29°C,tmax
IPSL-CM5A-MR,rcp26,2030,44,Tmax 26–29°C,tmax
IPSL-CM5A-MR,rcp26,2031,48,Tmax 26–29°C,tmax
IPSL-CM5A-MR,rcp26,2032,43,Tmax 26–29°C,tmax
IPSL-CM5A-MR,rcp26,2033,35,Tmax 26–29°C,tmax
IPSL-CM5A-MR,rcp26,2034,37,Tmax 26–29°C,tmax
IPSL-CM5A-MR,rcp26,2035,33,Tmax 26–29°C,tmax
IPSL-CM5A-MR,rcp26,2036,40,Tmax 26–29°C,tmax
MIROC-ESM,rcp26,2006,43,Tmax 26–29°C,tmax
MIROC-ESM,rcp26,2007,46,Tmax 26–29°C,tmax
MIROC-ESM,rcp26,2008,43,Tmax 26–29°C,tmax
MIROC-ESM,rcp26,2009,50,Tmax 26–29°C,tmax
MIROC-ESM,rcp26,2010,53,Tmax 26–29°C,tmax
MIROC-ESM,rcp26,2011,58,Tmax 26–29°C,tmax
MIROC-ESM,rcp26,2012,43,Tmax 26–29°C,tmax
MIROC-ESM,rcp26,2013,58,Tmax 26–29°C,tmax
MIROC-ESM,rcp26,2014,54,Tmax 26–29°C,tmax
MIROC-ESM,rcp26,2015,43,Tmax 26–29°C,tmax
MIROC-ESM,rcp26,2016,50,Tmax 26–29°C,tmax
MIROC-ESM,rcp26,2017,42,Tmax 26–29°C,tmax
MIROC-ESM,rcp26,2018,34,Tmax 26–29°C,tmax
MIROC-ESM,rcp26,2019,64,Tmax 26–29°C,tmax
MIROC-ESM,rcp26,2020,46,Tmax 26–29°C,tmax
MIROC-ESM,rcp26,2021,71,Tmax 26–29°C,tmax
MIROC-ESM,rcp26,2022,51,Tmax 26–29°C,tmax
MIROC-ESM,rcp26,2023,38,Tmax 26–29°C,tmax
MIROC-ESM,rcp26,2024,39,Tmax 26–29°C,tmax
MIROC-ESM,rcp26,2025,48,Tmax 26–29°C,tmax
MIROC-ESM,rcp26,2026,64,Tmax 26–29°C,tmax
MIROC-ESM,rcp26,2027,46,Tmax 26–29°C,tmax
MIROC-ESM,rcp26,2028,60,Tmax 26–29°C,tmax
MIROC-ESM,rcp26,2029,54,Tmax 26–29°C,tmax
MIROC-ESM,rcp26,2030,70,Tmax 26–29°C,tmax
MIROC-ESM,rcp26,2031,31,Tmax 26–29°C,tmax
MIROC-ESM,rcp26,2032,50,Tmax 26–29°C,tmax
MIROC-ESM,rcp26,2033,51,Tmax 26–29°C,tmax
MIROC-ESM,rcp26,2034,52,Tmax 26–29°C,tmax
MIROC-ESM,rcp26,2035,55,Tmax 26–29°C,tmax
MIROC-ESM,rcp26,2036,46,Tmax 26–29°C,tmax
MIROC-ESM-CHEM,rcp26,2006,69,Tmax 26–29°C,tmax
MIROC-ESM-CHEM,rcp26,2007,54,Tmax 26–29°C,tmax
MIROC-ESM-CHEM,rcp26,2008,53,Tmax 26–29°C,tmax
MIROC-ESM-CHEM,rcp26,2009,59,Tmax 26–29°C,tmax
MIROC-ESM-CHEM,rcp26,2010,40,Tmax 26–29°C,tmax
MIROC-ESM-CHEM,rcp26,2011,62,Tmax 26–29°C,tmax
MIROC-ESM-CHEM,rcp26,2012,61,Tmax 26–29°C,tmax
MIROC-ESM-CHEM,rcp26,2013,37,Tmax 26–29°C,tmax
MIROC-ESM-CHEM,rcp26,2014,57,Tmax 26–29°C,tmax
MIROC-ESM-CHEM,rcp26,2015,60,Tmax 26–29°C,tmax
MIROC-ESM-CHEM,rcp26,2016,57,Tmax 26–29°C,tmax
MIROC-ESM-CHEM,rcp26,2017,64,Tmax 26–29°C,tmax
MIROC-ESM-CHEM,rcp26,2018,59,Tmax 26–29°C,tmax
MIROC-ESM-CHEM,rcp26,2019,60,Tmax 26–29°C,tmax
MIROC-ESM-CHEM,rcp26,2020,68,Tmax 26–29°C,tmax
MIROC-ESM-CHEM,rcp26,2021,43,Tmax 26–29°C,tmax
MIROC-ESM-CHEM,rcp26,2022,47,Tmax 26–29°C,tmax
MIROC-ESM-CHEM,rcp26,2023,46,Tmax 26–29°C,tmax
MIROC-ESM-CHEM,rcp26,2024,59,Tmax 26–29°C,tmax
MIROC-ESM-CHEM,rcp26,2025,47,Tmax 26–29°C,tmax
MIROC-ESM-CHEM,rcp26,2026,49,Tmax 26–29°C,tmax
MIROC-ESM-CHEM,rcp26,2027,52,Tmax 26–29°C,tmax
MIROC-ESM-CHEM,rcp26,2028,56,Tmax 26–29°C,tmax
MIROC-ESM-CHEM,rcp26,2029,46,Tmax 26–29°C,tmax
MIROC-ESM-CHEM,rcp26,2030,52,Tmax 26–29°C,tmax
MIROC-ESM-CHEM,rcp26,2031,38,Tmax 26–29°C,tmax
MIROC-ESM-CHEM,rcp26,2032,51,Tmax 26–29°C,tmax
MIROC-ESM-CHEM,rcp26,2033,50,Tmax 26–29°C,tmax
MIROC-ESM-CHEM,rcp26,2034,49,Tmax 26–29°C,tmax
MIROC-ESM-CHEM,rcp26,2035,45,Tmax 26–29°C,tmax
MIROC-ESM-CHEM,rcp26,2036,37,Tmax 26–29°C,tmax
MIROC5,rcp26,2006,51,Tmax 26–29°C,tmax
MIROC5,rcp26,2007,43,Tmax 26–29°C,tmax
MIROC5,rcp26,2008,52,Tmax 26–29°C,tmax
MIROC5,rcp26,2009,47,Tmax 26–29°C,tmax
MIROC5,rcp26,2010,35,Tmax 26–29°C,tmax
MIROC5,rcp26,2011,55,Tmax 26–29°C,tmax
MIROC5,rcp26,2012,57,Tmax 26–29°C,tmax
MIROC5,rcp26,2013,85,Tmax 26–29°C,tmax
MIROC5,rcp26,2014,52,Tmax 26–29°C,tmax
MIROC5,rcp26,2015,67,Tmax 26–29°C,tmax
MIROC5,rcp26,2016,54,Tmax 26–29°C,tmax
MIROC5,rcp26,2017,55,Tmax 26–29°C,tmax
MIROC5,rcp26,2018,48,Tmax 26–29°C,tmax
MIROC5,rcp26,2019,66,Tmax 26–29°C,tmax
MIROC5,rcp26,2020,61,Tmax 26–29°C,tmax
MIROC5,rcp26,2021,47,Tmax 26–29°C,tmax
MIROC5,rcp26,2022,40,Tmax 26–29°C,tmax
MIROC5,rcp26,2023,37,Tmax 26–29°C,tmax
MIROC5,rcp26,2024,47,Tmax 26–29°C,tmax
MIROC5,rcp26,2025,44,Tmax 26–29°C,tmax
MIROC5,rcp26,2026,67,Tmax 26–29°C,tmax
MIROC5,rcp26,2027,62,Tmax 26–29°C,tmax
MIROC5,rcp26,2028,45,Tmax 26–29°C,tmax
MIROC5,rcp26,2029,57,Tmax 26–29°C,tmax
MIROC5,rcp26,2030,45,Tmax 26–29°C,tmax
MIROC5,rcp26,2031,46,Tmax 26–29°C,tmax
MIROC5,rcp26,2032,46,Tmax 26–29°C,tmax
MIROC5,rcp26,2033,49,Tmax 26–29°C,tmax
MIROC5,rcp26,2034,70,Tmax 26–29°C,tmax
MIROC5,rcp26,2035,41,Tmax 26–29°C,tmax
MIROC5,rcp26,2036,53,Tmax 26–29°C,tmax
MPI-ESM-LR,rcp26,2006,44,Tmax 26–29°C,tmax
MPI-ESM-LR,rcp26,2007,50,Tmax 26–29°C,tmax
MPI-ESM-LR,rcp26,2008,54,Tmax 26–29°C,tmax
MPI-ESM-LR,rcp26,2009,60,Tmax 26–29°C,tmax
MPI-ESM-LR,rcp26,2010,64,Tmax 26–29°C,tmax
MPI-ESM-LR,rcp26,2011,55,Tmax 26–29°C,tmax
MPI-ESM-LR,rcp26,2012,44,Tmax 26–29°C,tmax
MPI-ESM-LR,rcp26,2013,45,Tmax 26–29°C,tmax
MPI-ESM-LR,rcp26,2014,67,Tmax 26–29°C,tmax
MPI-ESM-LR,rcp26,2015,51,Tmax 26–29°C,tmax
MPI-ESM-LR,rcp26,2016,44,Tmax 26–29°C,tmax
MPI-ESM-LR,rcp26,2017,57,Tmax 26–29°C,tmax
MPI-ESM-LR,rcp26,2018,46,Tmax 26–29°C,tmax
MPI-ESM-LR,rcp26,2019,53,Tmax 26–29°C,tmax
MPI-ESM-LR,rcp26,2020,47,Tmax 26–29°C,tmax
MPI-ESM-LR,rcp26,2021,55,Tmax 26–29°C,tmax
MPI-ESM-LR,rcp26,2022,39,Tmax 26–29°C,tmax
MPI-ESM-LR,rcp26,2023,53,Tmax 26–29°C,tmax
MPI-ESM-LR,rcp26,2024,39,Tmax 26–29°C,tmax
MPI-ESM-LR,rcp26,2025,42,Tmax 26–29°C,tmax
MPI-ESM-LR,rcp26,2026,38,Tmax 26–29°C,tmax
MPI-ESM-LR,rcp26,2027,47,Tmax 26–29°C,tmax
MPI-ESM-LR,rcp26,2028,49,Tmax 26–29°C,tmax
MPI-ESM-LR,rcp26,2029,47,Tmax 26–29°C,tmax
MPI-ESM-LR,rcp26,2030,50,Tmax 26–29°C,tmax
MPI-ESM-LR,rcp26,2031,66,Tmax 26–29°C,tmax
MPI-ESM-LR,rcp26,2032,53,Tmax 26–29°C,tmax
MPI-ESM-LR,rcp26,2033,46,Tmax 26–29°C,tmax
MPI-ESM-LR,rcp26,2034,40,Tmax 26–29°C,tmax
MPI-ESM-LR,rcp26,2035,65,Tmax 26–29°C,tmax
MPI-ESM-LR,rcp26,2036,56,Tmax 26–29°C,tmax
MPI-ESM-MR,rcp26,2006,41,Tmax 26–29°C,tmax
MPI-ESM-MR,rcp26,2007,45,Tmax 26–29°C,tmax
MPI-ESM-MR,rcp26,2008,54,Tmax 26–29°C,tmax
MPI-ESM-MR,rcp26,2009,38,Tmax 26–29°C,tmax
MPI-ESM-MR,rcp26,2010,42,Tmax 26–29°C,tmax
MPI-ESM-MR,rcp26,2011,53,Tmax 26–29°C,tmax
MPI-ESM-MR,rcp26,2012,52,Tmax 26–29°C,tmax
MPI-ESM-MR,rcp26,2013,58,Tmax 26–29°C,tmax
MPI-ESM-MR,rcp26,2014,47,Tmax 26–29°C,tmax
MPI-ESM-MR,rcp26,2015,70,Tmax 26–29°C,tmax
MPI-ESM-MR,rcp26,2016,59,Tmax 26–29°C,tmax
MPI-ESM-MR,rcp26,2017,61,Tmax 26–29°C,tmax
MPI-ESM-MR,rcp26,2018,40,Tmax 26–29°C,tmax
MPI-ESM-MR,rcp26,2019,67,Tmax 26–29°C,tmax
MPI-ESM-MR,rcp26,2020,41,Tmax 26–29°C,tmax
MPI-ESM-MR,rcp26,2021,53,Tmax 26–29°C,tmax
MPI-ESM-MR,rcp26,2022,52,Tmax 26–29°C,tmax
MPI-ESM-MR,rcp26,2023,66,Tmax 26–29°C,tmax
MPI-ESM-MR,rcp26,2024,55,Tmax 26–29°C,tmax
MPI-ESM-MR,rcp26,2025,40,Tmax 26–29°C,tmax
MPI-ESM-MR,rcp26,2026,61,Tmax 26–29°C,tmax
MPI-ESM-MR,rcp26,2027,53,Tmax 26–29°C,tmax
MPI-ESM-MR,rcp26,2028,42,Tmax 26–29°C,tmax
MPI-ESM-MR,rcp26,2029,51,Tmax 26–29°C,tmax
MPI-ESM-MR,rcp26,2030,66,Tmax 26–29°C,tmax
MPI-ESM-MR,rcp26,2031,66,Tmax 26–29°C,tmax
MPI-ESM-MR,rcp26,2032,40,Tmax 26–29°C,tmax
MPI-ESM-MR,rcp26,2033,62,Tmax 26–29°C,tmax
MPI-ESM-MR,rcp26,2034,44,Tmax 26–29°C,tmax
MPI-ESM-MR,rcp26,2035,55,Tmax 26–29°C,tmax
MPI-ESM-MR,rcp26,2036,48,Tmax 26–29°C,tmax
MRI-CGCM3,rcp26,2006,61,Tmax 26–29°C,tmax
MRI-CGCM3,rcp26,2007,49,Tmax 26–29°C,tmax
MRI-CGCM3,rcp26,2008,66,Tmax 26–29°C,tmax
MRI-CGCM3,rcp26,2009,55,Tmax 26–29°C,tmax
MRI-CGCM3,rcp26,2010,59,Tmax 26–29°C,tmax
MRI-CGCM3,rcp26,2011,62,Tmax 26–29°C,tmax
MRI-CGCM3,rcp26,2012,56,Tmax 26–29°C,tmax
MRI-CGCM3,rcp26,2013,53,Tmax 26–29°C,tmax
MRI-CGCM3,rcp26,2014,50,Tmax 26–29°C,tmax
MRI-CGCM3,rcp26,2015,44,Tmax 26–29°C,tmax
MRI-CGCM3,rcp26,2016,52,Tmax 26–29°C,tmax
MRI-CGCM3,rcp26,2017,39,Tmax 26–29°C,tmax
MRI-CGCM3,rcp26,2018,34,Tmax 26–29°C,tmax
MRI-CGCM3,rcp26,2019,42,Tmax 26–29°C,tmax
MRI-CGCM3,rcp26,2020,58,Tmax 26–29°C,tmax
MRI-CGCM3,rcp26,2021,52,Tmax 26–29°C,tmax
MRI-CGCM3,rcp26,2022,52,Tmax 26–29°C,tmax
MRI-CGCM3,rcp26,2023,30,Tmax 26–29°C,tmax
MRI-CGCM3,rcp26,2024,38,Tmax 26–29°C,tmax
MRI-CGCM3,rcp26,2025,43,Tmax 26–29°C,tmax
MRI-CGCM3,rcp26,2026,40,Tmax 26–29°C,tmax
MRI-CGCM3,rcp26,2027,52,Tmax 26–29°C,tmax
MRI-CGCM3,rcp26,2028,53,Tmax 26–29°C,tmax
MRI-CGCM3,rcp26,2029,53,Tmax 26–29°C,tmax
MRI-CGCM3,rcp26,2030,52,Tmax 26–29°C,tmax
MRI-CGCM3,rcp26,2031,48,Tmax 26–29°C,tmax
MRI-CGCM3,rcp26,2032,61,Tmax 26–29°C,tmax
MRI-CGCM3,rcp26,2033,54,Tmax 26–29°C,tmax
MRI-CGCM3,rcp26,2034,48,Tmax 26–29°C,tmax
MRI-CGCM3,rcp26,2035,43,Tmax 26–29°C,tmax
MRI-CGCM3,rcp26,2036,54,Tmax 26–29°C,tmax
NorESM1-M,rcp26,2006,51,Tmax 26–29°C,tmax
NorESM1-M,rcp26,2007,55,Tmax 26–29°C,tmax
NorESM1-M,rcp26,2008,48,Tmax 26–29°C,tmax
NorESM1-M,rcp26,2009,67,Tmax 26–29°C,tmax
NorESM1-M,rcp26,2010,57,Tmax 26–29°C,tmax
NorESM1-M,rcp26,2011,36,Tmax 26–29°C,tmax
NorESM1-M,rcp26,2012,56,Tmax 26–29°C,tmax
NorESM1-M,rcp26,2013,49,Tmax 26–29°C,tmax
NorESM1-M,rcp26,2014,35,Tmax 26–29°C,tmax
NorESM1-M,rcp26,2015,44,Tmax 26–29°C,tmax
NorESM1-M,rcp26,2016,35,Tmax 26–29°C,tmax
NorESM1-M,rcp26,2017,56,Tmax 26–29°C,tmax
NorESM1-M,rcp26,2018,55,Tmax 26–29°C,tmax
NorESM1-M,rcp26,2019,41,Tmax 26–29°C,tmax
NorESM1-M,rcp26,2020,59,Tmax 26–29°C,tmax
NorESM1-M,rcp26,2021,48,Tmax 26–29°C,tmax
NorESM1-M,rcp26,2022,48,Tmax 26–29°C,tmax
NorESM1-M,rcp26,2023,47,Tmax 26–29°C,tmax
NorESM1-M,rcp26,2024,66,Tmax 26–29°C,tmax
NorESM1-M,rcp26,2025,46,Tmax 26–29°C,tmax
NorESM1-M,rcp26,2026,38,Tmax 26–29°C,tmax
NorESM1-M,rcp26,2027,42,Tmax 26–29°C,tmax
NorESM1-M,rcp26,2028,40,Tmax 26–29°C,tmax
NorESM1-M,rcp26,2029,50,Tmax 26–29°C,tmax
NorESM1-M,rcp26,2030,54,Tmax 26–29°C,tmax
NorESM1-M,rcp26,2031,48,Tmax 26–29°C,tmax
NorESM1-M,rcp26,2032,47,Tmax 26–29°C,tmax
NorESM1-M,rcp26,2033,35,Tmax 26–29°C,tmax
NorESM1-M,rcp26,2034,65,Tmax 26–29°C,tmax
NorESM1-M,rcp26,2035,51,Tmax 26–29°C,tmax
NorESM1-M,rcp26,2036,37,Tmax 26–29°C,tmax
bcc-csm1-1,rcp26,2006,57,Tmax 26–29°C,tmax
bcc-csm1-1,rcp26,2007,79,Tmax 26–29°C,tmax
bcc-csm1-1,rcp26,2008,58,Tmax 26–29°C,tmax
bcc-csm1-1,rcp26,2009,36,Tmax 26–29°C,tmax
bcc-csm1-1,rcp26,2010,43,Tmax 26–29°C,tmax
bcc-csm1-1,rcp26,2011,65,Tmax 26–29°C,tmax
bcc-csm1-1,rcp26,2012,63,Tmax 26–29°C,tmax
bcc-csm1-1,rcp26,2013,66,Tmax 26–29°C,tmax
bcc-csm1-1,rcp26,2014,62,Tmax 26–29°C,tmax
bcc-csm1-1,rcp26,2015,41,Tmax 26–29°C,tmax
bcc-csm1-1,rcp26,2016,50,Tmax 26–29°C,tmax
bcc-csm1-1,rcp26,2017,73,Tmax 26–29°C,tmax
bcc-csm1-1,rcp26,2018,45,Tmax 26–29°C,tmax
bcc-csm1-1,rcp26,2019,57,Tmax 26–29°C,tmax
bcc-csm1-1,rcp26,2020,46,Tmax 26–29°C,tmax
bcc-csm1-1,rcp26,2021,72,Tmax 26–29°C,tmax
bcc-csm1-1,rcp26,2022,39,Tmax 26–29°C,tmax
bcc-csm1-1,rcp26,2023,57,Tmax 26–29°C,tmax
bcc-csm1-1,rcp26,2024,60,Tmax 26–29°C,tmax
bcc-csm1-1,rcp26,2025,45,Tmax 26–29°C,tmax
bcc-csm1-1,rcp26,2026,47,Tmax 26–29°C,tmax
bcc-csm1-1,rcp26,2027,53,Tmax 26–29°C,tmax
bcc-csm1-1,rcp26,2028,36,Tmax 26–29°C,tmax
bcc-csm1-1,rcp26,2029,70,Tmax 26–29°C,tmax
bcc-csm1-1,rcp26,2030,68,Tmax 26–29°C,tmax
bcc-csm1-1,rcp26,2031,54,Tmax 26–29°C,tmax
bcc-csm1-1,rcp26,2032,47,Tmax 26–29°C,tmax
bcc-csm1-1,rcp26,2033,63,Tmax 26–29°C,tmax
bcc-csm1-1,rcp26,2034,42,Tmax 26–29°C,tmax
bcc-csm1-1,rcp26,2035,58,Tmax 26–29°C,tmax
bcc-csm1-1,rcp26,2036,59,Tmax 26–29°C,tmax
bcc-csm1-1-m,rcp26,2006,66,Tmax 26–29°C,tmax
bcc-csm1-1-m,rcp26,2007,72,Tmax 26–29°C,tmax
bcc-csm1-1-m,rcp26,2008,50,Tmax 26–29°C,tmax
bcc-csm1-1-m,rcp26,2009,50,Tmax 26–29°C,tmax
bcc-csm1-1-m,rcp26,2010,58,Tmax 26–29°C,tmax
bcc-csm1-1-m,rcp26,2011,52,Tmax 26–29°C,tmax
bcc-csm1-1-m,rcp26,2012,44,Tmax 26–29°C,tmax
bcc-csm1-1-m,rcp26,2013,38,Tmax 26–29°C,tmax
bcc-csm1-1-m,rcp26,2014,38,Tmax 26–29°C,tmax
bcc-csm1-1-m,rcp26,2015,63,Tmax 26–29°C,tmax
bcc-csm1-1-m,rcp26,2016,45,Tmax 26–29°C,tmax
bcc-csm1-1-m,rcp26,2017,49,Tmax 26–29°C,tmax
bcc-csm1-1-m,rcp26,2018,82,Tmax 26–29°C,tmax
bcc-csm1-1-m,rcp26,2019,55,Tmax 26–29°C,tmax
bcc-csm1-1-m,rcp26,2020,53,Tmax 26–29°C,tmax
bcc-csm1-1-m,rcp26,2021,48,Tmax 26–29°C,tmax
bcc-csm1-1-m,rcp26,2022,54,Tmax 26–29°C,tmax
bcc-csm1-1-m,rcp26,2023,48,Tmax 26–29°C,tmax
bcc-csm1-1-m,rcp26,2024,70,Tmax 26–29°C,tmax
bcc-csm1-1-m,rcp26,2025,58,Tmax 26–29°C,tmax
bcc-csm1-1-m,rcp26,2026,36,Tmax 26–29°C,tmax
bcc-csm1-1-m,rcp26,2027,40,Tmax 26–29°C,tmax
bcc-csm1-1-m,rcp26,2028,39,Tmax 26–29°C,tmax
bcc-csm1-1-m,rcp26,2029,61,Tmax 26–29°C,tmax
bcc-csm1-1-m,rcp26,2030,47,Tmax 26–29°C,tmax
bcc-csm1-1-m,rcp26,2031,66,Tmax 26–29°C,tmax
bcc-csm1-1-m,rcp26,2032,68,Tmax 26–29°C,tmax
bcc-csm1-1-m,rcp26,2033,42,Tmax 26–29°C,tmax
bcc-csm1-1-m,rcp26,2034,35,Tmax 26–29°C,tmax
bcc-csm1-1-m,rcp26,2035,53,Tmax 26–29°C,tmax
bcc-csm1-1-m,rcp26,2036,42,Tmax 26–29°C,tmax
ACCESS1-0,rcp45,2006,46,Tmax 26–29°C,tmax
ACCESS1-0,rcp45,2007,54,Tmax 26–29°C,tmax
ACCESS1-0,rcp45,2008,44,Tmax 26–29°C,tmax
ACCESS1-0,rcp45,2009,44,Tmax 26–29°C,tmax
ACCESS1-0,rcp45,2010,50,Tmax 26–29°C,tmax
ACCESS1-0,rcp45,2011,65,Tmax 26–29°C,tmax
ACCESS1-0,rcp45,2012,41,Tmax 26–29°C,tmax
ACCESS1-0,rcp45,2013,51,Tmax 26–29°C,tmax
ACCESS1-0,rcp45,2014,38,Tmax 26–29°C,tmax
ACCESS1-0,rcp45,2015,51,Tmax 26–29°C,tmax
ACCESS1-0,rcp45,2016,36,Tmax 26–29°C,tmax
ACCESS1-0,rcp45,2017,42,Tmax 26–29°C,tmax
ACCESS1-0,rcp45,2018,58,Tmax 26–29°C,tmax
ACCESS1-0,rcp45,2019,53,Tmax 26–29°C,tmax
ACCESS1-0,rcp45,2020,49,Tmax 26–29°C,tmax
ACCESS1-0,rcp45,2021,50,Tmax 26–29°C,tmax
ACCESS1-0,rcp45,2022,62,Tmax 26–29°C,tmax
ACCESS1-0,rcp45,2023,39,Tmax 26–29°C,tmax
ACCESS1-0,rcp45,2024,49,Tmax 26–29°C,tmax
ACCESS1-0,rcp45,2025,49,Tmax 26–29°C,tmax
ACCESS1-0,rcp45,2026,66,Tmax 26–29°C,tmax
ACCESS1-0,rcp45,2027,57,Tmax 26–29°C,tmax
ACCESS1-0,rcp45,2028,51,Tmax 26–29°C,tmax
ACCESS1-0,rcp45,2029,48,Tmax 26–29°C,tmax
ACCESS1-0,rcp45,2030,46,Tmax 26–29°C,tmax
ACCESS1-0,rcp45,2031,33,Tmax 26–29°C,tmax
ACCESS1-0,rcp45,2032,46,Tmax 26–29°C,tmax
ACCESS1-0,rcp45,2033,43,Tmax 26–29°C,tmax
ACCESS1-0,rcp45,2034,42,Tmax 26–29°C,tmax
ACCESS1-0,rcp45,2035,35,Tmax 26–29°C,tmax
ACCESS1-0,rcp45,2036,53,Tmax 26–29°C,tmax
ACCESS1-3,rcp45,2006,35,Tmax 26–29°C,tmax
ACCESS1-3,rcp45,2007,51,Tmax 26–29°C,tmax
ACCESS1-3,rcp45,2008,63,Tmax 26–29°C,tmax
ACCESS1-3,rcp45,2009,59,Tmax 26–29°C,tmax
ACCESS1-3,rcp45,2010,46,Tmax 26–29°C,tmax
ACCESS1-3,rcp45,2011,64,Tmax 26–29°C,tmax
ACCESS1-3,rcp45,2012,56,Tmax 26–29°C,tmax
ACCESS1-3,rcp45,2013,45,Tmax 26–29°C,tmax
ACCESS1-3,rcp45,2014,50,Tmax 26–29°C,tmax
ACCESS1-3,rcp45,2015,58,Tmax 26–29°C,tmax
ACCESS1-3,rcp45,2016,47,Tmax 26–29°C,tmax
ACCESS1-3,rcp45,2017,54,Tmax 26–29°C,tmax
ACCESS1-3,rcp45,2018,41,Tmax 26–29°C,tmax
ACCESS1-3,rcp45,2019,55,Tmax 26–29°C,tmax
ACCESS1-3,rcp45,2020,60,Tmax 26–29°C,tmax
ACCESS1-3,rcp45,2021,60,Tmax 26–29°C,tmax
ACCESS1-3,rcp45,2022,65,Tmax 26–29°C,tmax
ACCESS1-3,rcp45,2023,55,Tmax 26–29°C,tmax
ACCESS1-3,rcp45,2024,55,Tmax 26–29°C,tmax
ACCESS1-3,rcp45,2025,40,Tmax 26–29°C,tmax
ACCESS1-3,rcp45,2026,47,Tmax 26–29°C,tmax
ACCESS1-3,rcp45,2027,47,Tmax 26–29°C,tmax
ACCESS1-3,rcp45,2028,53,Tmax 26–29°C,tmax
ACCESS1-3,rcp45,2029,59,Tmax 26–29°C,tmax
ACCESS1-3,rcp45,2030,60,Tmax 26–29°C,tmax
ACCESS1-3,rcp45,2031,32,Tmax 26–29°C,tmax
ACCESS1-3,rcp45,2032,50,Tmax 26–29°C,tmax
ACCESS1-3,rcp45,2033,50,Tmax 26–29°C,tmax
ACCESS1-3,rcp45,2034,62,Tmax 26–29°C,tmax
ACCESS1-3,rcp45,2035,52,Tmax 26–29°C,tmax
ACCESS1-3,rcp45,2036,65,Tmax 26–29°C,tmax
BNU-ESM,rcp45,2006,56,Tmax 26–29°C,tmax
BNU-ESM,rcp45,2007,54,Tmax 26–29°C,tmax
BNU-ESM,rcp45,2008,56,Tmax 26–29°C,tmax
BNU-ESM,rcp45,2009,43,Tmax 26–29°C,tmax
BNU-ESM,rcp45,2010,45,Tmax 26–29°C,tmax
BNU-ESM,rcp45,2011,65,Tmax 26–29°C,tmax
BNU-ESM,rcp45,2012,66,Tmax 26–29°C,tmax
BNU-ESM,rcp45,2013,49,Tmax 26–29°C,tmax
BNU-ESM,rcp45,2014,61,Tmax 26–29°C,tmax
BNU-ESM,rcp45,2015,47,Tmax 26–29°C,tmax
BNU-ESM,rcp45,2016,51,Tmax 26–29°C,tmax
BNU-ESM,rcp45,2017,55,Tmax 26–29°C,tmax
BNU-ESM,rcp45,2018,53,Tmax 26–29°C,tmax
BNU-ESM,rcp45,2019,36,Tmax 26–29°C,tmax
BNU-ESM,rcp45,2020,46,Tmax 26–29°C,tmax
BNU-ESM,rcp45,2021,78,Tmax 26–29°C,tmax
BNU-ESM,rcp45,2022,64,Tmax 26–29°C,tmax
BNU-ESM,rcp45,2023,42,Tmax 26–29°C,tmax
BNU-ESM,rcp45,2024,48,Tmax 26–29°C,tmax
BNU-ESM,rcp45,2025,64,Tmax 26–29°C,tmax
BNU-ESM,rcp45,2026,66,Tmax 26–29°C,tmax
BNU-ESM,rcp45,2027,62,Tmax 26–29°C,tmax
BNU-ESM,rcp45,2028,49,Tmax 26–29°C,tmax
BNU-ESM,rcp45,2029,35,Tmax 26–29°C,tmax
BNU-ESM,rcp45,2030,48,Tmax 26–29°C,tmax
BNU-ESM,rcp45,2031,48,Tmax 26–29°C,tmax
BNU-ESM,rcp45,2032,39,Tmax 26–29°C,tmax
BNU-ESM,rcp45,2033,52,Tmax 26–29°C,tmax
BNU-ESM,rcp45,2034,56,Tmax 26–29°C,tmax
BNU-ESM,rcp45,2035,51,Tmax 26–29°C,tmax
BNU-ESM,rcp45,2036,50,Tmax 26–29°C,tmax
CCSM4,rcp45,2006,49,Tmax 26–29°C,tmax
CCSM4,rcp45,2007,59,Tmax 26–29°C,tmax
CCSM4,rcp45,2008,65,Tmax 26–29°C,tmax
CCSM4,rcp45,2009,45,Tmax 26–29°C,tmax
CCSM4,rcp45,2010,36,Tmax 26–29°C,tmax
CCSM4,rcp45,2011,66,Tmax 26–29°C,tmax
CCSM4,rcp45,2012,66,Tmax 26–29°C,tmax
CCSM4,rcp45,2013,41,Tmax 26–29°C,tmax
CCSM4,rcp45,2014,48,Tmax 26–29°C,tmax
CCSM4,rcp45,2015,56,Tmax 26–29°C,tmax
CCSM4,rcp45,2016,55,Tmax 26–29°C,tmax
CCSM4,rcp45,2017,53,Tmax 26–29°C,tmax
CCSM4,rcp45,2018,53,Tmax 26–29°C,tmax
CCSM4,rcp45,2019,48,Tmax 26–29°C,tmax
CCSM4,rcp45,2020,65,Tmax 26–29°C,tmax
CCSM4,rcp45,2021,53,Tmax 26–29°C,tmax
CCSM4,rcp45,2022,37,Tmax 26–29°C,tmax
CCSM4,rcp45,2023,47,Tmax 26–29°C,tmax
CCSM4,rcp45,2024,60,Tmax 26–29°C,tmax
CCSM4,rcp45,2025,41,Tmax 26–29°C,tmax
CCSM4,rcp45,2026,42,Tmax 26–29°C,tmax
CCSM4,rcp45,2027,61,Tmax 26–29°C,tmax
CCSM4,rcp45,2028,52,Tmax 26–29°C,tmax
CCSM4,rcp45,2029,63,Tmax 26–29°C,tmax
CCSM4,rcp45,2030,53,Tmax 26–29°C,tmax
CCSM4,rcp45,2031,55,Tmax 26–29°C,tmax
CCSM4,rcp45,2032,58,Tmax 26–29°C,tmax
CCSM4,rcp45,2033,73,Tmax 26–29°C,tmax
CCSM4,rcp45,2034,55,Tmax 26–29°C,tmax
CCSM4,rcp45,2035,44,Tmax 26–29°C,tmax
CCSM4,rcp45,2036,38,Tmax 26–29°C,tmax
CESM1-BGC,rcp45,2006,44,Tmax 26–29°C,tmax
CESM1-BGC,rcp45,2007,42,Tmax 26–29°C,tmax
CESM1-BGC,rcp45,2008,54,Tmax 26–29°C,tmax
CESM1-BGC,rcp45,2009,53,Tmax 26–29°C,tmax
CESM1-BGC,rcp45,2010,47,Tmax 26–29°C,tmax
CESM1-BGC,rcp45,2011,46,Tmax 26–29°C,tmax
CESM1-BGC,rcp45,2012,31,Tmax 26–29°C,tmax
CESM1-BGC,rcp45,2013,67,Tmax 26–29°C,tmax
CESM1-BGC,rcp45,2014,43,Tmax 26–29°C,tmax
CESM1-BGC,rcp45,2015,53,Tmax 26–29°C,tmax
CESM1-BGC,rcp45,2016,33,Tmax 26–29°C,tmax
CESM1-BGC,rcp45,2017,50,Tmax 26–29°C,tmax
CESM1-BGC,rcp45,2018,45,Tmax 26–29°C,tmax
CESM1-BGC,rcp45,2019,54,Tmax 26–29°C,tmax
CESM1-BGC,rcp45,2020,59,Tmax 26–29°C,tmax
CESM1-BGC,rcp45,2021,43,Tmax 26–29°C,tmax
CESM1-BGC,rcp45,2022,44,Tmax 26–29°C,tmax
CESM1-BGC,rcp45,2023,46,Tmax 26–29°C,tmax
CESM1-BGC,rcp45,2024,51,Tmax 26–29°C,tmax
CESM1-BGC,rcp45,2025,54,Tmax 26–29°C,tmax
CESM1-BGC,rcp45,2026,58,Tmax 26–29°C,tmax
CESM1-BGC,rcp45,2027,61,Tmax 26–29°C,tmax
CESM1-BGC,rcp45,2028,48,Tmax 26–29°C,tmax
CESM1-BGC,rcp45,2029,54,Tmax 26–29°C,tmax
CESM1-BGC,rcp45,2030,54,Tmax 26–29°C,tmax
CESM1-BGC,rcp45,2031,56,Tmax 26–29°C,tmax
CESM1-BGC,rcp45,2032,67,Tmax 26–29°C,tmax
CESM1-BGC,rcp45,2033,47,Tmax 26–29°C,tmax
CESM1-BGC,rcp45,2034,68,Tmax 26–29°C,tmax
CESM1-BGC,rcp45,2035,40,Tmax 26–29°C,tmax
CESM1-BGC,rcp45,2036,40,Tmax 26–29°C,tmax
CESM1-CAM5,rcp45,2006,51,Tmax 26–29°C,tmax
CESM1-CAM5,rcp45,2007,60,Tmax 26–29°C,tmax
CESM1-CAM5,rcp45,2008,55,Tmax 26–29°C,tmax
CESM1-CAM5,rcp45,2009,68,Tmax 26–29°C,tmax
CESM1-CAM5,rcp45,2010,43,Tmax 26–29°C,tmax
CESM1-CAM5,rcp45,2011,54,Tmax 26–29°C,tmax
CESM1-CAM5,rcp45,2012,49,Tmax 26–29°C,tmax
CESM1-CAM5,rcp45,2013,65,Tmax 26–29°C,tmax
CESM1-CAM5,rcp45,2014,50,Tmax 26–29°C,tmax
CESM1-CAM5,rcp45,2015,49,Tmax 26–29°C,tmax
CESM1-CAM5,rcp45,2016,62,Tmax 26–29°C,tmax
CESM1-CAM5,rcp45,2017,68,Tmax 26–29°C,tmax
CESM1-CAM5,rcp45,2018,53,Tmax 26–29°C,tmax
CESM1-CAM5,rcp45,2019,60,Tmax 26–29°C,tmax
CESM1-CAM5,rcp45,2020,69,Tmax 26–29°C,tmax
CESM1-CAM5,rcp45,2021,60,Tmax 26–29°C,tmax
CESM1-CAM5,rcp45,2022,55,Tmax 26–29°C,tmax
CESM1-CAM5,rcp45,2023,51,Tmax 26–29°C,tmax
CESM1-CAM5,rcp45,2024,55,Tmax 26–29°C,tmax
CESM1-CAM5,rcp45,2025,44,Tmax 26–29°C,tmax
CESM1-CAM5,rcp45,2026,50,Tmax 26–29°C,tmax
CESM1-CAM5,rcp45,2027,48,Tmax 26–29°C,tmax
CESM1-CAM5,rcp45,2028,46,Tmax 26–29°C,tmax
CESM1-CAM5,rcp45,2029,42,Tmax 26–29°C,tmax
CESM1-CAM5,rcp45,2030,60,Tmax 26–29°C,tmax
CESM1-CAM5,rcp45,2031,58,Tmax 26–29°C,tmax
CESM1-CAM5,rcp45,2032,52,Tmax 26–29°C,tmax
CESM1-CAM5,rcp45,2033,67,Tmax 26–29°C,tmax
CESM1-CAM5,rcp45,2034,45,Tmax 26–29°C,tmax
CESM1-CAM5,rcp45,2035,53,Tmax 26–29°C,tmax
CESM1-CAM5,rcp45,2036,44,Tmax 26–29°C,tmax
CMCC-CM,rcp45,2006,54,Tmax 26–29°C,tmax
CMCC-CM,rcp45,2007,42,Tmax 26–29°C,tmax
CMCC-CM,rcp45,2008,41,Tmax 26–29°C,tmax
CMCC-CM,rcp45,2009,65,Tmax 26–29°C,tmax
CMCC-CM,rcp45,2010,51,Tmax 26–29°C,tmax
CMCC-CM,rcp45,2011,58,Tmax 26–29°C,tmax
CMCC-CM,rcp45,2012,53,Tmax 26–29°C,tmax
CMCC-CM,rcp45,2013,46,Tmax 26–29°C,tmax
CMCC-CM,rcp45,2014,56,Tmax 26–29°C,tmax
CMCC-CM,rcp45,2015,58,Tmax 26–29°C,tmax
CMCC-CM,rcp45,2016,57,Tmax 26–29°C,tmax
CMCC-CM,rcp45,2017,66,Tmax 26–29°C,tmax
CMCC-CM,rcp45,2018,51,Tmax 26–29°C,tmax
CMCC-CM,rcp45,2019,52,Tmax 26–29°C,tmax
CMCC-CM,rcp45,2020,52,Tmax 26–29°C,tmax
CMCC-CM,rcp45,2021,71,Tmax 26–29°C,tmax
CMCC-CM,rcp45,2022,40,Tmax 26–29°C,tmax
CMCC-CM,rcp45,2023,45,Tmax 26–29°C,tmax
CMCC-CM,rcp45,2024,46,Tmax 26–29°C,tmax
CMCC-CM,rcp45,2025,41,Tmax 26–29°C,tmax
CMCC-CM,rcp45,2026,44,Tmax 26–29°C,tmax
CMCC-CM,rcp45,2027,67,Tmax 26–29°C,tmax
CMCC-CM,rcp45,2028,59,Tmax 26–29°C,tmax
CMCC-CM,rcp45,2029,40,Tmax 26–29°C,tmax
CMCC-CM,rcp45,2030,57,Tmax 26–29°C,tmax
CMCC-CM,rcp45,2031,69,Tmax 26–29°C,tmax
CMCC-CM,rcp45,2032,40,Tmax 26–29°C,tmax
CMCC-CM,rcp45,2033,45,Tmax 26–29°C,tmax
CMCC-CM,rcp45,2034,54,Tmax 26–29°C,tmax
CMCC-CM,rcp45,2035,58,Tmax 26–29°C,tmax
CMCC-CM,rcp45,2036,39,Tmax 26–29°C,tmax
CMCC-CMS,rcp45,2006,64,Tmax 26–29°C,tmax
CMCC-CMS,rcp45,2007,47,Tmax 26–29°C,tmax
CMCC-CMS,rcp45,2008,56,Tmax 26–29°C,tmax
CMCC-CMS,rcp45,2009,34,Tmax 26–29°C,tmax
CMCC-CMS,rcp45,2010,34,Tmax 26–29°C,tmax
CMCC-CMS,rcp45,2011,40,Tmax 26–29°C,tmax
CMCC-CMS,rcp45,2012,44,Tmax 26–29°C,tmax
CMCC-CMS,rcp45,2013,34,Tmax 26–29°C,tmax
CMCC-CMS,rcp45,2014,56,Tmax 26–29°C,tmax
CMCC-CMS,rcp45,2015,52,Tmax 26–29°C,tmax
CMCC-CMS,rcp45,2016,35,Tmax 26–29°C,tmax
CMCC-CMS,rcp45,2017,54,Tmax 26–29°C,tmax
CMCC-CMS,rcp45,2018,51,Tmax 26–29°C,tmax
CMCC-CMS,rcp45,2019,53,Tmax 26–29°C,tmax
CMCC-CMS,rcp45,2020,48,Tmax 26–29°C,tmax
CMCC-CMS,rcp45,2021,41,Tmax 26–29°C,tmax
CMCC-CMS,rcp45,2022,32,Tmax 26–29°C,tmax
CMCC-CMS,rcp45,2023,38,Tmax 26–29°C,tmax
CMCC-CMS,rcp45,2024,35,Tmax 26–29°C,tmax
CMCC-CMS,rcp45,2025,50,Tmax 26–29°C,tmax
CMCC-CMS,rcp45,2026,55,Tmax 26–29°C,tmax
CMCC-CMS,rcp45,2027,53,Tmax 26–29°C,tmax
CMCC-CMS,rcp45,2028,45,Tmax 26–29°C,tmax
CMCC-CMS,rcp45,2029,51,Tmax 26–29°C,tmax
CMCC-CMS,rcp45,2030,37,Tmax 26–29°C,tmax
CMCC-CMS,rcp45,2031,27,Tmax 26–29°C,tmax
CMCC-CMS,rcp45,2032,43,Tmax 26–29°C,tmax
CMCC-CMS,rcp45,2033,43,Tmax 26–29°C,tmax
CMCC-CMS,rcp45,2034,52,Tmax 26–29°C,tmax
CMCC-CMS,rcp45,2035,46,Tmax 26–29°C,tmax
CMCC-CMS,rcp45,2036,39,Tmax 26–29°C,tmax
CNRM-CM5,rcp45,2006,47,Tmax 26–29°C,tmax
CNRM-CM5,rcp45,2007,50,Tmax 26–29°C,tmax
CNRM-CM5,rcp45,2008,44,Tmax 26–29°C,tmax
CNRM-CM5,rcp45,2009,51,Tmax 26–29°C,tmax
CNRM-CM5,rcp45,2010,46,Tmax 26–29°C,tmax
CNRM-CM5,rcp45,2011,33,Tmax 26–29°C,tmax
CNRM-CM5,rcp45,2012,31,Tmax 26–29°C,tmax
CNRM-CM5,rcp45,2013,49,Tmax 26–29°C,tmax
CNRM-CM5,rcp45,2014,34,Tmax 26–29°C,tmax
CNRM-CM5,rcp45,2015,39,Tmax 26–29°C,tmax
CNRM-CM5,rcp45,2016,54,Tmax 26–29°C,tmax
CNRM-CM5,rcp45,2017,37,Tmax 26–29°C,tmax
CNRM-CM5,rcp45,2018,60,Tmax 26–29°C,tmax
CNRM-CM5,rcp45,2019,54,Tmax 26–29°C,tmax
CNRM-CM5,rcp45,2020,57,Tmax 26–29°C,tmax
CNRM-CM5,rcp45,2021,54,Tmax 26–29°C,tmax
CNRM-CM5,rcp45,2022,41,Tmax 26–29°C,tmax
CNRM-CM5,rcp45,2023,56,Tmax 26–29°C,tmax
CNRM-CM5,rcp45,2024,47,Tmax 26–29°C,tmax
CNRM-CM5,rcp45,2025,32,Tmax 26–29°C,tmax
CNRM-CM5,rcp45,2026,56,Tmax 26–29°C,tmax
CNRM-CM5,rcp45,2027,51,Tmax 26–29°C,tmax
CNRM-CM5,rcp45,2028,34,Tmax 26–29°C,tmax
CNRM-CM5,rcp45,2029,55,Tmax 26–29°C,tmax
CNRM-CM5,rcp45,2030,45,Tmax 26–29°C,tmax
CNRM-CM5,rcp45,2031,61,Tmax 26–29°C,tmax
CNRM-CM5,rcp45,2032,50,Tmax 26–29°C,tmax
CNRM-CM5,rcp45,2033,40,Tmax 26–29°C,tmax
CNRM-CM5,rcp45,2034,43,Tmax 26–29°C,tmax
CNRM-CM5,rcp45,2035,45,Tmax 26–29°C,tmax
CNRM-CM5,rcp45,2036,52,Tmax 26–29°C,tmax
CSIRO-Mk3-6-0,rcp45,2006,67,Tmax 26–29°C,tmax
CSIRO-Mk3-6-0,rcp45,2007,59,Tmax 26–29°C,tmax
CSIRO-Mk3-6-0,rcp45,2008,65,Tmax 26–29°C,tmax
CSIRO-Mk3-6-0,rcp45,2009,39,Tmax 26–29°C,tmax
CSIRO-Mk3-6-0,rcp45,2010,61,Tmax 26–29°C,tmax
CSIRO-Mk3-6-0,rcp45,2011,42,Tmax 26–29°C,tmax
CSIRO-Mk3-6-0,rcp45,2012,60,Tmax 26–29°C,tmax
CSIRO-Mk3-6-0,rcp45,2013,35,Tmax 26–29°C,tmax
CSIRO-Mk3-6-0,rcp45,2014,47,Tmax 26–29°C,tmax
CSIRO-Mk3-6-0,rcp45,2015,55,Tmax 26–29°C,tmax
CSIRO-Mk3-6-0,rcp45,2016,38,Tmax 26–29°C,tmax
CSIRO-Mk3-6-0,rcp45,2017,51,Tmax 26–29°C,tmax
CSIRO-Mk3-6-0,rcp45,2018,38,Tmax 26–29°C,tmax
CSIRO-Mk3-6-0,rcp45,2019,52,Tmax 26–29°C,tmax
CSIRO-Mk3-6-0,rcp45,2020,62,Tmax 26–29°C,tmax
CSIRO-Mk3-6-0,rcp45,2021,61,Tmax 26–29°C,tmax
CSIRO-Mk3-6-0,rcp45,2022,46,Tmax 26–29°C,tmax
CSIRO-Mk3-6-0,rcp45,2023,52,Tmax 26–29°C,tmax
CSIRO-Mk3-6-0,rcp45,2024,49,Tmax 26–29°C,tmax
CSIRO-Mk3-6-0,rcp45,2025,22,Tmax 26–29°C,tmax
CSIRO-Mk3-6-0,rcp45,2026,70,Tmax 26–29°C,tmax
CSIRO-Mk3-6-0,rcp45,2027,54,Tmax 26–29°C,tmax
CSIRO-Mk3-6-0,rcp45,2028,39,Tmax 26–29°C,tmax
CSIRO-Mk3-6-0,rcp45,2029,50,Tmax 26–29°C,tmax
CSIRO-Mk3-6-0,rcp45,2030,36,Tmax 26–29°C,tmax
CSIRO-Mk3-6-0,rcp45,2031,56,Tmax 26–29°C,tmax
CSIRO-Mk3-6-0,rcp45,2032,88,Tmax 26–29°C,tmax
CSIRO-Mk3-6-0,rcp45,2033,56,Tmax 26–29°C,tmax
CSIRO-Mk3-6-0,rcp45,2034,46,Tmax 26–29°C,tmax
CSIRO-Mk3-6-0,rcp45,2035,62,Tmax 26–29°C,tmax
CSIRO-Mk3-6-0,rcp45,2036,31,Tmax 26–29°C,tmax
CanESM2,rcp45,2006,50,Tmax 26–29°C,tmax
CanESM2,rcp45,2007,57,Tmax 26–29°C,tmax
CanESM2,rcp45,2008,45,Tmax 26–29°C,tmax
CanESM2,rcp45,2009,55,Tmax 26–29°C,tmax
CanESM2,rcp45,2010,40,Tmax 26–29°C,tmax
CanESM2,rcp45,2011,48,Tmax 26–29°C,tmax
CanESM2,rcp45,2012,38,Tmax 26–29°C,tmax
CanESM2,rcp45,2013,54,Tmax 26–29°C,tmax
CanESM2,rcp45,2014,59,Tmax 26–29°C,tmax
CanESM2,rcp45,2015,60,Tmax 26–29°C,tmax
CanESM2,rcp45,2016,54,Tmax 26–29°C,tmax
CanESM2,rcp45,2017,43,Tmax 26–29°C,tmax
CanESM2,rcp45,2018,53,Tmax 26–29°C,tmax
CanESM2,rcp45,2019,51,Tmax 26–29°C,tmax
CanESM2,rcp45,2020,47,Tmax 26–29°C,tmax
CanESM2,rcp45,2021,55,Tmax 26–29°C,tmax
CanESM2,rcp45,2022,33,Tmax 26–29°C,tmax
CanESM2,rcp45,2023,53,Tmax 26–29°C,tmax
CanESM2,rcp45,2024,41,Tmax 26–29°C,tmax
CanESM2,rcp45,2025,38,Tmax 26–29°C,tmax
CanESM2,rcp45,2026,40,Tmax 26–29°C,tmax
CanESM2,rcp45,2027,34,Tmax 26–29°C,tmax
CanESM2,rcp45,2028,47,Tmax 26–29°C,tmax
CanESM2,rcp45,2029,46,Tmax 26–29°C,tmax
CanESM2,rcp45,2030,43,Tmax 26–29°C,tmax
CanESM2,rcp45,2031,39,Tmax 26–29°C,tmax
CanESM2,rcp45,2032,36,Tmax 26–29°C,tmax
CanESM2,rcp45,2033,48,Tmax 26–29°C,tmax
CanESM2,rcp45,2034,28,Tmax 26–29°C,tmax
CanESM2,rcp45,2035,60,Tmax 26–29°C,tmax
CanESM2,rcp45,2036,30,Tmax 26–29°C,tmax
FGOALS-g2,rcp45,2006,41,Tmax 26–29°C,tmax
FGOALS-g2,rcp45,2007,46,Tmax 26–29°C,tmax
FGOALS-g2,rcp45,2008,57,Tmax 26–29°C,tmax
FGOALS-g2,rcp45,2009,53,Tmax 26–29°C,tmax
FGOALS-g2,rcp45,2010,54,Tmax 26–29°C,tmax
FGOALS-g2,rcp45,2011,54,Tmax 26–29°C,tmax
FGOALS-g2,rcp45,2012,52,Tmax 26–29°C,tmax
FGOALS-g2,rcp45,2013,50,Tmax 26–29°C,tmax
FGOALS-g2,rcp45,2014,60,Tmax 26–29°C,tmax
FGOALS-g2,rcp45,2015,55,Tmax 26–29°C,tmax
FGOALS-g2,rcp45,2016,57,Tmax 26–29°C,tmax
FGOALS-g2,rcp45,2017,48,Tmax 26–29°C,tmax
FGOALS-g2,rcp45,2018,41,Tmax 26–29°C,tmax
FGOALS-g2,rcp45,2019,50,Tmax 26–29°C,tmax
FGOALS-g2,rcp45,2020,38,Tmax 26–29°C,tmax
FGOALS-g2,rcp45,2021,56,Tmax 26–29°C,tmax
FGOALS-g2,rcp45,2022,41,Tmax 26–29°C,tmax
FGOALS-g2,rcp45,2023,51,Tmax 26–29°C,tmax
FGOALS-g2,rcp45,2024,51,Tmax 26–29°C,tmax
FGOALS-g2,rcp45,2025,74,Tmax 26–29°C,tmax
FGOALS-g2,rcp45,2026,44,Tmax 26–29°C,tmax
FGOALS-g2,rcp45,2027,60,Tmax 26–29°C,tmax
FGOALS-g2,rcp45,2028,40,Tmax 26–29°C,tmax
FGOALS-g2,rcp45,2029,44,Tmax 26–29°C,tmax
FGOALS-g2,rcp45,2030,41,Tmax 26–29°C,tmax
FGOALS-g2,rcp45,2031,67,Tmax 26–29°C,tmax
FGOALS-g2,rcp45,2032,57,Tmax 26–29°C,tmax
FGOALS-g2,rcp45,2033,51,Tmax 26–29°C,tmax
FGOALS-g2,rcp45,2034,65,Tmax 26–29°C,tmax
FGOALS-g2,rcp45,2035,43,Tmax 26–29°C,tmax
FGOALS-g2,rcp45,2036,49,Tmax 26–29°C,tmax
GFDL-ESM2G,rcp45,2006,55,Tmax 26–29°C,tmax
GFDL-ESM2G,rcp45,2007,53,Tmax 26–29°C,tmax
GFDL-ESM2G,rcp45,2008,55,Tmax 26–29°C,tmax
GFDL-ESM2G,rcp45,2009,40,Tmax 26–29°C,tmax
GFDL-ESM2G,rcp45,2010,43,Tmax 26–29°C,tmax
GFDL-ESM2G,rcp45,2011,57,Tmax 26–29°C,tmax
GFDL-ESM2G,rcp45,2012,36,Tmax 26–29°C,tmax
GFDL-ESM2G,rcp45,2013,52,Tmax 26–29°C,tmax
GFDL-ESM2G,rcp45,2014,49,Tmax 26–29°C,tmax
GFDL-ESM2G,rcp45,2015,58,Tmax 26–29°C,tmax
GFDL-ESM2G,rcp45,2016,65,Tmax 26–29°C,tmax
GFDL-ESM2G,rcp45,2017,41,Tmax 26–29°C,tmax
GFDL-ESM2G,rcp45,2018,52,Tmax 26–29°C,tmax
GFDL-ESM2G,rcp45,2019,55,Tmax 26–29°C,tmax
GFDL-ESM2G,rcp45,2020,45,Tmax 26–29°C,tmax
GFDL-ESM2G,rcp45,2021,54,Tmax 26–29°C,tmax
GFDL-ESM2G,rcp45,2022,40,Tmax 26–29°C,tmax
GFDL-ESM2G,rcp45,2023,72,Tmax 26–29°C,tmax
GFDL-ESM2G,rcp45,2024,48,Tmax 26–29°C,tmax
GFDL-ESM2G,rcp45,2025,43,Tmax 26–29°C,tmax
GFDL-ESM2G,rcp45,2026,46,Tmax 26–29°C,tmax
GFDL-ESM2G,rcp45,2027,56,Tmax 26–29°C,tmax
GFDL-ESM2G,rcp45,2028,67,Tmax 26–29°C,tmax
GFDL-ESM2G,rcp45,2029,59,Tmax 26–29°C,tmax
GFDL-ESM2G,rcp45,2030,48,Tmax 26–29°C,tmax
GFDL-ESM2G,rcp45,2031,57,Tmax 26–29°C,tmax
GFDL-ESM2G,rcp45,2032,56,Tmax 26–29°C,tmax
GFDL-ESM2G,rcp45,2033,36,Tmax 26–29°C,tmax
GFDL-ESM2G,rcp45,2034,51,Tmax 26–29°C,tmax
GFDL-ESM2G,rcp45,2035,52,Tmax 26–29°C,tmax
GFDL-ESM2G,rcp45,2036,39,Tmax 26–29°C,tmax
GFDL-ESM2M,rcp45,2006,49,Tmax 26–29°C,tmax
GFDL-ESM2M,rcp45,2007,57,Tmax 26–29°C,tmax
GFDL-ESM2M,rcp45,2008,46,Tmax 26–29°C,tmax
GFDL-ESM2M,rcp45,2009,52,Tmax 26–29°C,tmax
GFDL-ESM2M,rcp45,2010,61,Tmax 26–29°C,tmax
GFDL-ESM2M,rcp45,2011,51,Tmax 26–29°C,tmax
GFDL-ESM2M,rcp45,2012,43,Tmax 26–29°C,tmax
GFDL-ESM2M,rcp45,2013,50,Tmax 26–29°C,tmax
GFDL-ESM2M,rcp45,2014,61,Tmax 26–29°C,tmax
GFDL-ESM2M,rcp45,2015,31,Tmax 26–29°C,tmax
GFDL-ESM2M,rcp45,2016,47,Tmax 26–29°C,tmax
GFDL-ESM2M,rcp45,2017,37,Tmax 26–29°C,tmax
GFDL-ESM2M,rcp45,2018,40,Tmax 26–29°C,tmax
GFDL-ESM2M,rcp45,2019,49,Tmax 26–29°C,tmax
GFDL-ESM2M,rcp45,2020,50,Tmax 26–29°C,tmax
GFDL-ESM2M,rcp45,2021,42,Tmax 26–29°C,tmax
GFDL-ESM2M,rcp45,2022,47,Tmax 26–29°C,tmax
GFDL-ESM2M,rcp45,2023,56,Tmax 26–29°C,tmax
GFDL-ESM2M,rcp45,2024,61,Tmax 26–29°C,tmax
GFDL-ESM2M,rcp45,2025,71,Tmax 26–29°C,tmax
GFDL-ESM2M,rcp45,2026,42,Tmax 26–29°C,tmax
GFDL-ESM2M,rcp45,2027,59,Tmax 26–29°C,tmax
GFDL-ESM2M,rcp45,2028,73,Tmax 26–29°C,tmax
GFDL-ESM2M,rcp45,2029,58,Tmax 26–29°C,tmax
GFDL-ESM2M,rcp45,2030,56,Tmax 26–29°C,tmax
GFDL-ESM2M,rcp45,2031,45,Tmax 26–29°C,tmax
GFDL-ESM2M,rcp45,2032,40,Tmax 26–29°C,tmax
GFDL-ESM2M,rcp45,2033,58,Tmax 26–29°C,tmax
GFDL-ESM2M,rcp45,2034,48,Tmax 26–29°C,tmax
GFDL-ESM2M,rcp45,2035,54,Tmax 26–29°C,tmax
GFDL-ESM2M,rcp45,2036,54,Tmax 26–29°C,tmax
IPSL-CM5A-LR,rcp45,2006,50,Tmax 26–29°C,tmax
IPSL-CM5A-LR,rcp45,2007,46,Tmax 26–29°C,tmax
IPSL-CM5A-LR,rcp45,2008,50,Tmax 26–29°C,tmax
IPSL-CM5A-LR,rcp45,2009,50,Tmax 26–29°C,tmax
IPSL-CM5A-LR,rcp45,2010,44,Tmax 26–29°C,tmax
IPSL-CM5A-LR,rcp45,2011,54,Tmax 26–29°C,tmax
IPSL-CM5A-LR,rcp45,2012,57,Tmax 26–29°C,tmax
IPSL-CM5A-LR,rcp45,2013,54,Tmax 26–29°C,tmax
IPSL-CM5A-LR,rcp45,2014,57,Tmax 26–29°C,tmax
IPSL-CM5A-LR,rcp45,2015,46,Tmax 26–29°C,tmax
IPSL-CM5A-LR,rcp45,2016,68,Tmax 26–29°C,tmax
IPSL-CM5A-LR,rcp45,2017,44,Tmax 26–29°C,tmax
IPSL-CM5A-LR,rcp45,2018,43,Tmax 26–29°C,tmax
IPSL-CM5A-LR,rcp45,2019,40,Tmax 26–29°C,tmax
IPSL-CM5A-LR,rcp45,2020,52,Tmax 26–29°C,tmax
IPSL-CM5A-LR,rcp45,2021,54,Tmax 26–29°C,tmax
IPSL-CM5A-LR,rcp45,2022,68,Tmax 26–29°C,tmax
IPSL-CM5A-LR,rcp45,2023,46,Tmax 26–29°C,tmax
IPSL-CM5A-LR,rcp45,2024,62,Tmax 26–29°C,tmax
IPSL-CM5A-LR,rcp45,2025,60,Tmax 26–29°C,tmax
IPSL-CM5A-LR,rcp45,2026,50,Tmax 26–29°C,tmax
IPSL-CM5A-LR,rcp45,2027,50,Tmax 26–29°C,tmax
IPSL-CM5A-LR,rcp45,2028,55,Tmax 26–29°C,tmax
IPSL-CM5A-LR,rcp45,2029,46,Tmax 26–29°C,tmax
IPSL-CM5A-LR,rcp45,2030,43,Tmax 26–29°C,tmax
IPSL-CM5A-LR,rcp45,2031,63,Tmax 26–29°C,tmax
IPSL-CM5A-LR,rcp45,2032,46,Tmax 26–29°C,tmax
IPSL-CM5A-LR,rcp45,2033,48,Tmax 26–29°C,tmax
IPSL-CM5A-LR,rcp45,2034,45,Tmax 26–29°C,tmax
IPSL-CM5A-LR,rcp45,2035,53,Tmax 26–29°C,tmax
IPSL-CM5A-LR,rcp45,2036,33,Tmax 26–29°C,tmax
IPSL-CM5A-MR,rcp45,2006,47,Tmax 26–29°C,tmax
IPSL-CM5A-MR,rcp45,2007,64,Tmax 26–29°C,tmax
IPSL-CM5A-MR,rcp45,2008,52,Tmax 26–29°C,tmax
IPSL-CM5A-MR,rcp45,2009,61,Tmax 26–29°C,tmax
IPSL-CM5A-MR,rcp45,2010,46,Tmax 26–29°C,tmax
IPSL-CM5A-MR,rcp45,2011,57,Tmax 26–29°C,tmax
IPSL-CM5A-MR,rcp45,2012,56,Tmax 26–29°C,tmax
IPSL-CM5A-MR,rcp45,2013,58,Tmax 26–29°C,tmax
IPSL-CM5A-MR,rcp45,2014,53,Tmax 26–29°C,tmax
IPSL-CM5A-MR,rcp45,2015,51,Tmax 26–29°C,tmax
IPSL-CM5A-MR,rcp45,2016,52,Tmax 26–29°C,tmax
IPSL-CM5A-MR,rcp45,2017,61,Tmax 26–29°C,tmax
IPSL-CM5A-MR,rcp45,2018,38,Tmax 26–29°C,tmax
IPSL-CM5A-MR,rcp45,2019,42,Tmax 26–29°C,tmax
IPSL-CM5A-MR,rcp45,2020,62,Tmax 26–29°C,tmax
IPSL-CM5A-MR,rcp45,2021,60,Tmax 26–29°C,tmax
IPSL-CM5A-MR,rcp45,2022,60,Tmax 26–29°C,tmax
IPSL-CM5A-MR,rcp45,2023,49,Tmax 26–29°C,tmax
IPSL-CM5A-MR,rcp45,2024,49,Tmax 26–29°C,tmax
IPSL-CM5A-MR,rcp45,2025,54,Tmax 26–29°C,tmax
IPSL-CM5A-MR,rcp45,2026,33,Tmax 26–29°C,tmax
IPSL-CM5A-MR,rcp45,2027,57,Tmax 26–29°C,tmax
IPSL-CM5A-MR,rcp45,2028,44,Tmax 26–29°C,tmax
IPSL-CM5A-MR,rcp45,2029,48,Tmax 26–29°C,tmax
IPSL-CM5A-MR,rcp45,2030,46,Tmax 26–29°C,tmax
IPSL-CM5A-MR,rcp45,2031,66,Tmax 26–29°C,tmax
IPSL-CM5A-MR,rcp45,2032,38,Tmax 26–29°C,tmax
IPSL-CM5A-MR,rcp45,2033,67,Tmax 26–29°C,tmax
IPSL-CM5A-MR,rcp45,2034,44,Tmax 26–29°C,tmax
IPSL-CM5A-MR,rcp45,2035,44,Tmax 26–29°C,tmax
IPSL-CM5A-MR,rcp45,2036,53,Tmax 26–29°C,tmax
IPSL-CM5B-LR,rcp45,2006,54,Tmax 26–29°C,tmax
IPSL-CM5B-LR,rcp45,2007,56,Tmax 26–29°C,tmax
IPSL-CM5B-LR,rcp45,2008,52,Tmax 26–29°C,tmax
IPSL-CM5B-LR,rcp45,2009,53,Tmax 26–29°C,tmax
IPSL-CM5B-LR,rcp45,2010,59,Tmax 26–29°C,tmax
IPSL-CM5B-LR,rcp45,2011,55,Tmax 26–29°C,tmax
IPSL-CM5B-LR,rcp45,2012,57,Tmax 26–29°C,tmax
IPSL-CM5B-LR,rcp45,2013,44,Tmax 26–29°C,tmax
IPSL-CM5B-LR,rcp45,2014,52,Tmax 26–29°C,tmax
IPSL-CM5B-LR,rcp45,2015,44,Tmax 26–29°C,tmax
IPSL-CM5B-LR,rcp45,2016,63,Tmax 26–29°C,tmax
IPSL-CM5B-LR,rcp45,2017,49,Tmax 26–29°C,tmax
IPSL-CM5B-LR,rcp45,2018,46,Tmax 26–29°C,tmax
IPSL-CM5B-LR,rcp45,2019,57,Tmax 26–29°C,tmax
IPSL-CM5B-LR,rcp45,2020,51,Tmax 26–29°C,tmax
IPSL-CM5B-LR,rcp45,2021,47,Tmax 26–29°C,tmax
IPSL-CM5B-LR,rcp45,2022,53,Tmax 26–29°C,tmax
IPSL-CM5B-LR,rcp45,2023,59,Tmax 26–29°C,tmax
IPSL-CM5B-LR,rcp45,2024,59,Tmax 26–29°C,tmax
IPSL-CM5B-LR,rcp45,2025,61,Tmax 26–29°C,tmax
IPSL-CM5B-LR,rcp45,2026,62,Tmax 26–29°C,tmax
IPSL-CM5B-LR,rcp45,2027,37,Tmax 26–29°C,tmax
IPSL-CM5B-LR,rcp45,2028,49,Tmax 26–29°C,tmax
IPSL-CM5B-LR,rcp45,2029,37,Tmax 26–29°C,tmax
IPSL-CM5B-LR,rcp45,2030,53,Tmax 26–29°C,tmax
IPSL-CM5B-LR,rcp45,2031,52,Tmax 26–29°C,tmax
IPSL-CM5B-LR,rcp45,2032,53,Tmax 26–29°C,tmax
IPSL-CM5B-LR,rcp45,2033,51,Tmax 26–29°C,tmax
IPSL-CM5B-LR,rcp45,2034,41,Tmax 26–29°C,tmax
IPSL-CM5B-LR,rcp45,2035,44,Tmax 26–29°C,tmax
IPSL-CM5B-LR,rcp45,2036,47,Tmax 26–29°C,tmax
MIROC-ESM,rcp45,2006,49,Tmax 26–29°C,tmax
MIROC-ESM,rcp45,2007,55,Tmax 26–29°C,tmax
MIROC-ESM,rcp45,2008,51,Tmax 26–29°C,tmax
MIROC-ESM,rcp45,2009,62,Tmax 26–29°C,tmax
MIROC-ESM,rcp45,2010,65,Tmax 26–29°C,tmax
MIROC-ESM,rcp45,2011,50,Tmax 26–29°C,tmax
MIROC-ESM,rcp45,2012,56,Tmax 26–29°C,tmax
MIROC-ESM,rcp45,2013,59,Tmax 26–29°C,tmax
MIROC-ESM,rcp45,2014,46,Tmax 26–29°C,tmax
MIROC-ESM,rcp45,2015,62,Tmax 26–29°C,tmax
MIROC-ESM,rcp45,2016,62,Tmax 26–29°C,tmax
MIROC-ESM,rcp45,2017,39,Tmax 26–29°C,tmax
MIROC-ESM,rcp45,2018,33,Tmax 26–29°C,tmax
MIROC-ESM,rcp45,2019,50,Tmax 26–29°C,tmax
MIROC-ESM,rcp45,2020,44,Tmax 26–29°C,tmax
MIROC-ESM,rcp45,2021,56,Tmax 26–29°C,tmax
MIROC-ESM,rcp45,2022,39,Tmax 26–29°C,tmax
MIROC-ESM,rcp45,2023,63,Tmax 26–29°C,tmax
MIROC-ESM,rcp45,2024,40,Tmax 26–29°C,tmax
MIROC-ESM,rcp45,2025,40,Tmax 26–29°C,tmax
MIROC-ESM,rcp45,2026,43,Tmax 26–29°C,tmax
MIROC-ESM,rcp45,2027,33,Tmax 26–29°C,tmax
MIROC-ESM,rcp45,2028,40,Tmax 26–29°C,tmax
MIROC-ESM,rcp45,2029,52,Tmax 26–29°C,tmax
MIROC-ESM,rcp45,2030,46,Tmax 26–29°C,tmax
MIROC-ESM,rcp45,2031,52,Tmax 26–29°C,tmax
MIROC-ESM,rcp45,2032,43,Tmax 26–29°C,tmax
MIROC-ESM,rcp45,2033,31,Tmax 26–29°C,tmax
MIROC-ESM,rcp45,2034,41,Tmax 26–29°C,tmax
MIROC-ESM,rcp45,2035,55,Tmax 26–29°C,tmax
MIROC-ESM,rcp45,2036,50,Tmax 26–29°C,tmax
MIROC-ESM-CHEM,rcp45,2006,69,Tmax 26–29°C,tmax
MIROC-ESM-CHEM,rcp45,2007,54,Tmax 26–29°C,tmax
MIROC-ESM-CHEM,rcp45,2008,51,Tmax 26–29°C,tmax
MIROC-ESM-CHEM,rcp45,2009,47,Tmax 26–29°C,tmax
MIROC-ESM-CHEM,rcp45,2010,37,Tmax 26–29°C,tmax
MIROC-ESM-CHEM,rcp45,2011,48,Tmax 26–29°C,tmax
MIROC-ESM-CHEM,rcp45,2012,42,Tmax 26–29°C,tmax
MIROC-ESM-CHEM,rcp45,2013,51,Tmax 26–29°C,tmax
MIROC-ESM-CHEM,rcp45,2014,42,Tmax 26–29°C,tmax
MIROC-ESM-CHEM,rcp45,2015,66,Tmax 26–29°C,tmax
MIROC-ESM-CHEM,rcp45,2016,42,Tmax 26–29°C,tmax
MIROC-ESM-CHEM,rcp45,2017,51,Tmax 26–29°C,tmax
MIROC-ESM-CHEM,rcp45,2018,73,Tmax 26–29°C,tmax
MIROC-ESM-CHEM,rcp45,2019,56,Tmax 26–29°C,tmax
MIROC-ESM-CHEM,rcp45,2020,58,Tmax 26–29°C,tmax
MIROC-ESM-CHEM,rcp45,2021,35,Tmax 26–29°C,tmax
MIROC-ESM-CHEM,rcp45,2022,53,Tmax 26–29°C,tmax
MIROC-ESM-CHEM,rcp45,2023,61,Tmax 26–29°C,tmax
MIROC-ESM-CHEM,rcp45,2024,46,Tmax 26–29°C,tmax
MIROC-ESM-CHEM,rcp45,2025,60,Tmax 26–29°C,tmax
MIROC-ESM-CHEM,rcp45,2026,48,Tmax 26–29°C,tmax
MIROC-ESM-CHEM,rcp45,2027,47,Tmax 26–29°C,tmax
MIROC-ESM-CHEM,rcp45,2028,43,Tmax 26–29°C,tmax
MIROC-ESM-CHEM,rcp45,2029,64,Tmax 26–29°C,tmax
MIROC-ESM-CHEM,rcp45,2030,54,Tmax 26–29°C,tmax
MIROC-ESM-CHEM,rcp45,2031,65,Tmax 26–29°C,tmax
MIROC-ESM-CHEM,rcp45,2032,55,Tmax 26–29°C,tmax
MIROC-ESM-CHEM,rcp45,2033,47,Tmax 26–29°C,tmax
MIROC-ESM-CHEM,rcp45,2034,60,Tmax 26–29°C,tmax
MIROC-ESM-CHEM,rcp45,2035,74,Tmax 26–29°C,tmax
MIROC-ESM-CHEM,rcp45,2036,77,Tmax 26–29°C,tmax
MIROC5,rcp45,2006,61,Tmax 26–29°C,tmax
MIROC5,rcp45,2007,60,Tmax 26–29°C,tmax
MIROC5,rcp45,2008,52,Tmax 26–29°C,tmax
MIROC5,rcp45,2009,60,Tmax 26–29°C,tmax
MIROC5,rcp45,2010,50,Tmax 26–29°C,tmax
MIROC5,rcp45,2011,43,Tmax 26–29°C,tmax
MIROC5,rcp45,2012,44,Tmax 26–29°C,tmax
MIROC5,rcp45,2013,57,Tmax 26–29°C,tmax
MIROC5,rcp45,2014,72,Tmax 26–29°C,tmax
MIROC5,rcp45,2015,62,Tmax 26–29°C,tmax
MIROC5,rcp45,2016,47,Tmax 26–29°C,tmax
MIROC5,rcp45,2017,59,Tmax 26–29°C,tmax
MIROC5,rcp45,2018,56,Tmax 26–29°C,tmax
MIROC5,rcp45,2019,54,Tmax 26–29°C,tmax
MIROC5,rcp45,2020,52,Tmax 26–29°C,tmax
MIROC5,rcp45,2021,41,Tmax 26–29°C,tmax
MIROC5,rcp45,2022,48,Tmax 26–29°C,tmax
MIROC5,rcp45,2023,69,Tmax 26–29°C,tmax
MIROC5,rcp45,2024,53,Tmax 26–29°C,tmax
MIROC5,rcp45,2025,51,Tmax 26–29°C,tmax
MIROC5,rcp45,2026,66,Tmax 26–29°C,tmax
MIROC5,rcp45,2027,46,Tmax 26–29°C,tmax
MIROC5,rcp45,2028,61,Tmax 26–29°C,tmax
MIROC5,rcp45,2029,43,Tmax 26–29°C,tmax
MIROC5,rcp45,2030,61,Tmax 26–29°C,tmax
MIROC5,rcp45,2031,68,Tmax 26–29°C,tmax
MIROC5,rcp45,2032,44,Tmax 26–29°C,tmax
MIROC5,rcp45,2033,50,Tmax 26–29°C,tmax
MIROC5,rcp45,2034,53,Tmax 26–29°C,tmax
MIROC5,rcp45,2035,55,Tmax 26–29°C,tmax
MIROC5,rcp45,2036,53,Tmax 26–29°C,tmax
MPI-ESM-LR,rcp45,2006,44,Tmax 26–29°C,tmax
MPI-ESM-LR,rcp45,2007,59,Tmax 26–29°C,tmax
MPI-ESM-LR,rcp45,2008,48,Tmax 26–29°C,tmax
MPI-ESM-LR,rcp45,2009,63,Tmax 26–29°C,tmax
MPI-ESM-LR,rcp45,2010,51,Tmax 26–29°C,tmax
MPI-ESM-LR,rcp45,2011,39,Tmax 26–29°C,tmax
MPI-ESM-LR,rcp45,2012,53,Tmax 26–29°C,tmax
MPI-ESM-LR,rcp45,2013,61,Tmax 26–29°C,tmax
MPI-ESM-LR,rcp45,2014,53,Tmax 26–29°C,tmax
MPI-ESM-LR,rcp45,2015,45,Tmax 26–29°C,tmax
MPI-ESM-LR,rcp45,2016,67,Tmax 26–29°C,tmax
MPI-ESM-LR,rcp45,2017,42,Tmax 26–29°C,tmax
MPI-ESM-LR,rcp45,2018,52,Tmax 26–29°C,tmax
MPI-ESM-LR,rcp45,2019,49,Tmax 26–29°C,tmax
MPI-ESM-LR,rcp45,2020,48,Tmax 26–29°C,tmax
MPI-ESM-LR,rcp45,2021,55,Tmax 26–29°C,tmax
MPI-ESM-LR,rcp45,2022,54,Tmax 26–29°C,tmax
MPI-ESM-LR,rcp45,2023,53,Tmax 26–29°C,tmax
MPI-ESM-LR,rcp45,2024,56,Tmax 26–29°C,tmax
MPI-ESM-LR,rcp45,2025,48,Tmax 26–29°C,tmax
MPI-ESM-LR,rcp45,2026,58,Tmax 26–29°C,tmax
MPI-ESM-LR,rcp45,2027,66,Tmax 26–29°C,tmax
MPI-ESM-LR,rcp45,2028,38,Tmax 26–29°C,tmax
MPI-ESM-LR,rcp45,2029,55,Tmax 26–29°C,tmax
MPI-ESM-LR,rcp45,2030,43,Tmax 26–29°C,tmax
MPI-ESM-LR,rcp45,2031,54,Tmax 26–29°C,tmax
MPI-ESM-LR,rcp45,2032,37,Tmax 26–29°C,tmax
MPI-ESM-LR,rcp45,2033,42,Tmax 26–29°C,tmax
MPI-ESM-LR,rcp45,2034,52,Tmax 26–29°C,tmax
MPI-ESM-LR,rcp45,2035,45,Tmax 26–29°C,tmax
MPI-ESM-LR,rcp45,2036,67,Tmax 26–29°C,tmax
MPI-ESM-MR,rcp45,2006,57,Tmax 26–29°C,tmax
MPI-ESM-MR,rcp45,2007,59,Tmax 26–29°C,tmax
MPI-ESM-MR,rcp45,2008,36,Tmax 26–29°C,tmax
MPI-ESM-MR,rcp45,2009,58,Tmax 26–29°C,tmax
MPI-ESM-MR,rcp45,2010,45,Tmax 26–29°C,tmax
MPI-ESM-MR,rcp45,2011,95,Tmax 26–29°C,tmax
MPI-ESM-MR,rcp45,2012,51,Tmax 26–29°C,tmax
MPI-ESM-MR,rcp45,2013,48,Tmax 26–29°C,tmax
MPI-ESM-MR,rcp45,2014,56,Tmax 26–29°C,tmax
MPI-ESM-MR,rcp45,2015,52,Tmax 26–29°C,tmax
MPI-ESM-MR,rcp45,2016,71,Tmax 26–29°C,tmax
MPI-ESM-MR,rcp45,2017,75,Tmax 26–29°C,tmax
MPI-ESM-MR,rcp45,2018,51,Tmax 26–29°C,tmax
MPI-ESM-MR,rcp45,2019,65,Tmax 26–29°C,tmax
MPI-ESM-MR,rcp45,2020,47,Tmax 26–29°C,tmax
MPI-ESM-MR,rcp45,2021,39,Tmax 26–29°C,tmax
MPI-ESM-MR,rcp45,2022,60,Tmax 26–29°C,tmax
MPI-ESM-MR,rcp45,2023,56,Tmax 26–29°C,tmax
MPI-ESM-MR,rcp45,2024,73,Tmax 26–29°C,tmax
MPI-ESM-MR,rcp45,2025,50,Tmax 26–29°C,tmax
MPI-ESM-MR,rcp45,2026,39,Tmax 26–29°C,tmax
MPI-ESM-MR,rcp45,2027,51,Tmax 26–29°C,tmax
MPI-ESM-MR,rcp45,2028,50,Tmax 26–29°C,tmax
MPI-ESM-MR,rcp45,2029,49,Tmax 26–29°C,tmax
MPI-ESM-MR,rcp45,2030,48,Tmax 26–29°C,tmax
MPI-ESM-MR,rcp45,2031,59,Tmax 26–29°C,tmax
MPI-ESM-MR,rcp45,2032,50,Tmax 26–29°C,tmax
MPI-ESM-MR,rcp45,2033,46,Tmax 26–29°C,tmax
MPI-ESM-MR,rcp45,2034,52,Tmax 26–29°C,tmax
MPI-ESM-MR,rcp45,2035,47,Tmax 26–29°C,tmax
MPI-ESM-MR,rcp45,2036,39,Tmax 26–29°C,tmax
MRI-CGCM3,rcp45,2006,50,Tmax 26–29°C,tmax
MRI-CGCM3,rcp45,2007,49,Tmax 26–29°C,tmax
MRI-CGCM3,rcp45,2008,44,Tmax 26–29°C,tmax
MRI-CGCM3,rcp45,2009,47,Tmax 26–29°C,tmax
MRI-CGCM3,rcp45,2010,57,Tmax 26–29°C,tmax
MRI-CGCM3,rcp45,2011,42,Tmax 26–29°C,tmax
MRI-CGCM3,rcp45,2012,49,Tmax 26–29°C,tmax
MRI-CGCM3,rcp45,2013,53,Tmax 26–29°C,tmax
MRI-CGCM3,rcp45,2014,51,Tmax 26–29°C,tmax
MRI-CGCM3,rcp45,2015,54,Tmax 26–29°C,tmax
MRI-CGCM3,rcp45,2016,50,Tmax 26–29°C,tmax
MRI-CGCM3,rcp45,2017,56,Tmax 26–29°C,tmax
MRI-CGCM3,rcp45,2018,45,Tmax 26–29°C,tmax
MRI-CGCM3,rcp45,2019,54,Tmax 26–29°C,tmax
MRI-CGCM3,rcp45,2020,51,Tmax 26–29°C,tmax
MRI-CGCM3,rcp45,2021,50,Tmax 26–29°C,tmax
MRI-CGCM3,rcp45,2022,60,Tmax 26–29°C,tmax
MRI-CGCM3,rcp45,2023,62,Tmax 26–29°C,tmax
MRI-CGCM3,rcp45,2024,61,Tmax 26–29°C,tmax
MRI-CGCM3,rcp45,2025,53,Tmax 26–29°C,tmax
MRI-CGCM3,rcp45,2026,52,Tmax 26–29°C,tmax
MRI-CGCM3,rcp45,2027,58,Tmax 26–29°C,tmax
MRI-CGCM3,rcp45,2028,64,Tmax 26–29°C,tmax
MRI-CGCM3,rcp45,2029,41,Tmax 26–29°C,tmax
MRI-CGCM3,rcp45,2030,42,Tmax 26–29°C,tmax
MRI-CGCM3,rcp45,2031,50,Tmax 26–29°C,tmax
MRI-CGCM3,rcp45,2032,45,Tmax 26–29°C,tmax
MRI-CGCM3,rcp45,2033,47,Tmax 26–29°C,tmax
MRI-CGCM3,rcp45,2034,59,Tmax 26–29°C,tmax
MRI-CGCM3,rcp45,2035,61,Tmax 26–29°C,tmax
MRI-CGCM3,rcp45,2036,64,Tmax 26–29°C,tmax
NorESM1-M,rcp45,2006,39,Tmax 26–29°C,tmax
NorESM1-M,rcp45,2007,46,Tmax 26–29°C,tmax
NorESM1-M,rcp45,2008,49,Tmax 26–29°C,tmax
NorESM1-M,rcp45,2009,29,Tmax 26–29°C,tmax
NorESM1-M,rcp45,2010,51,Tmax 26–29°C,tmax
NorESM1-M,rcp45,2011,73,Tmax 26–29°C,tmax
NorESM1-M,rcp45,2012,74,Tmax 26–29°C,tmax
NorESM1-M,rcp45,2013,62,Tmax 26–29°C,tmax
NorESM1-M,rcp45,2014,51,Tmax 26–29°C,tmax
NorESM1-M,rcp45,2015,73,Tmax 26–29°C,tmax
NorESM1-M,rcp45,2016,48,Tmax 26–29°C,tmax
NorESM1-M,rcp45,2017,45,Tmax 26–29°C,tmax
NorESM1-M,rcp45,2018,65,Tmax 26–29°C,tmax
NorESM1-M,rcp45,2019,60,Tmax 26–29°C,tmax
NorESM1-M,rcp45,2020,39,Tmax 26–29°C,tmax
NorESM1-M,rcp45,2021,54,Tmax 26–29°C,tmax
NorESM1-M,rcp45,2022,48,Tmax 26–29°C,tmax
NorESM1-M,rcp45,2023,33,Tmax 26–29°C,tmax
NorESM1-M,rcp45,2024,45,Tmax 26–29°C,tmax
NorESM1-M,rcp45,2025,46,Tmax 26–29°C,tmax
NorESM1-M,rcp45,2026,52,Tmax 26–29°C,tmax
NorESM1-M,rcp45,2027,55,Tmax 26–29°C,tmax
NorESM1-M,rcp45,2028,44,Tmax 26–29°C,tmax
NorESM1-M,rcp45,2029,55,Tmax 26–29°C,tmax
NorESM1-M,rcp45,2030,47,Tmax 26–29°C,tmax
NorESM1-M,rcp45,2031,55,Tmax 26–29°C,tmax
NorESM1-M,rcp45,2032,50,Tmax 26–29°C,tmax
NorESM1-M,rcp45,2033,63,Tmax 26–29°C,tmax
NorESM1-M,rcp45,2034,29,Tmax 26–29°C,tmax
NorESM1-M,rcp45,2035,34,Tmax 26–29°C,tmax
NorESM1-M,rcp45,2036,39,Tmax 26–29°C,tmax
bcc-csm1-1,rcp45,2006,45,Tmax 26–29°C,tmax
bcc-csm1-1,rcp45,2007,56,Tmax 26–29°C,tmax
bcc-csm1-1,rcp45,2008,89,Tmax 26–29°C,tmax
bcc-csm1-1,rcp45,2009,49,Tmax 26–29°C,tmax
bcc-csm1-1,rcp45,2010,71,Tmax 26–29°C,tmax
bcc-csm1-1,rcp45,2011,68,Tmax 26–29°C,tmax
bcc-csm1-1,rcp45,2012,57,Tmax 26–29°C,tmax
bcc-csm1-1,rcp45,2013,68,Tmax 26–29°C,tmax
bcc-csm1-1,rcp45,2014,47,Tmax 26–29°C,tmax
bcc-csm1-1,rcp45,2015,37,Tmax 26–29°C,tmax
bcc-csm1-1,rcp45,2016,47,Tmax 26–29°C,tmax
bcc-csm1-1,rcp45,2017,75,Tmax 26–29°C,tmax
bcc-csm1-1,rcp45,2018,66,Tmax 26–29°C,tmax
bcc-csm1-1,rcp45,2019,58,Tmax 26–29°C,tmax
bcc-csm1-1,rcp45,2020,57,Tmax 26–29°C,tmax
bcc-csm1-1,rcp45,2021,59,Tmax 26–29°C,tmax
bcc-csm1-1,rcp45,2022,27,Tmax 26–29°C,tmax
bcc-csm1-1,rcp45,2023,49,Tmax 26–29°C,tmax
bcc-csm1-1,rcp45,2024,56,Tmax 26–29°C,tmax
bcc-csm1-1,rcp45,2025,56,Tmax 26–29°C,tmax
bcc-csm1-1,rcp45,2026,64,Tmax 26–29°C,tmax
bcc-csm1-1,rcp45,2027,51,Tmax 26–29°C,tmax
bcc-csm1-1,rcp45,2028,49,Tmax 26–29°C,tmax
bcc-csm1-1,rcp45,2029,55,Tmax 26–29°C,tmax
bcc-csm1-1,rcp45,2030,61,Tmax 26–29°C,tmax
bcc-csm1-1,rcp45,2031,47,Tmax 26–29°C,tmax
bcc-csm1-1,rcp45,2032,57,Tmax 26–29°C,tmax
bcc-csm1-1,rcp45,2033,75,Tmax 26–29°C,tmax
bcc-csm1-1,rcp45,2034,77,Tmax 26–29°C,tmax
bcc-csm1-1,rcp45,2035,33,Tmax 26–29°C,tmax
bcc-csm1-1,rcp45,2036,63,Tmax 26–29°C,tmax
bcc-csm1-1-m,rcp45,2006,42,Tmax 26–29°C,tmax
bcc-csm1-1-m,rcp45,2007,54,Tmax 26–29°C,tmax
bcc-csm1-1-m,rcp45,2008,31,Tmax 26–29°C,tmax
bcc-csm1-1-m,rcp45,2009,60,Tmax 26–29°C,tmax
bcc-csm1-1-m,rcp45,2010,57,Tmax 26–29°C,tmax
bcc-csm1-1-m,rcp45,2011,39,Tmax 26–29°C,tmax
bcc-csm1-1-m,rcp45,2012,38,Tmax 26–29°C,tmax
bcc-csm1-1-m,rcp45,2013,57,Tmax 26–29°C,tmax
bcc-csm1-1-m,rcp45,2014,31,Tmax 26–29°C,tmax
bcc-csm1-1-m,rcp45,2015,55,Tmax 26–29°C,tmax
bcc-csm1-1-m,rcp45,2016,52,Tmax 26–29°C,tmax
bcc-csm1-1-m,rcp45,2017,60,Tmax 26–29°C,tmax
bcc-csm1-1-m,rcp45,2018,57,Tmax 26–29°C,tmax
bcc-csm1-1-m,rcp45,2019,50,Tmax 26–29°C,tmax
bcc-csm1-1-m,rcp45,2020,55,Tmax 26–29°C,tmax
bcc-csm1-1-m,rcp45,2021,51,Tmax 26–29°C,tmax
bcc-csm1-1-m,rcp45,2022,62,Tmax 26–29°C,tmax
bcc-csm1-1-m,rcp45,2023,44,Tmax 26–29°C,tmax
bcc-csm1-1-m,rcp45,2024,48,Tmax 26–29°C,tmax
bcc-csm1-1-m,rcp45,2025,40,Tmax 26–29°C,tmax
bcc-csm1-1-m,rcp45,2026,37,Tmax 26–29°C,tmax
bcc-csm1-1-m,rcp45,2027,74,Tmax 26–29°C,tmax
bcc-csm1-1-m,rcp45,2028,51,Tmax 26–29°C,tmax
bcc-csm1-1-m,rcp45,2029,54,Tmax 26–29°C,tmax
bcc-csm1-1-m,rcp45,2030,53,Tmax 26–29°C,tmax
bcc-csm1-1-m,rcp45,2031,34,Tmax 26–29°C,tmax
bcc-csm1-1-m,rcp45,2032,40,Tmax 26–29°C,tmax
bcc-csm1-1-m,rcp45,2033,35,Tmax 26–29°C,tmax
bcc-csm1-1-m,rcp45,2034,70,Tmax 26–29°C,tmax
bcc-csm1-1-m,rcp45,2035,47,Tmax 26–29°C,tmax
bcc-csm1-1-m,rcp45,2036,46,Tmax 26–29°C,tmax
inmcm4,rcp45,2006,42,Tmax 26–29°C,tmax
inmcm4,rcp45,2007,33,Tmax 26–29°C,tmax
inmcm4,rcp45,2008,53,Tmax 26–29°C,tmax
inmcm4,rcp45,2009,45,Tmax 26–29°C,tmax
inmcm4,rcp45,2010,63,Tmax 26–29°C,tmax
inmcm4,rcp45,2011,40,Tmax 26–29°C,tmax
inmcm4,rcp45,2012,55,Tmax 26–29°C,tmax
inmcm4,rcp45,2013,48,Tmax 26–29°C,tmax
inmcm4,rcp45,2014,59,Tmax 26–29°C,tmax
inmcm4,rcp45,2015,53,Tmax 26–29°C,tmax
inmcm4,rcp45,2016,46,Tmax 26–29°C,tmax
inmcm4,rcp45,2017,25,Tmax 26–29°C,tmax
inmcm4,rcp45,2018,49,Tmax 26–29°C,tmax
inmcm4,rcp45,2019,64,Tmax 26–29°C,tmax
inmcm4,rcp45,2020,37,Tmax 26–29°C,tmax
inmcm4,rcp45,2021,37,Tmax 26–29°C,tmax
inmcm4,rcp45,2022,55,Tmax 26–29°C,tmax
inmcm4,rcp45,2023,60,Tmax 26–29°C,tmax
inmcm4,rcp45,2024,71,Tmax 26–29°C,tmax
inmcm4,rcp45,2025,66,Tmax 26–29°C,tmax
inmcm4,rcp45,2026,54,Tmax 26–29°C,tmax
inmcm4,rcp45,2027,50,Tmax 26–29°C,tmax
inmcm4,rcp45,2028,49,Tmax 26–29°C,tmax
inmcm4,rcp45,2029,60,Tmax 26–29°C,tmax
inmcm4,rcp45,2030,36,Tmax 26–29°C,tmax
inmcm4,rcp45,2031,35,Tmax 26–29°C,tmax
inmcm4,rcp45,2032,51,Tmax 26–29°C,tmax
inmcm4,rcp45,2033,51,Tmax 26–29°C,tmax
inmcm4,rcp45,2034,43,Tmax 26–29°C,tmax
inmcm4,rcp45,2035,36,Tmax 26–29°C,tmax
inmcm4,rcp45,2036,44,Tmax 26–29°C,tmax
CCSM4,rcp60,2006,73,Tmax 26–29°C,tmax
CCSM4,rcp60,2007,68,Tmax 26–29°C,tmax
CCSM4,rcp60,2008,55,Tmax 26–29°C,tmax
CCSM4,rcp60,2009,60,Tmax 26–29°C,tmax
CCSM4,rcp60,2010,65,Tmax 26–29°C,tmax
CCSM4,rcp60,2011,49,Tmax 26–29°C,tmax
CCSM4,rcp60,2012,41,Tmax 26–29°C,tmax
CCSM4,rcp60,2013,54,Tmax 26–29°C,tmax
CCSM4,rcp60,2014,63,Tmax 26–29°C,tmax
CCSM4,rcp60,2015,51,Tmax 26–29°C,tmax
CCSM4,rcp60,2016,52,Tmax 26–29°C,tmax
CCSM4,rcp60,2017,46,Tmax 26–29°C,tmax
CCSM4,rcp60,2018,61,Tmax 26–29°C,tmax
CCSM4,rcp60,2019,80,Tmax 26–29°C,tmax
CCSM4,rcp60,2020,35,Tmax 26–29°C,tmax
CCSM4,rcp60,2021,37,Tmax 26–29°C,tmax
CCSM4,rcp60,2022,50,Tmax 26–29°C,tmax
CCSM4,rcp60,2023,57,Tmax 26–29°C,tmax
CCSM4,rcp60,2024,45,Tmax 26–29°C,tmax
CCSM4,rcp60,2025,44,Tmax 26–29°C,tmax
CCSM4,rcp60,2026,63,Tmax 26–29°C,tmax
CCSM4,rcp60,2027,29,Tmax 26–29°C,tmax
CCSM4,rcp60,2028,35,Tmax 26–29°C,tmax
CCSM4,rcp60,2029,59,Tmax 26–29°C,tmax
CCSM4,rcp60,2030,46,Tmax 26–29°C,tmax
CCSM4,rcp60,2031,71,Tmax 26–29°C,tmax
CCSM4,rcp60,2032,45,Tmax 26–29°C,tmax
CCSM4,rcp60,2033,49,Tmax 26–29°C,tmax
CCSM4,rcp60,2034,63,Tmax 26–29°C,tmax
CCSM4,rcp60,2035,69,Tmax 26–29°C,tmax
CCSM4,rcp60,2036,44,Tmax 26–29°C,tmax
CESM1-CAM5,rcp60,2006,67,Tmax 26–29°C,tmax
CESM1-CAM5,rcp60,2007,69,Tmax 26–29°C,tmax
CESM1-CAM5,rcp60,2008,47,Tmax 26–29°C,tmax
CESM1-CAM5,rcp60,2009,63,Tmax 26–29°C,tmax
CESM1-CAM5,rcp60,2010,53,Tmax 26–29°C,tmax
CESM1-CAM5,rcp60,2011,49,Tmax 26–29°C,tmax
CESM1-CAM5,rcp60,2012,56,Tmax 26–29°C,tmax
CESM1-CAM5,rcp60,2013,58,Tmax 26–29°C,tmax
CESM1-CAM5,rcp60,2014,79,Tmax 26–29°C,tmax
CESM1-CAM5,rcp60,2015,57,Tmax 26–29°C,tmax
CESM1-CAM5,rcp60,2016,49,Tmax 26–29°C,tmax
CESM1-CAM5,rcp60,2017,38,Tmax 26–29°C,tmax
CESM1-CAM5,rcp60,2018,49,Tmax 26–29°C,tmax
CESM1-CAM5,rcp60,2019,58,Tmax 26–29°C,tmax
CESM1-CAM5,rcp60,2020,57,Tmax 26–29°C,tmax
CESM1-CAM5,rcp60,2021,56,Tmax 26–29°C,tmax
CESM1-CAM5,rcp60,2022,45,Tmax 26–29°C,tmax
CESM1-CAM5,rcp60,2023,52,Tmax 26–29°C,tmax
CESM1-CAM5,rcp60,2024,58,Tmax 26–29°C,tmax
CESM1-CAM5,rcp60,2025,63,Tmax 26–29°C,tmax
CESM1-CAM5,rcp60,2026,62,Tmax 26–29°C,tmax
CESM1-CAM5,rcp60,2027,59,Tmax 26–29°C,tmax
CESM1-CAM5,rcp60,2028,48,Tmax 26–29°C,tmax
CESM1-CAM5,rcp60,2029,65,Tmax 26–29°C,tmax
CESM1-CAM5,rcp60,2030,66,Tmax 26–29°C,tmax
CESM1-CAM5,rcp60,2031,67,Tmax 26–29°C,tmax
CESM1-CAM5,rcp60,2032,50,Tmax 26–29°C,tmax
CESM1-CAM5,rcp60,2033,57,Tmax 26–29°C,tmax
CESM1-CAM5,rcp60,2034,61,Tmax 26–29°C,tmax
CESM1-CAM5,rcp60,2035,60,Tmax 26–29°C,tmax
CESM1-CAM5,rcp60,2036,66,Tmax 26–29°C,tmax
CSIRO-Mk3-6-0,rcp60,2006,66,Tmax 26–29°C,tmax
CSIRO-Mk3-6-0,rcp60,2007,63,Tmax 26–29°C,tmax
CSIRO-Mk3-6-0,rcp60,2008,64,Tmax 26–29°C,tmax
CSIRO-Mk3-6-0,rcp60,2009,51,Tmax 26–29°C,tmax
CSIRO-Mk3-6-0,rcp60,2010,46,Tmax 26–29°C,tmax
CSIRO-Mk3-6-0,rcp60,2011,66,Tmax 26–29°C,tmax
CSIRO-Mk3-6-0,rcp60,2012,54,Tmax 26–29°C,tmax
CSIRO-Mk3-6-0,rcp60,2013,50,Tmax 26–29°C,tmax
CSIRO-Mk3-6-0,rcp60,2014,55,Tmax 26–29°C,tmax
CSIRO-Mk3-6-0,rcp60,2015,47,Tmax 26–29°C,tmax
CSIRO-Mk3-6-0,rcp60,2016,48,Tmax 26–29°C,tmax
CSIRO-Mk3-6-0,rcp60,2017,47,Tmax 26–29°C,tmax
CSIRO-Mk3-6-0,rcp60,2018,44,Tmax 26–29°C,tmax
CSIRO-Mk3-6-0,rcp60,2019,67,Tmax 26–29°C,tmax
CSIRO-Mk3-6-0,rcp60,2020,45,Tmax 26–29°C,tmax
CSIRO-Mk3-6-0,rcp60,2021,62,Tmax 26–29°C,tmax
CSIRO-Mk3-6-0,rcp60,2022,66,Tmax 26–29°C,tmax
CSIRO-Mk3-6-0,rcp60,2023,66,Tmax 26–29°C,tmax
CSIRO-Mk3-6-0,rcp60,2024,53,Tmax 26–29°C,tmax
CSIRO-Mk3-6-0,rcp60,2025,72,Tmax 26–29°C,tmax
CSIRO-Mk3-6-0,rcp60,2026,52,Tmax 26–29°C,tmax
CSIRO-Mk3-6-0,rcp60,2027,55,Tmax 26–29°C,tmax
CSIRO-Mk3-6-0,rcp60,2028,38,Tmax 26–29°C,tmax
CSIRO-Mk3-6-0,rcp60,2029,81,Tmax 26–29°C,tmax
CSIRO-Mk3-6-0,rcp60,2030,40,Tmax 26–29°C,tmax
CSIRO-Mk3-6-0,rcp60,2031,51,Tmax 26–29°C,tmax
CSIRO-Mk3-6-0,rcp60,2032,53,Tmax 26–29°C,tmax
CSIRO-Mk3-6-0,rcp60,2033,33,Tmax 26–29°C,tmax
CSIRO-Mk3-6-0,rcp60,2034,66,Tmax 26–29°C,tmax
CSIRO-Mk3-6-0,rcp60,2035,48,Tmax 26–29°C,tmax
CSIRO-Mk3-6-0,rcp60,2036,70,Tmax 26–29°C,tmax
GFDL-CM3,rcp60,2006,41,Tmax 26–29°C,tmax
GFDL-CM3,rcp60,2007,45,Tmax 26–29°C,tmax
GFDL-CM3,rcp60,2008,45,Tmax 26–29°C,tmax
GFDL-CM3,rcp60,2009,47,Tmax 26–29°C,tmax
GFDL-CM3,rcp60,2010,57,Tmax 26–29°C,tmax
GFDL-CM3,rcp60,2011,66,Tmax 26–29°C,tmax
GFDL-CM3,rcp60,2012,56,Tmax 26–29°C,tmax
GFDL-CM3,rcp60,2013,54,Tmax 26–29°C,tmax
GFDL-CM3,rcp60,2014,50,Tmax 26–29°C,tmax
GFDL-CM3,rcp60,2015,44,Tmax 26–29°C,tmax
GFDL-CM3,rcp60,2016,79,Tmax 26–29°C,tmax
GFDL-CM3,rcp60,2017,66,Tmax 26–29°C,tmax
GFDL-CM3,rcp60,2018,59,Tmax 26–29°C,tmax
GFDL-CM3,rcp60,2019,46,Tmax 26–29°C,tmax
GFDL-CM3,rcp60,2020,70,Tmax 26–29°C,tmax
GFDL-CM3,rcp60,2021,46,Tmax 26–29°C,tmax
GFDL-CM3,rcp60,2022,60,Tmax 26–29°C,tmax
GFDL-CM3,rcp60,2023,38,Tmax 26–29°C,tmax
GFDL-CM3,rcp60,2024,59,Tmax 26–29°C,tmax
GFDL-CM3,rcp60,2025,48,Tmax 26–29°C,tmax
GFDL-CM3,rcp60,2026,53,Tmax 26–29°C,tmax
GFDL-CM3,rcp60,2027,65,Tmax 26–29°C,tmax
GFDL-CM3,rcp60,2028,50,Tmax 26–29°C,tmax
GFDL-CM3,rcp60,2029,52,Tmax 26–29°C,tmax
GFDL-CM3,rcp60,2030,49,Tmax 26–29°C,tmax
GFDL-CM3,rcp60,2031,47,Tmax 26–29°C,tmax
GFDL-CM3,rcp60,2032,47,Tmax 26–29°C,tmax
GFDL-CM3,rcp60,2033,45,Tmax 26–29°C,tmax
GFDL-CM3,rcp60,2034,43,Tmax 26–29°C,tmax
GFDL-CM3,rcp60,2035,39,Tmax 26–29°C,tmax
GFDL-CM3,rcp60,2036,62,Tmax 26–29°C,tmax
GFDL-ESM2G,rcp60,2006,44,Tmax 26–29°C,tmax
GFDL-ESM2G,rcp60,2007,49,Tmax 26–29°C,tmax
GFDL-ESM2G,rcp60,2008,54,Tmax 26–29°C,tmax
GFDL-ESM2G,rcp60,2009,70,Tmax 26–29°C,tmax
GFDL-ESM2G,rcp60,2010,57,Tmax 26–29°C,tmax
GFDL-ESM2G,rcp60,2011,54,Tmax 26–29°C,tmax
GFDL-ESM2G,rcp60,2012,45,Tmax 26–29°C,tmax
GFDL-ESM2G,rcp60,2013,54,Tmax 26–29°C,tmax
GFDL-ESM2G,rcp60,2014,51,Tmax 26–29°C,tmax
GFDL-ESM2G,rcp60,2015,42,Tmax 26–29°C,tmax
GFDL-ESM2G,rcp60,2016,54,Tmax 26–29°C,tmax
GFDL-ESM2G,rcp60,2017,33,Tmax 26–29°C,tmax
GFDL-ESM2G,rcp60,2018,43,Tmax 26–29°C,tmax
GFDL-ESM2G,rcp60,2019,28,Tmax 26–29°C,tmax
GFDL-ESM2G,rcp60,2020,42,Tmax 26–29°C,tmax
GFDL-ESM2G,rcp60,2021,56,Tmax 26–29°C,tmax
GFDL-ESM2G,rcp60,2022,45,Tmax 26–29°C,tmax
GFDL-ESM2G,rcp60,2023,55,Tmax 26–29°C,tmax
GFDL-ESM2G,rcp60,2024,50,Tmax 26–29°C,tmax
GFDL-ESM2G,rcp60,2025,55,Tmax 26–29°C,tmax
GFDL-ESM2G,rcp60,2026,48,Tmax 26–29°C,tmax
GFDL-ESM2G,rcp60,2027,54,Tmax 26–29°C,tmax
GFDL-ESM2G,rcp60,2028,56,Tmax 26–29°C,tmax
GFDL-ESM2G,rcp60,2029,35,Tmax 26–29°C,tmax
GFDL-ESM2G,rcp60,2030,51,Tmax 26–29°C,tmax
GFDL-ESM2G,rcp60,2031,44,Tmax 26–29°C,tmax
GFDL-ESM2G,rcp60,2032,61,Tmax 26–29°C,tmax
GFDL-ESM2G,rcp60,2033,49,Tmax 26–29°C,tmax
GFDL-ESM2G,rcp60,2034,47,Tmax 26–29°C,tmax
GFDL-ESM2G,rcp60,2035,61,Tmax 26–29°C,tmax
GFDL-ESM2G,rcp60,2036,71,Tmax 26–29°C,tmax
GFDL-ESM2M,rcp60,2006,55,Tmax 26–29°C,tmax
GFDL-ESM2M,rcp60,2007,49,Tmax 26–29°C,tmax
GFDL-ESM2M,rcp60,2008,53,Tmax 26–29°C,tmax
GFDL-ESM2M,rcp60,2009,71,Tmax 26–29°C,tmax
GFDL-ESM2M,rcp60,2010,61,Tmax 26–29°C,tmax
GFDL-ESM2M,rcp60,2011,63,Tmax 26–29°C,tmax
GFDL-ESM2M,rcp60,2012,67,Tmax 26–29°C,tmax
GFDL-ESM2M,rcp60,2013,61,Tmax 26–29°C,tmax
GFDL-ESM2M,rcp60,2014,57,Tmax 26–29°C,tmax
GFDL-ESM2M,rcp60,2015,49,Tmax 26–29°C,tmax
GFDL-ESM2M,rcp60,2016,57,Tmax 26–29°C,tmax
GFDL-ESM2M,rcp60,2017,46,Tmax 26–29°C,tmax
GFDL-ESM2M,rcp60,2018,81,Tmax 26–29°C,tmax
GFDL-ESM2M,rcp60,2019,66,Tmax 26–29°C,tmax
GFDL-ESM2M,rcp60,2020,69,Tmax 26–29°C,tmax
GFDL-ESM2M,rcp60,2021,48,Tmax 26–29°C,tmax
GFDL-ESM2M,rcp60,2022,56,Tmax 26–29°C,tmax
GFDL-ESM2M,rcp60,2023,45,Tmax 26–29°C,tmax
GFDL-ESM2M,rcp60,2024,66,Tmax 26–29°C,tmax
GFDL-ESM2M,rcp60,2025,57,Tmax 26–29°C,tmax
GFDL-ESM2M,rcp60,2026,57,Tmax 26–29°C,tmax
GFDL-ESM2M,rcp60,2027,65,Tmax 26–29°C,tmax
GFDL-ESM2M,rcp60,2028,57,Tmax 26–29°C,tmax
GFDL-ESM2M,rcp60,2029,51,Tmax 26–29°C,tmax
GFDL-ESM2M,rcp60,2030,43,Tmax 26–29°C,tmax
GFDL-ESM2M,rcp60,2031,77,Tmax 26–29°C,tmax
GFDL-ESM2M,rcp60,2032,54,Tmax 26–29°C,tmax
GFDL-ESM2M,rcp60,2033,41,Tmax 26–29°C,tmax
GFDL-ESM2M,rcp60,2034,52,Tmax 26–29°C,tmax
GFDL-ESM2M,rcp60,2035,49,Tmax 26–29°C,tmax
GFDL-ESM2M,rcp60,2036,52,Tmax 26–29°C,tmax
IPSL-CM5A-LR,rcp60,2006,45,Tmax 26–29°C,tmax
IPSL-CM5A-LR,rcp60,2007,45,Tmax 26–29°C,tmax
IPSL-CM5A-LR,rcp60,2008,40,Tmax 26–29°C,tmax
IPSL-CM5A-LR,rcp60,2009,53,Tmax 26–29°C,tmax
IPSL-CM5A-LR,rcp60,2010,45,Tmax 26–29°C,tmax
IPSL-CM5A-LR,rcp60,2011,56,Tmax 26–29°C,tmax
IPSL-CM5A-LR,rcp60,2012,46,Tmax 26–29°C,tmax
IPSL-CM5A-LR,rcp60,2013,41,Tmax 26–29°C,tmax
IPSL-CM5A-LR,rcp60,2014,60,Tmax 26–29°C,tmax
IPSL-CM5A-LR,rcp60,2015,48,Tmax 26–29°C,tmax
IPSL-CM5A-LR,rcp60,2016,47,Tmax 26–29°C,tmax
IPSL-CM5A-LR,rcp60,2017,50,Tmax 26–29°C,tmax
IPSL-CM5A-LR,rcp60,2018,55,Tmax 26–29°C,tmax
IPSL-CM5A-LR,rcp60,2019,60,Tmax 26–29°C,tmax
IPSL-CM5A-LR,rcp60,2020,53,Tmax 26–29°C,tmax
IPSL-CM5A-LR,rcp60,2021,50,Tmax 26–29°C,tmax
IPSL-CM5A-LR,rcp60,2022,36,Tmax 26–29°C,tmax
IPSL-CM5A-LR,rcp60,2023,44,Tmax 26–29°C,tmax
IPSL-CM5A-LR,rcp60,2024,62,Tmax 26–29°C,tmax
IPSL-CM5A-LR,rcp60,2025,53,Tmax 26–29°C,tmax
IPSL-CM5A-LR,rcp60,2026,38,Tmax 26–29°C,tmax
IPSL-CM5A-LR,rcp60,2027,62,Tmax 26–29°C,tmax
IPSL-CM5A-LR,rcp60,2028,47,Tmax 26–29°C,tmax
IPSL-CM5A-LR,rcp60,2029,57,Tmax 26–29°C,tmax
IPSL-CM5A-LR,rcp60,2030,63,Tmax 26–29°C,tmax
IPSL-CM5A-LR,rcp60,2031,49,Tmax 26–29°C,tmax
IPSL-CM5A-LR,rcp60,2032,44,Tmax 26–29°C,tmax
IPSL-CM5A-LR,rcp60,2033,64,Tmax 26–29°C,tmax
IPSL-CM5A-LR,rcp60,2034,60,Tmax 26–29°C,tmax
IPSL-CM5A-LR,rcp60,2035,48,Tmax 26–29°C,tmax
IPSL-CM5A-LR,rcp60,2036,61,Tmax 26–29°C,tmax
IPSL-CM5A-MR,rcp60,2006,37,Tmax 26–29°C,tmax
IPSL-CM5A-MR,rcp60,2007,66,Tmax 26–29°C,tmax
IPSL-CM5A-MR,rcp60,2008,54,Tmax 26–29°C,tmax
IPSL-CM5A-MR,rcp60,2009,50,Tmax 26–29°C,tmax
IPSL-CM5A-MR,rcp60,2010,61,Tmax 26–29°C,tmax
IPSL-CM5A-MR,rcp60,2011,43,Tmax 26–29°C,tmax
IPSL-CM5A-MR,rcp60,2012,39,Tmax 26–29°C,tmax
IPSL-CM5A-MR,rcp60,2013,30,Tmax 26–29°C,tmax
IPSL-CM5A-MR,rcp60,2014,56,Tmax 26–29°C,tmax
IPSL-CM5A-MR,rcp60,2015,38,Tmax 26–29°C,tmax
IPSL-CM5A-MR,rcp60,2016,50,Tmax 26–29°C,tmax
IPSL-CM5A-MR,rcp60,2017,68,Tmax 26–29°C,tmax
IPSL-CM5A-MR,rcp60,2018,55,Tmax 26–29°C,tmax
IPSL-CM5A-MR,rcp60,2019,47,Tmax 26–29°C,tmax
IPSL-CM5A-MR,rcp60,2020,42,Tmax 26–29°C,tmax
IPSL-CM5A-MR,rcp60,2021,45,Tmax 26–29°C,tmax
IPSL-CM5A-MR,rcp60,2022,45,Tmax 26–29°C,tmax
IPSL-CM5A-MR,rcp60,2023,48,Tmax 26–29°C,tmax
IPSL-CM5A-MR,rcp60,2024,46,Tmax 26–29°C,tmax
IPSL-CM5A-MR,rcp60,2025,56,Tmax 26–29°C,tmax
IPSL-CM5A-MR,rcp60,2026,51,Tmax 26–29°C,tmax
IPSL-CM5A-MR,rcp60,2027,47,Tmax 26–29°C,tmax
IPSL-CM5A-MR,rcp60,2028,45,Tmax 26–29°C,tmax
IPSL-CM5A-MR,rcp60,2029,55,Tmax 26–29°C,tmax
IPSL-CM5A-MR,rcp60,2030,62,Tmax 26–29°C,tmax
IPSL-CM5A-MR,rcp60,2031,48,Tmax 26–29°C,tmax
IPSL-CM5A-MR,rcp60,2032,79,Tmax 26–29°C,tmax
IPSL-CM5A-MR,rcp60,2033,40,Tmax 26–29°C,tmax
IPSL-CM5A-MR,rcp60,2034,38,Tmax 26–29°C,tmax
IPSL-CM5A-MR,rcp60,2035,49,Tmax 26–29°C,tmax
IPSL-CM5A-MR,rcp60,2036,39,Tmax 26–29°C,tmax
MIROC-ESM,rcp60,2006,61,Tmax 26–29°C,tmax
MIROC-ESM,rcp60,2007,83,Tmax 26–29°C,tmax
MIROC-ESM,rcp60,2008,69,Tmax 26–29°C,tmax
MIROC-ESM,rcp60,2009,62,Tmax 26–29°C,tmax
MIROC-ESM,rcp60,2010,64,Tmax 26–29°C,tmax
MIROC-ESM,rcp60,2011,49,Tmax 26–29°C,tmax
MIROC-ESM,rcp60,2012,61,Tmax 26–29°C,tmax
MIROC-ESM,rcp60,2013,47,Tmax 26–29°C,tmax
MIROC-ESM,rcp60,2014,56,Tmax 26–29°C,tmax
MIROC-ESM,rcp60,2015,68,Tmax 26–29°C,tmax
MIROC-ESM,rcp60,2016,65,Tmax 26–29°C,tmax
MIROC-ESM,rcp60,2017,45,Tmax 26–29°C,tmax
MIROC-ESM,rcp60,2018,57,Tmax 26–29°C,tmax
MIROC-ESM,rcp60,2019,67,Tmax 26–29°C,tmax
MIROC-ESM,rcp60,2020,31,Tmax 26–29°C,tmax
MIROC-ESM,rcp60,2021,56,Tmax 26–29°C,tmax
MIROC-ESM,rcp60,2022,70,Tmax 26–29°C,tmax
MIROC-ESM,rcp60,2023,53,Tmax 26–29°C,tmax
MIROC-ESM,rcp60,2024,61,Tmax 26–29°C,tmax
MIROC-ESM,rcp60,2025,68,Tmax 26–29°C,tmax
MIROC-ESM,rcp60,2026,62,Tmax 26–29°C,tmax
MIROC-ESM,rcp60,2027,67,Tmax 26–29°C,tmax
MIROC-ESM,rcp60,2028,60,Tmax 26–29°C,tmax
MIROC-ESM,rcp60,2029,53,Tmax 26–29°C,tmax
MIROC-ESM,rcp60,2030,50,Tmax 26–29°C,tmax
MIROC-ESM,rcp60,2031,48,Tmax 26–29°C,tmax
MIROC-ESM,rcp60,2032,51,Tmax 26–29°C,tmax
MIROC-ESM,rcp60,2033,66,Tmax 26–29°C,tmax
MIROC-ESM,rcp60,2034,60,Tmax 26–29°C,tmax
MIROC-ESM,rcp60,2035,48,Tmax 26–29°C,tmax
MIROC-ESM,rcp60,2036,39,Tmax 26–29°C,tmax
MIROC-ESM-CHEM,rcp60,2006,68,Tmax 26–29°C,tmax
MIROC-ESM-CHEM,rcp60,2007,48,Tmax 26–29°C,tmax
MIROC-ESM-CHEM,rcp60,2008,40,Tmax 26–29°C,tmax
MIROC-ESM-CHEM,rcp60,2009,60,Tmax 26–29°C,tmax
MIROC-ESM-CHEM,rcp60,2010,63,Tmax 26–29°C,tmax
MIROC-ESM-CHEM,rcp60,2011,50,Tmax 26–29°C,tmax
MIROC-ESM-CHEM,rcp60,2012,60,Tmax 26–29°C,tmax
MIROC-ESM-CHEM,rcp60,2013,72,Tmax 26–29°C,tmax
MIROC-ESM-CHEM,rcp60,2014,63,Tmax 26–29°C,tmax
MIROC-ESM-CHEM,rcp60,2015,54,Tmax 26–29°C,tmax
MIROC-ESM-CHEM,rcp60,2016,69,Tmax 26–29°C,tmax
MIROC-ESM-CHEM,rcp60,2017,58,Tmax 26–29°C,tmax
MIROC-ESM-CHEM,rcp60,2018,42,Tmax 26–29°C,tmax
MIROC-ESM-CHEM,rcp60,2019,61,Tmax 26–29°C,tmax
MIROC-ESM-CHEM,rcp60,2020,46,Tmax 26–29°C,tmax
MIROC-ESM-CHEM,rcp60,2021,59,Tmax 26–29°C,tmax
MIROC-ESM-CHEM,rcp60,2022,52,Tmax 26–29°C,tmax
MIROC-ESM-CHEM,rcp60,2023,62,Tmax 26–29°C,tmax
MIROC-ESM-CHEM,rcp60,2024,80,Tmax 26–29°C,tmax
MIROC-ESM-CHEM,rcp60,2025,47,Tmax 26–29°C,tmax
MIROC-ESM-CHEM,rcp60,2026,46,Tmax 26–29°C,tmax
MIROC-ESM-CHEM,rcp60,2027,55,Tmax 26–29°C,tmax
MIROC-ESM-CHEM,rcp60,2028,42,Tmax 26–29°C,tmax
MIROC-ESM-CHEM,rcp60,2029,59,Tmax 26–29°C,tmax
MIROC-ESM-CHEM,rcp60,2030,39,Tmax 26–29°C,tmax
MIROC-ESM-CHEM,rcp60,2031,54,Tmax 26–29°C,tmax
MIROC-ESM-CHEM,rcp60,2032,40,Tmax 26–29°C,tmax
MIROC-ESM-CHEM,rcp60,2033,47,Tmax 26–29°C,tmax
MIROC-ESM-CHEM,rcp60,2034,69,Tmax 26–29°C,tmax
MIROC-ESM-CHEM,rcp60,2035,62,Tmax 26–29°C,tmax
MIROC-ESM-CHEM,rcp60,2036,62,Tmax 26–29°C,tmax
MIROC5,rcp60,2006,49,Tmax 26–29°C,tmax
MIROC5,rcp60,2007,47,Tmax 26–29°C,tmax
MIROC5,rcp60,2008,59,Tmax 26–29°C,tmax
MIROC5,rcp60,2009,45,Tmax 26–29°C,tmax
MIROC5,rcp60,2010,51,Tmax 26–29°C,tmax
MIROC5,rcp60,2011,59,Tmax 26–29°C,tmax
MIROC5,rcp60,2012,56,Tmax 26–29°C,tmax
MIROC5,rcp60,2013,51,Tmax 26–29°C,tmax
MIROC5,rcp60,2014,47,Tmax 26–29°C,tmax
MIROC5,rcp60,2015,62,Tmax 26–29°C,tmax
MIROC5,rcp60,2016,49,Tmax 26–29°C,tmax
MIROC5,rcp60,2017,55,Tmax 26–29°C,tmax
MIROC5,rcp60,2018,61,Tmax 26–29°C,tmax
MIROC5,rcp60,2019,54,Tmax 26–29°C,tmax
MIROC5,rcp60,2020,61,Tmax 26–29°C,tmax
MIROC5,rcp60,2021,43,Tmax 26–29°C,tmax
MIROC5,rcp60,2022,52,Tmax 26–29°C,tmax
MIROC5,rcp60,2023,61,Tmax 26–29°C,tmax
MIROC5,rcp60,2024,53,Tmax 26–29°C,tmax
MIROC5,rcp60,2025,59,Tmax 26–29°C,tmax
MIROC5,rcp60,2026,82,Tmax 26–29°C,tmax
MIROC5,rcp60,2027,57,Tmax 26–29°C,tmax
MIROC5,rcp60,2028,57,Tmax 26–29°C,tmax
MIROC5,rcp60,2029,51,Tmax 26–29°C,tmax
MIROC5,rcp60,2030,52,Tmax 26–29°C,tmax
MIROC5,rcp60,2031,39,Tmax 26–29°C,tmax
MIROC5,rcp60,2032,53,Tmax 26–29°C,tmax
MIROC5,rcp60,2033,65,Tmax 26–29°C,tmax
MIROC5,rcp60,2034,41,Tmax 26–29°C,tmax
MIROC5,rcp60,2035,61,Tmax 26–29°C,tmax
MIROC5,rcp60,2036,60,Tmax 26–29°C,tmax
MRI-CGCM3,rcp60,2006,46,Tmax 26–29°C,tmax
MRI-CGCM3,rcp60,2007,47,Tmax 26–29°C,tmax
MRI-CGCM3,rcp60,2008,53,Tmax 26–29°C,tmax
MRI-CGCM3,rcp60,2009,29,Tmax 26–29°C,tmax
MRI-CGCM3,rcp60,2010,47,Tmax 26–29°C,tmax
MRI-CGCM3,rcp60,2011,43,Tmax 26–29°C,tmax
MRI-CGCM3,rcp60,2012,48,Tmax 26–29°C,tmax
MRI-CGCM3,rcp60,2013,38,Tmax 26–29°C,tmax
MRI-CGCM3,rcp60,2014,54,Tmax 26–29°C,tmax
MRI-CGCM3,rcp60,2015,50,Tmax 26–29°C,tmax
MRI-CGCM3,rcp60,2016,58,Tmax 26–29°C,tmax
MRI-CGCM3,rcp60,2017,50,Tmax 26–29°C,tmax
MRI-CGCM3,rcp60,2018,45,Tmax 26–29°C,tmax
MRI-CGCM3,rcp60,2019,50,Tmax 26–29°C,tmax
MRI-CGCM3,rcp60,2020,52,Tmax 26–29°C,tmax
MRI-CGCM3,rcp60,2021,41,Tmax 26–29°C,tmax
MRI-CGCM3,rcp60,2022,57,Tmax 26–29°C,tmax
MRI-CGCM3,rcp60,2023,48,Tmax 26–29°C,tmax
MRI-CGCM3,rcp60,2024,61,Tmax 26–29°C,tmax
MRI-CGCM3,rcp60,2025,53,Tmax 26–29°C,tmax
MRI-CGCM3,rcp60,2026,68,Tmax 26–29°C,tmax
MRI-CGCM3,rcp60,2027,64,Tmax 26–29°C,tmax
MRI-CGCM3,rcp60,2028,45,Tmax 26–29°C,tmax
MRI-CGCM3,rcp60,2029,44,Tmax 26–29°C,tmax
MRI-CGCM3,rcp60,2030,49,Tmax 26–29°C,tmax
MRI-CGCM3,rcp60,2031,47,Tmax 26–29°C,tmax
MRI-CGCM3,rcp60,2032,34,Tmax 26–29°C,tmax
MRI-CGCM3,rcp60,2033,50,Tmax 26–29°C,tmax
MRI-CGCM3,rcp60,2034,58,Tmax 26–29°C,tmax
MRI-CGCM3,rcp60,2035,44,Tmax 26–29°C,tmax
MRI-CGCM3,rcp60,2036,51,Tmax 26–29°C,tmax
NorESM1-M,rcp60,2006,45,Tmax 26–29°C,tmax
NorESM1-M,rcp60,2007,64,Tmax 26–29°C,tmax
NorESM1-M,rcp60,2008,51,Tmax 26–29°C,tmax
NorESM1-M,rcp60,2009,54,Tmax 26–29°C,tmax
NorESM1-M,rcp60,2010,61,Tmax 26–29°C,tmax
NorESM1-M,rcp60,2011,61,Tmax 26–29°C,tmax
NorESM1-M,rcp60,2012,43,Tmax 26–29°C,tmax
NorESM1-M,rcp60,2013,67,Tmax 26–29°C,tmax
NorESM1-M,rcp60,2014,23,Tmax 26–29°C,tmax
NorESM1-M,rcp60,2015,21,Tmax 26–29°C,tmax
NorESM1-M,rcp60,2016,54,Tmax 26–29°C,tmax
NorESM1-M,rcp60,2017,41,Tmax 26–29°C,tmax
NorESM1-M,rcp60,2018,76,Tmax 26–29°C,tmax
NorESM1-M,rcp60,2019,52,Tmax 26–29°C,tmax
NorESM1-M,rcp60,2020,47,Tmax 26–29°C,tmax
NorESM1-M,rcp60,2021,46,Tmax 26–29°C,tmax
NorESM1-M,rcp60,2022,52,Tmax 26–29°C,tmax
NorESM1-M,rcp60,2023,57,Tmax 26–29°C,tmax
NorESM1-M,rcp60,2024,66,Tmax 26–29°C,tmax
NorESM1-M,rcp60,2025,56,Tmax 26–29°C,tmax
NorESM1-M,rcp60,2026,33,Tmax 26–29°C,tmax
NorESM1-M,rcp60,2027,50,Tmax 26–29°C,tmax
NorESM1-M,rcp60,2028,49,Tmax 26–29°C,tmax
NorESM1-M,rcp60,2029,46,Tmax 26–29°C,tmax
NorESM1-M,rcp60,2030,67,Tmax 26–29°C,tmax
NorESM1-M,rcp60,2031,49,Tmax 26–29°C,tmax
NorESM1-M,rcp60,2032,60,Tmax 26–29°C,tmax
NorESM1-M,rcp60,2033,54,Tmax 26–29°C,tmax
NorESM1-M,rcp60,2034,37,Tmax 26–29°C,tmax
NorESM1-M,rcp60,2035,48,Tmax 26–29°C,tmax
NorESM1-M,rcp60,2036,66,Tmax 26–29°C,tmax
bcc-csm1-1,rcp60,2006,54,Tmax 26–29°C,tmax
bcc-csm1-1,rcp60,2007,53,Tmax 26–29°C,tmax
bcc-csm1-1,rcp60,2008,53,Tmax 26–29°C,tmax
bcc-csm1-1,rcp60,2009,62,Tmax 26–29°C,tmax
bcc-csm1-1,rcp60,2010,62,Tmax 26–29°C,tmax
bcc-csm1-1,rcp60,2011,66,Tmax 26–29°C,tmax
bcc-csm1-1,rcp60,2012,62,Tmax 26–29°C,tmax
bcc-csm1-1,rcp60,2013,51,Tmax 26–29°C,tmax
bcc-csm1-1,rcp60,2014,55,Tmax 26–29°C,tmax
bcc-csm1-1,rcp60,2015,52,Tmax 26–29°C,tmax
bcc-csm1-1,rcp60,2016,66,Tmax 26–29°C,tmax
bcc-csm1-1,rcp60,2017,72,Tmax 26–29°C,tmax
bcc-csm1-1,rcp60,2018,44,Tmax 26–29°C,tmax
bcc-csm1-1,rcp60,2019,49,Tmax 26–29°C,tmax
bcc-csm1-1,rcp60,2020,61,Tmax 26–29°C,tmax
bcc-csm1-1,rcp60,2021,72,Tmax 26–29°C,tmax
bcc-csm1-1,rcp60,2022,70,Tmax 26–29°C,tmax
bcc-csm1-1,rcp60,2023,43,Tmax 26–29°C,tmax
bcc-csm1-1,rcp60,2024,43,Tmax 26–29°C,tmax
bcc-csm1-1,rcp60,2025,38,Tmax 26–29°C,tmax
bcc-csm1-1,rcp60,2026,60,Tmax 26–29°C,tmax
bcc-csm1-1,rcp60,2027,58,Tmax 26–29°C,tmax
bcc-csm1-1,rcp60,2028,43,Tmax 26–29°C,tmax
bcc-csm1-1,rcp60,2029,84,Tmax 26–29°C,tmax
bcc-csm1-1,rcp60,2030,45,Tmax 26–29°C,tmax
bcc-csm1-1,rcp60,2031,68,Tmax 26–29°C,tmax
bcc-csm1-1,rcp60,2032,44,Tmax 26–29°C,tmax
bcc-csm1-1,rcp60,2033,61,Tmax 26–29°C,tmax
bcc-csm1-1,rcp60,2034,74,Tmax 26–29°C,tmax
bcc-csm1-1,rcp60,2035,78,Tmax 26–29°C,tmax
bcc-csm1-1,rcp60,2036,70,Tmax 26–29°C,tmax
bcc-csm1-1-m,rcp60,2006,81,Tmax 26–29°C,tmax
bcc-csm1-1-m,rcp60,2007,49,Tmax 26–29°C,tmax
bcc-csm1-1-m,rcp60,2008,38,Tmax 26–29°C,tmax
bcc-csm1-1-m,rcp60,2009,58,Tmax 26–29°C,tmax
bcc-csm1-1-m,rcp60,2010,43,Tmax 26–29°C,tmax
bcc-csm1-1-m,rcp60,2011,48,Tmax 26–29°C,tmax
bcc-csm1-1-m,rcp60,2012,45,Tmax 26–29°C,tmax
bcc-csm1-1-m,rcp60,2013,45,Tmax 26–29°C,tmax
bcc-csm1-1-m,rcp60,2014,38,Tmax 26–29°C,tmax
bcc-csm1-1-m,rcp60,2015,40,Tmax 26–29°C,tmax
bcc-csm1-1-m,rcp60,2016,47,Tmax 26–29°C,tmax
bcc-csm1-1-m,rcp60,2017,65,Tmax 26–29°C,tmax
bcc-csm1-1-m,rcp60,2018,49,Tmax 26–29°C,tmax
bcc-csm1-1-m,rcp60,2019,67,Tmax 26–29°C,tmax
bcc-csm1-1-m,rcp60,2020,36,Tmax 26–29°C,tmax
bcc-csm1-1-m,rcp60,2021,37,Tmax 26–29°C,tmax
bcc-csm1-1-m,rcp60,2022,51,Tmax 26–29°C,tmax
bcc-csm1-1-m,rcp60,2023,39,Tmax 26–29°C,tmax
bcc-csm1-1-m,rcp60,2024,40,Tmax 26–29°C,tmax
bcc-csm1-1-m,rcp60,2025,56,Tmax 26–29°C,tmax
bcc-csm1-1-m,rcp60,2026,63,Tmax 26–29°C,tmax
bcc-csm1-1-m,rcp60,2027,74,Tmax 26–29°C,tmax
bcc-csm1-1-m,rcp60,2028,57,Tmax 26–29°C,tmax
bcc-csm1-1-m,rcp60,2029,67,Tmax 26–29°C,tmax
bcc-csm1-1-m,rcp60,2030,66,Tmax 26–29°C,tmax
bcc-csm1-1-m,rcp60,2031,47,Tmax 26–29°C,tmax
bcc-csm1-1-m,rcp60,2032,40,Tmax 26–29°C,tmax
bcc-csm1-1-m,rcp60,2033,57,Tmax 26–29°C,tmax
bcc-csm1-1-m,rcp60,2034,79,Tmax 26–29°C,tmax
bcc-csm1-1-m,rcp60,2035,44,Tmax 26–29°C,tmax
bcc-csm1-1-m,rcp60,2036,51,Tmax 26–29°C,tmax
ACCESS1-0,rcp85,2006,37,Tmax 26–29°C,tmax
ACCESS1-0,rcp85,2007,44,Tmax 26–29°C,tmax
ACCESS1-0,rcp85,2008,46,Tmax 26–29°C,tmax
ACCESS1-0,rcp85,2009,43,Tmax 26–29°C,tmax
ACCESS1-0,rcp85,2010,46,Tmax 26–29°C,tmax
ACCESS1-0,rcp85,2011,53,Tmax 26–29°C,tmax
ACCESS1-0,rcp85,2012,49,Tmax 26–29°C,tmax
ACCESS1-0,rcp85,2013,56,Tmax 26–29°C,tmax
ACCESS1-0,rcp85,2014,50,Tmax 26–29°C,tmax
ACCESS1-0,rcp85,2015,44,Tmax 26–29°C,tmax
ACCESS1-0,rcp85,2016,59,Tmax 26–29°C,tmax
ACCESS1-0,rcp85,2017,40,Tmax 26–29°C,tmax
ACCESS1-0,rcp85,2018,43,Tmax 26–29°C,tmax
ACCESS1-0,rcp85,2019,56,Tmax 26–29°C,tmax
ACCESS1-0,rcp85,2020,70,Tmax 26–29°C,tmax
ACCESS1-0,rcp85,2021,34,Tmax 26–29°C,tmax
ACCESS1-0,rcp85,2022,67,Tmax 26–29°C,tmax
ACCESS1-0,rcp85,2023,48,Tmax 26–29°C,tmax
ACCESS1-0,rcp85,2024,52,Tmax 26–29°C,tmax
ACCESS1-0,rcp85,2025,58,Tmax 26–29°C,tmax
ACCESS1-0,rcp85,2026,43,Tmax 26–29°C,tmax
ACCESS1-0,rcp85,2027,53,Tmax 26–29°C,tmax
ACCESS1-0,rcp85,2028,57,Tmax 26–29°C,tmax
ACCESS1-0,rcp85,2029,52,Tmax 26–29°C,tmax
ACCESS1-0,rcp85,2030,45,Tmax 26–29°C,tmax
ACCESS1-0,rcp85,2031,39,Tmax 26–29°C,tmax
ACCESS1-0,rcp85,2032,62,Tmax 26–29°C,tmax
ACCESS1-0,rcp85,2033,63,Tmax 26–29°C,tmax
ACCESS1-0,rcp85,2034,48,Tmax 26–29°C,tmax
ACCESS1-0,rcp85,2035,56,Tmax 26–29°C,tmax
ACCESS1-0,rcp85,2036,69,Tmax 26–29°C,tmax
ACCESS1-3,rcp85,2006,57,Tmax 26–29°C,tmax
ACCESS1-3,rcp85,2007,38,Tmax 26–29°C,tmax
ACCESS1-3,rcp85,2008,42,Tmax 26–29°C,tmax
ACCESS1-3,rcp85,2009,54,Tmax 26–29°C,tmax
ACCESS1-3,rcp85,2010,49,Tmax 26–29°C,tmax
ACCESS1-3,rcp85,2011,49,Tmax 26–29°C,tmax
ACCESS1-3,rcp85,2012,49,Tmax 26–29°C,tmax
ACCESS1-3,rcp85,2013,45,Tmax 26–29°C,tmax
ACCESS1-3,rcp85,2014,51,Tmax 26–29°C,tmax
ACCESS1-3,rcp85,2015,58,Tmax 26–29°C,tmax
ACCESS1-3,rcp85,2016,49,Tmax 26–29°C,tmax
ACCESS1-3,rcp85,2017,44,Tmax 26–29°C,tmax
ACCESS1-3,rcp85,2018,51,Tmax 26–29°C,tmax
ACCESS1-3,rcp85,2019,52,Tmax 26–29°C,tmax
ACCESS1-3,rcp85,2020,56,Tmax 26–29°C,tmax
ACCESS1-3,rcp85,2021,51,Tmax 26–29°C,tmax
ACCESS1-3,rcp85,2022,51,Tmax 26–29°C,tmax
ACCESS1-3,rcp85,2023,50,Tmax 26–29°C,tmax
ACCESS1-3,rcp85,2024,42,Tmax 26–29°C,tmax
ACCESS1-3,rcp85,2025,47,Tmax 26–29°C,tmax
ACCESS1-3,rcp85,2026,68,Tmax 26–29°C,tmax
ACCESS1-3,rcp85,2027,44,Tmax 26–29°C,tmax
ACCESS1-3,rcp85,2028,52,Tmax 26–29°C,tmax
ACCESS1-3,rcp85,2029,58,Tmax 26–29°C,tmax
ACCESS1-3,rcp85,2030,52,Tmax 26–29°C,tmax
ACCESS1-3,rcp85,2031,43,Tmax 26–29°C,tmax
ACCESS1-3,rcp85,2032,44,Tmax 26–29°C,tmax
ACCESS1-3,rcp85,2033,56,Tmax 26–29°C,tmax
ACCESS1-3,rcp85,2034,46,Tmax 26–29°C,tmax
ACCESS1-3,rcp85,2035,59,Tmax 26–29°C,tmax
ACCESS1-3,rcp85,2036,81,Tmax 26–29°C,tmax
BNU-ESM,rcp85,2006,53,Tmax 26–29°C,tmax
BNU-ESM,rcp85,2007,52,Tmax 26–29°C,tmax
BNU-ESM,rcp85,2008,60,Tmax 26–29°C,tmax
BNU-ESM,rcp85,2009,33,Tmax 26–29°C,tmax
BNU-ESM,rcp85,2010,43,Tmax 26–29°C,tmax
BNU-ESM,rcp85,2011,53,Tmax 26–29°C,tmax
BNU-ESM,rcp85,2012,44,Tmax 26–29°C,tmax
BNU-ESM,rcp85,2013,54,Tmax 26–29°C,tmax
BNU-ESM,rcp85,2014,38,Tmax 26–29°C,tmax
BNU-ESM,rcp85,2015,50,Tmax 26–29°C,tmax
BNU-ESM,rcp85,2016,46,Tmax 26–29°C,tmax
BNU-ESM,rcp85,2017,47,Tmax 26–29°C,tmax
BNU-ESM,rcp85,2018,68,Tmax 26–29°C,tmax
BNU-ESM,rcp85,2019,72,Tmax 26–29°C,tmax
BNU-ESM,rcp85,2020,66,Tmax 26–29°C,tmax
BNU-ESM,rcp85,2021,55,Tmax 26–29°C,tmax
BNU-ESM,rcp85,2022,50,Tmax 26–29°C,tmax
BNU-ESM,rcp85,2023,43,Tmax 26–29°C,tmax
BNU-ESM,rcp85,2024,44,Tmax 26–29°C,tmax
BNU-ESM,rcp85,2025,60,Tmax 26–29°C,tmax
BNU-ESM,rcp85,2026,43,Tmax 26–29°C,tmax
BNU-ESM,rcp85,2027,61,Tmax 26–29°C,tmax
BNU-ESM,rcp85,2028,46,Tmax 26–29°C,tmax
BNU-ESM,rcp85,2029,38,Tmax 26–29°C,tmax
BNU-ESM,rcp85,2030,61,Tmax 26–29°C,tmax
BNU-ESM,rcp85,2031,71,Tmax 26–29°C,tmax
BNU-ESM,rcp85,2032,49,Tmax 26–29°C,tmax
BNU-ESM,rcp85,2033,62,Tmax 26–29°C,tmax
BNU-ESM,rcp85,2034,38,Tmax 26–29°C,tmax
BNU-ESM,rcp85,2035,40,Tmax 26–29°C,tmax
BNU-ESM,rcp85,2036,62,Tmax 26–29°C,tmax
CCSM4,rcp85,2006,42,Tmax 26–29°C,tmax
CCSM4,rcp85,2007,65,Tmax 26–29°C,tmax
CCSM4,rcp85,2008,48,Tmax 26–29°C,tmax
CCSM4,rcp85,2009,46,Tmax 26–29°C,tmax
CCSM4,rcp85,2010,48,Tmax 26–29°C,tmax
CCSM4,rcp85,2011,64,Tmax 26–29°C,tmax
CCSM4,rcp85,2012,63,Tmax 26–29°C,tmax
CCSM4,rcp85,2013,60,Tmax 26–29°C,tmax
CCSM4,rcp85,2014,45,Tmax 26–29°C,tmax
CCSM4,rcp85,2015,48,Tmax 26–29°C,tmax
CCSM4,rcp85,2016,39,Tmax 26–29°C,tmax
CCSM4,rcp85,2017,48,Tmax 26–29°C,tmax
CCSM4,rcp85,2018,50,Tmax 26–29°C,tmax
CCSM4,rcp85,2019,44,Tmax 26–29°C,tmax
CCSM4,rcp85,2020,47,Tmax 26–29°C,tmax
CCSM4,rcp85,2021,78,Tmax 26–29°C,tmax
CCSM4,rcp85,2022,73,Tmax 26–29°C,tmax
CCSM4,rcp85,2023,56,Tmax 26–29°C,tmax
CCSM4,rcp85,2024,27,Tmax 26–29°C,tmax
CCSM4,rcp85,2025,54,Tmax 26–29°C,tmax
CCSM4,rcp85,2026,57,Tmax 26–29°C,tmax
CCSM4,rcp85,2027,52,Tmax 26–29°C,tmax
CCSM4,rcp85,2028,36,Tmax 26–29°C,tmax
CCSM4,rcp85,2029,51,Tmax 26–29°C,tmax
CCSM4,rcp85,2030,41,Tmax 26–29°C,tmax
CCSM4,rcp85,2031,43,Tmax 26–29°C,tmax
CCSM4,rcp85,2032,52,Tmax 26–29°C,tmax
CCSM4,rcp85,2033,51,Tmax 26–29°C,tmax
CCSM4,rcp85,2034,56,Tmax 26–29°C,tmax
CCSM4,rcp85,2035,58,Tmax 26–29°C,tmax
CCSM4,rcp85,2036,45,Tmax 26–29°C,tmax
CESM1-BGC,rcp85,2006,42,Tmax 26–29°C,tmax
CESM1-BGC,rcp85,2007,34,Tmax 26–29°C,tmax
CESM1-BGC,rcp85,2008,71,Tmax 26–29°C,tmax
CESM1-BGC,rcp85,2009,50,Tmax 26–29°C,tmax
CESM1-BGC,rcp85,2010,56,Tmax 26–29°C,tmax
CESM1-BGC,rcp85,2011,60,Tmax 26–29°C,tmax
CESM1-BGC,rcp85,2012,43,Tmax 26–29°C,tmax
CESM1-BGC,rcp85,2013,48,Tmax 26–29°C,tmax
CESM1-BGC,rcp85,2014,46,Tmax 26–29°C,tmax
CESM1-BGC,rcp85,2015,37,Tmax 26–29°C,tmax
CESM1-BGC,rcp85,2016,56,Tmax 26–29°C,tmax
CESM1-BGC,rcp85,2017,47,Tmax 26–29°C,tmax
CESM1-BGC,rcp85,2018,64,Tmax 26–29°C,tmax
CESM1-BGC,rcp85,2019,52,Tmax 26–29°C,tmax
CESM1-BGC,rcp85,2020,56,Tmax 26–29°C,tmax
CESM1-BGC,rcp85,2021,61,Tmax 26–29°C,tmax
CESM1-BGC,rcp85,2022,63,Tmax 26–29°C,tmax
CESM1-BGC,rcp85,2023,42,Tmax 26–29°C,tmax
CESM1-BGC,rcp85,2024,61,Tmax 26–29°C,tmax
CESM1-BGC,rcp85,2025,50,Tmax 26–29°C,tmax
CESM1-BGC,rcp85,2026,74,Tmax 26–29°C,tmax
CESM1-BGC,rcp85,2027,59,Tmax 26–29°C,tmax
CESM1-BGC,rcp85,2028,52,Tmax 26–29°C,tmax
CESM1-BGC,rcp85,2029,55,Tmax 26–29°C,tmax
CESM1-BGC,rcp85,2030,63,Tmax 26–29°C,tmax
CESM1-BGC,rcp85,2031,84,Tmax 26–29°C,tmax
CESM1-BGC,rcp85,2032,65,Tmax 26–29°C,tmax
CESM1-BGC,rcp85,2033,62,Tmax 26–29°C,tmax
CESM1-BGC,rcp85,2034,55,Tmax 26–29°C,tmax
CESM1-BGC,rcp85,2035,59,Tmax 26–29°C,tmax
CESM1-BGC,rcp85,2036,34,Tmax 26–29°C,tmax
CESM1-CAM5,rcp85,2006,46,Tmax 26–29°C,tmax
CESM1-CAM5,rcp85,2007,63,Tmax 26–29°C,tmax
CESM1-CAM5,rcp85,2008,60,Tmax 26–29°C,tmax
CESM1-CAM5,rcp85,2009,66,Tmax 26–29°C,tmax
CESM1-CAM5,rcp85,2010,52,Tmax 26–29°C,tmax
CESM1-CAM5,rcp85,2011,52,Tmax 26–29°C,tmax
CESM1-CAM5,rcp85,2012,60,Tmax 26–29°C,tmax
CESM1-CAM5,rcp85,2013,52,Tmax 26–29°C,tmax
CESM1-CAM5,rcp85,2014,55,Tmax 26–29°C,tmax
CESM1-CAM5,rcp85,2015,63,Tmax 26–29°C,tmax
CESM1-CAM5,rcp85,2016,54,Tmax 26–29°C,tmax
CESM1-CAM5,rcp85,2017,52,Tmax 26–29°C,tmax
CESM1-CAM5,rcp85,2018,55,Tmax 26–29°C,tmax
CESM1-CAM5,rcp85,2019,60,Tmax 26–29°C,tmax
CESM1-CAM5,rcp85,2020,73,Tmax 26–29°C,tmax
CESM1-CAM5,rcp85,2021,63,Tmax 26–29°C,tmax
CESM1-CAM5,rcp85,2022,65,Tmax 26–29°C,tmax
CESM1-CAM5,rcp85,2023,43,Tmax 26–29°C,tmax
CESM1-CAM5,rcp85,2024,55,Tmax 26–29°C,tmax
CESM1-CAM5,rcp85,2025,65,Tmax 26–29°C,tmax
CESM1-CAM5,rcp85,2026,62,Tmax 26–29°C,tmax
CESM1-CAM5,rcp85,2027,72,Tmax 26–29°C,tmax
CESM1-CAM5,rcp85,2028,51,Tmax 26–29°C,tmax
CESM1-CAM5,rcp85,2029,64,Tmax 26–29°C,tmax
CESM1-CAM5,rcp85,2030,47,Tmax 26–29°C,tmax
CESM1-CAM5,rcp85,2031,52,Tmax 26–29°C,tmax
CESM1-CAM5,rcp85,2032,70,Tmax 26–29°C,tmax
CESM1-CAM5,rcp85,2033,67,Tmax 26–29°C,tmax
CESM1-CAM5,rcp85,2034,63,Tmax 26–29°C,tmax
CESM1-CAM5,rcp85,2035,47,Tmax 26–29°C,tmax
CESM1-CAM5,rcp85,2036,48,Tmax 26–29°C,tmax
CMCC-CESM,rcp85,2006,47,Tmax 26–29°C,tmax
CMCC-CESM,rcp85,2007,64,Tmax 26–29°C,tmax
CMCC-CESM,rcp85,2008,74,Tmax 26–29°C,tmax
CMCC-CESM,rcp85,2009,66,Tmax 26–29°C,tmax
CMCC-CESM,rcp85,2010,38,Tmax 26–29°C,tmax
CMCC-CESM,rcp85,2011,61,Tmax 26–29°C,tmax
CMCC-CESM,rcp85,2012,45,Tmax 26–29°C,tmax
CMCC-CESM,rcp85,2013,52,Tmax 26–29°C,tmax
CMCC-CESM,rcp85,2014,62,Tmax 26–29°C,tmax
CMCC-CESM,rcp85,2015,64,Tmax 26–29°C,tmax
CMCC-CESM,rcp85,2016,49,Tmax 26–29°C,tmax
CMCC-CESM,rcp85,2017,52,Tmax 26–29°C,tmax
CMCC-CESM,rcp85,2018,56,Tmax 26–29°C,tmax
CMCC-CESM,rcp85,2019,70,Tmax 26–29°C,tmax
CMCC-CESM,rcp85,2020,49,Tmax 26–29°C,tmax
CMCC-CESM,rcp85,2021,47,Tmax 26–29°C,tmax
CMCC-CESM,rcp85,2022,60,Tmax 26–29°C,tmax
CMCC-CESM,rcp85,2023,61,Tmax 26–29°C,tmax
CMCC-CESM,rcp85,2024,32,Tmax 26–29°C,tmax
CMCC-CESM,rcp85,2025,72,Tmax 26–29°C,tmax
CMCC-CESM,rcp85,2026,34,Tmax 26–29°C,tmax
CMCC-CESM,rcp85,2027,75,Tmax 26–29°C,tmax
CMCC-CESM,rcp85,2028,60,Tmax 26–29°C,tmax
CMCC-CESM,rcp85,2029,47,Tmax 26–29°C,tmax
CMCC-CESM,rcp85,2030,60,Tmax 26–29°C,tmax
CMCC-CESM,rcp85,2031,65,Tmax 26–29°C,tmax
CMCC-CESM,rcp85,2032,71,Tmax 26–29°C,tmax
CMCC-CESM,rcp85,2033,35,Tmax 26–29°C,tmax
CMCC-CESM,rcp85,2034,65,Tmax 26–29°C,tmax
CMCC-CESM,rcp85,2035,59,Tmax 26–29°C,tmax
CMCC-CESM,rcp85,2036,71,Tmax 26–29°C,tmax
CMCC-CM,rcp85,2006,61,Tmax 26–29°C,tmax
CMCC-CM,rcp85,2007,53,Tmax 26–29°C,tmax
CMCC-CM,rcp85,2008,43,Tmax 26–29°C,tmax
CMCC-CM,rcp85,2009,50,Tmax 26–29°C,tmax
CMCC-CM,rcp85,2010,59,Tmax 26–29°C,tmax
CMCC-CM,rcp85,2011,49,Tmax 26–29°C,tmax
CMCC-CM,rcp85,2012,61,Tmax 26–29°C,tmax
CMCC-CM,rcp85,2013,50,Tmax 26–29°C,tmax
CMCC-CM,rcp85,2014,37,Tmax 26–29°C,tmax
CMCC-CM,rcp85,2015,55,Tmax 26–29°C,tmax
CMCC-CM,rcp85,2016,51,Tmax 26–29°C,tmax
CMCC-CM,rcp85,2017,43,Tmax 26–29°C,tmax
CMCC-CM,rcp85,2018,42,Tmax 26–29°C,tmax
CMCC-CM,rcp85,2019,68,Tmax 26–29°C,tmax
CMCC-CM,rcp85,2020,65,Tmax 26–29°C,tmax
CMCC-CM,rcp85,2021,37,Tmax 26–29°C,tmax
CMCC-CM,rcp85,2022,41,Tmax 26–29°C,tmax
CMCC-CM,rcp85,2023,58,Tmax 26–29°C,tmax
CMCC-CM,rcp85,2024,65,Tmax 26–29°C,tmax
CMCC-CM,rcp85,2025,62,Tmax 26–29°C,tmax
CMCC-CM,rcp85,2026,52,Tmax 26–29°C,tmax
CMCC-CM,rcp85,2027,51,Tmax 26–29°C,tmax
CMCC-CM,rcp85,2028,41,Tmax 26–29°C,tmax
CMCC-CM,rcp85,2029,55,Tmax 26–29°C,tmax
CMCC-CM,rcp85,2030,40,Tmax 26–29°C,tmax
CMCC-CM,rcp85,2031,52,Tmax 26–29°C,tmax
CMCC-CM,rcp85,2032,50,Tmax 26–29°C,tmax
CMCC-CM,rcp85,2033,61,Tmax 26–29°C,tmax
CMCC-CM,rcp85,2034,40,Tmax 26–29°C,tmax
CMCC-CM,rcp85,2035,52,Tmax 26–29°C,tmax
CMCC-CM,rcp85,2036,46,Tmax 26–29°C,tmax
CNRM-CM5,rcp85,2006,51,Tmax 26–29°C,tmax
CNRM-CM5,rcp85,2007,52,Tmax 26–29°C,tmax
CNRM-CM5,rcp85,2008,55,Tmax 26–29°C,tmax
CNRM-CM5,rcp85,2009,49,Tmax 26–29°C,tmax
CNRM-CM5,rcp85,2010,35,Tmax 26–29°C,tmax
CNRM-CM5,rcp85,2011,51,Tmax 26–29°C,tmax
CNRM-CM5,rcp85,2012,50,Tmax 26–29°C,tmax
CNRM-CM5,rcp85,2013,64,Tmax 26–29°C,tmax
CNRM-CM5,rcp85,2014,57,Tmax 26–29°C,tmax
CNRM-CM5,rcp85,2015,54,Tmax 26–29°C,tmax
CNRM-CM5,rcp85,2016,63,Tmax 26–29°C,tmax
CNRM-CM5,rcp85,2017,57,Tmax 26–29°C,tmax
CNRM-CM5,rcp85,2018,37,Tmax 26–29°C,tmax
CNRM-CM5,rcp85,2019,52,Tmax 26–29°C,tmax
CNRM-CM5,rcp85,2020,46,Tmax 26–29°C,tmax
CNRM-CM5,rcp85,2021,65,Tmax 26–29°C,tmax
CNRM-CM5,rcp85,2022,44,Tmax 26–29°C,tmax
CNRM-CM5,rcp85,2023,52,Tmax 26–29°C,tmax
CNRM-CM5,rcp85,2024,43,Tmax 26–29°C,tmax
CNRM-CM5,rcp85,2025,59,Tmax 26–29°C,tmax
CNRM-CM5,rcp85,2026,52,Tmax 26–29°C,tmax
CNRM-CM5,rcp85,2027,64,Tmax 26–29°C,tmax
CNRM-CM5,rcp85,2028,46,Tmax 26–29°C,tmax
CNRM-CM5,rcp85,2029,44,Tmax 26–29°C,tmax
CNRM-CM5,rcp85,2030,54,Tmax 26–29°C,tmax
CNRM-CM5,rcp85,2031,48,Tmax 26–29°C,tmax
CNRM-CM5,rcp85,2032,34,Tmax 26–29°C,tmax
CNRM-CM5,rcp85,2033,36,Tmax 26–29°C,tmax
CNRM-CM5,rcp85,2034,63,Tmax 26–29°C,tmax
CNRM-CM5,rcp85,2035,46,Tmax 26–29°C,tmax
CNRM-CM5,rcp85,2036,35,Tmax 26–29°C,tmax
CSIRO-Mk3-6-0,rcp85,2006,43,Tmax 26–29°C,tmax
CSIRO-Mk3-6-0,rcp85,2007,29,Tmax 26–29°C,tmax
CSIRO-Mk3-6-0,rcp85,2008,57,Tmax 26–29°C,tmax
CSIRO-Mk3-6-0,rcp85,2009,56,Tmax 26–29°C,tmax
CSIRO-Mk3-6-0,rcp85,2010,53,Tmax 26–29°C,tmax
CSIRO-Mk3-6-0,rcp85,2011,67,Tmax 26–29°C,tmax
CSIRO-Mk3-6-0,rcp85,2012,60,Tmax 26–29°C,tmax
CSIRO-Mk3-6-0,rcp85,2013,69,Tmax 26–29°C,tmax
CSIRO-Mk3-6-0,rcp85,2014,55,Tmax 26–29°C,tmax
CSIRO-Mk3-6-0,rcp85,2015,65,Tmax 26–29°C,tmax
CSIRO-Mk3-6-0,rcp85,2016,53,Tmax 26–29°C,tmax
CSIRO-Mk3-6-0,rcp85,2017,55,Tmax 26–29°C,tmax
CSIRO-Mk3-6-0,rcp85,2018,68,Tmax 26–29°C,tmax
CSIRO-Mk3-6-0,rcp85,2019,51,Tmax 26–29°C,tmax
CSIRO-Mk3-6-0,rcp85,2020,55,Tmax 26–29°C,tmax
CSIRO-Mk3-6-0,rcp85,2021,79,Tmax 26–29°C,tmax
CSIRO-Mk3-6-0,rcp85,2022,55,Tmax 26–29°C,tmax
CSIRO-Mk3-6-0,rcp85,2023,41,Tmax 26–29°C,tmax
CSIRO-Mk3-6-0,rcp85,2024,45,Tmax 26–29°C,tmax
CSIRO-Mk3-6-0,rcp85,2025,60,Tmax 26–29°C,tmax
CSIRO-Mk3-6-0,rcp85,2026,85,Tmax 26–29°C,tmax
CSIRO-Mk3-6-0,rcp85,2027,53,Tmax 26–29°C,tmax
CSIRO-Mk3-6-0,rcp85,2028,59,Tmax 26–29°C,tmax
CSIRO-Mk3-6-0,rcp85,2029,56,Tmax 26–29°C,tmax
CSIRO-Mk3-6-0,rcp85,2030,39,Tmax 26–29°C,tmax
CSIRO-Mk3-6-0,rcp85,2031,55,Tmax 26–29°C,tmax
CSIRO-Mk3-6-0,rcp85,2032,44,Tmax 26–29°C,tmax
CSIRO-Mk3-6-0,rcp85,2033,38,Tmax 26–29°C,tmax
CSIRO-Mk3-6-0,rcp85,2034,68,Tmax 26–29°C,tmax
CSIRO-Mk3-6-0,rcp85,2035,67,Tmax 26–29°C,tmax
CSIRO-Mk3-6-0,rcp85,2036,50,Tmax 26–29°C,tmax
CanESM2,rcp85,2006,40,Tmax 26–29°C,tmax
CanESM2,rcp85,2007,58,Tmax 26–29°C,tmax
CanESM2,rcp85,2008,49,Tmax 26–29°C,tmax
CanESM2,rcp85,2009,49,Tmax 26–29°C,tmax
CanESM2,rcp85,2010,53,Tmax 26–29°C,tmax
CanESM2,rcp85,2011,55,Tmax 26–29°C,tmax
CanESM2,rcp85,2012,50,Tmax 26–29°C,tmax
CanESM2,rcp85,2013,43,Tmax 26–29°C,tmax
CanESM2,rcp85,2014,63,Tmax 26–29°C,tmax
CanESM2,rcp85,2015,51,Tmax 26–29°C,tmax
CanESM2,rcp85,2016,57,Tmax 26–29°C,tmax
CanESM2,rcp85,2017,49,Tmax 26–29°C,tmax
CanESM2,rcp85,2018,56,Tmax 26–29°C,tmax
CanESM2,rcp85,2019,60,Tmax 26–29°C,tmax
CanESM2,rcp85,2020,50,Tmax 26–29°C,tmax
CanESM2,rcp85,2021,57,Tmax 26–29°C,tmax
CanESM2,rcp85,2022,46,Tmax 26–29°C,tmax
CanESM2,rcp85,2023,48,Tmax 26–29°C,tmax
CanESM2,rcp85,2024,72,Tmax 26–29°C,tmax
CanESM2,rcp85,2025,49,Tmax 26–29°C,tmax
CanESM2,rcp85,2026,68,Tmax 26–29°C,tmax
CanESM2,rcp85,2027,53,Tmax 26–29°C,tmax
CanESM2,rcp85,2028,51,Tmax 26–29°C,tmax
CanESM2,rcp85,2029,74,Tmax 26–29°C,tmax
CanESM2,rcp85,2030,47,Tmax 26–29°C,tmax
CanESM2,rcp85,2031,46,Tmax 26–29°C,tmax
CanESM2,rcp85,2032,51,Tmax 26–29°C,tmax
CanESM2,rcp85,2033,42,Tmax 26–29°C,tmax
CanESM2,rcp85,2034,70,Tmax 26–29°C,tmax
CanESM2,rcp85,2035,48,Tmax 26–29°C,tmax
CanESM2,rcp85,2036,33,Tmax 26–29°C,tmax
EC-EARTH,rcp85,2006,60,Tmax 26–29°C,tmax
EC-EARTH,rcp85,2007,47,Tmax 26–29°C,tmax
EC-EARTH,rcp85,2008,55,Tmax 26–29°C,tmax
EC-EARTH,rcp85,2009,51,Tmax 26–29°C,tmax
EC-EARTH,rcp85,2010,43,Tmax 26–29°C,tmax
EC-EARTH,rcp85,2011,47,Tmax 26–29°C,tmax
EC-EARTH,rcp85,2012,54,Tmax 26–29°C,tmax
EC-EARTH,rcp85,2013,49,Tmax 26–29°C,tmax
EC-EARTH,rcp85,2014,45,Tmax 26–29°C,tmax
EC-EARTH,rcp85,2015,50,Tmax 26–29°C,tmax
EC-EARTH,rcp85,2016,65,Tmax 26–29°C,tmax
EC-EARTH,rcp85,2017,56,Tmax 26–29°C,tmax
EC-EARTH,rcp85,2018,43,Tmax 26–29°C,tmax
EC-EARTH,rcp85,2019,49,Tmax 26–29°C,tmax
EC-EARTH,rcp85,2020,59,Tmax 26–29°C,tmax
EC-EARTH,rcp85,2021,61,Tmax 26–29°C,tmax
EC-EARTH,rcp85,2022,41,Tmax 26–29°C,tmax
EC-EARTH,rcp85,2023,49,Tmax 26–29°C,tmax
EC-EARTH,rcp85,2024,57,Tmax 26–29°C,tmax
EC-EARTH,rcp85,2025,55,Tmax 26–29°C,tmax
EC-EARTH,rcp85,2026,58,Tmax 26–29°C,tmax
EC-EARTH,rcp85,2027,69,Tmax 26–29°C,tmax
EC-EARTH,rcp85,2028,47,Tmax 26–29°C,tmax
EC-EARTH,rcp85,2029,64,Tmax 26–29°C,tmax
EC-EARTH,rcp85,2030,58,Tmax 26–29°C,tmax
EC-EARTH,rcp85,2031,57,Tmax 26–29°C,tmax
EC-EARTH,rcp85,2032,52,Tmax 26–29°C,tmax
EC-EARTH,rcp85,2033,71,Tmax 26–29°C,tmax
EC-EARTH,rcp85,2034,83,Tmax 26–29°C,tmax
EC-EARTH,rcp85,2035,47,Tmax 26–29°C,tmax
EC-EARTH,rcp85,2036,57,Tmax 26–29°C,tmax
FGOALS-g2,rcp85,2006,50,Tmax 26–29°C,tmax
FGOALS-g2,rcp85,2007,45,Tmax 26–29°C,tmax
FGOALS-g2,rcp85,2008,37,Tmax 26–29°C,tmax
FGOALS-g2,rcp85,2009,51,Tmax 26–29°C,tmax
FGOALS-g2,rcp85,2010,58,Tmax 26–29°C,tmax
FGOALS-g2,rcp85,2011,63,Tmax 26–29°C,tmax
FGOALS-g2,rcp85,2012,49,Tmax 26–29°C,tmax
FGOALS-g2,rcp85,2013,65,Tmax 26–29°C,tmax
FGOALS-g2,rcp85,2014,64,Tmax 26–29°C,tmax
FGOALS-g2,rcp85,2015,63,Tmax 26–29°C,tmax
FGOALS-g2,rcp85,2016,51,Tmax 26–29°C,tmax
FGOALS-g2,rcp85,2017,58,Tmax 26–29°C,tmax
FGOALS-g2,rcp85,2018,74,Tmax 26–29°C,tmax
FGOALS-g2,rcp85,2019,65,Tmax 26–29°C,tmax
FGOALS-g2,rcp85,2020,67,Tmax 26–29°C,tmax
FGOALS-g2,rcp85,2021,49,Tmax 26–29°C,tmax
FGOALS-g2,rcp85,2022,42,Tmax 26–29°C,tmax
FGOALS-g2,rcp85,2023,62,Tmax 26–29°C,tmax
FGOALS-g2,rcp85,2024,57,Tmax 26–29°C,tmax
FGOALS-g2,rcp85,2025,43,Tmax 26–29°C,tmax
FGOALS-g2,rcp85,2026,45,Tmax 26–29°C,tmax
FGOALS-g2,rcp85,2027,45,Tmax 26–29°C,tmax
FGOALS-g2,rcp85,2028,49,Tmax 26–29°C,tmax
FGOALS-g2,rcp85,2029,55,Tmax 26–29°C,tmax
FGOALS-g2,rcp85,2030,57,Tmax 26–29°C,tmax
FGOALS-g2,rcp85,2031,36,Tmax 26–29°C,tmax
FGOALS-g2,rcp85,2032,67,Tmax 26–29°C,tmax
FGOALS-g2,rcp85,2033,66,Tmax 26–29°C,tmax
FGOALS-g2,rcp85,2034,47,Tmax 26–29°C,tmax
FGOALS-g2,rcp85,2035,56,Tmax 26–29°C,tmax
FGOALS-g2,rcp85,2036,53,Tmax 26–29°C,tmax
GFDL-CM3,rcp85,2006,38,Tmax 26–29°C,tmax
GFDL-CM3,rcp85,2007,41,Tmax 26–29°C,tmax
GFDL-CM3,rcp85,2008,64,Tmax 26–29°C,tmax
GFDL-CM3,rcp85,2009,31,Tmax 26–29°C,tmax
GFDL-CM3,rcp85,2010,48,Tmax 26–29°C,tmax
GFDL-CM3,rcp85,2011,46,Tmax 26–29°C,tmax
GFDL-CM3,rcp85,2012,32,Tmax 26–29°C,tmax
GFDL-CM3,rcp85,2013,71,Tmax 26–29°C,tmax
GFDL-CM3,rcp85,2014,44,Tmax 26–29°C,tmax
GFDL-CM3,rcp85,2015,52,Tmax 26–29°C,tmax
GFDL-CM3,rcp85,2016,60,Tmax 26–29°C,tmax
GFDL-CM3,rcp85,2017,43,Tmax 26–29°C,tmax
GFDL-CM3,rcp85,2018,48,Tmax 26–29°C,tmax
GFDL-CM3,rcp85,2019,55,Tmax 26–29°C,tmax
GFDL-CM3,rcp85,2020,62,Tmax 26–29°C,tmax
GFDL-CM3,rcp85,2021,32,Tmax 26–29°C,tmax
GFDL-CM3,rcp85,2022,55,Tmax 26–29°C,tmax
GFDL-CM3,rcp85,2023,59,Tmax 26–29°C,tmax
GFDL-CM3,rcp85,2024,76,Tmax 26–29°C,tmax
GFDL-CM3,rcp85,2025,52,Tmax 26–29°C,tmax
GFDL-CM3,rcp85,2026,47,Tmax 26–29°C,tmax
GFDL-CM3,rcp85,2027,60,Tmax 26–29°C,tmax
GFDL-CM3,rcp85,2028,45,Tmax 26–29°C,tmax
GFDL-CM3,rcp85,2029,48,Tmax 26–29°C,tmax
GFDL-CM3,rcp85,2030,53,Tmax 26–29°C,tmax
GFDL-CM3,rcp85,2031,51,Tmax 26–29°C,tmax
GFDL-CM3,rcp85,2032,53,Tmax 26–29°C,tmax
GFDL-CM3,rcp85,2033,69,Tmax 26–29°C,tmax
GFDL-CM3,rcp85,2034,55,Tmax 26–29°C,tmax
GFDL-CM3,rcp85,2035,58,Tmax 26–29°C,tmax
GFDL-CM3,rcp85,2036,61,Tmax 26–29°C,tmax
GFDL-ESM2G,rcp85,2006,34,Tmax 26–29°C,tmax
GFDL-ESM2G,rcp85,2007,66,Tmax 26–29°C,tmax
GFDL-ESM2G,rcp85,2008,43,Tmax 26–29°C,tmax
GFDL-ESM2G,rcp85,2009,36,Tmax 26–29°C,tmax
GFDL-ESM2G,rcp85,2010,37,Tmax 26–29°C,tmax
GFDL-ESM2G,rcp85,2011,58,Tmax 26–29°C,tmax
GFDL-ESM2G,rcp85,2012,57,Tmax 26–29°C,tmax
GFDL-ESM2G,rcp85,2013,56,Tmax 26–29°C,tmax
GFDL-ESM2G,rcp85,2014,56,Tmax 26–29°C,tmax
GFDL-ESM2G,rcp85,2015,56,Tmax 26–29°C,tmax
GFDL-ESM2G,rcp85,2016,56,Tmax 26–29°C,tmax
GFDL-ESM2G,rcp85,2017,44,Tmax 26–29°C,tmax
GFDL-ESM2G,rcp85,2018,47,Tmax 26–29°C,tmax
GFDL-ESM2G,rcp85,2019,69,Tmax 26–29°C,tmax
GFDL-ESM2G,rcp85,2020,63,Tmax 26–29°C,tmax
GFDL-ESM2G,rcp85,2021,48,Tmax 26–29°C,tmax
GFDL-ESM2G,rcp85,2022,62,Tmax 26–29°C,tmax
GFDL-ESM2G,rcp85,2023,56,Tmax 26–29°C,tmax
GFDL-ESM2G,rcp85,2024,49,Tmax 26–29°C,tmax
GFDL-ESM2G,rcp85,2025,41,Tmax 26–29°C,tmax
GFDL-ESM2G,rcp85,2026,42,Tmax 26–29°C,tmax
GFDL-ESM2G,rcp85,2027,61,Tmax 26–29°C,tmax
GFDL-ESM2G,rcp85,2028,69,Tmax 26–29°C,tmax
GFDL-ESM2G,rcp85,2029,33,Tmax 26–29°C,tmax
GFDL-ESM2G,rcp85,2030,41,Tmax 26–29°C,tmax
GFDL-ESM2G,rcp85,2031,64,Tmax 26–29°C,tmax
GFDL-ESM2G,rcp85,2032,77,Tmax 26–29°C,tmax
GFDL-ESM2G,rcp85,2033,52,Tmax 26–29°C,tmax
GFDL-ESM2G,rcp85,2034,65,Tmax 26–29°C,tmax
GFDL-ESM2G,rcp85,2035,55,Tmax 26–29°C,tmax
GFDL-ESM2G,rcp85,2036,85,Tmax 26–29°C,tmax
GFDL-ESM2M,rcp85,2006,60,Tmax 26–29°C,tmax
GFDL-ESM2M,rcp85,2007,57,Tmax 26–29°C,tmax
GFDL-ESM2M,rcp85,2008,47,Tmax 26–29°C,tmax
GFDL-ESM2M,rcp85,2009,47,Tmax 26–29°C,tmax
GFDL-ESM2M,rcp85,2010,72,Tmax 26–29°C,tmax
GFDL-ESM2M,rcp85,2011,53,Tmax 26–29°C,tmax
GFDL-ESM2M,rcp85,2012,67,Tmax 26–29°C,tmax
GFDL-ESM2M,rcp85,2013,55,Tmax 26–29°C,tmax
GFDL-ESM2M,rcp85,2014,46,Tmax 26–29°C,tmax
GFDL-ESM2M,rcp85,2015,47,Tmax 26–29°C,tmax
GFDL-ESM2M,rcp85,2016,63,Tmax 26–29°C,tmax
GFDL-ESM2M,rcp85,2017,66,Tmax 26–29°C,tmax
GFDL-ESM2M,rcp85,2018,51,Tmax 26–29°C,tmax
GFDL-ESM2M,rcp85,2019,54,Tmax 26–29°C,tmax
GFDL-ESM2M,rcp85,2020,48,Tmax 26–29°C,tmax
GFDL-ESM2M,rcp85,2021,57,Tmax 26–29°C,tmax
GFDL-ESM2M,rcp85,2022,51,Tmax 26–29°C,tmax
GFDL-ESM2M,rcp85,2023,60,Tmax 26–29°C,tmax
GFDL-ESM2M,rcp85,2024,75,Tmax 26–29°C,tmax
GFDL-ESM2M,rcp85,2025,48,Tmax 26–29°C,tmax
GFDL-ESM2M,rcp85,2026,65,Tmax 26–29°C,tmax
GFDL-ESM2M,rcp85,2027,75,Tmax 26–29°C,tmax
GFDL-ESM2M,rcp85,2028,61,Tmax 26–29°C,tmax
GFDL-ESM2M,rcp85,2029,42,Tmax 26–29°C,tmax
GFDL-ESM2M,rcp85,2030,45,Tmax 26–29°C,tmax
GFDL-ESM2M,rcp85,2031,50,Tmax 26–29°C,tmax
GFDL-ESM2M,rcp85,2032,57,Tmax 26–29°C,tmax
GFDL-ESM2M,rcp85,2033,54,Tmax 26–29°C,tmax
GFDL-ESM2M,rcp85,2034,62,Tmax 26–29°C,tmax
GFDL-ESM2M,rcp85,2035,70,Tmax 26–29°C,tmax
GFDL-ESM2M,rcp85,2036,52,Tmax 26–29°C,tmax
IPSL-CM5A-LR,rcp85,2006,45,Tmax 26–29°C,tmax
IPSL-CM5A-LR,rcp85,2007,47,Tmax 26–29°C,tmax
IPSL-CM5A-LR,rcp85,2008,53,Tmax 26–29°C,tmax
IPSL-CM5A-LR,rcp85,2009,30,Tmax 26–29°C,tmax
IPSL-CM5A-LR,rcp85,2010,36,Tmax 26–29°C,tmax
IPSL-CM5A-LR,rcp85,2011,67,Tmax 26–29°C,tmax
IPSL-CM5A-LR,rcp85,2012,70,Tmax 26–29°C,tmax
IPSL-CM5A-LR,rcp85,2013,62,Tmax 26–29°C,tmax
IPSL-CM5A-LR,rcp85,2014,46,Tmax 26–29°C,tmax
IPSL-CM5A-LR,rcp85,2015,43,Tmax 26–29°C,tmax
IPSL-CM5A-LR,rcp85,2016,46,Tmax 26–29°C,tmax
IPSL-CM5A-LR,rcp85,2017,41,Tmax 26–29°C,tmax
IPSL-CM5A-LR,rcp85,2018,60,Tmax 26–29°C,tmax
IPSL-CM5A-LR,rcp85,2019,33,Tmax 26–29°C,tmax
IPSL-CM5A-LR,rcp85,2020,45,Tmax 26–29°C,tmax
IPSL-CM5A-LR,rcp85,2021,60,Tmax 26–29°C,tmax
IPSL-CM5A-LR,rcp85,2022,57,Tmax 26–29°C,tmax
IPSL-CM5A-LR,rcp85,2023,55,Tmax 26–29°C,tmax
IPSL-CM5A-LR,rcp85,2024,48,Tmax 26–29°C,tmax
IPSL-CM5A-LR,rcp85,2025,51,Tmax 26–29°C,tmax
IPSL-CM5A-LR,rcp85,2026,60,Tmax 26–29°C,tmax
IPSL-CM5A-LR,rcp85,2027,41,Tmax 26–29°C,tmax
IPSL-CM5A-LR,rcp85,2028,65,Tmax 26–29°C,tmax
IPSL-CM5A-LR,rcp85,2029,57,Tmax 26–29°C,tmax
IPSL-CM5A-LR,rcp85,2030,64,Tmax 26–29°C,tmax
IPSL-CM5A-LR,rcp85,2031,41,Tmax 26–29°C,tmax
IPSL-CM5A-LR,rcp85,2032,57,Tmax 26–29°C,tmax
IPSL-CM5A-LR,rcp85,2033,49,Tmax 26–29°C,tmax
IPSL-CM5A-LR,rcp85,2034,83,Tmax 26–29°C,tmax
IPSL-CM5A-LR,rcp85,2035,42,Tmax 26–29°C,tmax
IPSL-CM5A-LR,rcp85,2036,44,Tmax 26–29°C,tmax
IPSL-CM5A-MR,rcp85,2006,48,Tmax 26–29°C,tmax
IPSL-CM5A-MR,rcp85,2007,50,Tmax 26–29°C,tmax
IPSL-CM5A-MR,rcp85,2008,38,Tmax 26–29°C,tmax
IPSL-CM5A-MR,rcp85,2009,56,Tmax 26–29°C,tmax
IPSL-CM5A-MR,rcp85,2010,59,Tmax 26–29°C,tmax
IPSL-CM5A-MR,rcp85,2011,58,Tmax 26–29°C,tmax
IPSL-CM5A-MR,rcp85,2012,51,Tmax 26–29°C,tmax
IPSL-CM5A-MR,rcp85,2013,77,Tmax 26–29°C,tmax
IPSL-CM5A-MR,rcp85,2014,48,Tmax 26–29°C,tmax
IPSL-CM5A-MR,rcp85,2015,43,Tmax 26–29°C,tmax
IPSL-CM5A-MR,rcp85,2016,39,Tmax 26–29°C,tmax
IPSL-CM5A-MR,rcp85,2017,57,Tmax 26–29°C,tmax
IPSL-CM5A-MR,rcp85,2018,47,Tmax 26–29°C,tmax
IPSL-CM5A-MR,rcp85,2019,38,Tmax 26–29°C,tmax
IPSL-CM5A-MR,rcp85,2020,34,Tmax 26–29°C,tmax
IPSL-CM5A-MR,rcp85,2021,48,Tmax 26–29°C,tmax
IPSL-CM5A-MR,rcp85,2022,42,Tmax 26–29°C,tmax
IPSL-CM5A-MR,rcp85,2023,55,Tmax 26–29°C,tmax
IPSL-CM5A-MR,rcp85,2024,72,Tmax 26–29°C,tmax
IPSL-CM5A-MR,rcp85,2025,64,Tmax 26–29°C,tmax
IPSL-CM5A-MR,rcp85,2026,45,Tmax 26–29°C,tmax
IPSL-CM5A-MR,rcp85,2027,56,Tmax 26–29°C,tmax
IPSL-CM5A-MR,rcp85,2028,64,Tmax 26–29°C,tmax
IPSL-CM5A-MR,rcp85,2029,44,Tmax 26–29°C,tmax
IPSL-CM5A-MR,rcp85,2030,34,Tmax 26–29°C,tmax
IPSL-CM5A-MR,rcp85,2031,51,Tmax 26–29°C,tmax
IPSL-CM5A-MR,rcp85,2032,39,Tmax 26–29°C,tmax
IPSL-CM5A-MR,rcp85,2033,46,Tmax 26–29°C,tmax
IPSL-CM5A-MR,rcp85,2034,53,Tmax 26–29°C,tmax
IPSL-CM5A-MR,rcp85,2035,48,Tmax 26–29°C,tmax
IPSL-CM5A-MR,rcp85,2036,50,Tmax 26–29°C,tmax
IPSL-CM5B-LR,rcp85,2006,60,Tmax 26–29°C,tmax
IPSL-CM5B-LR,rcp85,2007,55,Tmax 26–29°C,tmax
IPSL-CM5B-LR,rcp85,2008,56,Tmax 26–29°C,tmax
IPSL-CM5B-LR,rcp85,2009,48,Tmax 26–29°C,tmax
IPSL-CM5B-LR,rcp85,2010,46,Tmax 26–29°C,tmax
IPSL-CM5B-LR,rcp85,2011,39,Tmax 26–29°C,tmax
IPSL-CM5B-LR,rcp85,2012,56,Tmax 26–29°C,tmax
IPSL-CM5B-LR,rcp85,2013,71,Tmax 26–29°C,tmax
IPSL-CM5B-LR,rcp85,2014,61,Tmax 26–29°C,tmax
IPSL-CM5B-LR,rcp85,2015,46,Tmax 26–29°C,tmax
IPSL-CM5B-LR,rcp85,2016,49,Tmax 26–29°C,tmax
IPSL-CM5B-LR,rcp85,2017,50,Tmax 26–29°C,tmax
IPSL-CM5B-LR,rcp85,2018,51,Tmax 26–29°C,tmax
IPSL-CM5B-LR,rcp85,2019,72,Tmax 26–29°C,tmax
IPSL-CM5B-LR,rcp85,2020,68,Tmax 26–29°C,tmax
IPSL-CM5B-LR,rcp85,2021,53,Tmax 26–29°C,tmax
IPSL-CM5B-LR,rcp85,2022,81,Tmax 26–29°C,tmax
IPSL-CM5B-LR,rcp85,2023,62,Tmax 26–29°C,tmax
IPSL-CM5B-LR,rcp85,2024,36,Tmax 26–29°C,tmax
IPSL-CM5B-LR,rcp85,2025,58,Tmax 26–29°C,tmax
IPSL-CM5B-LR,rcp85,2026,63,Tmax 26–29°C,tmax
IPSL-CM5B-LR,rcp85,2027,43,Tmax 26–29°C,tmax
IPSL-CM5B-LR,rcp85,2028,61,Tmax 26–29°C,tmax
IPSL-CM5B-LR,rcp85,2029,51,Tmax 26–29°C,tmax
IPSL-CM5B-LR,rcp85,2030,49,Tmax 26–29°C,tmax
IPSL-CM5B-LR,rcp85,2031,54,Tmax 26–29°C,tmax
IPSL-CM5B-LR,rcp85,2032,49,Tmax 26–29°C,tmax
IPSL-CM5B-LR,rcp85,2033,56,Tmax 26–29°C,tmax
IPSL-CM5B-LR,rcp85,2034,59,Tmax 26–29°C,tmax
IPSL-CM5B-LR,rcp85,2035,34,Tmax 26–29°C,tmax
IPSL-CM5B-LR,rcp85,2036,34,Tmax 26–29°C,tmax
MIROC-ESM,rcp85,2006,65,Tmax 26–29°C,tmax
MIROC-ESM,rcp85,2007,51,Tmax 26–29°C,tmax
MIROC-ESM,rcp85,2008,42,Tmax 26–29°C,tmax
MIROC-ESM,rcp85,2009,53,Tmax 26–29°C,tmax
MIROC-ESM,rcp85,2010,71,Tmax 26–29°C,tmax
MIROC-ESM,rcp85,2011,54,Tmax 26–29°C,tmax
MIROC-ESM,rcp85,2012,53,Tmax 26–29°C,tmax
MIROC-ESM,rcp85,2013,66,Tmax 26–29°C,tmax
MIROC-ESM,rcp85,2014,81,Tmax 26–29°C,tmax
MIROC-ESM,rcp85,2015,66,Tmax 26–29°C,tmax
MIROC-ESM,rcp85,2016,56,Tmax 26–29°C,tmax
MIROC-ESM,rcp85,2017,59,Tmax 26–29°C,tmax
MIROC-ESM,rcp85,2018,61,Tmax 26–29°C,tmax
MIROC-ESM,rcp85,2019,67,Tmax 26–29°C,tmax
MIROC-ESM,rcp85,2020,55,Tmax 26–29°C,tmax
MIROC-ESM,rcp85,2021,49,Tmax 26–29°C,tmax
MIROC-ESM,rcp85,2022,49,Tmax 26–29°C,tmax
MIROC-ESM,rcp85,2023,49,Tmax 26–29°C,tmax
MIROC-ESM,rcp85,2024,60,Tmax 26–29°C,tmax
MIROC-ESM,rcp85,2025,57,Tmax 26–29°C,tmax
MIROC-ESM,rcp85,2026,51,Tmax 26–29°C,tmax
MIROC-ESM,rcp85,2027,77,Tmax 26–29°C,tmax
MIROC-ESM,rcp85,2028,35,Tmax 26–29°C,tmax
MIROC-ESM,rcp85,2029,43,Tmax 26–29°C,tmax
MIROC-ESM,rcp85,2030,48,Tmax 26–29°C,tmax
MIROC-ESM,rcp85,2031,66,Tmax 26–29°C,tmax
MIROC-ESM,rcp85,2032,58,Tmax 26–29°C,tmax
MIROC-ESM,rcp85,2033,67,Tmax 26–29°C,tmax
MIROC-ESM,rcp85,2034,71,Tmax 26–29°C,tmax
MIROC-ESM,rcp85,2035,59,Tmax 26–29°C,tmax
MIROC-ESM,rcp85,2036,63,Tmax 26–29°C,tmax
MIROC-ESM-CHEM,rcp85,2006,56,Tmax 26–29°C,tmax
MIROC-ESM-CHEM,rcp85,2007,60,Tmax 26–29°C,tmax
MIROC-ESM-CHEM,rcp85,2008,72,Tmax 26–29°C,tmax
MIROC-ESM-CHEM,rcp85,2009,35,Tmax 26–29°C,tmax
MIROC-ESM-CHEM,rcp85,2010,53,Tmax 26–29°C,tmax
MIROC-ESM-CHEM,rcp85,2011,67,Tmax 26–29°C,tmax
MIROC-ESM-CHEM,rcp85,2012,45,Tmax 26–29°C,tmax
MIROC-ESM-CHEM,rcp85,2013,76,Tmax 26–29°C,tmax
MIROC-ESM-CHEM,rcp85,2014,69,Tmax 26–29°C,tmax
MIROC-ESM-CHEM,rcp85,2015,79,Tmax 26–29°C,tmax
MIROC-ESM-CHEM,rcp85,2016,63,Tmax 26–29°C,tmax
MIROC-ESM-CHEM,rcp85,2017,54,Tmax 26–29°C,tmax
MIROC-ESM-CHEM,rcp85,2018,39,Tmax 26–29°C,tmax
MIROC-ESM-CHEM,rcp85,2019,42,Tmax 26–29°C,tmax
MIROC-ESM-CHEM,rcp85,2020,64,Tmax 26–29°C,tmax
MIROC-ESM-CHEM,rcp85,2021,57,Tmax 26–29°C,tmax
MIROC-ESM-CHEM,rcp85,2022,43,Tmax 26–29°C,tmax
MIROC-ESM-CHEM,rcp85,2023,60,Tmax 26–29°C,tmax
MIROC-ESM-CHEM,rcp85,2024,83,Tmax 26–29°C,tmax
MIROC-ESM-CHEM,rcp85,2025,60,Tmax 26–29°C,tmax
MIROC-ESM-CHEM,rcp85,2026,58,Tmax 26–29°C,tmax
MIROC-ESM-CHEM,rcp85,2027,61,Tmax 26–29°C,tmax
MIROC-ESM-CHEM,rcp85,2028,60,Tmax 26–29°C,tmax
MIROC-ESM-CHEM,rcp85,2029,41,Tmax 26–29°C,tmax
MIROC-ESM-CHEM,rcp85,2030,47,Tmax 26–29°C,tmax
MIROC-ESM-CHEM,rcp85,2031,54,Tmax 26–29°C,tmax
MIROC-ESM-CHEM,rcp85,2032,60,Tmax 26–29°C,tmax
MIROC-ESM-CHEM,rcp85,2033,38,Tmax 26–29°C,tmax
MIROC-ESM-CHEM,rcp85,2034,65,Tmax 26–29°C,tmax
MIROC-ESM-CHEM,rcp85,2035,55,Tmax 26–29°C,tmax
MIROC-ESM-CHEM,rcp85,2036,65,Tmax 26–29°C,tmax
MIROC5,rcp85,2006,46,Tmax 26–29°C,tmax
MIROC5,rcp85,2007,76,Tmax 26–29°C,tmax
MIROC5,rcp85,2008,69,Tmax 26–29°C,tmax
MIROC5,rcp85,2009,55,Tmax 26–29°C,tmax
MIROC5,rcp85,2010,51,Tmax 26–29°C,tmax
MIROC5,rcp85,2011,54,Tmax 26–29°C,tmax
MIROC5,rcp85,2012,59,Tmax 26–29°C,tmax
MIROC5,rcp85,2013,57,Tmax 26–29°C,tmax
MIROC5,rcp85,2014,52,Tmax 26–29°C,tmax
MIROC5,rcp85,2015,46,Tmax 26–29°C,tmax
MIROC5,rcp85,2016,43,Tmax 26–29°C,tmax
MIROC5,rcp85,2017,51,Tmax 26–29°C,tmax
MIROC5,rcp85,2018,53,Tmax 26–29°C,tmax
MIROC5,rcp85,2019,74,Tmax 26–29°C,tmax
MIROC5,rcp85,2020,48,Tmax 26–29°C,tmax
MIROC5,rcp85,2021,56,Tmax 26–29°C,tmax
MIROC5,rcp85,2022,60,Tmax 26–29°C,tmax
MIROC5,rcp85,2023,82,Tmax 26–29°C,tmax
MIROC5,rcp85,2024,71,Tmax 26–29°C,tmax
MIROC5,rcp85,2025,47,Tmax 26–29°C,tmax
MIROC5,rcp85,2026,49,Tmax 26–29°C,tmax
MIROC5,rcp85,2027,34,Tmax 26–29°C,tmax
MIROC5,rcp85,2028,64,Tmax 26–29°C,tmax
MIROC5,rcp85,2029,81,Tmax 26–29°C,tmax
MIROC5,rcp85,2030,57,Tmax 26–29°C,tmax
MIROC5,rcp85,2031,43,Tmax 26–29°C,tmax
MIROC5,rcp85,2032,55,Tmax 26–29°C,tmax
MIROC5,rcp85,2033,64,Tmax 26–29°C,tmax
MIROC5,rcp85,2034,51,Tmax 26–29°C,tmax
MIROC5,rcp85,2035,53,Tmax 26–29°C,tmax
MIROC5,rcp85,2036,64,Tmax 26–29°C,tmax
MPI-ESM-LR,rcp85,2006,60,Tmax 26–29°C,tmax
MPI-ESM-LR,rcp85,2007,46,Tmax 26–29°C,tmax
MPI-ESM-LR,rcp85,2008,52,Tmax 26–29°C,tmax
MPI-ESM-LR,rcp85,2009,64,Tmax 26–29°C,tmax
MPI-ESM-LR,rcp85,2010,57,Tmax 26–29°C,tmax
MPI-ESM-LR,rcp85,2011,53,Tmax 26–29°C,tmax
MPI-ESM-LR,rcp85,2012,57,Tmax 26–29°C,tmax
MPI-ESM-LR,rcp85,2013,60,Tmax 26–29°C,tmax
MPI-ESM-LR,rcp85,2014,83,Tmax 26–29°C,tmax
MPI-ESM-LR,rcp85,2015,52,Tmax 26–29°C,tmax
MPI-ESM-LR,rcp85,2016,47,Tmax 26–29°C,tmax
MPI-ESM-LR,rcp85,2017,53,Tmax 26–29°C,tmax
MPI-ESM-LR,rcp85,2018,53,Tmax 26–29°C,tmax
MPI-ESM-LR,rcp85,2019,62,Tmax 26–29°C,tmax
MPI-ESM-LR,rcp85,2020,62,Tmax 26–29°C,tmax
MPI-ESM-LR,rcp85,2021,44,Tmax 26–29°C,tmax
MPI-ESM-LR,rcp85,2022,64,Tmax 26–29°C,tmax
MPI-ESM-LR,rcp85,2023,66,Tmax 26–29°C,tmax
MPI-ESM-LR,rcp85,2024,62,Tmax 26–29°C,tmax
MPI-ESM-LR,rcp85,2025,55,Tmax 26–29°C,tmax
MPI-ESM-LR,rcp85,2026,63,Tmax 26–29°C,tmax
MPI-ESM-LR,rcp85,2027,53,Tmax 26–29°C,tmax
MPI-ESM-LR,rcp85,2028,49,Tmax 26–29°C,tmax
MPI-ESM-LR,rcp85,2029,40,Tmax 26–29°C,tmax
MPI-ESM-LR,rcp85,2030,57,Tmax 26–29°C,tmax
MPI-ESM-LR,rcp85,2031,63,Tmax 26–29°C,tmax
MPI-ESM-LR,rcp85,2032,53,Tmax 26–29°C,tmax
MPI-ESM-LR,rcp85,2033,53,Tmax 26–29°C,tmax
MPI-ESM-LR,rcp85,2034,82,Tmax 26–29°C,tmax
MPI-ESM-LR,rcp85,2035,68,Tmax 26–29°C,tmax
MPI-ESM-LR,rcp85,2036,57,Tmax 26–29°C,tmax
MPI-ESM-MR,rcp85,2006,51,Tmax 26–29°C,tmax
MPI-ESM-MR,rcp85,2007,45,Tmax 26–29°C,tmax
MPI-ESM-MR,rcp85,2008,69,Tmax 26–29°C,tmax
MPI-ESM-MR,rcp85,2009,56,Tmax 26–29°C,tmax
MPI-ESM-MR,rcp85,2010,53,Tmax 26–29°C,tmax
MPI-ESM-MR,rcp85,2011,56,Tmax 26–29°C,tmax
MPI-ESM-MR,rcp85,2012,59,Tmax 26–29°C,tmax
MPI-ESM-MR,rcp85,2013,43,Tmax 26–29°C,tmax
MPI-ESM-MR,rcp85,2014,83,Tmax 26–29°C,tmax
MPI-ESM-MR,rcp85,2015,44,Tmax 26–29°C,tmax
MPI-ESM-MR,rcp85,2016,63,Tmax 26–29°C,tmax
MPI-ESM-MR,rcp85,2017,48,Tmax 26–29°C,tmax
MPI-ESM-MR,rcp85,2018,62,Tmax 26–29°C,tmax
MPI-ESM-MR,rcp85,2019,38,Tmax 26–29°C,tmax
MPI-ESM-MR,rcp85,2020,53,Tmax 26–29°C,tmax
MPI-ESM-MR,rcp85,2021,55,Tmax 26–29°C,tmax
MPI-ESM-MR,rcp85,2022,46,Tmax 26–29°C,tmax
MPI-ESM-MR,rcp85,2023,51,Tmax 26–29°C,tmax
MPI-ESM-MR,rcp85,2024,56,Tmax 26–29°C,tmax
MPI-ESM-MR,rcp85,2025,32,Tmax 26–29°C,tmax
MPI-ESM-MR,rcp85,2026,54,Tmax 26–29°C,tmax
MPI-ESM-MR,rcp85,2027,69,Tmax 26–29°C,tmax
MPI-ESM-MR,rcp85,2028,70,Tmax 26–29°C,tmax
MPI-ESM-MR,rcp85,2029,63,Tmax 26–29°C,tmax
MPI-ESM-MR,rcp85,2030,62,Tmax 26–29°C,tmax
MPI-ESM-MR,rcp85,2031,38,Tmax 26–29°C,tmax
MPI-ESM-MR,rcp85,2032,63,Tmax 26–29°C,tmax
MPI-ESM-MR,rcp85,2033,51,Tmax 26–29°C,tmax
MPI-ESM-MR,rcp85,2034,38,Tmax 26–29°C,tmax
MPI-ESM-MR,rcp85,2035,40,Tmax 26–29°C,tmax
MPI-ESM-MR,rcp85,2036,49,Tmax 26–29°C,tmax
MRI-CGCM3,rcp85,2006,62,Tmax 26–29°C,tmax
MRI-CGCM3,rcp85,2007,68,Tmax 26–29°C,tmax
MRI-CGCM3,rcp85,2008,45,Tmax 26–29°C,tmax
MRI-CGCM3,rcp85,2009,45,Tmax 26–29°C,tmax
MRI-CGCM3,rcp85,2010,53,Tmax 26–29°C,tmax
MRI-CGCM3,rcp85,2011,62,Tmax 26–29°C,tmax
MRI-CGCM3,rcp85,2012,56,Tmax 26–29°C,tmax
MRI-CGCM3,rcp85,2013,50,Tmax 26–29°C,tmax
MRI-CGCM3,rcp85,2014,40,Tmax 26–29°C,tmax
MRI-CGCM3,rcp85,2015,47,Tmax 26–29°C,tmax
MRI-CGCM3,rcp85,2016,68,Tmax 26–29°C,tmax
MRI-CGCM3,rcp85,2017,40,Tmax 26–29°C,tmax
MRI-CGCM3,rcp85,2018,61,Tmax 26–29°C,tmax
MRI-CGCM3,rcp85,2019,42,Tmax 26–29°C,tmax
MRI-CGCM3,rcp85,2020,47,Tmax 26–29°C,tmax
MRI-CGCM3,rcp85,2021,55,Tmax 26–29°C,tmax
MRI-CGCM3,rcp85,2022,48,Tmax 26–29°C,tmax
MRI-CGCM3,rcp85,2023,47,Tmax 26–29°C,tmax
MRI-CGCM3,rcp85,2024,59,Tmax 26–29°C,tmax
MRI-CGCM3,rcp85,2025,57,Tmax 26–29°C,tmax
MRI-CGCM3,rcp85,2026,40,Tmax 26–29°C,tmax
MRI-CGCM3,rcp85,2027,54,Tmax 26–29°C,tmax
MRI-CGCM3,rcp85,2028,47,Tmax 26–29°C,tmax
MRI-CGCM3,rcp85,2029,51,Tmax 26–29°C,tmax
MRI-CGCM3,rcp85,2030,47,Tmax 26–29°C,tmax
MRI-CGCM3,rcp85,2031,49,Tmax 26–29°C,tmax
MRI-CGCM3,rcp85,2032,48,Tmax 26–29°C,tmax
MRI-CGCM3,rcp85,2033,49,Tmax 26–29°C,tmax
MRI-CGCM3,rcp85,2034,58,Tmax 26–29°C,tmax
MRI-CGCM3,rcp85,2035,59,Tmax 26–29°C,tmax
MRI-CGCM3,rcp85,2036,57,Tmax 26–29°C,tmax
MRI-ESM1,rcp85,2006,61,Tmax 26–29°C,tmax
MRI-ESM1,rcp85,2007,44,Tmax 26–29°C,tmax
MRI-ESM1,rcp85,2008,57,Tmax 26–29°C,tmax
MRI-ESM1,rcp85,2009,53,Tmax 26–29°C,tmax
MRI-ESM1,rcp85,2010,55,Tmax 26–29°C,tmax
MRI-ESM1,rcp85,2011,44,Tmax 26–29°C,tmax
MRI-ESM1,rcp85,2012,61,Tmax 26–29°C,tmax
MRI-ESM1,rcp85,2013,42,Tmax 26–29°C,tmax
MRI-ESM1,rcp85,2014,65,Tmax 26–29°C,tmax
MRI-ESM1,rcp85,2015,46,Tmax 26–29°C,tmax
MRI-ESM1,rcp85,2016,38,Tmax 26–29°C,tmax
MRI-ESM1,rcp85,2017,50,Tmax 26–29°C,tmax
MRI-ESM1,rcp85,2018,64,Tmax 26–29°C,tmax
MRI-ESM1,rcp85,2019,58,Tmax 26–29°C,tmax
MRI-ESM1,rcp85,2020,54,Tmax 26–29°C,tmax
MRI-ESM1,rcp85,2021,49,Tmax 26–29°C,tmax
MRI-ESM1,rcp85,2022,61,Tmax 26–29°C,tmax
MRI-ESM1,rcp85,2023,66,Tmax 26–29°C,tmax
MRI-ESM1,rcp85,2024,60,Tmax 26–29°C,tmax
MRI-ESM1,rcp85,2025,51,Tmax 26–29°C,tmax
MRI-ESM1,rcp85,2026,76,Tmax 26–29°C,tmax
MRI-ESM1,rcp85,2027,70,Tmax 26–29°C,tmax
MRI-ESM1,rcp85,2028,67,Tmax 26–29°C,tmax
MRI-ESM1,rcp85,2029,69,Tmax 26–29°C,tmax
MRI-ESM1,rcp85,2030,58,Tmax 26–29°C,tmax
MRI-ESM1,rcp85,2031,59,Tmax 26–29°C,tmax
MRI-ESM1,rcp85,2032,66,Tmax 26–29°C,tmax
MRI-ESM1,rcp85,2033,56,Tmax 26–29°C,tmax
MRI-ESM1,rcp85,2034,51,Tmax 26–29°C,tmax
MRI-ESM1,rcp85,2035,64,Tmax 26–29°C,tmax
MRI-ESM1,rcp85,2036,68,Tmax 26–29°C,tmax
NorESM1-M,rcp85,2006,50,Tmax 26–29°C,tmax
NorESM1-M,rcp85,2007,52,Tmax 26–29°C,tmax
NorESM1-M,rcp85,2008,40,Tmax 26–29°C,tmax
NorESM1-M,rcp85,2009,44,Tmax 26–29°C,tmax
NorESM1-M,rcp85,2010,65,Tmax 26–29°C,tmax
NorESM1-M,rcp85,2011,41,Tmax 26–29°C,tmax
NorESM1-M,rcp85,2012,51,Tmax 26–29°C,tmax
NorESM1-M,rcp85,2013,54,Tmax 26–29°C,tmax
NorESM1-M,rcp85,2014,67,Tmax 26–29°C,tmax
NorESM1-M,rcp85,2015,55,Tmax 26–29°C,tmax
NorESM1-M,rcp85,2016,48,Tmax 26–29°C,tmax
NorESM1-M,rcp85,2017,54,Tmax 26–29°C,tmax
NorESM1-M,rcp85,2018,61,Tmax 26–29°C,tmax
NorESM1-M,rcp85,2019,71,Tmax 26–29°C,tmax
NorESM1-M,rcp85,2020,54,Tmax 26–29°C,tmax
NorESM1-M,rcp85,2021,40,Tmax 26–29°C,tmax
NorESM1-M,rcp85,2022,74,Tmax 26–29°C,tmax
NorESM1-M,rcp85,2023,49,Tmax 26–29°C,tmax
NorESM1-M,rcp85,2024,58,Tmax 26–29°C,tmax
NorESM1-M,rcp85,2025,68,Tmax 26–29°C,tmax
NorESM1-M,rcp85,2026,31,Tmax 26–29°C,tmax
NorESM1-M,rcp85,2027,37,Tmax 26–29°C,tmax
NorESM1-M,rcp85,2028,38,Tmax 26–29°C,tmax
NorESM1-M,rcp85,2029,62,Tmax 26–29°C,tmax
NorESM1-M,rcp85,2030,45,Tmax 26–29°C,tmax
NorESM1-M,rcp85,2031,53,Tmax 26–29°C,tmax
NorESM1-M,rcp85,2032,50,Tmax 26–29°C,tmax
NorESM1-M,rcp85,2033,45,Tmax 26–29°C,tmax
NorESM1-M,rcp85,2034,60,Tmax 26–29°C,tmax
NorESM1-M,rcp85,2035,49,Tmax 26–29°C,tmax
NorESM1-M,rcp85,2036,47,Tmax 26–29°C,tmax
bcc-csm1-1,rcp85,2006,55,Tmax 26–29°C,tmax
bcc-csm1-1,rcp85,2007,39,Tmax 26–29°C,tmax
bcc-csm1-1,rcp85,2008,54,Tmax 26–29°C,tmax
bcc-csm1-1,rcp85,2009,43,Tmax 26–29°C,tmax
bcc-csm1-1,rcp85,2010,63,Tmax 26–29°C,tmax
bcc-csm1-1,rcp85,2011,58,Tmax 26–29°C,tmax
bcc-csm1-1,rcp85,2012,46,Tmax 26–29°C,tmax
bcc-csm1-1,rcp85,2013,65,Tmax 26–29°C,tmax
bcc-csm1-1,rcp85,2014,53,Tmax 26–29°C,tmax
bcc-csm1-1,rcp85,2015,49,Tmax 26–29°C,tmax
bcc-csm1-1,rcp85,2016,69,Tmax 26–29°C,tmax
bcc-csm1-1,rcp85,2017,49,Tmax 26–29°C,tmax
bcc-csm1-1,rcp85,2018,55,Tmax 26–29°C,tmax
bcc-csm1-1,rcp85,2019,54,Tmax 26–29°C,tmax
bcc-csm1-1,rcp85,2020,65,Tmax 26–29°C,tmax
bcc-csm1-1,rcp85,2021,45,Tmax 26–29°C,tmax
bcc-csm1-1,rcp85,2022,83,Tmax 26–29°C,tmax
bcc-csm1-1,rcp85,2023,59,Tmax 26–29°C,tmax
bcc-csm1-1,rcp85,2024,62,Tmax 26–29°C,tmax
bcc-csm1-1,rcp85,2025,50,Tmax 26–29°C,tmax
bcc-csm1-1,rcp85,2026,45,Tmax 26–29°C,tmax
bcc-csm1-1,rcp85,2027,56,Tmax 26–29°C,tmax
bcc-csm1-1,rcp85,2028,56,Tmax 26–29°C,tmax
bcc-csm1-1,rcp85,2029,57,Tmax 26–29°C,tmax
bcc-csm1-1,rcp85,2030,72,Tmax 26–29°C,tmax
bcc-csm1-1,rcp85,2031,75,Tmax 26–29°C,tmax
bcc-csm1-1,rcp85,2032,55,Tmax 26–29°C,tmax
bcc-csm1-1,rcp85,2033,76,Tmax 26–29°C,tmax
bcc-csm1-1,rcp85,2034,48,Tmax 26–29°C,tmax
bcc-csm1-1,rcp85,2035,65,Tmax 26–29°C,tmax
bcc-csm1-1,rcp85,2036,42,Tmax 26–29°C,tmax
bcc-csm1-1-m,rcp85,2006,36,Tmax 26–29°C,tmax
bcc-csm1-1-m,rcp85,2007,53,Tmax 26–29°C,tmax
bcc-csm1-1-m,rcp85,2008,42,Tmax 26–29°C,tmax
bcc-csm1-1-m,rcp85,2009,59,Tmax 26–29°C,tmax
bcc-csm1-1-m,rcp85,2010,61,Tmax 26–29°C,tmax
bcc-csm1-1-m,rcp85,2011,55,Tmax 26–29°C,tmax
bcc-csm1-1-m,rcp85,2012,71,Tmax 26–29°C,tmax
bcc-csm1-1-m,rcp85,2013,39,Tmax 26–29°C,tmax
bcc-csm1-1-m,rcp85,2014,40,Tmax 26–29°C,tmax
bcc-csm1-1-m,rcp85,2015,43,Tmax 26–29°C,tmax
bcc-csm1-1-m,rcp85,2016,50,Tmax 26–29°C,tmax
bcc-csm1-1-m,rcp85,2017,43,Tmax 26–29°C,tmax
bcc-csm1-1-m,rcp85,2018,38,Tmax 26–29°C,tmax
bcc-csm1-1-m,rcp85,2019,42,Tmax 26–29°C,tmax
bcc-csm1-1-m,rcp85,2020,78,Tmax 26–29°C,tmax
bcc-csm1-1-m,rcp85,2021,41,Tmax 26–29°C,tmax
bcc-csm1-1-m,rcp85,2022,60,Tmax 26–29°C,tmax
bcc-csm1-1-m,rcp85,2023,45,Tmax 26–29°C,tmax
bcc-csm1-1-m,rcp85,2024,34,Tmax 26–29°C,tmax
bcc-csm1-1-m,rcp85,2025,60,Tmax 26–29°C,tmax
bcc-csm1-1-m,rcp85,2026,47,Tmax 26–29°C,tmax
bcc-csm1-1-m,rcp85,2027,48,Tmax 26–29°C,tmax
bcc-csm1-1-m,rcp85,2028,56,Tmax 26–29°C,tmax
bcc-csm1-1-m,rcp85,2029,52,Tmax 26–29°C,tmax
bcc-csm1-1-m,rcp85,2030,55,Tmax 26–29°C,tmax
bcc-csm1-1-m,rcp85,2031,38,Tmax 26–29°C,tmax
bcc-csm1-1-m,rcp85,2032,50,Tmax 26–29°C,tmax
bcc-csm1-1-m,rcp85,2033,30,Tmax 26–29°C,tmax
bcc-csm1-1-m,rcp85,2034,49,Tmax 26–29°C,tmax
bcc-csm1-1-m,rcp85,2035,53,Tmax 26–29°C,tmax
bcc-csm1-1-m,rcp85,2036,57,Tmax 26–29°C,tmax
inmcm4,rcp85,2006,60,Tmax 26–29°C,tmax
inmcm4,rcp85,2007,60,Tmax 26–29°C,tmax
inmcm4,rcp85,2008,58,Tmax 26–29°C,tmax
inmcm4,rcp85,2009,58,Tmax 26–29°C,tmax
inmcm4,rcp85,2010,62,Tmax 26–29°C,tmax
inmcm4,rcp85,2011,60,Tmax 26–29°C,tmax
inmcm4,rcp85,2012,46,Tmax 26–29°C,tmax
inmcm4,rcp85,2013,53,Tmax 26–29°C,tmax
inmcm4,rcp85,2014,49,Tmax 26–29°C,tmax
inmcm4,rcp85,2015,49,Tmax 26–29°C,tmax
inmcm4,rcp85,2016,45,Tmax 26–29°C,tmax
inmcm4,rcp85,2017,68,Tmax 26–29°C,tmax
inmcm4,rcp85,2018,61,Tmax 26–29°C,tmax
inmcm4,rcp85,2019,66,Tmax 26–29°C,tmax
inmcm4,rcp85,2020,50,Tmax 26–29°C,tmax
inmcm4,rcp85,2021,65,Tmax 26–29°C,tmax
inmcm4,rcp85,2022,64,Tmax 26–29°C,tmax
inmcm4,rcp85,2023,42,Tmax 26–29°C,tmax
inmcm4,rcp85,2024,59,Tmax 26–29°C,tmax
inmcm4,rcp85,2025,71,Tmax 26–29°C,tmax
inmcm4,rcp85,2026,41,Tmax 26–29°C,tmax
inmcm4,rcp85,2027,69,Tmax 26–29°C,tmax
inmcm4,rcp85,2028,46,Tmax 26–29°C,tmax
inmcm4,rcp85,2029,51,Tmax 26–29°C,tmax
inmcm4,rcp85,2030,63,Tmax 26–29°C,tmax
inmcm4,rcp85,2031,55,Tmax 26–29°C,tmax
inmcm4,rcp85,2032,56,Tmax 26–29°C,tmax
inmcm4,rcp85,2033,49,Tmax 26–29°C,tmax
inmcm4,rcp85,2034,63,Tmax 26–29°C,tmax
inmcm4,rcp85,2035,47,Tmax 26–29°C,tmax
inmcm4,rcp85,2036,45,Tmax 26–29°C,tmax
ACCESS1-0,historical,2000,127,Tmean 28–31°C,tmean
ACCESS1-0,historical,2001,92,Tmean 28–31°C,tmean
ACCESS1-0,historical,2002,97,Tmean 28–31°C,tmean
ACCESS1-0,historical,2003,75,Tmean 28–31°C,tmean
ACCESS1-0,historical,2004,85,Tmean 28–31°C,tmean
ACCESS1-0,historical,2005,91,Tmean 28–31°C,tmean
ACCESS1-3,historical,2000,52,Tmean 28–31°C,tmean
ACCESS1-3,historical,2001,79,Tmean 28–31°C,tmean
ACCESS1-3,historical,2002,89,Tmean 28–31°C,tmean
ACCESS1-3,historical,2003,56,Tmean 28–31°C,tmean
ACCESS1-3,historical,2004,67,Tmean 28–31°C,tmean
ACCESS1-3,historical,2005,119,Tmean 28–31°C,tmean
BNU-ESM,historical,2000,96,Tmean 28–31°C,tmean
BNU-ESM,historical,2001,81,Tmean 28–31°C,tmean
BNU-ESM,historical,2002,91,Tmean 28–31°C,tmean
BNU-ESM,historical,2003,84,Tmean 28–31°C,tmean
BNU-ESM,historical,2004,117,Tmean 28–31°C,tmean
BNU-ESM,historical,2005,91,Tmean 28–31°C,tmean
CCSM4,historical,2000,102,Tmean 28–31°C,tmean
CCSM4,historical,2001,92,Tmean 28–31°C,tmean
CCSM4,historical,2002,81,Tmean 28–31°C,tmean
CCSM4,historical,2003,109,Tmean 28–31°C,tmean
CCSM4,historical,2004,77,Tmean 28–31°C,tmean
CCSM4,historical,2005,100,Tmean 28–31°C,tmean
CESM1-BGC,historical,2000,97,Tmean 28–31°C,tmean
CESM1-BGC,historical,2001,82,Tmean 28–31°C,tmean
CESM1-BGC,historical,2002,106,Tmean 28–31°C,tmean
CESM1-BGC,historical,2003,109,Tmean 28–31°C,tmean
CESM1-BGC,historical,2004,80,Tmean 28–31°C,tmean
CESM1-BGC,historical,2005,93,Tmean 28–31°C,tmean
CESM1-CAM5,historical,2000,104,Tmean 28–31°C,tmean
CESM1-CAM5,historical,2001,87,Tmean 28–31°C,tmean
CESM1-CAM5,historical,2002,96,Tmean 28–31°C,tmean
CESM1-CAM5,historical,2003,70,Tmean 28–31°C,tmean
CESM1-CAM5,historical,2004,115,Tmean 28–31°C,tmean
CESM1-CAM5,historical,2005,43,Tmean 28–31°C,tmean
CMCC-CESM,historical,2000,86,Tmean 28–31°C,tmean
CMCC-CESM,historical,2001,104,Tmean 28–31°C,tmean
CMCC-CESM,historical,2002,93,Tmean 28–31°C,tmean
CMCC-CESM,historical,2003,95,Tmean 28–31°C,tmean
CMCC-CESM,historical,2004,79,Tmean 28–31°C,tmean
CMCC-CESM,historical,2005,73,Tmean 28–31°C,tmean
CMCC-CM,historical,2000,90,Tmean 28–31°C,tmean
CMCC-CM,historical,2001,80,Tmean 28–31°C,tmean
CMCC-CM,historical,2002,87,Tmean 28–31°C,tmean
CMCC-CM,historical,2003,74,Tmean 28–31°C,tmean
CMCC-CM,historical,2004,76,Tmean 28–31°C,tmean
CMCC-CM,historical,2005,99,Tmean 28–31°C,tmean
CMCC-CMS,historical,2000,103,Tmean 28–31°C,tmean
CMCC-CMS,historical,2001,85,Tmean 28–31°C,tmean
CMCC-CMS,historical,2002,136,Tmean 28–31°C,tmean
CMCC-CMS,historical,2003,83,Tmean 28–31°C,tmean
CMCC-CMS,historical,2004,100,Tmean 28–31°C,tmean
CMCC-CMS,historical,2005,118,Tmean 28–31°C,tmean
CNRM-CM5,historical,2000,81,Tmean 28–31°C,tmean
CNRM-CM5,historical,2001,119,Tmean 28–31°C,tmean
CNRM-CM5,historical,2002,92,Tmean 28–31°C,tmean
CNRM-CM5,historical,2003,79,Tmean 28–31°C,tmean
CNRM-CM5,historical,2004,106,Tmean 28–31°C,tmean
CNRM-CM5,historical,2005,85,Tmean 28–31°C,tmean
CSIRO-Mk3-6-0,historical,2000,88,Tmean 28–31°C,tmean
CSIRO-Mk3-6-0,historical,2001,88,Tmean 28–31°C,tmean
CSIRO-Mk3-6-0,historical,2002,89,Tmean 28–31°C,tmean
CSIRO-Mk3-6-0,historical,2003,102,Tmean 28–31°C,tmean
CSIRO-Mk3-6-0,historical,2004,82,Tmean 28–31°C,tmean
CSIRO-Mk3-6-0,historical,2005,63,Tmean 28–31°C,tmean
CanESM2,historical,2000,94,Tmean 28–31°C,tmean
CanESM2,historical,2001,103,Tmean 28–31°C,tmean
CanESM2,historical,2002,105,Tmean 28–31°C,tmean
CanESM2,historical,2003,115,Tmean 28–31°C,tmean
CanESM2,historical,2004,117,Tmean 28–31°C,tmean
CanESM2,historical,2005,63,Tmean 28–31°C,tmean
EC-EARTH,historical,2000,124,Tmean 28–31°C,tmean
EC-EARTH,historical,2001,98,Tmean 28–31°C,tmean
EC-EARTH,historical,2002,103,Tmean 28–31°C,tmean
EC-EARTH,historical,2003,91,Tmean 28–31°C,tmean
EC-EARTH,historical,2004,100,Tmean 28–31°C,tmean
EC-EARTH,historical,2005,113,Tmean 28–31°C,tmean
FGOALS-g2,historical,2000,99,Tmean 28–31°C,tmean
FGOALS-g2,historical,2001,88,Tmean 28–31°C,tmean
FGOALS-g2,historical,2002,110,Tmean 28–31°C,tmean
FGOALS-g2,historical,2003,78,Tmean 28–31°C,tmean
FGOALS-g2,historical,2004,63,Tmean 28–31°C,tmean
FGOALS-g2,historical,2005,99,Tmean 28–31°C,tmean
GFDL-CM3,historical,2000,90,Tmean 28–31°C,tmean
GFDL-CM3,historical,2001,102,Tmean 28–31°C,tmean
GFDL-CM3,historical,2002,86,Tmean 28–31°C,tmean
GFDL-CM3,historical,2003,108,Tmean 28–31°C,tmean
GFDL-CM3,historical,2004,90,Tmean 28–31°C,tmean
GFDL-CM3,historical,2005,75,Tmean 28–31°C,tmean
GFDL-ESM2G,historical,2000,98,Tmean 28–31°C,tmean
GFDL-ESM2G,historical,2001,83,Tmean 28–31°C,tmean
GFDL-ESM2G,historical,2002,65,Tmean 28–31°C,tmean
GFDL-ESM2G,historical,2003,110,Tmean 28–31°C,tmean
GFDL-ESM2G,historical,2004,92,Tmean 28–31°C,tmean
GFDL-ESM2G,historical,2005,82,Tmean 28–31°C,tmean
GFDL-ESM2M,historical,2000,72,Tmean 28–31°C,tmean
GFDL-ESM2M,historical,2001,80,Tmean 28–31°C,tmean
GFDL-ESM2M,historical,2002,63,Tmean 28–31°C,tmean
GFDL-ESM2M,historical,2003,84,Tmean 28–31°C,tmean
GFDL-ESM2M,historical,2004,112,Tmean 28–31°C,tmean
GFDL-ESM2M,historical,2005,82,Tmean 28–31°C,tmean
IPSL-CM5A-LR,historical,2000,85,Tmean 28–31°C,tmean
IPSL-CM5A-LR,historical,2001,110,Tmean 28–31°C,tmean
IPSL-CM5A-LR,historical,2002,97,Tmean 28–31°C,tmean
IPSL-CM5A-LR,historical,2003,90,Tmean 28–31°C,tmean
IPSL-CM5A-LR,historical,2004,65,Tmean 28–31°C,tmean
IPSL-CM5A-LR,historical,2005,100,Tmean 28–31°C,tmean
IPSL-CM5A-MR,historical,2000,88,Tmean 28–31°C,tmean
IPSL-CM5A-MR,historical,2001,94,Tmean 28–31°C,tmean
IPSL-CM5A-MR,historical,2002,108,Tmean 28–31°C,tmean
IPSL-CM5A-MR,historical,2003,97,Tmean 28–31°C,tmean
IPSL-CM5A-MR,historical,2004,80,Tmean 28–31°C,tmean
IPSL-CM5A-MR,historical,2005,74,Tmean 28–31°C,tmean
IPSL-CM5B-LR,historical,2000,94,Tmean 28–31°C,tmean
IPSL-CM5B-LR,historical,2001,105,Tmean 28–31°C,tmean
IPSL-CM5B-LR,historical,2002,94,Tmean 28–31°C,tmean
IPSL-CM5B-LR,historical,2003,88,Tmean 28–31°C,tmean
IPSL-CM5B-LR,historical,2004,81,Tmean 28–31°C,tmean
IPSL-CM5B-LR,historical,2005,96,Tmean 28–31°C,tmean
MIROC-ESM,historical,2000,106,Tmean 28–31°C,tmean
MIROC-ESM,historical,2001,108,Tmean 28–31°C,tmean
MIROC-ESM,historical,2002,95,Tmean 28–31°C,tmean
MIROC-ESM,historical,2003,80,Tmean 28–31°C,tmean
MIROC-ESM,historical,2004,95,Tmean 28–31°C,tmean
MIROC-ESM,historical,2005,105,Tmean 28–31°C,tmean
MIROC-ESM-CHEM,historical,2000,61,Tmean 28–31°C,tmean
MIROC-ESM-CHEM,historical,2001,85,Tmean 28–31°C,tmean
MIROC-ESM-CHEM,historical,2002,103,Tmean 28–31°C,tmean
MIROC-ESM-CHEM,historical,2003,88,Tmean 28–31°C,tmean
MIROC-ESM-CHEM,historical,2004,68,Tmean 28–31°C,tmean
MIROC-ESM-CHEM,historical,2005,83,Tmean 28–31°C,tmean
MIROC5,historical,2000,84,Tmean 28–31°C,tmean
MIROC5,historical,2001,83,Tmean 28–31°C,tmean
MIROC5,historical,2002,84,Tmean 28–31°C,tmean
MIROC5,historical,2003,76,Tmean 28–31°C,tmean
MIROC5,historical,2004,121,Tmean 28–31°C,tmean
MIROC5,historical,2005,102,Tmean 28–31°C,tmean
MPI-ESM-LR,historical,2000,116,Tmean 28–31°C,tmean
MPI-ESM-LR,historical,2001,72,Tmean 28–31°C,tmean
MPI-ESM-LR,historical,2002,93,Tmean 28–31°C,tmean
MPI-ESM-LR,historical,2003,101,Tmean 28–31°C,tmean
MPI-ESM-LR,historical,2004,118,Tmean 28–31°C,tmean
MPI-ESM-LR,historical,2005,72,Tmean 28–31°C,tmean
MPI-ESM-MR,historical,2000,106,Tmean 28–31°C,tmean
MPI-ESM-MR,historical,2001,100,Tmean 28–31°C,tmean
MPI-ESM-MR,historical,2002,106,Tmean 28–31°C,tmean
MPI-ESM-MR,historical,2003,116,Tmean 28–31°C,tmean
MPI-ESM-MR,historical,2004,84,Tmean 28–31°C,tmean
MPI-ESM-MR,historical,2005,112,Tmean 28–31°C,tmean
MRI-CGCM3,historical,2000,78,Tmean 28–31°C,tmean
MRI-CGCM3,historical,2001,103,Tmean 28–31°C,tmean
MRI-CGCM3,historical,2002,63,Tmean 28–31°C,tmean
MRI-CGCM3,historical,2003,92,Tmean 28–31°C,tmean
MRI-CGCM3,historical,2004,93,Tmean 28–31°C,tmean
MRI-CGCM3,historical,2005,83,Tmean 28–31°C,tmean
MRI-ESM1,historical,2000,85,Tmean 28–31°C,tmean
MRI-ESM1,historical,2001,84,Tmean 28–31°C,tmean
MRI-ESM1,historical,2002,102,Tmean 28–31°C,tmean
MRI-ESM1,historical,2003,82,Tmean 28–31°C,tmean
MRI-ESM1,historical,2004,82,Tmean 28–31°C,tmean
MRI-ESM1,historical,2005,88,Tmean 28–31°C,tmean
NorESM1-M,historical,2000,98,Tmean 28–31°C,tmean
NorESM1-M,historical,2001,99,Tmean 28–31°C,tmean
NorESM1-M,historical,2002,81,Tmean 28–31°C,tmean
NorESM1-M,historical,2003,110,Tmean 28–31°C,tmean
NorESM1-M,historical,2004,98,Tmean 28–31°C,tmean
NorESM1-M,historical,2005,104,Tmean 28–31°C,tmean
bcc-csm1-1,historical,2000,113,Tmean 28–31°C,tmean
bcc-csm1-1,historical,2001,85,Tmean 28–31°C,tmean
bcc-csm1-1,historical,2002,90,Tmean 28–31°C,tmean
bcc-csm1-1,historical,2003,76,Tmean 28–31°C,tmean
bcc-csm1-1,historical,2004,104,Tmean 28–31°C,tmean
bcc-csm1-1,historical,2005,68,Tmean 28–31°C,tmean
bcc-csm1-1-m,historical,2000,93,Tmean 28–31°C,tmean
bcc-csm1-1-m,historical,2001,83,Tmean 28–31°C,tmean
bcc-csm1-1-m,historical,2002,73,Tmean 28–31°C,tmean
bcc-csm1-1-m,historical,2003,95,Tmean 28–31°C,tmean
bcc-csm1-1-m,historical,2004,101,Tmean 28–31°C,tmean
bcc-csm1-1-m,historical,2005,88,Tmean 28–31°C,tmean
inmcm4,historical,2000,71,Tmean 28–31°C,tmean
inmcm4,historical,2001,75,Tmean 28–31°C,tmean
inmcm4,historical,2002,85,Tmean 28–31°C,tmean
inmcm4,historical,2003,91,Tmean 28–31°C,tmean
inmcm4,historical,2004,83,Tmean 28–31°C,tmean
inmcm4,historical,2005,95,Tmean 28–31°C,tmean
BNU-ESM,rcp26,2006,84,Tmean 28–31°C,tmean
BNU-ESM,rcp26,2007,82,Tmean 28–31°C,tmean
BNU-ESM,rcp26,2008,113,Tmean 28–31°C,tmean
BNU-ESM,rcp26,2009,81,Tmean 28–31°C,tmean
BNU-ESM,rcp26,2010,97,Tmean 28–31°C,tmean
BNU-ESM,rcp26,2011,107,Tmean 28–31°C,tmean
BNU-ESM,rcp26,2012,83,Tmean 28–31°C,tmean
BNU-ESM,rcp26,2013,60,Tmean 28–31°C,tmean
BNU-ESM,rcp26,2014,99,Tmean 28–31°C,tmean
BNU-ESM,rcp26,2015,107,Tmean 28–31°C,tmean
BNU-ESM,rcp26,2016,71,Tmean 28–31°C,tmean
BNU-ESM,rcp26,2017,114,Tmean 28–31°C,tmean
BNU-ESM,rcp26,2018,106,Tmean 28–31°C,tmean
BNU-ESM,rcp26,2019,97,Tmean 28–31°C,tmean
BNU-ESM,rcp26,2020,98,Tmean 28–31°C,tmean
BNU-ESM,rcp26,2021,96,Tmean 28–31°C,tmean
BNU-ESM,rcp26,2022,88,Tmean 28–31°C,tmean
BNU-ESM,rcp26,2023,81,Tmean 28–31°C,tmean
BNU-ESM,rcp26,2024,80,Tmean 28–31°C,tmean
BNU-ESM,rcp26,2025,73,Tmean 28–31°C,tmean
BNU-ESM,rcp26,2026,83,Tmean 28–31°C,tmean
BNU-ESM,rcp26,2027,101,Tmean 28–31°C,tmean
BNU-ESM,rcp26,2028,118,Tmean 28–31°C,tmean
BNU-ESM,rcp26,2029,103,Tmean 28–31°C,tmean
BNU-ESM,rcp26,2030,96,Tmean 28–31°C,tmean
BNU-ESM,rcp26,2031,102,Tmean 28–31°C,tmean
BNU-ESM,rcp26,2032,71,Tmean 28–31°C,tmean
BNU-ESM,rcp26,2033,46,Tmean 28–31°C,tmean
BNU-ESM,rcp26,2034,71,Tmean 28–31°C,tmean
BNU-ESM,rcp26,2035,96,Tmean 28–31°C,tmean
BNU-ESM,rcp26,2036,75,Tmean 28–31°C,tmean
CCSM4,rcp26,2006,100,Tmean 28–31°C,tmean
CCSM4,rcp26,2007,108,Tmean 28–31°C,tmean
CCSM4,rcp26,2008,100,Tmean 28–31°C,tmean
CCSM4,rcp26,2009,72,Tmean 28–31°C,tmean
CCSM4,rcp26,2010,103,Tmean 28–31°C,tmean
CCSM4,rcp26,2011,98,Tmean 28–31°C,tmean
CCSM4,rcp26,2012,96,Tmean 28–31°C,tmean
CCSM4,rcp26,2013,92,Tmean 28–31°C,tmean
CCSM4,rcp26,2014,76,Tmean 28–31°C,tmean
CCSM4,rcp26,2015,81,Tmean 28–31°C,tmean
CCSM4,rcp26,2016,118,Tmean 28–31°C,tmean
CCSM4,rcp26,2017,103,Tmean 28–31°C,tmean
CCSM4,rcp26,2018,58,Tmean 28–31°C,tmean
CCSM4,rcp26,2019,120,Tmean 28–31°C,tmean
CCSM4,rcp26,2020,116,Tmean 28–31°C,tmean
CCSM4,rcp26,2021,94,Tmean 28–31°C,tmean
CCSM4,rcp26,2022,124,Tmean 28–31°C,tmean
CCSM4,rcp26,2023,127,Tmean 28–31°C,tmean
CCSM4,rcp26,2024,91,Tmean 28–31°C,tmean
CCSM4,rcp26,2025,112,Tmean 28–31°C,tmean
CCSM4,rcp26,2026,108,Tmean 28–31°C,tmean
CCSM4,rcp26,2027,127,Tmean 28–31°C,tmean
CCSM4,rcp26,2028,100,Tmean 28–31°C,tmean
CCSM4,rcp26,2029,103,Tmean 28–31°C,tmean
CCSM4,rcp26,2030,105,Tmean 28–31°C,tmean
CCSM4,rcp26,2031,142,Tmean 28–31°C,tmean
CCSM4,rcp26,2032,112,Tmean 28–31°C,tmean
CCSM4,rcp26,2033,107,Tmean 28–31°C,tmean
CCSM4,rcp26,2034,70,Tmean 28–31°C,tmean
CCSM4,rcp26,2035,134,Tmean 28–31°C,tmean
CCSM4,rcp26,2036,67,Tmean 28–31°C,tmean
CESM1-CAM5,rcp26,2006,66,Tmean 28–31°C,tmean
CESM1-CAM5,rcp26,2007,96,Tmean 28–31°C,tmean
CESM1-CAM5,rcp26,2008,87,Tmean 28–31°C,tmean
CESM1-CAM5,rcp26,2009,89,Tmean 28–31°C,tmean
CESM1-CAM5,rcp26,2010,89,Tmean 28–31°C,tmean
CESM1-CAM5,rcp26,2011,84,Tmean 28–31°C,tmean
CESM1-CAM5,rcp26,2012,76,Tmean 28–31°C,tmean
CESM1-CAM5,rcp26,2013,66,Tmean 28–31°C,tmean
CESM1-CAM5,rcp26,2014,83,Tmean 28–31°C,tmean
CESM1-CAM5,rcp26,2015,58,Tmean 28–31°C,tmean
CESM1-CAM5,rcp26,2016,81,Tmean 28–31°C,tmean
CESM1-CAM5,rcp26,2017,95,Tmean 28–31°C,tmean
CESM1-CAM5,rcp26,2018,75,Tmean 28–31°C,tmean
CESM1-CAM5,rcp26,2019,95,Tmean 28–31°C,tmean
CESM1-CAM5,rcp26,2020,93,Tmean 28–31°C,tmean
CESM1-CAM5,rcp26,2021,100,Tmean 28–31°C,tmean
CESM1-CAM5,rcp26,2022,88,Tmean 28–31°C,tmean
CESM1-CAM5,rcp26,2023,96,Tmean 28–31°C,tmean
CESM1-CAM5,rcp26,2024,80,Tmean 28–31°C,tmean
CESM1-CAM5,rcp26,2025,106,Tmean 28–31°C,tmean
CESM1-CAM5,rcp26,2026,106,Tmean 28–31°C,tmean
CESM1-CAM5,rcp26,2027,85,Tmean 28–31°C,tmean
CESM1-CAM5,rcp26,2028,71,Tmean 28–31°C,tmean
CESM1-CAM5,rcp26,2029,68,Tmean 28–31°C,tmean
CESM1-CAM5,rcp26,2030,74,Tmean 28–31°C,tmean
CESM1-CAM5,rcp26,2031,89,Tmean 28–31°C,tmean
CESM1-CAM5,rcp26,2032,98,Tmean 28–31°C,tmean
CESM1-CAM5,rcp26,2033,72,Tmean 28–31°C,tmean
CESM1-CAM5,rcp26,2034,104,Tmean 28–31°C,tmean
CESM1-CAM5,rcp26,2035,90,Tmean 28–31°C,tmean
CESM1-CAM5,rcp26,2036,104,Tmean 28–31°C,tmean
CNRM-CM5,rcp26,2006,80,Tmean 28–31°C,tmean
CNRM-CM5,rcp26,2007,95,Tmean 28–31°C,tmean
CNRM-CM5,rcp26,2008,77,Tmean 28–31°C,tmean
CNRM-CM5,rcp26,2009,82,Tmean 28–31°C,tmean
CNRM-CM5,rcp26,2010,88,Tmean 28–31°C,tmean
CNRM-CM5,rcp26,2011,75,Tmean 28–31°C,tmean
CNRM-CM5,rcp26,2012,77,Tmean 28–31°C,tmean
CNRM-CM5,rcp26,2013,96,Tmean 28–31°C,tmean
CNRM-CM5,rcp26,2014,70,Tmean 28–31°C,tmean
CNRM-CM5,rcp26,2015,78,Tmean 28–31°C,tmean
CNRM-CM5,rcp26,2016,118,Tmean 28–31°C,tmean
CNRM-CM5,rcp26,2017,99,Tmean 28–31°C,tmean
CNRM-CM5,rcp26,2018,74,Tmean 28–31°C,tmean
CNRM-CM5,rcp26,2019,97,Tmean 28–31°C,tmean
CNRM-CM5,rcp26,2020,93,Tmean 28–31°C,tmean
CNRM-CM5,rcp26,2021,72,Tmean 28–31°C,tmean
CNRM-CM5,rcp26,2022,108,Tmean 28–31°C,tmean
CNRM-CM5,rcp26,2023,97,Tmean 28–31°C,tmean
CNRM-CM5,rcp26,2024,73,Tmean 28–31°C,tmean
CNRM-CM5,rcp26,2025,76,Tmean 28–31°C,tmean
CNRM-CM5,rcp26,2026,55,Tmean 28–31°C,tmean
CNRM-CM5,rcp26,2027,66,Tmean 28–31°C,tmean
CNRM-CM5,rcp26,2028,84,Tmean 28–31°C,tmean
CNRM-CM5,rcp26,2029,82,Tmean 28–31°C,tmean
CNRM-CM5,rcp26,2030,103,Tmean 28–31°C,tmean
CNRM-CM5,rcp26,2031,96,Tmean 28–31°C,tmean
CNRM-CM5,rcp26,2032,89,Tmean 28–31°C,tmean
CNRM-CM5,rcp26,2033,98,Tmean 28–31°C,tmean
CNRM-CM5,rcp26,2034,94,Tmean 28–31°C,tmean
CNRM-CM5,rcp26,2035,73,Tmean 28–31°C,tmean
CNRM-CM5,rcp26,2036,112,Tmean 28–31°C,tmean
CSIRO-Mk3-6-0,rcp26,2006,50,Tmean 28–31°C,tmean
CSIRO-Mk3-6-0,rcp26,2007,104,Tmean 28–31°C,tmean
CSIRO-Mk3-6-0,rcp26,2008,69,Tmean 28–31°C,tmean
CSIRO-Mk3-6-0,rcp26,2009,54,Tmean 28–31°C,tmean
CSIRO-Mk3-6-0,rcp26,2010,53,Tmean 28–31°C,tmean
CSIRO-Mk3-6-0,rcp26,2011,88,Tmean 28–31°C,tmean
CSIRO-Mk3-6-0,rcp26,2012,86,Tmean 28–31°C,tmean
CSIRO-Mk3-6-0,rcp26,2013,74,Tmean 28–31°C,tmean
CSIRO-Mk3-6-0,rcp26,2014,58,Tmean 28–31°C,tmean
CSIRO-Mk3-6-0,rcp26,2015,60,Tmean 28–31°C,tmean
CSIRO-Mk3-6-0,rcp26,2016,97,Tmean 28–31°C,tmean
CSIRO-Mk3-6-0,rcp26,2017,89,Tmean 28–31°C,tmean
CSIRO-Mk3-6-0,rcp26,2018,82,Tmean 28–31°C,tmean
CSIRO-Mk3-6-0,rcp26,2019,98,Tmean 28–31°C,tmean
CSIRO-Mk3-6-0,rcp26,2020,67,Tmean 28–31°C,tmean
CSIRO-Mk3-6-0,rcp26,2021,41,Tmean 28–31°C,tmean
CSIRO-Mk3-6-0,rcp26,2022,102,Tmean 28–31°C,tmean
CSIRO-Mk3-6-0,rcp26,2023,70,Tmean 28–31°C,tmean
CSIRO-Mk3-6-0,rcp26,2024,72,Tmean 28–31°C,tmean
CSIRO-Mk3-6-0,rcp26,2025,127,Tmean 28–31°C,tmean
CSIRO-Mk3-6-0,rcp26,2026,58,Tmean 28–31°C,tmean
CSIRO-Mk3-6-0,rcp26,2027,70,Tmean 28–31°C,tmean
CSIRO-Mk3-6-0,rcp26,2028,55,Tmean 28–31°C,tmean
CSIRO-Mk3-6-0,rcp26,2029,57,Tmean 28–31°C,tmean
CSIRO-Mk3-6-0,rcp26,2030,63,Tmean 28–31°C,tmean
CSIRO-Mk3-6-0,rcp26,2031,77,Tmean 28–31°C,tmean
CSIRO-Mk3-6-0,rcp26,2032,52,Tmean 28–31°C,tmean
CSIRO-Mk3-6-0,rcp26,2033,83,Tmean 28–31°C,tmean
CSIRO-Mk3-6-0,rcp26,2034,65,Tmean 28–31°C,tmean
CSIRO-Mk3-6-0,rcp26,2035,56,Tmean 28–31°C,tmean
CSIRO-Mk3-6-0,rcp26,2036,65,Tmean 28–31°C,tmean
CanESM2,rcp26,2006,127,Tmean 28–31°C,tmean
CanESM2,rcp26,2007,106,Tmean 28–31°C,tmean
CanESM2,rcp26,2008,91,Tmean 28–31°C,tmean
CanESM2,rcp26,2009,115,Tmean 28–31°C,tmean
CanESM2,rcp26,2010,79,Tmean 28–31°C,tmean
CanESM2,rcp26,2011,105,Tmean 28–31°C,tmean
CanESM2,rcp26,2012,118,Tmean 28–31°C,tmean
CanESM2,rcp26,2013,133,Tmean 28–31°C,tmean
CanESM2,rcp26,2014,89,Tmean 28–31°C,tmean
CanESM2,rcp26,2015,105,Tmean 28–31°C,tmean
CanESM2,rcp26,2016,107,Tmean 28–31°C,tmean
CanESM2,rcp26,2017,98,Tmean 28–31°C,tmean
CanESM2,rcp26,2018,98,Tmean 28–31°C,tmean
CanESM2,rcp26,2019,146,Tmean 28–31°C,tmean
CanESM2,rcp26,2020,116,Tmean 28–31°C,tmean
CanESM2,rcp26,2021,107,Tmean 28–31°C,tmean
CanESM2,rcp26,2022,81,Tmean 28–31°C,tmean
CanESM2,rcp26,2023,88,Tmean 28–31°C,tmean
CanESM2,rcp26,2024,107,Tmean 28–31°C,tmean
CanESM2,rcp26,2025,95,Tmean 28–31°C,tmean
CanESM2,rcp26,2026,114,Tmean 28–31°C,tmean
CanESM2,rcp26,2027,125,Tmean 28–31°C,tmean
CanESM2,rcp26,2028,76,Tmean 28–31°C,tmean
CanESM2,rcp26,2029,108,Tmean 28–31°C,tmean
CanESM2,rcp26,2030,89,Tmean 28–31°C,tmean
CanESM2,rcp26,2031,124,Tmean 28–31°C,tmean
CanESM2,rcp26,2032,124,Tmean 28–31°C,tmean
CanESM2,rcp26,2033,94,Tmean 28–31°C,tmean
CanESM2,rcp26,2034,122,Tmean 28–31°C,tmean
CanESM2,rcp26,2035,95,Tmean 28–31°C,tmean
CanESM2,rcp26,2036,82,Tmean 28–31°C,tmean
FGOALS-g2,rcp26,2006,75,Tmean 28–31°C,tmean
FGOALS-g2,rcp26,2007,87,Tmean 28–31°C,tmean
FGOALS-g2,rcp26,2008,96,Tmean 28–31°C,tmean
FGOALS-g2,rcp26,2009,92,Tmean 28–31°C,tmean
FGOALS-g2,rcp26,2010,93,Tmean 28–31°C,tmean
FGOALS-g2,rcp26,2011,84,Tmean 28–31°C,tmean
FGOALS-g2,rcp26,2012,94,Tmean 28–31°C,tmean
FGOALS-g2,rcp26,2013,122,Tmean 28–31°C,tmean
FGOALS-g2,rcp26,2014,98,Tmean 28–31°C,tmean
FGOALS-g2,rcp26,2015,109,Tmean 28–31°C,tmean
FGOALS-g2,rcp26,2016,100,Tmean 28–31°C,tmean
FGOALS-g2,rcp26,2017,86,Tmean 28–31°C,tmean
FGOALS-g2,rcp26,2018,78,Tmean 28–31°C,tmean
FGOALS-g2,rcp26,2019,68,Tmean 28–31°C,tmean
FGOALS-g2,rcp26,2020,83,Tmean 28–31°C,tmean
FGOALS-g2,rcp26,2021,89,Tmean 28–31°C,tmean
FGOALS-g2,rcp26,2022,80,Tmean 28–31°C,tmean
FGOALS-g2,rcp26,2023,104,Tmean 28–31°C,tmean
FGOALS-g2,rcp26,2024,92,Tmean 28–31°C,tmean
FGOALS-g2,rcp26,2025,78,Tmean 28–31°C,tmean
FGOALS-g2,rcp26,2026,91,Tmean 28–31°C,tmean
FGOALS-g2,rcp26,2027,78,Tmean 28–31°C,tmean
FGOALS-g2,rcp26,2028,85,Tmean 28–31°C,tmean
FGOALS-g2,rcp26,2029,94,Tmean 28–31°C,tmean
FGOALS-g2,rcp26,2030,83,Tmean 28–31°C,tmean
FGOALS-g2,rcp26,2031,60,Tmean 28–31°C,tmean
FGOALS-g2,rcp26,2032,83,Tmean 28–31°C,tmean
FGOALS-g2,rcp26,2033,99,Tmean 28–31°C,tmean
FGOALS-g2,rcp26,2034,100,Tmean 28–31°C,tmean
FGOALS-g2,rcp26,2035,95,Tmean 28–31°C,tmean
FGOALS-g2,rcp26,2036,98,Tmean 28–31°C,tmean
GFDL-CM3,rcp26,2006,81,Tmean 28–31°C,tmean
GFDL-CM3,rcp26,2007,70,Tmean 28–31°C,tmean
GFDL-CM3,rcp26,2008,102,Tmean 28–31°C,tmean
GFDL-CM3,rcp26,2009,79,Tmean 28–31°C,tmean
GFDL-CM3,rcp26,2010,83,Tmean 28–31°C,tmean
GFDL-CM3,rcp26,2011,65,Tmean 28–31°C,tmean
GFDL-CM3,rcp26,2012,118,Tmean 28–31°C,tmean
GFDL-CM3,rcp26,2013,84,Tmean 28–31°C,tmean
GFDL-CM3,rcp26,2014,88,Tmean 28–31°C,tmean
GFDL-CM3,rcp26,2015,100,Tmean 28–31°C,tmean
GFDL-CM3,rcp26,2016,97,Tmean 28–31°C,tmean
GFDL-CM3,rcp26,2017,113,Tmean 28–31°C,tmean
GFDL-CM3,rcp26,2018,76,Tmean 28–31°C,tmean
GFDL-CM3,rcp26,2019,92,Tmean 28–31°C,tmean
GFDL-CM3,rcp26,2020,78,Tmean 28–31°C,tmean
GFDL-CM3,rcp26,2021,83,Tmean 28–31°C,tmean
GFDL-CM3,rcp26,2022,102,Tmean 28–31°C,tmean
GFDL-CM3,rcp26,2023,102,Tmean 28–31°C,tmean
GFDL-CM3,rcp26,2024,107,Tmean 28–31°C,tmean
GFDL-CM3,rcp26,2025,107,Tmean 28–31°C,tmean
GFDL-CM3,rcp26,2026,117,Tmean 28–31°C,tmean
GFDL-CM3,rcp26,2027,68,Tmean 28–31°C,tmean
GFDL-CM3,rcp26,2028,98,Tmean 28–31°C,tmean
GFDL-CM3,rcp26,2029,66,Tmean 28–31°C,tmean
GFDL-CM3,rcp26,2030,95,Tmean 28–31°C,tmean
GFDL-CM3,rcp26,2031,105,Tmean 28–31°C,tmean
GFDL-CM3,rcp26,2032,90,Tmean 28–31°C,tmean
GFDL-CM3,rcp26,2033,59,Tmean 28–31°C,tmean
GFDL-CM3,rcp26,2034,48,Tmean 28–31°C,tmean
GFDL-CM3,rcp26,2035,93,Tmean 28–31°C,tmean
GFDL-CM3,rcp26,2036,77,Tmean 28–31°C,tmean
GFDL-ESM2G,rcp26,2006,105,Tmean 28–31°C,tmean
GFDL-ESM2G,rcp26,2007,84,Tmean 28–31°C,tmean
GFDL-ESM2G,rcp26,2008,106,Tmean 28–31°C,tmean
GFDL-ESM2G,rcp26,2009,58,Tmean 28–31°C,tmean
GFDL-ESM2G,rcp26,2010,66,Tmean 28–31°C,tmean
GFDL-ESM2G,rcp26,2011,105,Tmean 28–31°C,tmean
GFDL-ESM2G,rcp26,2012,58,Tmean 28–31°C,tmean
GFDL-ESM2G,rcp26,2013,90,Tmean 28–31°C,tmean
GFDL-ESM2G,rcp26,2014,76,Tmean 28–31°C,tmean
GFDL-ESM2G,rcp26,2015,90,Tmean 28–31°C,tmean
GFDL-ESM2G,rcp26,2016,112,Tmean 28–31°C,tmean
GFDL-ESM2G,rcp26,2017,76,Tmean 28–31°C,tmean
GFDL-ESM2G,rcp26,2018,56,Tmean 28–31°C,tmean
GFDL-ESM2G,rcp26,2019,91,Tmean 28–31°C,tmean
GFDL-ESM2G,rcp26,2020,88,Tmean 28–31°C,tmean
GFDL-ESM2G,rcp26,2021,79,Tmean 28–31°C,tmean
GFDL-ESM2G,rcp26,2022,80,Tmean 28–31°C,tmean
GFDL-ESM2G,rcp26,2023,76,Tmean 28–31°C,tmean
GFDL-ESM2G,rcp26,2024,62,Tmean 28–31°C,tmean
GFDL-ESM2G,rcp26,2025,40,Tmean 28–31°C,tmean
GFDL-ESM2G,rcp26,2026,82,Tmean 28–31°C,tmean
GFDL-ESM2G,rcp26,2027,72,Tmean 28–31°C,tmean
GFDL-ESM2G,rcp26,2028,72,Tmean 28–31°C,tmean
GFDL-ESM2G,rcp26,2029,60,Tmean 28–31°C,tmean
GFDL-ESM2G,rcp26,2030,129,Tmean 28–31°C,tmean
GFDL-ESM2G,rcp26,2031,94,Tmean 28–31°C,tmean
GFDL-ESM2G,rcp26,2032,89,Tmean 28–31°C,tmean
GFDL-ESM2G,rcp26,2033,115,Tmean 28–31°C,tmean
GFDL-ESM2G,rcp26,2034,81,Tmean 28–31°C,tmean
GFDL-ESM2G,rcp26,2035,126,Tmean 28–31°C,tmean
GFDL-ESM2G,rcp26,2036,67,Tmean 28–31°C,tmean
IPSL-CM5A-LR,rcp26,2006,106,Tmean 28–31°C,tmean
IPSL-CM5A-LR,rcp26,2007,98,Tmean 28–31°C,tmean
IPSL-CM5A-LR,rcp26,2008,117,Tmean 28–31°C,tmean
IPSL-CM5A-LR,rcp26,2009,124,Tmean 28–31°C,tmean
IPSL-CM5A-LR,rcp26,2010,126,Tmean 28–31°C,tmean
IPSL-CM5A-LR,rcp26,2011,110,Tmean 28–31°C,tmean
IPSL-CM5A-LR,rcp26,2012,95,Tmean 28–31°C,tmean
IPSL-CM5A-LR,rcp26,2013,89,Tmean 28–31°C,tmean
IPSL-CM5A-LR,rcp26,2014,111,Tmean 28–31°C,tmean
IPSL-CM5A-LR,rcp26,2015,101,Tmean 28–31°C,tmean
IPSL-CM5A-LR,rcp26,2016,98,Tmean 28–31°C,tmean
IPSL-CM5A-LR,rcp26,2017,97,Tmean 28–31°C,tmean
IPSL-CM5A-LR,rcp26,2018,96,Tmean 28–31°C,tmean
IPSL-CM5A-LR,rcp26,2019,107,Tmean 28–31°C,tmean
IPSL-CM5A-LR,rcp26,2020,87,Tmean 28–31°C,tmean
IPSL-CM5A-LR,rcp26,2021,110,Tmean 28–31°C,tmean
IPSL-CM5A-LR,rcp26,2022,74,Tmean 28–31°C,tmean
IPSL-CM5A-LR,rcp26,2023,68,Tmean 28–31°C,tmean
IPSL-CM5A-LR,rcp26,2024,81,Tmean 28–31°C,tmean
IPSL-CM5A-LR,rcp26,2025,72,Tmean 28–31°C,tmean
IPSL-CM5A-LR,rcp26,2026,86,Tmean 28–31°C,tmean
IPSL-CM5A-LR,rcp26,2027,59,Tmean 28–31°C,tmean
IPSL-CM5A-LR,rcp26,2028,101,Tmean 28–31°C,tmean
IPSL-CM5A-LR,rcp26,2029,89,Tmean 28–31°C,tmean
IPSL-CM5A-LR,rcp26,2030,72,Tmean 28–31°C,tmean
IPSL-CM5A-LR,rcp26,2031,71,Tmean 28–31°C,tmean
IPSL-CM5A-LR,rcp26,2032,63,Tmean 28–31°C,tmean
IPSL-CM5A-LR,rcp26,2033,69,Tmean 28–31°C,tmean
IPSL-CM5A-LR,rcp26,2034,83,Tmean 28–31°C,tmean
IPSL-CM5A-LR,rcp26,2035,94,Tmean 28–31°C,tmean
IPSL-CM5A-LR,rcp26,2036,126,Tmean 28–31°C,tmean
IPSL-CM5A-MR,rcp26,2006,81,Tmean 28–31°C,tmean
IPSL-CM5A-MR,rcp26,2007,90,Tmean 28–31°C,tmean
IPSL-CM5A-MR,rcp26,2008,99,Tmean 28–31°C,tmean
IPSL-CM5A-MR,rcp26,2009,85,Tmean 28–31°C,tmean
IPSL-CM5A-MR,rcp26,2010,98,Tmean 28–31°C,tmean
IPSL-CM5A-MR,rcp26,2011,104,Tmean 28–31°C,tmean
IPSL-CM5A-MR,rcp26,2012,74,Tmean 28–31°C,tmean
IPSL-CM5A-MR,rcp26,2013,106,Tmean 28–31°C,tmean
IPSL-CM5A-MR,rcp26,2014,74,Tmean 28–31°C,tmean
IPSL-CM5A-MR,rcp26,2015,106,Tmean 28–31°C,tmean
IPSL-CM5A-MR,rcp26,2016,109,Tmean 28–31°C,tmean
IPSL-CM5A-MR,rcp26,2017,119,Tmean 28–31°C,tmean
IPSL-CM5A-MR,rcp26,2018,97,Tmean 28–31°C,tmean
IPSL-CM5A-MR,rcp26,2019,114,Tmean 28–31°C,tmean
IPSL-CM5A-MR,rcp26,2020,108,Tmean 28–31°C,tmean
IPSL-CM5A-MR,rcp26,2021,94,Tmean 28–31°C,tmean
IPSL-CM5A-MR,rcp26,2022,90,Tmean 28–31°C,tmean
IPSL-CM5A-MR,rcp26,2023,100,Tmean 28–31°C,tmean
IPSL-CM5A-MR,rcp26,2024,103,Tmean 28–31°C,tmean
IPSL-CM5A-MR,rcp26,2025,74,Tmean 28–31°C,tmean
IPSL-CM5A-MR,rcp26,2026,77,Tmean 28–31°C,tmean
IPSL-CM5A-MR,rcp26,2027,100,Tmean 28–31°C,tmean
IPSL-CM5A-MR,rcp26,2028,96,Tmean 28–31°C,tmean
IPSL-CM5A-MR,rcp26,2029,91,Tmean 28–31°C,tmean
IPSL-CM5A-MR,rcp26,2030,111,Tmean 28–31°C,tmean
IPSL-CM5A-MR,rcp26,2031,98,Tmean 28–31°C,tmean
IPSL-CM5A-MR,rcp26,2032,89,Tmean 28–31°C,tmean
IPSL-CM5A-MR,rcp26,2033,85,Tmean 28–31°C,tmean
IPSL-CM5A-MR,rcp26,2034,102,Tmean 28–31°C,tmean
IPSL-CM5A-MR,rcp26,2035,121,Tmean 28–31°C,tmean
IPSL-CM5A-MR,rcp26,2036,98,Tmean 28–31°C,tmean
MIROC-ESM,rcp26,2006,97,Tmean 28–31°C,tmean
MIROC-ESM,rcp26,2007,106,Tmean 28–31°C,tmean
MIROC-ESM,rcp26,2008,123,Tmean 28–31°C,tmean
MIROC-ESM,rcp26,2009,113,Tmean 28–31°C,tmean
MIROC-ESM,rcp26,2010,85,Tmean 28–31°C,tmean
MIROC-ESM,rcp26,2011,92,Tmean 28–31°C,tmean
MIROC-ESM,rcp26,2012,95,Tmean 28–31°C,tmean
MIROC-ESM,rcp26,2013,93,Tmean 28–31°C,tmean
MIROC-ESM,rcp26,2014,108,Tmean 28–31°C,tmean
MIROC-ESM,rcp26,2015,117,Tmean 28–31°C,tmean
MIROC-ESM,rcp26,2016,120,Tmean 28–31°C,tmean
MIROC-ESM,rcp26,2017,107,Tmean 28–31°C,tmean
MIROC-ESM,rcp26,2018,115,Tmean 28–31°C,tmean
MIROC-ESM,rcp26,2019,102,Tmean 28–31°C,tmean
MIROC-ESM,rcp26,2020,106,Tmean 28–31°C,tmean
MIROC-ESM,rcp26,2021,99,Tmean 28–31°C,tmean
MIROC-ESM,rcp26,2022,97,Tmean 28–31°C,tmean
MIROC-ESM,rcp26,2023,136,Tmean 28–31°C,tmean
MIROC-ESM,rcp26,2024,134,Tmean 28–31°C,tmean
MIROC-ESM,rcp26,2025,114,Tmean 28–31°C,tmean
MIROC-ESM,rcp26,2026,107,Tmean 28–31°C,tmean
MIROC-ESM,rcp26,2027,127,Tmean 28–31°C,tmean
MIROC-ESM,rcp26,2028,107,Tmean 28–31°C,tmean
MIROC-ESM,rcp26,2029,129,Tmean 28–31°C,tmean
MIROC-ESM,rcp26,2030,129,Tmean 28–31°C,tmean
MIROC-ESM,rcp26,2031,90,Tmean 28–31°C,tmean
MIROC-ESM,rcp26,2032,127,Tmean 28–31°C,tmean
MIROC-ESM,rcp26,2033,84,Tmean 28–31°C,tmean
MIROC-ESM,rcp26,2034,111,Tmean 28–31°C,tmean
MIROC-ESM,rcp26,2035,105,Tmean 28–31°C,tmean
MIROC-ESM,rcp26,2036,104,Tmean 28–31°C,tmean
MIROC-ESM-CHEM,rcp26,2006,65,Tmean 28–31°C,tmean
MIROC-ESM-CHEM,rcp26,2007,106,Tmean 28–31°C,tmean
MIROC-ESM-CHEM,rcp26,2008,102,Tmean 28–31°C,tmean
MIROC-ESM-CHEM,rcp26,2009,95,Tmean 28–31°C,tmean
MIROC-ESM-CHEM,rcp26,2010,100,Tmean 28–31°C,tmean
MIROC-ESM-CHEM,rcp26,2011,81,Tmean 28–31°C,tmean
MIROC-ESM-CHEM,rcp26,2012,105,Tmean 28–31°C,tmean
MIROC-ESM-CHEM,rcp26,2013,115,Tmean 28–31°C,tmean
MIROC-ESM-CHEM,rcp26,2014,101,Tmean 28–31°C,tmean
MIROC-ESM-CHEM,rcp26,2015,85,Tmean 28–31°C,tmean
MIROC-ESM-CHEM,rcp26,2016,100,Tmean 28–31°C,tmean
MIROC-ESM-CHEM,rcp26,2017,111,Tmean 28–31°C,tmean
MIROC-ESM-CHEM,rcp26,2018,136,Tmean 28–31°C,tmean
MIROC-ESM-CHEM,rcp26,2019,96,Tmean 28–31°C,tmean
MIROC-ESM-CHEM,rcp26,2020,108,Tmean 28–31°C,tmean
MIROC-ESM-CHEM,rcp26,2021,135,Tmean 28–31°C,tmean
MIROC-ESM-CHEM,rcp26,2022,136,Tmean 28–31°C,tmean
MIROC-ESM-CHEM,rcp26,2023,102,Tmean 28–31°C,tmean
MIROC-ESM-CHEM,rcp26,2024,104,Tmean 28–31°C,tmean
MIROC-ESM-CHEM,rcp26,2025,99,Tmean 28–31°C,tmean
MIROC-ESM-CHEM,rcp26,2026,126,Tmean 28–31°C,tmean
MIROC-ESM-CHEM,rcp26,2027,117,Tmean 28–31°C,tmean
MIROC-ESM-CHEM,rcp26,2028,90,Tmean 28–31°C,tmean
MIROC-ESM-CHEM,rcp26,2029,103,Tmean 28–31°C,tmean
MIROC-ESM-CHEM,rcp26,2030,113,Tmean 28–31°C,tmean
MIROC-ESM-CHEM,rcp26,2031,131,Tmean 28–31°C,tmean
MIROC-ESM-CHEM,rcp26,2032,71,Tmean 28–31°C,tmean
MIROC-ESM-CHEM,rcp26,2033,136,Tmean 28–31°C,tmean
MIROC-ESM-CHEM,rcp26,2034,122,Tmean 28–31°C,tmean
MIROC-ESM-CHEM,rcp26,2035,137,Tmean 28–31°C,tmean
MIROC-ESM-CHEM,rcp26,2036,135,Tmean 28–31°C,tmean
MIROC5,rcp26,2006,85,Tmean 28–31°C,tmean
MIROC5,rcp26,2007,78,Tmean 28–31°C,tmean
MIROC5,rcp26,2008,79,Tmean 28–31°C,tmean
MIROC5,rcp26,2009,84,Tmean 28–31°C,tmean
MIROC5,rcp26,2010,99,Tmean 28–31°C,tmean
MIROC5,rcp26,2011,88,Tmean 28–31°C,tmean
MIROC5,rcp26,2012,94,Tmean 28–31°C,tmean
MIROC5,rcp26,2013,86,Tmean 28–31°C,tmean
MIROC5,rcp26,2014,117,Tmean 28–31°C,tmean
MIROC5,rcp26,2015,79,Tmean 28–31°C,tmean
MIROC5,rcp26,2016,88,Tmean 28–31°C,tmean
MIROC5,rcp26,2017,92,Tmean 28–31°C,tmean
MIROC5,rcp26,2018,81,Tmean 28–31°C,tmean
MIROC5,rcp26,2019,74,Tmean 28–31°C,tmean
MIROC5,rcp26,2020,71,Tmean 28–31°C,tmean
MIROC5,rcp26,2021,84,Tmean 28–31°C,tmean
MIROC5,rcp26,2022,122,Tmean 28–31°C,tmean
MIROC5,rcp26,2023,120,Tmean 28–31°C,tmean
MIROC5,rcp26,2024,104,Tmean 28–31°C,tmean
MIROC5,rcp26,2025,81,Tmean 28–31°C,tmean
MIROC5,rcp26,2026,93,Tmean 28–31°C,tmean
MIROC5,rcp26,2027,109,Tmean 28–31°C,tmean
MIROC5,rcp26,2028,110,Tmean 28–31°C,tmean
MIROC5,rcp26,2029,121,Tmean 28–31°C,tmean
MIROC5,rcp26,2030,106,Tmean 28–31°C,tmean
MIROC5,rcp26,2031,109,Tmean 28–31°C,tmean
MIROC5,rcp26,2032,97,Tmean 28–31°C,tmean
MIROC5,rcp26,2033,59,Tmean 28–31°C,tmean
MIROC5,rcp26,2034,95,Tmean 28–31°C,tmean
MIROC5,rcp26,2035,104,Tmean 28–31°C,tmean
MIROC5,rcp26,2036,85,Tmean 28–31°C,tmean
MPI-ESM-LR,rcp26,2006,96,Tmean 28–31°C,tmean
MPI-ESM-LR,rcp26,2007,84,Tmean 28–31°C,tmean
MPI-ESM-LR,rcp26,2008,109,Tmean 28–31°C,tmean
MPI-ESM-LR,rcp26,2009,76,Tmean 28–31°C,tmean
MPI-ESM-LR,rcp26,2010,92,Tmean 28–31°C,tmean
MPI-ESM-LR,rcp26,2011,103,Tmean 28–31°C,tmean
MPI-ESM-LR,rcp26,2012,121,Tmean 28–31°C,tmean
MPI-ESM-LR,rcp26,2013,98,Tmean 28–31°C,tmean
MPI-ESM-LR,rcp26,2014,103,Tmean 28–31°C,tmean
MPI-ESM-LR,rcp26,2015,80,Tmean 28–31°C,tmean
MPI-ESM-LR,rcp26,2016,92,Tmean 28–31°C,tmean
MPI-ESM-LR,rcp26,2017,84,Tmean 28–31°C,tmean
MPI-ESM-LR,rcp26,2018,117,Tmean 28–31°C,tmean
MPI-ESM-LR,rcp26,2019,87,Tmean 28–31°C,tmean
MPI-ESM-LR,rcp26,2020,112,Tmean 28–31°C,tmean
MPI-ESM-LR,rcp26,2021,96,Tmean 28–31°C,tmean
MPI-ESM-LR,rcp26,2022,104,Tmean 28–31°C,tmean
MPI-ESM-LR,rcp26,2023,100,Tmean 28–31°C,tmean
MPI-ESM-LR,rcp26,2024,124,Tmean 28–31°C,tmean
MPI-ESM-LR,rcp26,2025,125,Tmean 28–31°C,tmean
MPI-ESM-LR,rcp26,2026,63,Tmean 28–31°C,tmean
MPI-ESM-LR,rcp26,2027,72,Tmean 28–31°C,tmean
MPI-ESM-LR,rcp26,2028,108,Tmean 28–31°C,tmean
MPI-ESM-LR,rcp26,2029,97,Tmean 28–31°C,tmean
MPI-ESM-LR,rcp26,2030,75,Tmean 28–31°C,tmean
MPI-ESM-LR,rcp26,2031,76,Tmean 28–31°C,tmean
MPI-ESM-LR,rcp26,2032,95,Tmean 28–31°C,tmean
MPI-ESM-LR,rcp26,2033,88,Tmean 28–31°C,tmean
MPI-ESM-LR,rcp26,2034,49,Tmean 28–31°C,tmean
MPI-ESM-LR,rcp26,2035,86,Tmean 28–31°C,tmean
MPI-ESM-LR,rcp26,2036,80,Tmean 28–31°C,tmean
MPI-ESM-MR,rcp26,2006,129,Tmean 28–31°C,tmean
MPI-ESM-MR,rcp26,2007,127,Tmean 28–31°C,tmean
MPI-ESM-MR,rcp26,2008,129,Tmean 28–31°C,tmean
MPI-ESM-MR,rcp26,2009,124,Tmean 28–31°C,tmean
MPI-ESM-MR,rcp26,2010,96,Tmean 28–31°C,tmean
MPI-ESM-MR,rcp26,2011,98,Tmean 28–31°C,tmean
MPI-ESM-MR,rcp26,2012,76,Tmean 28–31°C,tmean
MPI-ESM-MR,rcp26,2013,91,Tmean 28–31°C,tmean
MPI-ESM-MR,rcp26,2014,101,Tmean 28–31°C,tmean
MPI-ESM-MR,rcp26,2015,102,Tmean 28–31°C,tmean
MPI-ESM-MR,rcp26,2016,93,Tmean 28–31°C,tmean
MPI-ESM-MR,rcp26,2017,98,Tmean 28–31°C,tmean
MPI-ESM-MR,rcp26,2018,102,Tmean 28–31°C,tmean
MPI-ESM-MR,rcp26,2019,94,Tmean 28–31°C,tmean
MPI-ESM-MR,rcp26,2020,106,Tmean 28–31°C,tmean
MPI-ESM-MR,rcp26,2021,88,Tmean 28–31°C,tmean
MPI-ESM-MR,rcp26,2022,121,Tmean 28–31°C,tmean
MPI-ESM-MR,rcp26,2023,86,Tmean 28–31°C,tmean
MPI-ESM-MR,rcp26,2024,96,Tmean 28–31°C,tmean
MPI-ESM-MR,rcp26,2025,86,Tmean 28–31°C,tmean
MPI-ESM-MR,rcp26,2026,104,Tmean 28–31°C,tmean
MPI-ESM-MR,rcp26,2027,133,Tmean 28–31°C,tmean
MPI-ESM-MR,rcp26,2028,123,Tmean 28–31°C,tmean
MPI-ESM-MR,rcp26,2029,120,Tmean 28–31°C,tmean
MPI-ESM-MR,rcp26,2030,112,Tmean 28–31°C,tmean
MPI-ESM-MR,rcp26,2031,93,Tmean 28–31°C,tmean
MPI-ESM-MR,rcp26,2032,99,Tmean 28–31°C,tmean
MPI-ESM-MR,rcp26,2033,73,Tmean 28–31°C,tmean
MPI-ESM-MR,rcp26,2034,114,Tmean 28–31°C,tmean
MPI-ESM-MR,rcp26,2035,108,Tmean 28–31°C,tmean
MPI-ESM-MR,rcp26,2036,119,Tmean 28–31°C,tmean
MRI-CGCM3,rcp26,2006,82,Tmean 28–31°C,tmean
MRI-CGCM3,rcp26,2007,85,Tmean 28–31°C,tmean
MRI-CGCM3,rcp26,2008,80,Tmean 28–31°C,tmean
MRI-CGCM3,rcp26,2009,75,Tmean 28–31°C,tmean
MRI-CGCM3,rcp26,2010,99,Tmean 28–31°C,tmean
MRI-CGCM3,rcp26,2011,91,Tmean 28–31°C,tmean
MRI-CGCM3,rcp26,2012,87,Tmean 28–31°C,tmean
MRI-CGCM3,rcp26,2013,102,Tmean 28–31°C,tmean
MRI-CGCM3,rcp26,2014,83,Tmean 28–31°C,tmean
MRI-CGCM3,rcp26,2015,81,Tmean 28–31°C,tmean
MRI-CGCM3,rcp26,2016,78,Tmean 28–31°C,tmean
MRI-CGCM3,rcp26,2017,85,Tmean 28–31°C,tmean
MRI-CGCM3,rcp26,2018,108,Tmean 28–31°C,tmean
MRI-CGCM3,rcp26,2019,102,Tmean 28–31°C,tmean
MRI-CGCM3,rcp26,2020,96,Tmean 28–31°C,tmean
MRI-CGCM3,rcp26,2021,91,Tmean 28–31°C,tmean
MRI-CGCM3,rcp26,2022,91,Tmean 28–31°C,tmean
MRI-CGCM3,rcp26,2023,118,Tmean 28–31°C,tmean
MRI-CGCM3,rcp26,2024,100,Tmean 28–31°C,tmean
MRI-CGCM3,rcp26,2025,77,Tmean 28–31°C,tmean
MRI-CGCM3,rcp26,2026,105,Tmean 28–31°C,tmean
MRI-CGCM3,rcp26,2027,71,Tmean 28–31°C,tmean
MRI-CGCM3,rcp26,2028,87,Tmean 28–31°C,tmean
MRI-CGCM3,rcp26,2029,84,Tmean 28–31°C,tmean
MRI-CGCM3,rcp26,2030,92,Tmean 28–31°C,tmean
MRI-CGCM3,rcp26,2031,91,Tmean 28–31°C,tmean
MRI-CGCM3,rcp26,2032,82,Tmean 28–31°C,tmean
MRI-CGCM3,rcp26,2033,85,Tmean 28–31°C,tmean
MRI-CGCM3,rcp26,2034,63,Tmean 28–31°C,tmean
MRI-CGCM3,rcp26,2035,72,Tmean 28–31°C,tmean
MRI-CGCM3,rcp26,2036,94,Tmean 28–31°C,tmean
NorESM1-M,rcp26,2006,94,Tmean 28–31°C,tmean
NorESM1-M,rcp26,2007,86,Tmean 28–31°C,tmean
NorESM1-M,rcp26,2008,81,Tmean 28–31°C,tmean
NorESM1-M,rcp26,2009,78,Tmean 28–31°C,tmean
NorESM1-M,rcp26,2010,100,Tmean 28–31°C,tmean
NorESM1-M,rcp26,2011,95,Tmean 28–31°C,tmean
NorESM1-M,rcp26,2012,89,Tmean 28–31°C,tmean
NorESM1-M,rcp26,2013,100,Tmean 28–31°C,tmean
NorESM1-M,rcp26,2014,99,Tmean 28–31°C,tmean
NorESM1-M,rcp26,2015,103,Tmean 28–31°C,tmean
NorESM1-M,rcp26,2016,105,Tmean 28–31°C,tmean
NorESM1-M,rcp26,2017,100,Tmean 28–31°C,tmean
NorESM1-M,rcp26,2018,116,Tmean 28–31°C,tmean
NorESM1-M,rcp26,2019,124,Tmean 28–31°C,tmean
NorESM1-M,rcp26,2020,103,Tmean 28–31°C,tmean
NorESM1-M,rcp26,2021,89,Tmean 28–31°C,tmean
NorESM1-M,rcp26,2022,99,Tmean 28–31°C,tmean
NorESM1-M,rcp26,2023,115,Tmean 28–31°C,tmean
NorESM1-M,rcp26,2024,119,Tmean 28–31°C,tmean
NorESM1-M,rcp26,2025,131,Tmean 28–31°C,tmean
NorESM1-M,rcp26,2026,75,Tmean 28–31°C,tmean
NorESM1-M,rcp26,2027,118,Tmean 28–31°C,tmean
NorESM1-M,rcp26,2028,99,Tmean 28–31°C,tmean
NorESM1-M,rcp26,2029,102,Tmean 28–31°C,tmean
NorESM1-M,rcp26,2030,93,Tmean 28–31°C,tmean
NorESM1-M,rcp26,2031,80,Tmean 28–31°C,tmean
NorESM1-M,rcp26,2032,80,Tmean 28–31°C,tmean
NorESM1-M,rcp26,2033,82,Tmean 28–31°C,tmean
NorESM1-M,rcp26,2034,105,Tmean 28–31°C,tmean
NorESM1-M,rcp26,2035,119,Tmean 28–31°C,tmean
NorESM1-M,rcp26,2036,88,Tmean 28–31°C,tmean
bcc-csm1-1,rcp26,2006,75,Tmean 28–31°C,tmean
bcc-csm1-1,rcp26,2007,80,Tmean 28–31°C,tmean
bcc-csm1-1,rcp26,2008,102,Tmean 28–31°C,tmean
bcc-csm1-1,rcp26,2009,134,Tmean 28–31°C,tmean
bcc-csm1-1,rcp26,2010,100,Tmean 28–31°C,tmean
bcc-csm1-1,rcp26,2011,114,Tmean 28–31°C,tmean
bcc-csm1-1,rcp26,2012,97,Tmean 28–31°C,tmean
bcc-csm1-1,rcp26,2013,88,Tmean 28–31°C,tmean
bcc-csm1-1,rcp26,2014,113,Tmean 28–31°C,tmean
bcc-csm1-1,rcp26,2015,100,Tmean 28–31°C,tmean
bcc-csm1-1,rcp26,2016,89,Tmean 28–31°C,tmean
bcc-csm1-1,rcp26,2017,90,Tmean 28–31°C,tmean
bcc-csm1-1,rcp26,2018,117,Tmean 28–31°C,tmean
bcc-csm1-1,rcp26,2019,87,Tmean 28–31°C,tmean
bcc-csm1-1,rcp26,2020,95,Tmean 28–31°C,tmean
bcc-csm1-1,rcp26,2021,89,Tmean 28–31°C,tmean
bcc-csm1-1,rcp26,2022,116,Tmean 28–31°C,tmean
bcc-csm1-1,rcp26,2023,88,Tmean 28–31°C,tmean
bcc-csm1-1,rcp26,2024,100,Tmean 28–31°C,tmean
bcc-csm1-1,rcp26,2025,110,Tmean 28–31°C,tmean
bcc-csm1-1,rcp26,2026,95,Tmean 28–31°C,tmean
bcc-csm1-1,rcp26,2027,105,Tmean 28–31°C,tmean
bcc-csm1-1,rcp26,2028,95,Tmean 28–31°C,tmean
bcc-csm1-1,rcp26,2029,106,Tmean 28–31°C,tmean
bcc-csm1-1,rcp26,2030,92,Tmean 28–31°C,tmean
bcc-csm1-1,rcp26,2031,116,Tmean 28–31°C,tmean
bcc-csm1-1,rcp26,2032,132,Tmean 28–31°C,tmean
bcc-csm1-1,rcp26,2033,104,Tmean 28–31°C,tmean
bcc-csm1-1,rcp26,2034,89,Tmean 28–31°C,tmean
bcc-csm1-1,rcp26,2035,119,Tmean 28–31°C,tmean
bcc-csm1-1,rcp26,2036,84,Tmean 28–31°C,tmean
bcc-csm1-1-m,rcp26,2006,77,Tmean 28–31°C,tmean
bcc-csm1-1-m,rcp26,2007,75,Tmean 28–31°C,tmean
bcc-csm1-1-m,rcp26,2008,116,Tmean 28–31°C,tmean
bcc-csm1-1-m,rcp26,2009,103,Tmean 28–31°C,tmean
bcc-csm1-1-m,rcp26,2010,90,Tmean 28–31°C,tmean
bcc-csm1-1-m,rcp26,2011,99,Tmean 28–31°C,tmean
bcc-csm1-1-m,rcp26,2012,114,Tmean 28–31°C,tmean
bcc-csm1-1-m,rcp26,2013,129,Tmean 28–31°C,tmean
bcc-csm1-1-m,rcp26,2014,104,Tmean 28–31°C,tmean
bcc-csm1-1-m,rcp26,2015,86,Tmean 28–31°C,tmean
bcc-csm1-1-m,rcp26,2016,87,Tmean 28–31°C,tmean
bcc-csm1-1-m,rcp26,2017,122,Tmean 28–31°C,tmean
bcc-csm1-1-m,rcp26,2018,61,Tmean 28–31°C,tmean
bcc-csm1-1-m,rcp26,2019,61,Tmean 28–31°C,tmean
bcc-csm1-1-m,rcp26,2020,86,Tmean 28–31°C,tmean
bcc-csm1-1-m,rcp26,2021,92,Tmean 28–31°C,tmean
bcc-csm1-1-m,rcp26,2022,108,Tmean 28–31°C,tmean
bcc-csm1-1-m,rcp26,2023,107,Tmean 28–31°C,tmean
bcc-csm1-1-m,rcp26,2024,87,Tmean 28–31°C,tmean
bcc-csm1-1-m,rcp26,2025,116,Tmean 28–31°C,tmean
bcc-csm1-1-m,rcp26,2026,90,Tmean 28–31°C,tmean
bcc-csm1-1-m,rcp26,2027,94,Tmean 28–31°C,tmean
bcc-csm1-1-m,rcp26,2028,90,Tmean 28–31°C,tmean
bcc-csm1-1-m,rcp26,2029,120,Tmean 28–31°C,tmean
bcc-csm1-1-m,rcp26,2030,67,Tmean 28–31°C,tmean
bcc-csm1-1-m,rcp26,2031,53,Tmean 28–31°C,tmean
bcc-csm1-1-m,rcp26,2032,115,Tmean 28–31°C,tmean
bcc-csm1-1-m,rcp26,2033,126,Tmean 28–31°C,tmean
bcc-csm1-1-m,rcp26,2034,107,Tmean 28–31°C,tmean
bcc-csm1-1-m,rcp26,2035,111,Tmean 28–31°C,tmean
bcc-csm1-1-m,rcp26,2036,109,Tmean 28–31°C,tmean
ACCESS1-0,rcp45,2006,92,Tmean 28–31°C,tmean
ACCESS1-0,rcp45,2007,87,Tmean 28–31°C,tmean
ACCESS1-0,rcp45,2008,65,Tmean 28–31°C,tmean
ACCESS1-0,rcp45,2009,100,Tmean 28–31°C,tmean
ACCESS1-0,rcp45,2010,72,Tmean 28–31°C,tmean
ACCESS1-0,rcp45,2011,79,Tmean 28–31°C,tmean
ACCESS1-0,rcp45,2012,98,Tmean 28–31°C,tmean
ACCESS1-0,rcp45,2013,104,Tmean 28–31°C,tmean
ACCESS1-0,rcp45,2014,90,Tmean 28–31°C,tmean
ACCESS1-0,rcp45,2015,92,Tmean 28–31°C,tmean
ACCESS1-0,rcp45,2016,99,Tmean 28–31°C,tmean
ACCESS1-0,rcp45,2017,74,Tmean 28–31°C,tmean
ACCESS1-0,rcp45,2018,71,Tmean 28–31°C,tmean
ACCESS1-0,rcp45,2019,96,Tmean 28–31°C,tmean
ACCESS1-0,rcp45,2020,110,Tmean 28–31°C,tmean
ACCESS1-0,rcp45,2021,60,Tmean 28–31°C,tmean
ACCESS1-0,rcp45,2022,110,Tmean 28–31°C,tmean
ACCESS1-0,rcp45,2023,100,Tmean 28–31°C,tmean
ACCESS1-0,rcp45,2024,88,Tmean 28–31°C,tmean
ACCESS1-0,rcp45,2025,83,Tmean 28–31°C,tmean
ACCESS1-0,rcp45,2026,99,Tmean 28–31°C,tmean
ACCESS1-0,rcp45,2027,91,Tmean 28–31°C,tmean
ACCESS1-0,rcp45,2028,64,Tmean 28–31°C,tmean
ACCESS1-0,rcp45,2029,46,Tmean 28–31°C,tmean
ACCESS1-0,rcp45,2030,98,Tmean 28–31°C,tmean
ACCESS1-0,rcp45,2031,97,Tmean 28–31°C,tmean
ACCESS1-0,rcp45,2032,105,Tmean 28–31°C,tmean
ACCESS1-0,rcp45,2033,77,Tmean 28–31°C,tmean
ACCESS1-0,rcp45,2034,97,Tmean 28–31°C,tmean
ACCESS1-0,rcp45,2035,107,Tmean 28–31°C,tmean
ACCESS1-0,rcp45,2036,86,Tmean 28–31°C,tmean
ACCESS1-3,rcp45,2006,80,Tmean 28–31°C,tmean
ACCESS1-3,rcp45,2007,79,Tmean 28–31°C,tmean
ACCESS1-3,rcp45,2008,77,Tmean 28–31°C,tmean
ACCESS1-3,rcp45,2009,80,Tmean 28–31°C,tmean
ACCESS1-3,rcp45,2010,94,Tmean 28–31°C,tmean
ACCESS1-3,rcp45,2011,48,Tmean 28–31°C,tmean
ACCESS1-3,rcp45,2012,85,Tmean 28–31°C,tmean
ACCESS1-3,rcp45,2013,96,Tmean 28–31°C,tmean
ACCESS1-3,rcp45,2014,103,Tmean 28–31°C,tmean
ACCESS1-3,rcp45,2015,93,Tmean 28–31°C,tmean
ACCESS1-3,rcp45,2016,90,Tmean 28–31°C,tmean
ACCESS1-3,rcp45,2017,74,Tmean 28–31°C,tmean
ACCESS1-3,rcp45,2018,102,Tmean 28–31°C,tmean
ACCESS1-3,rcp45,2019,70,Tmean 28–31°C,tmean
ACCESS1-3,rcp45,2020,77,Tmean 28–31°C,tmean
ACCESS1-3,rcp45,2021,83,Tmean 28–31°C,tmean
ACCESS1-3,rcp45,2022,88,Tmean 28–31°C,tmean
ACCESS1-3,rcp45,2023,78,Tmean 28–31°C,tmean
ACCESS1-3,rcp45,2024,68,Tmean 28–31°C,tmean
ACCESS1-3,rcp45,2025,100,Tmean 28–31°C,tmean
ACCESS1-3,rcp45,2026,86,Tmean 28–31°C,tmean
ACCESS1-3,rcp45,2027,102,Tmean 28–31°C,tmean
ACCESS1-3,rcp45,2028,107,Tmean 28–31°C,tmean
ACCESS1-3,rcp45,2029,105,Tmean 28–31°C,tmean
ACCESS1-3,rcp45,2030,88,Tmean 28–31°C,tmean
ACCESS1-3,rcp45,2031,111,Tmean 28–31°C,tmean
ACCESS1-3,rcp45,2032,95,Tmean 28–31°C,tmean
ACCESS1-3,rcp45,2033,111,Tmean 28–31°C,tmean
ACCESS1-3,rcp45,2034,101,Tmean 28–31°C,tmean
ACCESS1-3,rcp45,2035,85,Tmean 28–31°C,tmean
ACCESS1-3,rcp45,2036,92,Tmean 28–31°C,tmean
BNU-ESM,rcp45,2006,75,Tmean 28–31°C,tmean
BNU-ESM,rcp45,2007,120,Tmean 28–31°C,tmean
BNU-ESM,rcp45,2008,89,Tmean 28–31°C,tmean
BNU-ESM,rcp45,2009,108,Tmean 28–31°C,tmean
BNU-ESM,rcp45,2010,71,Tmean 28–31°C,tmean
BNU-ESM,rcp45,2011,86,Tmean 28–31°C,tmean
BNU-ESM,rcp45,2012,83,Tmean 28–31°C,tmean
BNU-ESM,rcp45,2013,104,Tmean 28–31°C,tmean
BNU-ESM,rcp45,2014,75,Tmean 28–31°C,tmean
BNU-ESM,rcp45,2015,106,Tmean 28–31°C,tmean
BNU-ESM,rcp45,2016,107,Tmean 28–31°C,tmean
BNU-ESM,rcp45,2017,97,Tmean 28–31°C,tmean
BNU-ESM,rcp45,2018,94,Tmean 28–31°C,tmean
BNU-ESM,rcp45,2019,107,Tmean 28–31°C,tmean
BNU-ESM,rcp45,2020,114,Tmean 28–31°C,tmean
BNU-ESM,rcp45,2021,79,Tmean 28–31°C,tmean
BNU-ESM,rcp45,2022,84,Tmean 28–31°C,tmean
BNU-ESM,rcp45,2023,126,Tmean 28–31°C,tmean
BNU-ESM,rcp45,2024,97,Tmean 28–31°C,tmean
BNU-ESM,rcp45,2025,68,Tmean 28–31°C,tmean
BNU-ESM,rcp45,2026,97,Tmean 28–31°C,tmean
BNU-ESM,rcp45,2027,95,Tmean 28–31°C,tmean
BNU-ESM,rcp45,2028,74,Tmean 28–31°C,tmean
BNU-ESM,rcp45,2029,105,Tmean 28–31°C,tmean
BNU-ESM,rcp45,2030,110,Tmean 28–31°C,tmean
BNU-ESM,rcp45,2031,114,Tmean 28–31°C,tmean
BNU-ESM,rcp45,2032,89,Tmean 28–31°C,tmean
BNU-ESM,rcp45,2033,96,Tmean 28–31°C,tmean
BNU-ESM,rcp45,2034,98,Tmean 28–31°C,tmean
BNU-ESM,rcp45,2035,91,Tmean 28–31°C,tmean
BNU-ESM,rcp45,2036,100,Tmean 28–31°C,tmean
CCSM4,rcp45,2006,89,Tmean 28–31°C,tmean
CCSM4,rcp45,2007,102,Tmean 28–31°C,tmean
CCSM4,rcp45,2008,88,Tmean 28–31°C,tmean
CCSM4,rcp45,2009,102,Tmean 28–31°C,tmean
CCSM4,rcp45,2010,117,Tmean 28–31°C,tmean
CCSM4,rcp45,2011,82,Tmean 28–31°C,tmean
CCSM4,rcp45,2012,68,Tmean 28–31°C,tmean
CCSM4,rcp45,2013,100,Tmean 28–31°C,tmean
CCSM4,rcp45,2014,90,Tmean 28–31°C,tmean
CCSM4,rcp45,2015,93,Tmean 28–31°C,tmean
CCSM4,rcp45,2016,98,Tmean 28–31°C,tmean
CCSM4,rcp45,2017,104,Tmean 28–31°C,tmean
CCSM4,rcp45,2018,85,Tmean 28–31°C,tmean
CCSM4,rcp45,2019,100,Tmean 28–31°C,tmean
CCSM4,rcp45,2020,113,Tmean 28–31°C,tmean
CCSM4,rcp45,2021,97,Tmean 28–31°C,tmean
CCSM4,rcp45,2022,101,Tmean 28–31°C,tmean
CCSM4,rcp45,2023,79,Tmean 28–31°C,tmean
CCSM4,rcp45,2024,89,Tmean 28–31°C,tmean
CCSM4,rcp45,2025,94,Tmean 28–31°C,tmean
CCSM4,rcp45,2026,96,Tmean 28–31°C,tmean
CCSM4,rcp45,2027,80,Tmean 28–31°C,tmean
CCSM4,rcp45,2028,110,Tmean 28–31°C,tmean
CCSM4,rcp45,2029,83,Tmean 28–31°C,tmean
CCSM4,rcp45,2030,78,Tmean 28–31°C,tmean
CCSM4,rcp45,2031,74,Tmean 28–31°C,tmean
CCSM4,rcp45,2032,91,Tmean 28–31°C,tmean
CCSM4,rcp45,2033,93,Tmean 28–31°C,tmean
CCSM4,rcp45,2034,104,Tmean 28–31°C,tmean
CCSM4,rcp45,2035,102,Tmean 28–31°C,tmean
CCSM4,rcp45,2036,92,Tmean 28–31°C,tmean
CESM1-BGC,rcp45,2006,100,Tmean 28–31°C,tmean
CESM1-BGC,rcp45,2007,105,Tmean 28–31°C,tmean
CESM1-BGC,rcp45,2008,105,Tmean 28–31°C,tmean
CESM1-BGC,rcp45,2009,84,Tmean 28–31°C,tmean
CESM1-BGC,rcp45,2010,98,Tmean 28–31°C,tmean
CESM1-BGC,rcp45,2011,91,Tmean 28–31°C,tmean
CESM1-BGC,rcp45,2012,89,Tmean 28–31°C,tmean
CESM1-BGC,rcp45,2013,85,Tmean 28–31°C,tmean
CESM1-BGC,rcp45,2014,90,Tmean 28–31°C,tmean
CESM1-BGC,rcp45,2015,74,Tmean 28–31°C,tmean
CESM1-BGC,rcp45,2016,95,Tmean 28–31°C,tmean
CESM1-BGC,rcp45,2017,91,Tmean 28–31°C,tmean
CESM1-BGC,rcp45,2018,101,Tmean 28–31°C,tmean
CESM1-BGC,rcp45,2019,115,Tmean 28–31°C,tmean
CESM1-BGC,rcp45,2020,115,Tmean 28–31°C,tmean
CESM1-BGC,rcp45,2021,109,Tmean 28–31°C,tmean
CESM1-BGC,rcp45,2022,90,Tmean 28–31°C,tmean
CESM1-BGC,rcp45,2023,99,Tmean 28–31°C,tmean
CESM1-BGC,rcp45,2024,101,Tmean 28–31°C,tmean
CESM1-BGC,rcp45,2025,98,Tmean 28–31°C,tmean
CESM1-BGC,rcp45,2026,125,Tmean 28–31°C,tmean
CESM1-BGC,rcp45,2027,95,Tmean 28–31°C,tmean
CESM1-BGC,rcp45,2028,101,Tmean 28–31°C,tmean
CESM1-BGC,rcp45,2029,103,Tmean 28–31°C,tmean
CESM1-BGC,rcp45,2030,109,Tmean 28–31°C,tmean
CESM1-BGC,rcp45,2031,84,Tmean 28–31°C,tmean
CESM1-BGC,rcp45,2032,106,Tmean 28–31°C,tmean
CESM1-BGC,rcp45,2033,66,Tmean 28–31°C,tmean
CESM1-BGC,rcp45,2034,87,Tmean 28–31°C,tmean
CESM1-BGC,rcp45,2035,88,Tmean 28–31°C,tmean
CESM1-BGC,rcp45,2036,101,Tmean 28–31°C,tmean
CESM1-CAM5,rcp45,2006,84,Tmean 28–31°C,tmean
CESM1-CAM5,rcp45,2007,100,Tmean 28–31°C,tmean
CESM1-CAM5,rcp45,2008,85,Tmean 28–31°C,tmean
CESM1-CAM5,rcp45,2009,73,Tmean 28–31°C,tmean
CESM1-CAM5,rcp45,2010,114,Tmean 28–31°C,tmean
CESM1-CAM5,rcp45,2011,102,Tmean 28–31°C,tmean
CESM1-CAM5,rcp45,2012,78,Tmean 28–31°C,tmean
CESM1-CAM5,rcp45,2013,85,Tmean 28–31°C,tmean
CESM1-CAM5,rcp45,2014,96,Tmean 28–31°C,tmean
CESM1-CAM5,rcp45,2015,120,Tmean 28–31°C,tmean
CESM1-CAM5,rcp45,2016,84,Tmean 28–31°C,tmean
CESM1-CAM5,rcp45,2017,66,Tmean 28–31°C,tmean
CESM1-CAM5,rcp45,2018,94,Tmean 28–31°C,tmean
CESM1-CAM5,rcp45,2019,98,Tmean 28–31°C,tmean
CESM1-CAM5,rcp45,2020,110,Tmean 28–31°C,tmean
CESM1-CAM5,rcp45,2021,83,Tmean 28–31°C,tmean
CESM1-CAM5,rcp45,2022,86,Tmean 28–31°C,tmean
CESM1-CAM5,rcp45,2023,95,Tmean 28–31°C,tmean
CESM1-CAM5,rcp45,2024,110,Tmean 28–31°C,tmean
CESM1-CAM5,rcp45,2025,97,Tmean 28–31°C,tmean
CESM1-CAM5,rcp45,2026,95,Tmean 28–31°C,tmean
CESM1-CAM5,rcp45,2027,102,Tmean 28–31°C,tmean
CESM1-CAM5,rcp45,2028,103,Tmean 28–31°C,tmean
CESM1-CAM5,rcp45,2029,120,Tmean 28–31°C,tmean
CESM1-CAM5,rcp45,2030,59,Tmean 28–31°C,tmean
CESM1-CAM5,rcp45,2031,116,Tmean 28–31°C,tmean
CESM1-CAM5,rcp45,2032,101,Tmean 28–31°C,tmean
CESM1-CAM5,rcp45,2033,53,Tmean 28–31°C,tmean
CESM1-CAM5,rcp45,2034,116,Tmean 28–31°C,tmean
CESM1-CAM5,rcp45,2035,95,Tmean 28–31°C,tmean
CESM1-CAM5,rcp45,2036,88,Tmean 28–31°C,tmean
CMCC-CM,rcp45,2006,68,Tmean 28–31°C,tmean
CMCC-CM,rcp45,2007,101,Tmean 28–31°C,tmean
CMCC-CM,rcp45,2008,90,Tmean 28–31°C,tmean
CMCC-CM,rcp45,2009,86,Tmean 28–31°C,tmean
CMCC-CM,rcp45,2010,79,Tmean 28–31°C,tmean
CMCC-CM,rcp45,2011,78,Tmean 28–31°C,tmean
CMCC-CM,rcp45,2012,99,Tmean 28–31°C,tmean
CMCC-CM,rcp45,2013,73,Tmean 28–31°C,tmean
CMCC-CM,rcp45,2014,88,Tmean 28–31°C,tmean
CMCC-CM,rcp45,2015,90,Tmean 28–31°C,tmean
CMCC-CM,rcp45,2016,95,Tmean 28–31°C,tmean
CMCC-CM,rcp45,2017,67,Tmean 28–31°C,tmean
CMCC-CM,rcp45,2018,105,Tmean 28–31°C,tmean
CMCC-CM,rcp45,2019,105,Tmean 28–31°C,tmean
CMCC-CM,rcp45,2020,96,Tmean 28–31°C,tmean
CMCC-CM,rcp45,2021,80,Tmean 28–31°C,tmean
CMCC-CM,rcp45,2022,103,Tmean 28–31°C,tmean
CMCC-CM,rcp45,2023,89,Tmean 28–31°C,tmean
CMCC-CM,rcp45,2024,119,Tmean 28–31°C,tmean
CMCC-CM,rcp45,2025,97,Tmean 28–31°C,tmean
CMCC-CM,rcp45,2026,97,Tmean 28–31°C,tmean
CMCC-CM,rcp45,2027,97,Tmean 28–31°C,tmean
CMCC-CM,rcp45,2028,98,Tmean 28–31°C,tmean
CMCC-CM,rcp45,2029,87,Tmean 28–31°C,tmean
CMCC-CM,rcp45,2030,80,Tmean 28–31°C,tmean
CMCC-CM,rcp45,2031,102,Tmean 28–31°C,tmean
CMCC-CM,rcp45,2032,105,Tmean 28–31°C,tmean
CMCC-CM,rcp45,2033,103,Tmean 28–31°C,tmean
CMCC-CM,rcp45,2034,82,Tmean 28–31°C,tmean
CMCC-CM,rcp45,2035,77,Tmean 28–31°C,tmean
CMCC-CM,rcp45,2036,91,Tmean 28–31°C,tmean
CMCC-CMS,rcp45,2006,92,Tmean 28–31°C,tmean
CMCC-CMS,rcp45,2007,82,Tmean 28–31°C,tmean
CMCC-CMS,rcp45,2008,76,Tmean 28–31°C,tmean
CMCC-CMS,rcp45,2009,82,Tmean 28–31°C,tmean
CMCC-CMS,rcp45,2010,124,Tmean 28–31°C,tmean
CMCC-CMS,rcp45,2011,96,Tmean 28–31°C,tmean
CMCC-CMS,rcp45,2012,102,Tmean 28–31°C,tmean
CMCC-CMS,rcp45,2013,70,Tmean 28–31°C,tmean
CMCC-CMS,rcp45,2014,78,Tmean 28–31°C,tmean
CMCC-CMS,rcp45,2015,51,Tmean 28–31°C,tmean
CMCC-CMS,rcp45,2016,85,Tmean 28–31°C,tmean
CMCC-CMS,rcp45,2017,106,Tmean 28–31°C,tmean
CMCC-CMS,rcp45,2018,85,Tmean 28–31°C,tmean
CMCC-CMS,rcp45,2019,92,Tmean 28–31°C,tmean
CMCC-CMS,rcp45,2020,103,Tmean 28–31°C,tmean
CMCC-CMS,rcp45,2021,87,Tmean 28–31°C,tmean
CMCC-CMS,rcp45,2022,92,Tmean 28–31°C,tmean
CMCC-CMS,rcp45,2023,78,Tmean 28–31°C,tmean
CMCC-CMS,rcp45,2024,126,Tmean 28–31°C,tmean
CMCC-CMS,rcp45,2025,107,Tmean 28–31°C,tmean
CMCC-CMS,rcp45,2026,112,Tmean 28–31°C,tmean
CMCC-CMS,rcp45,2027,110,Tmean 28–31°C,tmean
CMCC-CMS,rcp45,2028,109,Tmean 28–31°C,tmean
CMCC-CMS,rcp45,2029,109,Tmean 28–31°C,tmean
CMCC-CMS,rcp45,2030,114,Tmean 28–31°C,tmean
CMCC-CMS,rcp45,2031,118,Tmean 28–31°C,tmean
CMCC-CMS,rcp45,2032,87,Tmean 28–31°C,tmean
CMCC-CMS,rcp45,2033,75,Tmean 28–31°C,tmean
CMCC-CMS,rcp45,2034,96,Tmean 28–31°C,tmean
CMCC-CMS,rcp45,2035,101,Tmean 28–31°C,tmean
CMCC-CMS,rcp45,2036,93,Tmean 28–31°C,tmean
CNRM-CM5,rcp45,2006,68,Tmean 28–31°C,tmean
CNRM-CM5,rcp45,2007,85,Tmean 28–31°C,tmean
CNRM-CM5,rcp45,2008,113,Tmean 28–31°C,tmean
CNRM-CM5,rcp45,2009,105,Tmean 28–31°C,tmean
CNRM-CM5,rcp45,2010,98,Tmean 28–31°C,tmean
CNRM-CM5,rcp45,2011,98,Tmean 28–31°C,tmean
CNRM-CM5,rcp45,2012,104,Tmean 28–31°C,tmean
CNRM-CM5,rcp45,2013,84,Tmean 28–31°C,tmean
CNRM-CM5,rcp45,2014,112,Tmean 28–31°C,tmean
CNRM-CM5,rcp45,2015,87,Tmean 28–31°C,tmean
CNRM-CM5,rcp45,2016,87,Tmean 28–31°C,tmean
CNRM-CM5,rcp45,2017,72,Tmean 28–31°C,tmean
CNRM-CM5,rcp45,2018,53,Tmean 28–31°C,tmean
CNRM-CM5,rcp45,2019,93,Tmean 28–31°C,tmean
CNRM-CM5,rcp45,2020,89,Tmean 28–31°C,tmean
CNRM-CM5,rcp45,2021,102,Tmean 28–31°C,tmean
CNRM-CM5,rcp45,2022,84,Tmean 28–31°C,tmean
CNRM-CM5,rcp45,2023,72,Tmean 28–31°C,tmean
CNRM-CM5,rcp45,2024,92,Tmean 28–31°C,tmean
CNRM-CM5,rcp45,2025,95,Tmean 28–31°C,tmean
CNRM-CM5,rcp45,2026,77,Tmean 28–31°C,tmean
CNRM-CM5,rcp45,2027,93,Tmean 28–31°C,tmean
CNRM-CM5,rcp45,2028,91,Tmean 28–31°C,tmean
CNRM-CM5,rcp45,2029,95,Tmean 28–31°C,tmean
CNRM-CM5,rcp45,2030,96,Tmean 28–31°C,tmean
CNRM-CM5,rcp45,2031,78,Tmean 28–31°C,tmean
CNRM-CM5,rcp45,2032,91,Tmean 28–31°C,tmean
CNRM-CM5,rcp45,2033,84,Tmean 28–31°C,tmean
CNRM-CM5,rcp45,2034,88,Tmean 28–31°C,tmean
CNRM-CM5,rcp45,2035,101,Tmean 28–31°C,tmean
CNRM-CM5,rcp45,2036,79,Tmean 28–31°C,tmean
CSIRO-Mk3-6-0,rcp45,2006,57,Tmean 28–31°C,tmean
CSIRO-Mk3-6-0,rcp45,2007,101,Tmean 28–31°C,tmean
CSIRO-Mk3-6-0,rcp45,2008,90,Tmean 28–31°C,tmean
CSIRO-Mk3-6-0,rcp45,2009,102,Tmean 28–31°C,tmean
CSIRO-Mk3-6-0,rcp45,2010,77,Tmean 28–31°C,tmean
CSIRO-Mk3-6-0,rcp45,2011,102,Tmean 28–31°C,tmean
CSIRO-Mk3-6-0,rcp45,2012,82,Tmean 28–31°C,tmean
CSIRO-Mk3-6-0,rcp45,2013,95,Tmean 28–31°C,tmean
CSIRO-Mk3-6-0,rcp45,2014,98,Tmean 28–31°C,tmean
CSIRO-Mk3-6-0,rcp45,2015,104,Tmean 28–31°C,tmean
CSIRO-Mk3-6-0,rcp45,2016,87,Tmean 28–31°C,tmean
CSIRO-Mk3-6-0,rcp45,2017,114,Tmean 28–31°C,tmean
CSIRO-Mk3-6-0,rcp45,2018,105,Tmean 28–31°C,tmean
CSIRO-Mk3-6-0,rcp45,2019,110,Tmean 28–31°C,tmean
CSIRO-Mk3-6-0,rcp45,2020,82,Tmean 28–31°C,tmean
CSIRO-Mk3-6-0,rcp45,2021,64,Tmean 28–31°C,tmean
CSIRO-Mk3-6-0,rcp45,2022,75,Tmean 28–31°C,tmean
CSIRO-Mk3-6-0,rcp45,2023,84,Tmean 28–31°C,tmean
CSIRO-Mk3-6-0,rcp45,2024,75,Tmean 28–31°C,tmean
CSIRO-Mk3-6-0,rcp45,2025,130,Tmean 28–31°C,tmean
CSIRO-Mk3-6-0,rcp45,2026,81,Tmean 28–31°C,tmean
CSIRO-Mk3-6-0,rcp45,2027,95,Tmean 28–31°C,tmean
CSIRO-Mk3-6-0,rcp45,2028,106,Tmean 28–31°C,tmean
CSIRO-Mk3-6-0,rcp45,2029,75,Tmean 28–31°C,tmean
CSIRO-Mk3-6-0,rcp45,2030,114,Tmean 28–31°C,tmean
CSIRO-Mk3-6-0,rcp45,2031,129,Tmean 28–31°C,tmean
CSIRO-Mk3-6-0,rcp45,2032,80,Tmean 28–31°C,tmean
CSIRO-Mk3-6-0,rcp45,2033,52,Tmean 28–31°C,tmean
CSIRO-Mk3-6-0,rcp45,2034,68,Tmean 28–31°C,tmean
CSIRO-Mk3-6-0,rcp45,2035,102,Tmean 28–31°C,tmean
CSIRO-Mk3-6-0,rcp45,2036,93,Tmean 28–31°C,tmean
CanESM2,rcp45,2006,131,Tmean 28–31°C,tmean
CanESM2,rcp45,2007,75,Tmean 28–31°C,tmean
CanESM2,rcp45,2008,82,Tmean 28–31°C,tmean
CanESM2,rcp45,2009,94,Tmean 28–31°C,tmean
CanESM2,rcp45,2010,104,Tmean 28–31°C,tmean
CanESM2,rcp45,2011,44,Tmean 28–31°C,tmean
CanESM2,rcp45,2012,132,Tmean 28–31°C,tmean
CanESM2,rcp45,2013,95,Tmean 28–31°C,tmean
CanESM2,rcp45,2014,84,Tmean 28–31°C,tmean
CanESM2,rcp45,2015,103,Tmean 28–31°C,tmean
CanESM2,rcp45,2016,93,Tmean 28–31°C,tmean
CanESM2,rcp45,2017,110,Tmean 28–31°C,tmean
CanESM2,rcp45,2018,101,Tmean 28–31°C,tmean
CanESM2,rcp45,2019,104,Tmean 28–31°C,tmean
CanESM2,rcp45,2020,120,Tmean 28–31°C,tmean
CanESM2,rcp45,2021,90,Tmean 28–31°C,tmean
CanESM2,rcp45,2022,83,Tmean 28–31°C,tmean
CanESM2,rcp45,2023,104,Tmean 28–31°C,tmean
CanESM2,rcp45,2024,122,Tmean 28–31°C,tmean
CanESM2,rcp45,2025,106,Tmean 28–31°C,tmean
CanESM2,rcp45,2026,85,Tmean 28–31°C,tmean
CanESM2,rcp45,2027,109,Tmean 28–31°C,tmean
CanESM2,rcp45,2028,67,Tmean 28–31°C,tmean
CanESM2,rcp45,2029,99,Tmean 28–31°C,tmean
CanESM2,rcp45,2030,83,Tmean 28–31°C,tmean
CanESM2,rcp45,2031,121,Tmean 28–31°C,tmean
CanESM2,rcp45,2032,84,Tmean 28–31°C,tmean
CanESM2,rcp45,2033,104,Tmean 28–31°C,tmean
CanESM2,rcp45,2034,98,Tmean 28–31°C,tmean
CanESM2,rcp45,2035,107,Tmean 28–31°C,tmean
CanESM2,rcp45,2036,75,Tmean 28–31°C,tmean
FGOALS-g2,rcp45,2006,100,Tmean 28–31°C,tmean
FGOALS-g2,rcp45,2007,96,Tmean 28–31°C,tmean
FGOALS-g2,rcp45,2008,92,Tmean 28–31°C,tmean
FGOALS-g2,rcp45,2009,94,Tmean 28–31°C,tmean
FGOALS-g2,rcp45,2010,89,Tmean 28–31°C,tmean
FGOALS-g2,rcp45,2011,101,Tmean 28–31°C,tmean
FGOALS-g2,rcp45,2012,91,Tmean 28–31°C,tmean
FGOALS-g2,rcp45,2013,121,Tmean 28–31°C,tmean
FGOALS-g2,rcp45,2014,96,Tmean 28–31°C,tmean
FGOALS-g2,rcp45,2015,107,Tmean 28–31°C,tmean
FGOALS-g2,rcp45,2016,90,Tmean 28–31°C,tmean
FGOALS-g2,rcp45,2017,111,Tmean 28–31°C,tmean
FGOALS-g2,rcp45,2018,111,Tmean 28–31°C,tmean
FGOALS-g2,rcp45,2019,99,Tmean 28–31°C,tmean
FGOALS-g2,rcp45,2020,125,Tmean 28–31°C,tmean
FGOALS-g2,rcp45,2021,84,Tmean 28–31°C,tmean
FGOALS-g2,rcp45,2022,101,Tmean 28–31°C,tmean
FGOALS-g2,rcp45,2023,70,Tmean 28–31°C,tmean
FGOALS-g2,rcp45,2024,85,Tmean 28–31°C,tmean
FGOALS-g2,rcp45,2025,90,Tmean 28–31°C,tmean
FGOALS-g2,rcp45,2026,104,Tmean 28–31°C,tmean
FGOALS-g2,rcp45,2027,89,Tmean 28–31°C,tmean
FGOALS-g2,rcp45,2028,74,Tmean 28–31°C,tmean
FGOALS-g2,rcp45,2029,106,Tmean 28–31°C,tmean
FGOALS-g2,rcp45,2030,108,Tmean 28–31°C,tmean
FGOALS-g2,rcp45,2031,109,Tmean 28–31°C,tmean
FGOALS-g2,rcp45,2032,88,Tmean 28–31°C,tmean
FGOALS-g2,rcp45,2033,65,Tmean 28–31°C,tmean
FGOALS-g2,rcp45,2034,91,Tmean 28–31°C,tmean
FGOALS-g2,rcp45,2035,76,Tmean 28–31°C,tmean
FGOALS-g2,rcp45,2036,100,Tmean 28–31°C,tmean
GFDL-ESM2G,rcp45,2006,97,Tmean 28–31°C,tmean
GFDL-ESM2G,rcp45,2007,109,Tmean 28–31°C,tmean
GFDL-ESM2G,rcp45,2008,102,Tmean 28–31°C,tmean
GFDL-ESM2G,rcp45,2009,101,Tmean 28–31°C,tmean
GFDL-ESM2G,rcp45,2010,67,Tmean 28–31°C,tmean
GFDL-ESM2G,rcp45,2011,101,Tmean 28–31°C,tmean
GFDL-ESM2G,rcp45,2012,100,Tmean 28–31°C,tmean
GFDL-ESM2G,rcp45,2013,54,Tmean 28–31°C,tmean
GFDL-ESM2G,rcp45,2014,101,Tmean 28–31°C,tmean
GFDL-ESM2G,rcp45,2015,105,Tmean 28–31°C,tmean
GFDL-ESM2G,rcp45,2016,70,Tmean 28–31°C,tmean
GFDL-ESM2G,rcp45,2017,99,Tmean 28–31°C,tmean
GFDL-ESM2G,rcp45,2018,88,Tmean 28–31°C,tmean
GFDL-ESM2G,rcp45,2019,77,Tmean 28–31°C,tmean
GFDL-ESM2G,rcp45,2020,115,Tmean 28–31°C,tmean
GFDL-ESM2G,rcp45,2021,74,Tmean 28–31°C,tmean
GFDL-ESM2G,rcp45,2022,107,Tmean 28–31°C,tmean
GFDL-ESM2G,rcp45,2023,82,Tmean 28–31°C,tmean
GFDL-ESM2G,rcp45,2024,60,Tmean 28–31°C,tmean
GFDL-ESM2G,rcp45,2025,104,Tmean 28–31°C,tmean
GFDL-ESM2G,rcp45,2026,63,Tmean 28–31°C,tmean
GFDL-ESM2G,rcp45,2027,80,Tmean 28–31°C,tmean
GFDL-ESM2G,rcp45,2028,63,Tmean 28–31°C,tmean
GFDL-ESM2G,rcp45,2029,49,Tmean 28–31°C,tmean
GFDL-ESM2G,rcp45,2030,118,Tmean 28–31°C,tmean
GFDL-ESM2G,rcp45,2031,67,Tmean 28–31°C,tmean
GFDL-ESM2G,rcp45,2032,90,Tmean 28–31°C,tmean
GFDL-ESM2G,rcp45,2033,96,Tmean 28–31°C,tmean
GFDL-ESM2G,rcp45,2034,77,Tmean 28–31°C,tmean
GFDL-ESM2G,rcp45,2035,82,Tmean 28–31°C,tmean
GFDL-ESM2G,rcp45,2036,111,Tmean 28–31°C,tmean
GFDL-ESM2M,rcp45,2006,83,Tmean 28–31°C,tmean
GFDL-ESM2M,rcp45,2007,94,Tmean 28–31°C,tmean
GFDL-ESM2M,rcp45,2008,105,Tmean 28–31°C,tmean
GFDL-ESM2M,rcp45,2009,98,Tmean 28–31°C,tmean
GFDL-ESM2M,rcp45,2010,83,Tmean 28–31°C,tmean
GFDL-ESM2M,rcp45,2011,94,Tmean 28–31°C,tmean
GFDL-ESM2M,rcp45,2012,117,Tmean 28–31°C,tmean
GFDL-ESM2M,rcp45,2013,91,Tmean 28–31°C,tmean
GFDL-ESM2M,rcp45,2014,115,Tmean 28–31°C,tmean
GFDL-ESM2M,rcp45,2015,100,Tmean 28–31°C,tmean
GFDL-ESM2M,rcp45,2016,116,Tmean 28–31°C,tmean
GFDL-ESM2M,rcp45,2017,66,Tmean 28–31°C,tmean
GFDL-ESM2M,rcp45,2018,95,Tmean 28–31°C,tmean
GFDL-ESM2M,rcp45,2019,102,Tmean 28–31°C,tmean
GFDL-ESM2M,rcp45,2020,114,Tmean 28–31°C,tmean
GFDL-ESM2M,rcp45,2021,130,Tmean 28–31°C,tmean
GFDL-ESM2M,rcp45,2022,106,Tmean 28–31°C,tmean
GFDL-ESM2M,rcp45,2023,98,Tmean 28–31°C,tmean
GFDL-ESM2M,rcp45,2024,111,Tmean 28–31°C,tmean
GFDL-ESM2M,rcp45,2025,88,Tmean 28–31°C,tmean
GFDL-ESM2M,rcp45,2026,79,Tmean 28–31°C,tmean
GFDL-ESM2M,rcp45,2027,101,Tmean 28–31°C,tmean
GFDL-ESM2M,rcp45,2028,92,Tmean 28–31°C,tmean
GFDL-ESM2M,rcp45,2029,107,Tmean 28–31°C,tmean
GFDL-ESM2M,rcp45,2030,106,Tmean 28–31°C,tmean
GFDL-ESM2M,rcp45,2031,105,Tmean 28–31°C,tmean
GFDL-ESM2M,rcp45,2032,71,Tmean 28–31°C,tmean
GFDL-ESM2M,rcp45,2033,90,Tmean 28–31°C,tmean
GFDL-ESM2M,rcp45,2034,112,Tmean 28–31°C,tmean
GFDL-ESM2M,rcp45,2035,99,Tmean 28–31°C,tmean
GFDL-ESM2M,rcp45,2036,93,Tmean 28–31°C,tmean
IPSL-CM5A-LR,rcp45,2006,105,Tmean 28–31°C,tmean
IPSL-CM5A-LR,rcp45,2007,112,Tmean 28–31°C,tmean
IPSL-CM5A-LR,rcp45,2008,100,Tmean 28–31°C,tmean
IPSL-CM5A-LR,rcp45,2009,102,Tmean 28–31°C,tmean
IPSL-CM5A-LR,rcp45,2010,107,Tmean 28–31°C,tmean
IPSL-CM5A-LR,rcp45,2011,91,Tmean 28–31°C,tmean
IPSL-CM5A-LR,rcp45,2012,66,Tmean 28–31°C,tmean
IPSL-CM5A-LR,rcp45,2013,83,Tmean 28–31°C,tmean
IPSL-CM5A-LR,rcp45,2014,87,Tmean 28–31°C,tmean
IPSL-CM5A-LR,rcp45,2015,82,Tmean 28–31°C,tmean
IPSL-CM5A-LR,rcp45,2016,83,Tmean 28–31°C,tmean
IPSL-CM5A-LR,rcp45,2017,108,Tmean 28–31°C,tmean
IPSL-CM5A-LR,rcp45,2018,87,Tmean 28–31°C,tmean
IPSL-CM5A-LR,rcp45,2019,112,Tmean 28–31°C,tmean
IPSL-CM5A-LR,rcp45,2020,107,Tmean 28–31°C,tmean
IPSL-CM5A-LR,rcp45,2021,108,Tmean 28–31°C,tmean
IPSL-CM5A-LR,rcp45,2022,99,Tmean 28–31°C,tmean
IPSL-CM5A-LR,rcp45,2023,114,Tmean 28–31°C,tmean
IPSL-CM5A-LR,rcp45,2024,102,Tmean 28–31°C,tmean
IPSL-CM5A-LR,rcp45,2025,80,Tmean 28–31°C,tmean
IPSL-CM5A-LR,rcp45,2026,128,Tmean 28–31°C,tmean
IPSL-CM5A-LR,rcp45,2027,114,Tmean 28–31°C,tmean
IPSL-CM5A-LR,rcp45,2028,95,Tmean 28–31°C,tmean
IPSL-CM5A-LR,rcp45,2029,64,Tmean 28–31°C,tmean
IPSL-CM5A-LR,rcp45,2030,101,Tmean 28–31°C,tmean
IPSL-CM5A-LR,rcp45,2031,73,Tmean 28–31°C,tmean
IPSL-CM5A-LR,rcp45,2032,59,Tmean 28–31°C,tmean
IPSL-CM5A-LR,rcp45,2033,100,Tmean 28–31°C,tmean
IPSL-CM5A-LR,rcp45,2034,78,Tmean 28–31°C,tmean
IPSL-CM5A-LR,rcp45,2035,93,Tmean 28–31°C,tmean
IPSL-CM5A-LR,rcp45,2036,75,Tmean 28–31°C,tmean
IPSL-CM5A-MR,rcp45,2006,115,Tmean 28–31°C,tmean
IPSL-CM5A-MR,rcp45,2007,104,Tmean 28–31°C,tmean
IPSL-CM5A-MR,rcp45,2008,106,Tmean 28–31°C,tmean
IPSL-CM5A-MR,rcp45,2009,79,Tmean 28–31°C,tmean
IPSL-CM5A-MR,rcp45,2010,90,Tmean 28–31°C,tmean
IPSL-CM5A-MR,rcp45,2011,106,Tmean 28–31°C,tmean
IPSL-CM5A-MR,rcp45,2012,83,Tmean 28–31°C,tmean
IPSL-CM5A-MR,rcp45,2013,81,Tmean 28–31°C,tmean
IPSL-CM5A-MR,rcp45,2014,118,Tmean 28–31°C,tmean
IPSL-CM5A-MR,rcp45,2015,82,Tmean 28–31°C,tmean
IPSL-CM5A-MR,rcp45,2016,77,Tmean 28–31°C,tmean
IPSL-CM5A-MR,rcp45,2017,91,Tmean 28–31°C,tmean
IPSL-CM5A-MR,rcp45,2018,133,Tmean 28–31°C,tmean
IPSL-CM5A-MR,rcp45,2019,115,Tmean 28–31°C,tmean
IPSL-CM5A-MR,rcp45,2020,87,Tmean 28–31°C,tmean
IPSL-CM5A-MR,rcp45,2021,88,Tmean 28–31°C,tmean
IPSL-CM5A-MR,rcp45,2022,62,Tmean 28–31°C,tmean
IPSL-CM5A-MR,rcp45,2023,88,Tmean 28–31°C,tmean
IPSL-CM5A-MR,rcp45,2024,92,Tmean 28–31°C,tmean
IPSL-CM5A-MR,rcp45,2025,83,Tmean 28–31°C,tmean
IPSL-CM5A-MR,rcp45,2026,93,Tmean 28–31°C,tmean
IPSL-CM5A-MR,rcp45,2027,99,Tmean 28–31°C,tmean
IPSL-CM5A-MR,rcp45,2028,110,Tmean 28–31°C,tmean
IPSL-CM5A-MR,rcp45,2029,90,Tmean 28–31°C,tmean
IPSL-CM5A-MR,rcp45,2030,56,Tmean 28–31°C,tmean
IPSL-CM5A-MR,rcp45,2031,78,Tmean 28–31°C,tmean
IPSL-CM5A-MR,rcp45,2032,87,Tmean 28–31°C,tmean
IPSL-CM5A-MR,rcp45,2033,73,Tmean 28–31°C,tmean
IPSL-CM5A-MR,rcp45,2034,52,Tmean 28–31°C,tmean
IPSL-CM5A-MR,rcp45,2035,97,Tmean 28–31°C,tmean
IPSL-CM5A-MR,rcp45,2036,103,Tmean 28–31°C,tmean
IPSL-CM5B-LR,rcp45,2006,104,Tmean 28–31°C,tmean
IPSL-CM5B-LR,rcp45,2007,101,Tmean 28–31°C,tmean
IPSL-CM5B-LR,rcp45,2008,71,Tmean 28–31°C,tmean
IPSL-CM5B-LR,rcp45,2009,97,Tmean 28–31°C,tmean
IPSL-CM5B-LR,rcp45,2010,85,Tmean 28–31°C,tmean
IPSL-CM5B-LR,rcp45,2011,92,Tmean 28–31°C,tmean
IPSL-CM5B-LR,rcp45,2012,82,Tmean 28–31°C,tmean
IPSL-CM5B-LR,rcp45,2013,83,Tmean 28–31°C,tmean
IPSL-CM5B-LR,rcp45,2014,90,Tmean 28–31°C,tmean
IPSL-CM5B-LR,rcp45,2015,103,Tmean 28–31°C,tmean
IPSL-CM5B-LR,rcp45,2016,115,Tmean 28–31°C,tmean
IPSL-CM5B-LR,rcp45,2017,91,Tmean 28–31°C,tmean
IPSL-CM5B-LR,rcp45,2018,96,Tmean 28–31°C,tmean
IPSL-CM5B-LR,rcp45,2019,78,Tmean 28–31°C,tmean
IPSL-CM5B-LR,rcp45,2020,108,Tmean 28–31°C,tmean
IPSL-CM5B-LR,rcp45,2021,97,Tmean 28–31°C,tmean
IPSL-CM5B-LR,rcp45,2022,96,Tmean 28–31°C,tmean
IPSL-CM5B-LR,rcp45,2023,89,Tmean 28–31°C,tmean
IPSL-CM5B-LR,rcp45,2024,79,Tmean 28–31°C,tmean
IPSL-CM5B-LR,rcp45,2025,91,Tmean 28–31°C,tmean
IPSL-CM5B-LR,rcp45,2026,89,Tmean 28–31°C,tmean
IPSL-CM5B-LR,rcp45,2027,124,Tmean 28–31°C,tmean
IPSL-CM5B-LR,rcp45,2028,101,Tmean 28–31°C,tmean
IPSL-CM5B-LR,rcp45,2029,104,Tmean 28–31°C,tmean
IPSL-CM5B-LR,rcp45,2030,94,Tmean 28–31°C,tmean
IPSL-CM5B-LR,rcp45,2031,109,Tmean 28–31°C,tmean
IPSL-CM5B-LR,rcp45,2032,79,Tmean 28–31°C,tmean
IPSL-CM5B-LR,rcp45,2033,103,Tmean 28–31°C,tmean
IPSL-CM5B-LR,rcp45,2034,100,Tmean 28–31°C,tmean
IPSL-CM5B-LR,rcp45,2035,121,Tmean 28–31°C,tmean
IPSL-CM5B-LR,rcp45,2036,59,Tmean 28–31°C,tmean
MIROC-ESM,rcp45,2006,130,Tmean 28–31°C,tmean
MIROC-ESM,rcp45,2007,96,Tmean 28–31°C,tmean
MIROC-ESM,rcp45,2008,96,Tmean 28–31°C,tmean
MIROC-ESM,rcp45,2009,65,Tmean 28–31°C,tmean
MIROC-ESM,rcp45,2010,80,Tmean 28–31°C,tmean
MIROC-ESM,rcp45,2011,102,Tmean 28–31°C,tmean
MIROC-ESM,rcp45,2012,105,Tmean 28–31°C,tmean
MIROC-ESM,rcp45,2013,89,Tmean 28–31°C,tmean
MIROC-ESM,rcp45,2014,118,Tmean 28–31°C,tmean
MIROC-ESM,rcp45,2015,115,Tmean 28–31°C,tmean
MIROC-ESM,rcp45,2016,70,Tmean 28–31°C,tmean
MIROC-ESM,rcp45,2017,96,Tmean 28–31°C,tmean
MIROC-ESM,rcp45,2018,118,Tmean 28–31°C,tmean
MIROC-ESM,rcp45,2019,100,Tmean 28–31°C,tmean
MIROC-ESM,rcp45,2020,106,Tmean 28–31°C,tmean
MIROC-ESM,rcp45,2021,99,Tmean 28–31°C,tmean
MIROC-ESM,rcp45,2022,100,Tmean 28–31°C,tmean
MIROC-ESM,rcp45,2023,80,Tmean 28–31°C,tmean
MIROC-ESM,rcp45,2024,131,Tmean 28–31°C,tmean
MIROC-ESM,rcp45,2025,120,Tmean 28–31°C,tmean
MIROC-ESM,rcp45,2026,128,Tmean 28–31°C,tmean
MIROC-ESM,rcp45,2027,92,Tmean 28–31°C,tmean
MIROC-ESM,rcp45,2028,103,Tmean 28–31°C,tmean
MIROC-ESM,rcp45,2029,77,Tmean 28–31°C,tmean
MIROC-ESM,rcp45,2030,118,Tmean 28–31°C,tmean
MIROC-ESM,rcp45,2031,56,Tmean 28–31°C,tmean
MIROC-ESM,rcp45,2032,74,Tmean 28–31°C,tmean
MIROC-ESM,rcp45,2033,115,Tmean 28–31°C,tmean
MIROC-ESM,rcp45,2034,71,Tmean 28–31°C,tmean
MIROC-ESM,rcp45,2035,84,Tmean 28–31°C,tmean
MIROC-ESM,rcp45,2036,99,Tmean 28–31°C,tmean
MIROC-ESM-CHEM,rcp45,2006,86,Tmean 28–31°C,tmean
MIROC-ESM-CHEM,rcp45,2007,104,Tmean 28–31°C,tmean
MIROC-ESM-CHEM,rcp45,2008,119,Tmean 28–31°C,tmean
MIROC-ESM-CHEM,rcp45,2009,98,Tmean 28–31°C,tmean
MIROC-ESM-CHEM,rcp45,2010,120,Tmean 28–31°C,tmean
MIROC-ESM-CHEM,rcp45,2011,132,Tmean 28–31°C,tmean
MIROC-ESM-CHEM,rcp45,2012,115,Tmean 28–31°C,tmean
MIROC-ESM-CHEM,rcp45,2013,97,Tmean 28–31°C,tmean
MIROC-ESM-CHEM,rcp45,2014,83,Tmean 28–31°C,tmean
MIROC-ESM-CHEM,rcp45,2015,109,Tmean 28–31°C,tmean
MIROC-ESM-CHEM,rcp45,2016,97,Tmean 28–31°C,tmean
MIROC-ESM-CHEM,rcp45,2017,122,Tmean 28–31°C,tmean
MIROC-ESM-CHEM,rcp45,2018,84,Tmean 28–31°C,tmean
MIROC-ESM-CHEM,rcp45,2019,83,Tmean 28–31°C,tmean
MIROC-ESM-CHEM,rcp45,2020,83,Tmean 28–31°C,tmean
MIROC-ESM-CHEM,rcp45,2021,122,Tmean 28–31°C,tmean
MIROC-ESM-CHEM,rcp45,2022,118,Tmean 28–31°C,tmean
MIROC-ESM-CHEM,rcp45,2023,87,Tmean 28–31°C,tmean
MIROC-ESM-CHEM,rcp45,2024,90,Tmean 28–31°C,tmean
MIROC-ESM-CHEM,rcp45,2025,87,Tmean 28–31°C,tmean
MIROC-ESM-CHEM,rcp45,2026,116,Tmean 28–31°C,tmean
MIROC-ESM-CHEM,rcp45,2027,100,Tmean 28–31°C,tmean
MIROC-ESM-CHEM,rcp45,2028,110,Tmean 28–31°C,tmean
MIROC-ESM-CHEM,rcp45,2029,93,Tmean 28–31°C,tmean
MIROC-ESM-CHEM,rcp45,2030,72,Tmean 28–31°C,tmean
MIROC-ESM-CHEM,rcp45,2031,82,Tmean 28–31°C,tmean
MIROC-ESM-CHEM,rcp45,2032,82,Tmean 28–31°C,tmean
MIROC-ESM-CHEM,rcp45,2033,122,Tmean 28–31°C,tmean
MIROC-ESM-CHEM,rcp45,2034,106,Tmean 28–31°C,tmean
MIROC-ESM-CHEM,rcp45,2035,100,Tmean 28–31°C,tmean
MIROC-ESM-CHEM,rcp45,2036,60,Tmean 28–31°C,tmean
MIROC5,rcp45,2006,87,Tmean 28–31°C,tmean
MIROC5,rcp45,2007,72,Tmean 28–31°C,tmean
MIROC5,rcp45,2008,96,Tmean 28–31°C,tmean
MIROC5,rcp45,2009,80,Tmean 28–31°C,tmean
MIROC5,rcp45,2010,110,Tmean 28–31°C,tmean
MIROC5,rcp45,2011,100,Tmean 28–31°C,tmean
MIROC5,rcp45,2012,92,Tmean 28–31°C,tmean
MIROC5,rcp45,2013,93,Tmean 28–31°C,tmean
MIROC5,rcp45,2014,69,Tmean 28–31°C,tmean
MIROC5,rcp45,2015,91,Tmean 28–31°C,tmean
MIROC5,rcp45,2016,101,Tmean 28–31°C,tmean
MIROC5,rcp45,2017,72,Tmean 28–31°C,tmean
MIROC5,rcp45,2018,100,Tmean 28–31°C,tmean
MIROC5,rcp45,2019,79,Tmean 28–31°C,tmean
MIROC5,rcp45,2020,99,Tmean 28–31°C,tmean
MIROC5,rcp45,2021,106,Tmean 28–31°C,tmean
MIROC5,rcp45,2022,88,Tmean 28–31°C,tmean
MIROC5,rcp45,2023,73,Tmean 28–31°C,tmean
MIROC5,rcp45,2024,67,Tmean 28–31°C,tmean
MIROC5,rcp45,2025,87,Tmean 28–31°C,tmean
MIROC5,rcp45,2026,95,Tmean 28–31°C,tmean
MIROC5,rcp45,2027,89,Tmean 28–31°C,tmean
MIROC5,rcp45,2028,79,Tmean 28–31°C,tmean
MIROC5,rcp45,2029,92,Tmean 28–31°C,tmean
MIROC5,rcp45,2030,86,Tmean 28–31°C,tmean
MIROC5,rcp45,2031,98,Tmean 28–31°C,tmean
MIROC5,rcp45,2032,97,Tmean 28–31°C,tmean
MIROC5,rcp45,2033,82,Tmean 28–31°C,tmean
MIROC5,rcp45,2034,85,Tmean 28–31°C,tmean
MIROC5,rcp45,2035,95,Tmean 28–31°C,tmean
MIROC5,rcp45,2036,94,Tmean 28–31°C,tmean
MPI-ESM-LR,rcp45,2006,85,Tmean 28–31°C,tmean
MPI-ESM-LR,rcp45,2007,98,Tmean 28–31°C,tmean
MPI-ESM-LR,rcp45,2008,100,Tmean 28–31°C,tmean
MPI-ESM-LR,rcp45,2009,104,Tmean 28–31°C,tmean
MPI-ESM-LR,rcp45,2010,129,Tmean 28–31°C,tmean
MPI-ESM-LR,rcp45,2011,119,Tmean 28–31°C,tmean
MPI-ESM-LR,rcp45,2012,96,Tmean 28–31°C,tmean
MPI-ESM-LR,rcp45,2013,89,Tmean 28–31°C,tmean
MPI-ESM-LR,rcp45,2014,94,Tmean 28–31°C,tmean
MPI-ESM-LR,rcp45,2015,104,Tmean 28–31°C,tmean
MPI-ESM-LR,rcp45,2016,65,Tmean 28–31°C,tmean
MPI-ESM-LR,rcp45,2017,111,Tmean 28–31°C,tmean
MPI-ESM-LR,rcp45,2018,93,Tmean 28–31°C,tmean
MPI-ESM-LR,rcp45,2019,79,Tmean 28–31°C,tmean
MPI-ESM-LR,rcp45,2020,102,Tmean 28–31°C,tmean
MPI-ESM-LR,rcp45,2021,74,Tmean 28–31°C,tmean
MPI-ESM-LR,rcp45,2022,83,Tmean 28–31°C,tmean
MPI-ESM-LR,rcp45,2023,77,Tmean 28–31°C,tmean
MPI-ESM-LR,rcp45,2024,76,Tmean 28–31°C,tmean
MPI-ESM-LR,rcp45,2025,102,Tmean 28–31°C,tmean
MPI-ESM-LR,rcp45,2026,96,Tmean 28–31°C,tmean
MPI-ESM-LR,rcp45,2027,92,Tmean 28–31°C,tmean
MPI-ESM-LR,rcp45,2028,84,Tmean 28–31°C,tmean
MPI-ESM-LR,rcp45,2029,43,Tmean 28–31°C,tmean
MPI-ESM-LR,rcp45,2030,92,Tmean 28–31°C,tmean
MPI-ESM-LR,rcp45,2031,91,Tmean 28–31°C,tmean
MPI-ESM-LR,rcp45,2032,119,Tmean 28–31°C,tmean
MPI-ESM-LR,rcp45,2033,106,Tmean 28–31°C,tmean
MPI-ESM-LR,rcp45,2034,80,Tmean 28–31°C,tmean
MPI-ESM-LR,rcp45,2035,100,Tmean 28–31°C,tmean
MPI-ESM-LR,rcp45,2036,86,Tmean 28–31°C,tmean
MPI-ESM-MR,rcp45,2006,103,Tmean 28–31°C,tmean
MPI-ESM-MR,rcp45,2007,116,Tmean 28–31°C,tmean
MPI-ESM-MR,rcp45,2008,111,Tmean 28–31°C,tmean
MPI-ESM-MR,rcp45,2009,100,Tmean 28–31°C,tmean
MPI-ESM-MR,rcp45,2010,97,Tmean 28–31°C,tmean
MPI-ESM-MR,rcp45,2011,88,Tmean 28–31°C,tmean
MPI-ESM-MR,rcp45,2012,135,Tmean 28–31°C,tmean
MPI-ESM-MR,rcp45,2013,93,Tmean 28–31°C,tmean
MPI-ESM-MR,rcp45,2014,91,Tmean 28–31°C,tmean
MPI-ESM-MR,rcp45,2015,105,Tmean 28–31°C,tmean
MPI-ESM-MR,rcp45,2016,89,Tmean 28–31°C,tmean
MPI-ESM-MR,rcp45,2017,101,Tmean 28–31°C,tmean
MPI-ESM-MR,rcp45,2018,87,Tmean 28–31°C,tmean
MPI-ESM-MR,rcp45,2019,104,Tmean 28–31°C,tmean
MPI-ESM-MR,rcp45,2020,111,Tmean 28–31°C,tmean
MPI-ESM-MR,rcp45,2021,119,Tmean 28–31°C,tmean
MPI-ESM-MR,rcp45,2022,95,Tmean 28–31°C,tmean
MPI-ESM-MR,rcp45,2023,116,Tmean 28–31°C,tmean
MPI-ESM-MR,rcp45,2024,87,Tmean 28–31°C,tmean
MPI-ESM-MR,rcp45,2025,90,Tmean 28–31°C,tmean
MPI-ESM-MR,rcp45,2026,121,Tmean 28–31°C,tmean
MPI-ESM-MR,rcp45,2027,111,Tmean 28–31°C,tmean
MPI-ESM-MR,rcp45,2028,86,Tmean 28–31°C,tmean
MPI-ESM-MR,rcp45,2029,100,Tmean 28–31°C,tmean
MPI-ESM-MR,rcp45,2030,122,Tmean 28–31°C,tmean
MPI-ESM-MR,rcp45,2031,81,Tmean 28–31°C,tmean
MPI-ESM-MR,rcp45,2032,96,Tmean 28–31°C,tmean
MPI-ESM-MR,rcp45,2033,127,Tmean 28–31°C,tmean
MPI-ESM-MR,rcp45,2034,101,Tmean 28–31°C,tmean
MPI-ESM-MR,rcp45,2035,103,Tmean 28–31°C,tmean
MPI-ESM-MR,rcp45,2036,106,Tmean 28–31°C,tmean
MRI-CGCM3,rcp45,2006,92,Tmean 28–31°C,tmean
MRI-CGCM3,rcp45,2007,86,Tmean 28–31°C,tmean
MRI-CGCM3,rcp45,2008,94,Tmean 28–31°C,tmean
MRI-CGCM3,rcp45,2009,75,Tmean 28–31°C,tmean
MRI-CGCM3,rcp45,2010,87,Tmean 28–31°C,tmean
MRI-CGCM3,rcp45,2011,96,Tmean 28–31°C,tmean
MRI-CGCM3,rcp45,2012,87,Tmean 28–31°C,tmean
MRI-CGCM3,rcp45,2013,93,Tmean 28–31°C,tmean
MRI-CGCM3,rcp45,2014,78,Tmean 28–31°C,tmean
MRI-CGCM3,rcp45,2015,78,Tmean 28–31°C,tmean
MRI-CGCM3,rcp45,2016,98,Tmean 28–31°C,tmean
MRI-CGCM3,rcp45,2017,84,Tmean 28–31°C,tmean
MRI-CGCM3,rcp45,2018,86,Tmean 28–31°C,tmean
MRI-CGCM3,rcp45,2019,85,Tmean 28–31°C,tmean
MRI-CGCM3,rcp45,2020,95,Tmean 28–31°C,tmean
MRI-CGCM3,rcp45,2021,86,Tmean 28–31°C,tmean
MRI-CGCM3,rcp45,2022,69,Tmean 28–31°C,tmean
MRI-CGCM3,rcp45,2023,77,Tmean 28–31°C,tmean
MRI-CGCM3,rcp45,2024,93,Tmean 28–31°C,tmean
MRI-CGCM3,rcp45,2025,109,Tmean 28–31°C,tmean
MRI-CGCM3,rcp45,2026,101,Tmean 28–31°C,tmean
MRI-CGCM3,rcp45,2027,84,Tmean 28–31°C,tmean
MRI-CGCM3,rcp45,2028,91,Tmean 28–31°C,tmean
MRI-CGCM3,rcp45,2029,87,Tmean 28–31°C,tmean
MRI-CGCM3,rcp45,2030,102,Tmean 28–31°C,tmean
MRI-CGCM3,rcp45,2031,92,Tmean 28–31°C,tmean
MRI-CGCM3,rcp45,2032,102,Tmean 28–31°C,tmean
MRI-CGCM3,rcp45,2033,94,Tmean 28–31°C,tmean
MRI-CGCM3,rcp45,2034,93,Tmean 28–31°C,tmean
MRI-CGCM3,rcp45,2035,97,Tmean 28–31°C,tmean
MRI-CGCM3,rcp45,2036,96,Tmean 28–31°C,tmean
NorESM1-M,rcp45,2006,96,Tmean 28–31°C,tmean
NorESM1-M,rcp45,2007,121,Tmean 28–31°C,tmean
NorESM1-M,rcp45,2008,106,Tmean 28–31°C,tmean
NorESM1-M,rcp45,2009,108,Tmean 28–31°C,tmean
NorESM1-M,rcp45,2010,116,Tmean 28–31°C,tmean
NorESM1-M,rcp45,2011,81,Tmean 28–31°C,tmean
NorESM1-M,rcp45,2012,72,Tmean 28–31°C,tmean
NorESM1-M,rcp45,2013,106,Tmean 28–31°C,tmean
NorESM1-M,rcp45,2014,102,Tmean 28–31°C,tmean
NorESM1-M,rcp45,2015,96,Tmean 28–31°C,tmean
NorESM1-M,rcp45,2016,114,Tmean 28–31°C,tmean
NorESM1-M,rcp45,2017,71,Tmean 28–31°C,tmean
NorESM1-M,rcp45,2018,84,Tmean 28–31°C,tmean
NorESM1-M,rcp45,2019,109,Tmean 28–31°C,tmean
NorESM1-M,rcp45,2020,103,Tmean 28–31°C,tmean
NorESM1-M,rcp45,2021,81,Tmean 28–31°C,tmean
NorESM1-M,rcp45,2022,78,Tmean 28–31°C,tmean
NorESM1-M,rcp45,2023,82,Tmean 28–31°C,tmean
NorESM1-M,rcp45,2024,106,Tmean 28–31°C,tmean
NorESM1-M,rcp45,2025,124,Tmean 28–31°C,tmean
NorESM1-M,rcp45,2026,127,Tmean 28–31°C,tmean
NorESM1-M,rcp45,2027,83,Tmean 28–31°C,tmean
NorESM1-M,rcp45,2028,94,Tmean 28–31°C,tmean
NorESM1-M,rcp45,2029,87,Tmean 28–31°C,tmean
NorESM1-M,rcp45,2030,116,Tmean 28–31°C,tmean
NorESM1-M,rcp45,2031,111,Tmean 28–31°C,tmean
NorESM1-M,rcp45,2032,91,Tmean 28–31°C,tmean
NorESM1-M,rcp45,2033,67,Tmean 28–31°C,tmean
NorESM1-M,rcp45,2034,119,Tmean 28–31°C,tmean
NorESM1-M,rcp45,2035,90,Tmean 28–31°C,tmean
NorESM1-M,rcp45,2036,153,Tmean 28–31°C,tmean
bcc-csm1-1,rcp45,2006,89,Tmean 28–31°C,tmean
bcc-csm1-1,rcp45,2007,115,Tmean 28–31°C,tmean
bcc-csm1-1,rcp45,2008,67,Tmean 28–31°C,tmean
bcc-csm1-1,rcp45,2009,62,Tmean 28–31°C,tmean
bcc-csm1-1,rcp45,2010,99,Tmean 28–31°C,tmean
bcc-csm1-1,rcp45,2011,103,Tmean 28–31°C,tmean
bcc-csm1-1,rcp45,2012,98,Tmean 28–31°C,tmean
bcc-csm1-1,rcp45,2013,83,Tmean 28–31°C,tmean
bcc-csm1-1,rcp45,2014,109,Tmean 28–31°C,tmean
bcc-csm1-1,rcp45,2015,94,Tmean 28–31°C,tmean
bcc-csm1-1,rcp45,2016,96,Tmean 28–31°C,tmean
bcc-csm1-1,rcp45,2017,108,Tmean 28–31°C,tmean
bcc-csm1-1,rcp45,2018,105,Tmean 28–31°C,tmean
bcc-csm1-1,rcp45,2019,112,Tmean 28–31°C,tmean
bcc-csm1-1,rcp45,2020,71,Tmean 28–31°C,tmean
bcc-csm1-1,rcp45,2021,107,Tmean 28–31°C,tmean
bcc-csm1-1,rcp45,2022,135,Tmean 28–31°C,tmean
bcc-csm1-1,rcp45,2023,105,Tmean 28–31°C,tmean
bcc-csm1-1,rcp45,2024,91,Tmean 28–31°C,tmean
bcc-csm1-1,rcp45,2025,73,Tmean 28–31°C,tmean
bcc-csm1-1,rcp45,2026,89,Tmean 28–31°C,tmean
bcc-csm1-1,rcp45,2027,115,Tmean 28–31°C,tmean
bcc-csm1-1,rcp45,2028,110,Tmean 28–31°C,tmean
bcc-csm1-1,rcp45,2029,65,Tmean 28–31°C,tmean
bcc-csm1-1,rcp45,2030,104,Tmean 28–31°C,tmean
bcc-csm1-1,rcp45,2031,105,Tmean 28–31°C,tmean
bcc-csm1-1,rcp45,2032,68,Tmean 28–31°C,tmean
bcc-csm1-1,rcp45,2033,109,Tmean 28–31°C,tmean
bcc-csm1-1,rcp45,2034,100,Tmean 28–31°C,tmean
bcc-csm1-1,rcp45,2035,129,Tmean 28–31°C,tmean
bcc-csm1-1,rcp45,2036,81,Tmean 28–31°C,tmean
bcc-csm1-1-m,rcp45,2006,97,Tmean 28–31°C,tmean
bcc-csm1-1-m,rcp45,2007,79,Tmean 28–31°C,tmean
bcc-csm1-1-m,rcp45,2008,146,Tmean 28–31°C,tmean
bcc-csm1-1-m,rcp45,2009,84,Tmean 28–31°C,tmean
bcc-csm1-1-m,rcp45,2010,76,Tmean 28–31°C,tmean
bcc-csm1-1-m,rcp45,2011,102,Tmean 28–31°C,tmean
bcc-csm1-1-m,rcp45,2012,109,Tmean 28–31°C,tmean
bcc-csm1-1-m,rcp45,2013,78,Tmean 28–31°C,tmean
bcc-csm1-1-m,rcp45,2014,101,Tmean 28–31°C,tmean
bcc-csm1-1-m,rcp45,2015,49,Tmean 28–31°C,tmean
bcc-csm1-1-m,rcp45,2016,106,Tmean 28–31°C,tmean
bcc-csm1-1-m,rcp45,2017,90,Tmean 28–31°C,tmean
bcc-csm1-1-m,rcp45,2018,111,Tmean 28–31°C,tmean
bcc-csm1-1-m,rcp45,2019,88,Tmean 28–31°C,tmean
bcc-csm1-1-m,rcp45,2020,111,Tmean 28–31°C,tmean
bcc-csm1-1-m,rcp45,2021,67,Tmean 28–31°C,tmean
bcc-csm1-1-m,rcp45,2022,54,Tmean 28–31°C,tmean
bcc-csm1-1-m,rcp45,2023,107,Tmean 28–31°C,tmean
bcc-csm1-1-m,rcp45,2024,78,Tmean 28–31°C,tmean
bcc-csm1-1-m,rcp45,2025,116,Tmean 28–31°C,tmean
bcc-csm1-1-m,rcp45,2026,114,Tmean 28–31°C,tmean
bcc-csm1-1-m,rcp45,2027,78,Tmean 28–31°C,tmean
bcc-csm1-1-m,rcp45,2028,89,Tmean 28–31°C,tmean
bcc-csm1-1-m,rcp45,2029,84,Tmean 28–31°C,tmean
bcc-csm1-1-m,rcp45,2030,93,Tmean 28–31°C,tmean
bcc-csm1-1-m,rcp45,2031,107,Tmean 28–31°C,tmean
bcc-csm1-1-m,rcp45,2032,63,Tmean 28–31°C,tmean
bcc-csm1-1-m,rcp45,2033,118,Tmean 28–31°C,tmean
bcc-csm1-1-m,rcp45,2034,73,Tmean 28–31°C,tmean
bcc-csm1-1-m,rcp45,2035,122,Tmean 28–31°C,tmean
bcc-csm1-1-m,rcp45,2036,92,Tmean 28–31°C,tmean
inmcm4,rcp45,2006,65,Tmean 28–31°C,tmean
inmcm4,rcp45,2007,100,Tmean 28–31°C,tmean
inmcm4,rcp45,2008,71,Tmean 28–31°C,tmean
inmcm4,rcp45,2009,104,Tmean 28–31°C,tmean
inmcm4,rcp45,2010,95,Tmean 28–31°C,tmean
inmcm4,rcp45,2011,90,Tmean 28–31°C,tmean
inmcm4,rcp45,2012,76,Tmean 28–31°C,tmean
inmcm4,rcp45,2013,97,Tmean 28–31°C,tmean
inmcm4,rcp45,2014,67,Tmean 28–31°C,tmean
inmcm4,rcp45,2015,100,Tmean 28–31°C,tmean
inmcm4,rcp45,2016,95,Tmean 28–31°C,tmean
inmcm4,rcp45,2017,101,Tmean 28–31°C,tmean
inmcm4,rcp45,2018,82,Tmean 28–31°C,tmean
inmcm4,rcp45,2019,85,Tmean 28–31°C,tmean
inmcm4,rcp45,2020,106,Tmean 28–31°C,tmean
inmcm4,rcp45,2021,106,Tmean 28–31°C,tmean
inmcm4,rcp45,2022,97,Tmean 28–31°C,tmean
inmcm4,rcp45,2023,80,Tmean 28–31°C,tmean
inmcm4,rcp45,2024,79,Tmean 28–31°C,tmean
inmcm4,rcp45,2025,82,Tmean 28–31°C,tmean
inmcm4,rcp45,2026,81,Tmean 28–31°C,tmean
inmcm4,rcp45,2027,81,Tmean 28–31°C,tmean
inmcm4,rcp45,2028,82,Tmean 28–31°C,tmean
inmcm4,rcp45,2029,92,Tmean 28–31°C,tmean
inmcm4,rcp45,2030,98,Tmean 28–31°C,tmean
inmcm4,rcp45,2031,99,Tmean 28–31°C,tmean
inmcm4,rcp45,2032,78,Tmean 28–31°C,tmean
inmcm4,rcp45,2033,80,Tmean 28–31°C,tmean
inmcm4,rcp45,2034,85,Tmean 28–31°C,tmean
inmcm4,rcp45,2035,99,Tmean 28–31°C,tmean
inmcm4,rcp45,2036,111,Tmean 28–31°C,tmean
CCSM4,rcp60,2006,88,Tmean 28–31°C,tmean
CCSM4,rcp60,2007,108,Tmean 28–31°C,tmean
CCSM4,rcp60,2008,84,Tmean 28–31°C,tmean
CCSM4,rcp60,2009,91,Tmean 28–31°C,tmean
CCSM4,rcp60,2010,105,Tmean 28–31°C,tmean
CCSM4,rcp60,2011,90,Tmean 28–31°C,tmean
CCSM4,rcp60,2012,90,Tmean 28–31°C,tmean
CCSM4,rcp60,2013,91,Tmean 28–31°C,tmean
CCSM4,rcp60,2014,93,Tmean 28–31°C,tmean
CCSM4,rcp60,2015,109,Tmean 28–31°C,tmean
CCSM4,rcp60,2016,99,Tmean 28–31°C,tmean
CCSM4,rcp60,2017,101,Tmean 28–31°C,tmean
CCSM4,rcp60,2018,89,Tmean 28–31°C,tmean
CCSM4,rcp60,2019,84,Tmean 28–31°C,tmean
CCSM4,rcp60,2020,100,Tmean 28–31°C,tmean
CCSM4,rcp60,2021,84,Tmean 28–31°C,tmean
CCSM4,rcp60,2022,88,Tmean 28–31°C,tmean
CCSM4,rcp60,2023,99,Tmean 28–31°C,tmean
CCSM4,rcp60,2024,87,Tmean 28–31°C,tmean
CCSM4,rcp60,2025,81,Tmean 28–31°C,tmean
CCSM4,rcp60,2026,101,Tmean 28–31°C,tmean
CCSM4,rcp60,2027,118,Tmean 28–31°C,tmean
CCSM4,rcp60,2028,112,Tmean 28–31°C,tmean
CCSM4,rcp60,2029,75,Tmean 28–31°C,tmean
CCSM4,rcp60,2030,99,Tmean 28–31°C,tmean
CCSM4,rcp60,2031,70,Tmean 28–31°C,tmean
CCSM4,rcp60,2032,72,Tmean 28–31°C,tmean
CCSM4,rcp60,2033,91,Tmean 28–31°C,tmean
CCSM4,rcp60,2034,97,Tmean 28–31°C,tmean
CCSM4,rcp60,2035,108,Tmean 28–31°C,tmean
CCSM4,rcp60,2036,119,Tmean 28–31°C,tmean
CESM1-CAM5,rcp60,2006,81,Tmean 28–31°C,tmean
CESM1-CAM5,rcp60,2007,103,Tmean 28–31°C,tmean
CESM1-CAM5,rcp60,2008,69,Tmean 28–31°C,tmean
CESM1-CAM5,rcp60,2009,71,Tmean 28–31°C,tmean
CESM1-CAM5,rcp60,2010,79,Tmean 28–31°C,tmean
CESM1-CAM5,rcp60,2011,93,Tmean 28–31°C,tmean
CESM1-CAM5,rcp60,2012,98,Tmean 28–31°C,tmean
CESM1-CAM5,rcp60,2013,72,Tmean 28–31°C,tmean
CESM1-CAM5,rcp60,2014,79,Tmean 28–31°C,tmean
CESM1-CAM5,rcp60,2015,88,Tmean 28–31°C,tmean
CESM1-CAM5,rcp60,2016,120,Tmean 28–31°C,tmean
CESM1-CAM5,rcp60,2017,105,Tmean 28–31°C,tmean
CESM1-CAM5,rcp60,2018,78,Tmean 28–31°C,tmean
CESM1-CAM5,rcp60,2019,94,Tmean 28–31°C,tmean
CESM1-CAM5,rcp60,2020,93,Tmean 28–31°C,tmean
CESM1-CAM5,rcp60,2021,84,Tmean 28–31°C,tmean
CESM1-CAM5,rcp60,2022,83,Tmean 28–31°C,tmean
CESM1-CAM5,rcp60,2023,100,Tmean 28–31°C,tmean
CESM1-CAM5,rcp60,2024,89,Tmean 28–31°C,tmean
CESM1-CAM5,rcp60,2025,77,Tmean 28–31°C,tmean
CESM1-CAM5,rcp60,2026,80,Tmean 28–31°C,tmean
CESM1-CAM5,rcp60,2027,85,Tmean 28–31°C,tmean
CESM1-CAM5,rcp60,2028,89,Tmean 28–31°C,tmean
CESM1-CAM5,rcp60,2029,85,Tmean 28–31°C,tmean
CESM1-CAM5,rcp60,2030,63,Tmean 28–31°C,tmean
CESM1-CAM5,rcp60,2031,95,Tmean 28–31°C,tmean
CESM1-CAM5,rcp60,2032,93,Tmean 28–31°C,tmean
CESM1-CAM5,rcp60,2033,104,Tmean 28–31°C,tmean
CESM1-CAM5,rcp60,2034,95,Tmean 28–31°C,tmean
CESM1-CAM5,rcp60,2035,107,Tmean 28–31°C,tmean
CESM1-CAM5,rcp60,2036,93,Tmean 28–31°C,tmean
CSIRO-Mk3-6-0,rcp60,2006,85,Tmean 28–31°C,tmean
CSIRO-Mk3-6-0,rcp60,2007,84,Tmean 28–31°C,tmean
CSIRO-Mk3-6-0,rcp60,2008,102,Tmean 28–31°C,tmean
CSIRO-Mk3-6-0,rcp60,2009,88,Tmean 28–31°C,tmean
CSIRO-Mk3-6-0,rcp60,2010,86,Tmean 28–31°C,tmean
CSIRO-Mk3-6-0,rcp60,2011,88,Tmean 28–31°C,tmean
CSIRO-Mk3-6-0,rcp60,2012,125,Tmean 28–31°C,tmean
CSIRO-Mk3-6-0,rcp60,2013,114,Tmean 28–31°C,tmean
CSIRO-Mk3-6-0,rcp60,2014,75,Tmean 28–31°C,tmean
CSIRO-Mk3-6-0,rcp60,2015,26,Tmean 28–31°C,tmean
CSIRO-Mk3-6-0,rcp60,2016,94,Tmean 28–31°C,tmean
CSIRO-Mk3-6-0,rcp60,2017,61,Tmean 28–31°C,tmean
CSIRO-Mk3-6-0,rcp60,2018,102,Tmean 28–31°C,tmean
CSIRO-Mk3-6-0,rcp60,2019,79,Tmean 28–31°C,tmean
CSIRO-Mk3-6-0,rcp60,2020,74,Tmean 28–31°C,tmean
CSIRO-Mk3-6-0,rcp60,2021,62,Tmean 28–31°C,tmean
CSIRO-Mk3-6-0,rcp60,2022,84,Tmean 28–31°C,tmean
CSIRO-Mk3-6-0,rcp60,2023,76,Tmean 28–31°C,tmean
CSIRO-Mk3-6-0,rcp60,2024,71,Tmean 28–31°C,tmean
CSIRO-Mk3-6-0,rcp60,2025,95,Tmean 28–31°C,tmean
CSIRO-Mk3-6-0,rcp60,2026,78,Tmean 28–31°C,tmean
CSIRO-Mk3-6-0,rcp60,2027,113,Tmean 28–31°C,tmean
CSIRO-Mk3-6-0,rcp60,2028,97,Tmean 28–31°C,tmean
CSIRO-Mk3-6-0,rcp60,2029,82,Tmean 28–31°C,tmean
CSIRO-Mk3-6-0,rcp60,2030,85,Tmean 28–31°C,tmean
CSIRO-Mk3-6-0,rcp60,2031,93,Tmean 28–31°C,tmean
CSIRO-Mk3-6-0,rcp60,2032,105,Tmean 28–31°C,tmean
CSIRO-Mk3-6-0,rcp60,2033,100,Tmean 28–31°C,tmean
CSIRO-Mk3-6-0,rcp60,2034,96,Tmean 28–31°C,tmean
CSIRO-Mk3-6-0,rcp60,2035,94,Tmean 28–31°C,tmean
CSIRO-Mk3-6-0,rcp60,2036,87,Tmean 28–31°C,tmean
GFDL-CM3,rcp60,2006,88,Tmean 28–31°C,tmean
GFDL-CM3,rcp60,2007,97,Tmean 28–31°C,tmean
GFDL-CM3,rcp60,2008,92,Tmean 28–31°C,tmean
GFDL-CM3,rcp60,2009,100,Tmean 28–31°C,tmean
GFDL-CM3,rcp60,2010,85,Tmean 28–31°C,tmean
GFDL-CM3,rcp60,2011,78,Tmean 28–31°C,tmean
GFDL-CM3,rcp60,2012,99,Tmean 28–31°C,tmean
GFDL-CM3,rcp60,2013,100,Tmean 28–31°C,tmean
GFDL-CM3,rcp60,2014,71,Tmean 28–31°C,tmean
GFDL-CM3,rcp60,2015,78,Tmean 28–31°C,tmean
GFDL-CM3,rcp60,2016,72,Tmean 28–31°C,tmean
GFDL-CM3,rcp60,2017,87,Tmean 28–31°C,tmean
GFDL-CM3,rcp60,2018,56,Tmean 28–31°C,tmean
GFDL-CM3,rcp60,2019,96,Tmean 28–31°C,tmean
GFDL-CM3,rcp60,2020,72,Tmean 28–31°C,tmean
GFDL-CM3,rcp60,2021,80,Tmean 28–31°C,tmean
GFDL-CM3,rcp60,2022,91,Tmean 28–31°C,tmean
GFDL-CM3,rcp60,2023,139,Tmean 28–31°C,tmean
GFDL-CM3,rcp60,2024,87,Tmean 28–31°C,tmean
GFDL-CM3,rcp60,2025,74,Tmean 28–31°C,tmean
GFDL-CM3,rcp60,2026,43,Tmean 28–31°C,tmean
GFDL-CM3,rcp60,2027,86,Tmean 28–31°C,tmean
GFDL-CM3,rcp60,2028,105,Tmean 28–31°C,tmean
GFDL-CM3,rcp60,2029,66,Tmean 28–31°C,tmean
GFDL-CM3,rcp60,2030,115,Tmean 28–31°C,tmean
GFDL-CM3,rcp60,2031,65,Tmean 28–31°C,tmean
GFDL-CM3,rcp60,2032,83,Tmean 28–31°C,tmean
GFDL-CM3,rcp60,2033,79,Tmean 28–31°C,tmean
GFDL-CM3,rcp60,2034,69,Tmean 28–31°C,tmean
GFDL-CM3,rcp60,2035,91,Tmean 28–31°C,tmean
GFDL-CM3,rcp60,2036,97,Tmean 28–31°C,tmean
GFDL-ESM2G,rcp60,2006,116,Tmean 28–31°C,tmean
GFDL-ESM2G,rcp60,2007,93,Tmean 28–31°C,tmean
GFDL-ESM2G,rcp60,2008,110,Tmean 28–31°C,tmean
GFDL-ESM2G,rcp60,2009,55,Tmean 28–31°C,tmean
GFDL-ESM2G,rcp60,2010,112,Tmean 28–31°C,tmean
GFDL-ESM2G,rcp60,2011,69,Tmean 28–31°C,tmean
GFDL-ESM2G,rcp60,2012,79,Tmean 28–31°C,tmean
GFDL-ESM2G,rcp60,2013,75,Tmean 28–31°C,tmean
GFDL-ESM2G,rcp60,2014,85,Tmean 28–31°C,tmean
GFDL-ESM2G,rcp60,2015,67,Tmean 28–31°C,tmean
GFDL-ESM2G,rcp60,2016,90,Tmean 28–31°C,tmean
GFDL-ESM2G,rcp60,2017,109,Tmean 28–31°C,tmean
GFDL-ESM2G,rcp60,2018,108,Tmean 28–31°C,tmean
GFDL-ESM2G,rcp60,2019,98,Tmean 28–31°C,tmean
GFDL-ESM2G,rcp60,2020,83,Tmean 28–31°C,tmean
GFDL-ESM2G,rcp60,2021,94,Tmean 28–31°C,tmean
GFDL-ESM2G,rcp60,2022,69,Tmean 28–31°C,tmean
GFDL-ESM2G,rcp60,2023,82,Tmean 28–31°C,tmean
GFDL-ESM2G,rcp60,2024,80,Tmean 28–31°C,tmean
GFDL-ESM2G,rcp60,2025,105,Tmean 28–31°C,tmean
GFDL-ESM2G,rcp60,2026,64,Tmean 28–31°C,tmean
GFDL-ESM2G,rcp60,2027,95,Tmean 28–31°C,tmean
GFDL-ESM2G,rcp60,2028,83,Tmean 28–31°C,tmean
GFDL-ESM2G,rcp60,2029,86,Tmean 28–31°C,tmean
GFDL-ESM2G,rcp60,2030,86,Tmean 28–31°C,tmean
GFDL-ESM2G,rcp60,2031,72,Tmean 28–31°C,tmean
GFDL-ESM2G,rcp60,2032,71,Tmean 28–31°C,tmean
GFDL-ESM2G,rcp60,2033,92,Tmean 28–31°C,tmean
GFDL-ESM2G,rcp60,2034,102,Tmean 28–31°C,tmean
GFDL-ESM2G,rcp60,2035,102,Tmean 28–31°C,tmean
GFDL-ESM2G,rcp60,2036,59,Tmean 28–31°C,tmean
GFDL-ESM2M,rcp60,2006,73,Tmean 28–31°C,tmean
GFDL-ESM2M,rcp60,2007,72,Tmean 28–31°C,tmean
GFDL-ESM2M,rcp60,2008,114,Tmean 28–31°C,tmean
GFDL-ESM2M,rcp60,2009,96,Tmean 28–31°C,tmean
GFDL-ESM2M,rcp60,2010,86,Tmean 28–31°C,tmean
GFDL-ESM2M,rcp60,2011,62,Tmean 28–31°C,tmean
GFDL-ESM2M,rcp60,2012,84,Tmean 28–31°C,tmean
GFDL-ESM2M,rcp60,2013,98,Tmean 28–31°C,tmean
GFDL-ESM2M,rcp60,2014,97,Tmean 28–31°C,tmean
GFDL-ESM2M,rcp60,2015,122,Tmean 28–31°C,tmean
GFDL-ESM2M,rcp60,2016,101,Tmean 28–31°C,tmean
GFDL-ESM2M,rcp60,2017,113,Tmean 28–31°C,tmean
GFDL-ESM2M,rcp60,2018,72,Tmean 28–31°C,tmean
GFDL-ESM2M,rcp60,2019,103,Tmean 28–31°C,tmean
GFDL-ESM2M,rcp60,2020,86,Tmean 28–31°C,tmean
GFDL-ESM2M,rcp60,2021,88,Tmean 28–31°C,tmean
GFDL-ESM2M,rcp60,2022,83,Tmean 28–31°C,tmean
GFDL-ESM2M,rcp60,2023,122,Tmean 28–31°C,tmean
GFDL-ESM2M,rcp60,2024,107,Tmean 28–31°C,tmean
GFDL-ESM2M,rcp60,2025,117,Tmean 28–31°C,tmean
GFDL-ESM2M,rcp60,2026,101,Tmean 28–31°C,tmean
GFDL-ESM2M,rcp60,2027,90,Tmean 28–31°C,tmean
GFDL-ESM2M,rcp60,2028,52,Tmean 28–31°C,tmean
GFDL-ESM2M,rcp60,2029,126,Tmean 28–31°C,tmean
GFDL-ESM2M,rcp60,2030,98,Tmean 28–31°C,tmean
GFDL-ESM2M,rcp60,2031,104,Tmean 28–31°C,tmean
GFDL-ESM2M,rcp60,2032,96,Tmean 28–31°C,tmean
GFDL-ESM2M,rcp60,2033,124,Tmean 28–31°C,tmean
GFDL-ESM2M,rcp60,2034,96,Tmean 28–31°C,tmean
GFDL-ESM2M,rcp60,2035,95,Tmean 28–31°C,tmean
GFDL-ESM2M,rcp60,2036,81,Tmean 28–31°C,tmean
IPSL-CM5A-LR,rcp60,2006,82,Tmean 28–31°C,tmean
IPSL-CM5A-LR,rcp60,2007,84,Tmean 28–31°C,tmean
IPSL-CM5A-LR,rcp60,2008,118,Tmean 28–31°C,tmean
IPSL-CM5A-LR,rcp60,2009,97,Tmean 28–31°C,tmean
IPSL-CM5A-LR,rcp60,2010,105,Tmean 28–31°C,tmean
IPSL-CM5A-LR,rcp60,2011,104,Tmean 28–31°C,tmean
IPSL-CM5A-LR,rcp60,2012,104,Tmean 28–31°C,tmean
IPSL-CM5A-LR,rcp60,2013,88,Tmean 28–31°C,tmean
IPSL-CM5A-LR,rcp60,2014,94,Tmean 28–31°C,tmean
IPSL-CM5A-LR,rcp60,2015,99,Tmean 28–31°C,tmean
IPSL-CM5A-LR,rcp60,2016,77,Tmean 28–31°C,tmean
IPSL-CM5A-LR,rcp60,2017,79,Tmean 28–31°C,tmean
IPSL-CM5A-LR,rcp60,2018,98,Tmean 28–31°C,tmean
IPSL-CM5A-LR,rcp60,2019,109,Tmean 28–31°C,tmean
IPSL-CM5A-LR,rcp60,2020,109,Tmean 28–31°C,tmean
IPSL-CM5A-LR,rcp60,2021,82,Tmean 28–31°C,tmean
IPSL-CM5A-LR,rcp60,2022,91,Tmean 28–31°C,tmean
IPSL-CM5A-LR,rcp60,2023,129,Tmean 28–31°C,tmean
IPSL-CM5A-LR,rcp60,2024,108,Tmean 28–31°C,tmean
IPSL-CM5A-LR,rcp60,2025,77,Tmean 28–31°C,tmean
IPSL-CM5A-LR,rcp60,2026,90,Tmean 28–31°C,tmean
IPSL-CM5A-LR,rcp60,2027,84,Tmean 28–31°C,tmean
IPSL-CM5A-LR,rcp60,2028,100,Tmean 28–31°C,tmean
IPSL-CM5A-LR,rcp60,2029,92,Tmean 28–31°C,tmean
IPSL-CM5A-LR,rcp60,2030,114,Tmean 28–31°C,tmean
IPSL-CM5A-LR,rcp60,2031,80,Tmean 28–31°C,tmean
IPSL-CM5A-LR,rcp60,2032,88,Tmean 28–31°C,tmean
IPSL-CM5A-LR,rcp60,2033,106,Tmean 28–31°C,tmean
IPSL-CM5A-LR,rcp60,2034,97,Tmean 28–31°C,tmean
IPSL-CM5A-LR,rcp60,2035,103,Tmean 28–31°C,tmean
IPSL-CM5A-LR,rcp60,2036,93,Tmean 28–31°C,tmean
IPSL-CM5A-MR,rcp60,2006,124,Tmean 28–31°C,tmean
IPSL-CM5A-MR,rcp60,2007,80,Tmean 28–31°C,tmean
IPSL-CM5A-MR,rcp60,2008,79,Tmean 28–31°C,tmean
IPSL-CM5A-MR,rcp60,2009,74,Tmean 28–31°C,tmean
IPSL-CM5A-MR,rcp60,2010,119,Tmean 28–31°C,tmean
IPSL-CM5A-MR,rcp60,2011,91,Tmean 28–31°C,tmean
IPSL-CM5A-MR,rcp60,2012,102,Tmean 28–31°C,tmean
IPSL-CM5A-MR,rcp60,2013,100,Tmean 28–31°C,tmean
IPSL-CM5A-MR,rcp60,2014,102,Tmean 28–31°C,tmean
IPSL-CM5A-MR,rcp60,2015,97,Tmean 28–31°C,tmean
IPSL-CM5A-MR,rcp60,2016,96,Tmean 28–31°C,tmean
IPSL-CM5A-MR,rcp60,2017,68,Tmean 28–31°C,tmean
IPSL-CM5A-MR,rcp60,2018,98,Tmean 28–31°C,tmean
IPSL-CM5A-MR,rcp60,2019,109,Tmean 28–31°C,tmean
IPSL-CM5A-MR,rcp60,2020,96,Tmean 28–31°C,tmean
IPSL-CM5A-MR,rcp60,2021,95,Tmean 28–31°C,tmean
IPSL-CM5A-MR,rcp60,2022,99,Tmean 28–31°C,tmean
IPSL-CM5A-MR,rcp60,2023,93,Tmean 28–31°C,tmean
IPSL-CM5A-MR,rcp60,2024,136,Tmean 28–31°C,tmean
IPSL-CM5A-MR,rcp60,2025,89,Tmean 28–31°C,tmean
IPSL-CM5A-MR,rcp60,2026,99,Tmean 28–31°C,tmean
IPSL-CM5A-MR,rcp60,2027,112,Tmean 28–31°C,tmean
IPSL-CM5A-MR,rcp60,2028,83,Tmean 28–31°C,tmean
IPSL-CM5A-MR,rcp60,2029,73,Tmean 28–31°C,tmean
IPSL-CM5A-MR,rcp60,2030,104,Tmean 28–31°C,tmean
IPSL-CM5A-MR,rcp60,2031,86,Tmean 28–31°C,tmean
IPSL-CM5A-MR,rcp60,2032,75,Tmean 28–31°C,tmean
IPSL-CM5A-MR,rcp60,2033,93,Tmean 28–31°C,tmean
IPSL-CM5A-MR,rcp60,2034,120,Tmean 28–31°C,tmean
IPSL-CM5A-MR,rcp60,2035,110,Tmean 28–31°C,tmean
IPSL-CM5A-MR,rcp60,2036,113,Tmean 28–31°C,tmean
MIROC-ESM,rcp60,2006,88,Tmean 28–31°C,tmean
MIROC-ESM,rcp60,2007,25,Tmean 28–31°C,tmean
MIROC-ESM,rcp60,2008,88,Tmean 28–31°C,tmean
MIROC-ESM,rcp60,2009,70,Tmean 28–31°C,tmean
MIROC-ESM,rcp60,2010,98,Tmean 28–31°C,tmean
MIROC-ESM,rcp60,2011,119,Tmean 28–31°C,tmean
MIROC-ESM,rcp60,2012,100,Tmean 28–31°C,tmean
MIROC-ESM,rcp60,2013,105,Tmean 28–31°C,tmean
MIROC-ESM,rcp60,2014,92,Tmean 28–31°C,tmean
MIROC-ESM,rcp60,2015,79,Tmean 28–31°C,tmean
MIROC-ESM,rcp60,2016,76,Tmean 28–31°C,tmean
MIROC-ESM,rcp60,2017,119,Tmean 28–31°C,tmean
MIROC-ESM,rcp60,2018,93,Tmean 28–31°C,tmean
MIROC-ESM,rcp60,2019,89,Tmean 28–31°C,tmean
MIROC-ESM,rcp60,2020,111,Tmean 28–31°C,tmean
MIROC-ESM,rcp60,2021,90,Tmean 28–31°C,tmean
MIROC-ESM,rcp60,2022,72,Tmean 28–31°C,tmean
MIROC-ESM,rcp60,2023,132,Tmean 28–31°C,tmean
MIROC-ESM,rcp60,2024,119,Tmean 28–31°C,tmean
MIROC-ESM,rcp60,2025,106,Tmean 28–31°C,tmean
MIROC-ESM,rcp60,2026,95,Tmean 28–31°C,tmean
MIROC-ESM,rcp60,2027,75,Tmean 28–31°C,tmean
MIROC-ESM,rcp60,2028,119,Tmean 28–31°C,tmean
MIROC-ESM,rcp60,2029,106,Tmean 28–31°C,tmean
MIROC-ESM,rcp60,2030,105,Tmean 28–31°C,tmean
MIROC-ESM,rcp60,2031,118,Tmean 28–31°C,tmean
MIROC-ESM,rcp60,2032,100,Tmean 28–31°C,tmean
MIROC-ESM,rcp60,2033,93,Tmean 28–31°C,tmean
MIROC-ESM,rcp60,2034,106,Tmean 28–31°C,tmean
MIROC-ESM,rcp60,2035,111,Tmean 28–31°C,tmean
MIROC-ESM,rcp60,2036,89,Tmean 28–31°C,tmean
MIROC-ESM-CHEM,rcp60,2006,74,Tmean 28–31°C,tmean
MIROC-ESM-CHEM,rcp60,2007,113,Tmean 28–31°C,tmean
MIROC-ESM-CHEM,rcp60,2008,93,Tmean 28–31°C,tmean
MIROC-ESM-CHEM,rcp60,2009,111,Tmean 28–31°C,tmean
MIROC-ESM-CHEM,rcp60,2010,100,Tmean 28–31°C,tmean
MIROC-ESM-CHEM,rcp60,2011,114,Tmean 28–31°C,tmean
MIROC-ESM-CHEM,rcp60,2012,104,Tmean 28–31°C,tmean
MIROC-ESM-CHEM,rcp60,2013,97,Tmean 28–31°C,tmean
MIROC-ESM-CHEM,rcp60,2014,98,Tmean 28–31°C,tmean
MIROC-ESM-CHEM,rcp60,2015,111,Tmean 28–31°C,tmean
MIROC-ESM-CHEM,rcp60,2016,112,Tmean 28–31°C,tmean
MIROC-ESM-CHEM,rcp60,2017,118,Tmean 28–31°C,tmean
MIROC-ESM-CHEM,rcp60,2018,92,Tmean 28–31°C,tmean
MIROC-ESM-CHEM,rcp60,2019,97,Tmean 28–31°C,tmean
MIROC-ESM-CHEM,rcp60,2020,115,Tmean 28–31°C,tmean
MIROC-ESM-CHEM,rcp60,2021,108,Tmean 28–31°C,tmean
MIROC-ESM-CHEM,rcp60,2022,80,Tmean 28–31°C,tmean
MIROC-ESM-CHEM,rcp60,2023,115,Tmean 28–31°C,tmean
MIROC-ESM-CHEM,rcp60,2024,69,Tmean 28–31°C,tmean
MIROC-ESM-CHEM,rcp60,2025,128,Tmean 28–31°C,tmean
MIROC-ESM-CHEM,rcp60,2026,94,Tmean 28–31°C,tmean
MIROC-ESM-CHEM,rcp60,2027,85,Tmean 28–31°C,tmean
MIROC-ESM-CHEM,rcp60,2028,122,Tmean 28–31°C,tmean
MIROC-ESM-CHEM,rcp60,2029,88,Tmean 28–31°C,tmean
MIROC-ESM-CHEM,rcp60,2030,111,Tmean 28–31°C,tmean
MIROC-ESM-CHEM,rcp60,2031,93,Tmean 28–31°C,tmean
MIROC-ESM-CHEM,rcp60,2032,92,Tmean 28–31°C,tmean
MIROC-ESM-CHEM,rcp60,2033,90,Tmean 28–31°C,tmean
MIROC-ESM-CHEM,rcp60,2034,69,Tmean 28–31°C,tmean
MIROC-ESM-CHEM,rcp60,2035,100,Tmean 28–31°C,tmean
MIROC-ESM-CHEM,rcp60,2036,63,Tmean 28–31°C,tmean
MIROC5,rcp60,2006,83,Tmean 28–31°C,tmean
MIROC5,rcp60,2007,84,Tmean 28–31°C,tmean
MIROC5,rcp60,2008,98,Tmean 28–31°C,tmean
MIROC5,rcp60,2009,111,Tmean 28–31°C,tmean
MIROC5,rcp60,2010,74,Tmean 28–31°C,tmean
MIROC5,rcp60,2011,77,Tmean 28–31°C,tmean
MIROC5,rcp60,2012,71,Tmean 28–31°C,tmean
MIROC5,rcp60,2013,114,Tmean 28–31°C,tmean
MIROC5,rcp60,2014,113,Tmean 28–31°C,tmean
MIROC5,rcp60,2015,86,Tmean 28–31°C,tmean
MIROC5,rcp60,2016,78,Tmean 28–31°C,tmean
MIROC5,rcp60,2017,96,Tmean 28–31°C,tmean
MIROC5,rcp60,2018,89,Tmean 28–31°C,tmean
MIROC5,rcp60,2019,85,Tmean 28–31°C,tmean
MIROC5,rcp60,2020,97,Tmean 28–31°C,tmean
MIROC5,rcp60,2021,120,Tmean 28–31°C,tmean
MIROC5,rcp60,2022,103,Tmean 28–31°C,tmean
MIROC5,rcp60,2023,99,Tmean 28–31°C,tmean
MIROC5,rcp60,2024,102,Tmean 28–31°C,tmean
MIROC5,rcp60,2025,82,Tmean 28–31°C,tmean
MIROC5,rcp60,2026,65,Tmean 28–31°C,tmean
MIROC5,rcp60,2027,73,Tmean 28–31°C,tmean
MIROC5,rcp60,2028,80,Tmean 28–31°C,tmean
MIROC5,rcp60,2029,99,Tmean 28–31°C,tmean
MIROC5,rcp60,2030,97,Tmean 28–31°C,tmean
MIROC5,rcp60,2031,92,Tmean 28–31°C,tmean
MIROC5,rcp60,2032,87,Tmean 28–31°C,tmean
MIROC5,rcp60,2033,77,Tmean 28–31°C,tmean
MIROC5,rcp60,2034,91,Tmean 28–31°C,tmean
MIROC5,rcp60,2035,103,Tmean 28–31°C,tmean
MIROC5,rcp60,2036,79,Tmean 28–31°C,tmean
MRI-CGCM3,rcp60,2006,98,Tmean 28–31°C,tmean
MRI-CGCM3,rcp60,2007,99,Tmean 28–31°C,tmean
MRI-CGCM3,rcp60,2008,80,Tmean 28–31°C,tmean
MRI-CGCM3,rcp60,2009,92,Tmean 28–31°C,tmean
MRI-CGCM3,rcp60,2010,87,Tmean 28–31°C,tmean
MRI-CGCM3,rcp60,2011,88,Tmean 28–31°C,tmean
MRI-CGCM3,rcp60,2012,90,Tmean 28–31°C,tmean
MRI-CGCM3,rcp60,2013,84,Tmean 28–31°C,tmean
MRI-CGCM3,rcp60,2014,103,Tmean 28–31°C,tmean
MRI-CGCM3,rcp60,2015,77,Tmean 28–31°C,tmean
MRI-CGCM3,rcp60,2016,91,Tmean 28–31°C,tmean
MRI-CGCM3,rcp60,2017,99,Tmean 28–31°C,tmean
MRI-CGCM3,rcp60,2018,70,Tmean 28–31°C,tmean
MRI-CGCM3,rcp60,2019,87,Tmean 28–31°C,tmean
MRI-CGCM3,rcp60,2020,94,Tmean 28–31°C,tmean
MRI-CGCM3,rcp60,2021,93,Tmean 28–31°C,tmean
MRI-CGCM3,rcp60,2022,95,Tmean 28–31°C,tmean
MRI-CGCM3,rcp60,2023,103,Tmean 28–31°C,tmean
MRI-CGCM3,rcp60,2024,82,Tmean 28–31°C,tmean
MRI-CGCM3,rcp60,2025,79,Tmean 28–31°C,tmean
MRI-CGCM3,rcp60,2026,100,Tmean 28–31°C,tmean
MRI-CGCM3,rcp60,2027,87,Tmean 28–31°C,tmean
MRI-CGCM3,rcp60,2028,107,Tmean 28–31°C,tmean
MRI-CGCM3,rcp60,2029,97,Tmean 28–31°C,tmean
MRI-CGCM3,rcp60,2030,70,Tmean 28–31°C,tmean
MRI-CGCM3,rcp60,2031,102,Tmean 28–31°C,tmean
MRI-CGCM3,rcp60,2032,106,Tmean 28–31°C,tmean
MRI-CGCM3,rcp60,2033,94,Tmean 28–31°C,tmean
MRI-CGCM3,rcp60,2034,100,Tmean 28–31°C,tmean
MRI-CGCM3,rcp60,2035,107,Tmean 28–31°C,tmean
MRI-CGCM3,rcp60,2036,81,Tmean 28–31°C,tmean
NorESM1-M,rcp60,2006,119,Tmean 28–31°C,tmean
NorESM1-M,rcp60,2007,93,Tmean 28–31°C,tmean
NorESM1-M,rcp60,2008,125,Tmean 28–31°C,tmean
NorESM1-M,rcp60,2009,76,Tmean 28–31°C,tmean
NorESM1-M,rcp60,2010,98,Tmean 28–31°C,tmean
NorESM1-M,rcp60,2011,110,Tmean 28–31°C,tmean
NorESM1-M,rcp60,2012,80,Tmean 28–31°C,tmean
NorESM1-M,rcp60,2013,73,Tmean 28–31°C,tmean
NorESM1-M,rcp60,2014,87,Tmean 28–31°C,tmean
NorESM1-M,rcp60,2015,138,Tmean 28–31°C,tmean
NorESM1-M,rcp60,2016,102,Tmean 28–31°C,tmean
NorESM1-M,rcp60,2017,123,Tmean 28–31°C,tmean
NorESM1-M,rcp60,2018,100,Tmean 28–31°C,tmean
NorESM1-M,rcp60,2019,105,Tmean 28–31°C,tmean
NorESM1-M,rcp60,2020,68,Tmean 28–31°C,tmean
NorESM1-M,rcp60,2021,86,Tmean 28–31°C,tmean
NorESM1-M,rcp60,2022,77,Tmean 28–31°C,tmean
NorESM1-M,rcp60,2023,88,Tmean 28–31°C,tmean
NorESM1-M,rcp60,2024,109,Tmean 28–31°C,tmean
NorESM1-M,rcp60,2025,97,Tmean 28–31°C,tmean
NorESM1-M,rcp60,2026,96,Tmean 28–31°C,tmean
NorESM1-M,rcp60,2027,115,Tmean 28–31°C,tmean
NorESM1-M,rcp60,2028,80,Tmean 28–31°C,tmean
NorESM1-M,rcp60,2029,111,Tmean 28–31°C,tmean
NorESM1-M,rcp60,2030,94,Tmean 28–31°C,tmean
NorESM1-M,rcp60,2031,108,Tmean 28–31°C,tmean
NorESM1-M,rcp60,2032,80,Tmean 28–31°C,tmean
NorESM1-M,rcp60,2033,117,Tmean 28–31°C,tmean
NorESM1-M,rcp60,2034,114,Tmean 28–31°C,tmean
NorESM1-M,rcp60,2035,109,Tmean 28–31°C,tmean
NorESM1-M,rcp60,2036,81,Tmean 28–31°C,tmean
bcc-csm1-1,rcp60,2006,96,Tmean 28–31°C,tmean
bcc-csm1-1,rcp60,2007,101,Tmean 28–31°C,tmean
bcc-csm1-1,rcp60,2008,98,Tmean 28–31°C,tmean
bcc-csm1-1,rcp60,2009,78,Tmean 28–31°C,tmean
bcc-csm1-1,rcp60,2010,71,Tmean 28–31°C,tmean
bcc-csm1-1,rcp60,2011,100,Tmean 28–31°C,tmean
bcc-csm1-1,rcp60,2012,78,Tmean 28–31°C,tmean
bcc-csm1-1,rcp60,2013,116,Tmean 28–31°C,tmean
bcc-csm1-1,rcp60,2014,93,Tmean 28–31°C,tmean
bcc-csm1-1,rcp60,2015,77,Tmean 28–31°C,tmean
bcc-csm1-1,rcp60,2016,91,Tmean 28–31°C,tmean
bcc-csm1-1,rcp60,2017,71,Tmean 28–31°C,tmean
bcc-csm1-1,rcp60,2018,87,Tmean 28–31°C,tmean
bcc-csm1-1,rcp60,2019,81,Tmean 28–31°C,tmean
bcc-csm1-1,rcp60,2020,125,Tmean 28–31°C,tmean
bcc-csm1-1,rcp60,2021,82,Tmean 28–31°C,tmean
bcc-csm1-1,rcp60,2022,101,Tmean 28–31°C,tmean
bcc-csm1-1,rcp60,2023,102,Tmean 28–31°C,tmean
bcc-csm1-1,rcp60,2024,109,Tmean 28–31°C,tmean
bcc-csm1-1,rcp60,2025,122,Tmean 28–31°C,tmean
bcc-csm1-1,rcp60,2026,88,Tmean 28–31°C,tmean
bcc-csm1-1,rcp60,2027,83,Tmean 28–31°C,tmean
bcc-csm1-1,rcp60,2028,93,Tmean 28–31°C,tmean
bcc-csm1-1,rcp60,2029,74,Tmean 28–31°C,tmean
bcc-csm1-1,rcp60,2030,110,Tmean 28–31°C,tmean
bcc-csm1-1,rcp60,2031,82,Tmean 28–31°C,tmean
bcc-csm1-1,rcp60,2032,110,Tmean 28–31°C,tmean
bcc-csm1-1,rcp60,2033,65,Tmean 28–31°C,tmean
bcc-csm1-1,rcp60,2034,57,Tmean 28–31°C,tmean
bcc-csm1-1,rcp60,2035,89,Tmean 28–31°C,tmean
bcc-csm1-1,rcp60,2036,109,Tmean 28–31°C,tmean
bcc-csm1-1-m,rcp60,2006,39,Tmean 28–31°C,tmean
bcc-csm1-1-m,rcp60,2007,81,Tmean 28–31°C,tmean
bcc-csm1-1-m,rcp60,2008,81,Tmean 28–31°C,tmean
bcc-csm1-1-m,rcp60,2009,131,Tmean 28–31°C,tmean
bcc-csm1-1-m,rcp60,2010,81,Tmean 28–31°C,tmean
bcc-csm1-1-m,rcp60,2011,116,Tmean 28–31°C,tmean
bcc-csm1-1-m,rcp60,2012,107,Tmean 28–31°C,tmean
bcc-csm1-1-m,rcp60,2013,74,Tmean 28–31°C,tmean
bcc-csm1-1-m,rcp60,2014,84,Tmean 28–31°C,tmean
bcc-csm1-1-m,rcp60,2015,121,Tmean 28–31°C,tmean
bcc-csm1-1-m,rcp60,2016,112,Tmean 28–31°C,tmean
bcc-csm1-1-m,rcp60,2017,74,Tmean 28–31°C,tmean
bcc-csm1-1-m,rcp60,2018,72,Tmean 28–31°C,tmean
bcc-csm1-1-m,rcp60,2019,69,Tmean 28–31°C,tmean
bcc-csm1-1-m,rcp60,2020,95,Tmean 28–31°C,tmean
bcc-csm1-1-m,rcp60,2021,103,Tmean 28–31°C,tmean
bcc-csm1-1-m,rcp60,2022,122,Tmean 28–31°C,tmean
bcc-csm1-1-m,rcp60,2023,128,Tmean 28–31°C,tmean
bcc-csm1-1-m,rcp60,2024,87,Tmean 28–31°C,tmean
bcc-csm1-1-m,rcp60,2025,95,Tmean 28–31°C,tmean
bcc-csm1-1-m,rcp60,2026,85,Tmean 28–31°C,tmean
bcc-csm1-1-m,rcp60,2027,63,Tmean 28–31°C,tmean
bcc-csm1-1-m,rcp60,2028,92,Tmean 28–31°C,tmean
bcc-csm1-1-m,rcp60,2029,80,Tmean 28–31°C,tmean
bcc-csm1-1-m,rcp60,2030,52,Tmean 28–31°C,tmean
bcc-csm1-1-m,rcp60,2031,111,Tmean 28–31°C,tmean
bcc-csm1-1-m,rcp60,2032,106,Tmean 28–31°C,tmean
bcc-csm1-1-m,rcp60,2033,56,Tmean 28–31°C,tmean
bcc-csm1-1-m,rcp60,2034,70,Tmean 28–31°C,tmean
bcc-csm1-1-m,rcp60,2035,97,Tmean 28–31°C,tmean
bcc-csm1-1-m,rcp60,2036,90,Tmean 28–31°C,tmean
ACCESS1-0,rcp85,2006,88,Tmean 28–31°C,tmean
ACCESS1-0,rcp85,2007,100,Tmean 28–31°C,tmean
ACCESS1-0,rcp85,2008,104,Tmean 28–31°C,tmean
ACCESS1-0,rcp85,2009,74,Tmean 28–31°C,tmean
ACCESS1-0,rcp85,2010,92,Tmean 28–31°C,tmean
ACCESS1-0,rcp85,2011,89,Tmean 28–31°C,tmean
ACCESS1-0,rcp85,2012,82,Tmean 28–31°C,tmean
ACCESS1-0,rcp85,2013,101,Tmean 28–31°C,tmean
ACCESS1-0,rcp85,2014,61,Tmean 28–31°C,tmean
ACCESS1-0,rcp85,2015,118,Tmean 28–31°C,tmean
ACCESS1-0,rcp85,2016,81,Tmean 28–31°C,tmean
ACCESS1-0,rcp85,2017,80,Tmean 28–31°C,tmean
ACCESS1-0,rcp85,2018,100,Tmean 28–31°C,tmean
ACCESS1-0,rcp85,2019,93,Tmean 28–31°C,tmean
ACCESS1-0,rcp85,2020,85,Tmean 28–31°C,tmean
ACCESS1-0,rcp85,2021,66,Tmean 28–31°C,tmean
ACCESS1-0,rcp85,2022,81,Tmean 28–31°C,tmean
ACCESS1-0,rcp85,2023,93,Tmean 28–31°C,tmean
ACCESS1-0,rcp85,2024,81,Tmean 28–31°C,tmean
ACCESS1-0,rcp85,2025,70,Tmean 28–31°C,tmean
ACCESS1-0,rcp85,2026,82,Tmean 28–31°C,tmean
ACCESS1-0,rcp85,2027,62,Tmean 28–31°C,tmean
ACCESS1-0,rcp85,2028,87,Tmean 28–31°C,tmean
ACCESS1-0,rcp85,2029,91,Tmean 28–31°C,tmean
ACCESS1-0,rcp85,2030,92,Tmean 28–31°C,tmean
ACCESS1-0,rcp85,2031,104,Tmean 28–31°C,tmean
ACCESS1-0,rcp85,2032,68,Tmean 28–31°C,tmean
ACCESS1-0,rcp85,2033,93,Tmean 28–31°C,tmean
ACCESS1-0,rcp85,2034,112,Tmean 28–31°C,tmean
ACCESS1-0,rcp85,2035,70,Tmean 28–31°C,tmean
ACCESS1-0,rcp85,2036,77,Tmean 28–31°C,tmean
ACCESS1-3,rcp85,2006,81,Tmean 28–31°C,tmean
ACCESS1-3,rcp85,2007,96,Tmean 28–31°C,tmean
ACCESS1-3,rcp85,2008,82,Tmean 28–31°C,tmean
ACCESS1-3,rcp85,2009,74,Tmean 28–31°C,tmean
ACCESS1-3,rcp85,2010,78,Tmean 28–31°C,tmean
ACCESS1-3,rcp85,2011,102,Tmean 28–31°C,tmean
ACCESS1-3,rcp85,2012,69,Tmean 28–31°C,tmean
ACCESS1-3,rcp85,2013,70,Tmean 28–31°C,tmean
ACCESS1-3,rcp85,2014,97,Tmean 28–31°C,tmean
ACCESS1-3,rcp85,2015,70,Tmean 28–31°C,tmean
ACCESS1-3,rcp85,2016,62,Tmean 28–31°C,tmean
ACCESS1-3,rcp85,2017,88,Tmean 28–31°C,tmean
ACCESS1-3,rcp85,2018,87,Tmean 28–31°C,tmean
ACCESS1-3,rcp85,2019,81,Tmean 28–31°C,tmean
ACCESS1-3,rcp85,2020,95,Tmean 28–31°C,tmean
ACCESS1-3,rcp85,2021,90,Tmean 28–31°C,tmean
ACCESS1-3,rcp85,2022,103,Tmean 28–31°C,tmean
ACCESS1-3,rcp85,2023,93,Tmean 28–31°C,tmean
ACCESS1-3,rcp85,2024,101,Tmean 28–31°C,tmean
ACCESS1-3,rcp85,2025,84,Tmean 28–31°C,tmean
ACCESS1-3,rcp85,2026,79,Tmean 28–31°C,tmean
ACCESS1-3,rcp85,2027,94,Tmean 28–31°C,tmean
ACCESS1-3,rcp85,2028,62,Tmean 28–31°C,tmean
ACCESS1-3,rcp85,2029,96,Tmean 28–31°C,tmean
ACCESS1-3,rcp85,2030,66,Tmean 28–31°C,tmean
ACCESS1-3,rcp85,2031,116,Tmean 28–31°C,tmean
ACCESS1-3,rcp85,2032,114,Tmean 28–31°C,tmean
ACCESS1-3,rcp85,2033,101,Tmean 28–31°C,tmean
ACCESS1-3,rcp85,2034,83,Tmean 28–31°C,tmean
ACCESS1-3,rcp85,2035,86,Tmean 28–31°C,tmean
ACCESS1-3,rcp85,2036,83,Tmean 28–31°C,tmean
BNU-ESM,rcp85,2006,101,Tmean 28–31°C,tmean
BNU-ESM,rcp85,2007,75,Tmean 28–31°C,tmean
BNU-ESM,rcp85,2008,67,Tmean 28–31°C,tmean
BNU-ESM,rcp85,2009,85,Tmean 28–31°C,tmean
BNU-ESM,rcp85,2010,108,Tmean 28–31°C,tmean
BNU-ESM,rcp85,2011,110,Tmean 28–31°C,tmean
BNU-ESM,rcp85,2012,94,Tmean 28–31°C,tmean
BNU-ESM,rcp85,2013,102,Tmean 28–31°C,tmean
BNU-ESM,rcp85,2014,110,Tmean 28–31°C,tmean
BNU-ESM,rcp85,2015,96,Tmean 28–31°C,tmean
BNU-ESM,rcp85,2016,96,Tmean 28–31°C,tmean
BNU-ESM,rcp85,2017,61,Tmean 28–31°C,tmean
BNU-ESM,rcp85,2018,97,Tmean 28–31°C,tmean
BNU-ESM,rcp85,2019,69,Tmean 28–31°C,tmean
BNU-ESM,rcp85,2020,87,Tmean 28–31°C,tmean
BNU-ESM,rcp85,2021,94,Tmean 28–31°C,tmean
BNU-ESM,rcp85,2022,96,Tmean 28–31°C,tmean
BNU-ESM,rcp85,2023,90,Tmean 28–31°C,tmean
BNU-ESM,rcp85,2024,113,Tmean 28–31°C,tmean
BNU-ESM,rcp85,2025,88,Tmean 28–31°C,tmean
BNU-ESM,rcp85,2026,111,Tmean 28–31°C,tmean
BNU-ESM,rcp85,2027,106,Tmean 28–31°C,tmean
BNU-ESM,rcp85,2028,111,Tmean 28–31°C,tmean
BNU-ESM,rcp85,2029,124,Tmean 28–31°C,tmean
BNU-ESM,rcp85,2030,98,Tmean 28–31°C,tmean
BNU-ESM,rcp85,2031,100,Tmean 28–31°C,tmean
BNU-ESM,rcp85,2032,104,Tmean 28–31°C,tmean
BNU-ESM,rcp85,2033,78,Tmean 28–31°C,tmean
BNU-ESM,rcp85,2034,109,Tmean 28–31°C,tmean
BNU-ESM,rcp85,2035,116,Tmean 28–31°C,tmean
BNU-ESM,rcp85,2036,77,Tmean 28–31°C,tmean
CCSM4,rcp85,2006,111,Tmean 28–31°C,tmean
CCSM4,rcp85,2007,95,Tmean 28–31°C,tmean
CCSM4,rcp85,2008,103,Tmean 28–31°C,tmean
CCSM4,rcp85,2009,102,Tmean 28–31°C,tmean
CCSM4,rcp85,2010,106,Tmean 28–31°C,tmean
CCSM4,rcp85,2011,107,Tmean 28–31°C,tmean
CCSM4,rcp85,2012,88,Tmean 28–31°C,tmean
CCSM4,rcp85,2013,99,Tmean 28–31°C,tmean
CCSM4,rcp85,2014,101,Tmean 28–31°C,tmean
CCSM4,rcp85,2015,97,Tmean 28–31°C,tmean
CCSM4,rcp85,2016,90,Tmean 28–31°C,tmean
CCSM4,rcp85,2017,105,Tmean 28–31°C,tmean
CCSM4,rcp85,2018,95,Tmean 28–31°C,tmean
CCSM4,rcp85,2019,77,Tmean 28–31°C,tmean
CCSM4,rcp85,2020,103,Tmean 28–31°C,tmean
CCSM4,rcp85,2021,46,Tmean 28–31°C,tmean
CCSM4,rcp85,2022,71,Tmean 28–31°C,tmean
CCSM4,rcp85,2023,59,Tmean 28–31°C,tmean
CCSM4,rcp85,2024,122,Tmean 28–31°C,tmean
CCSM4,rcp85,2025,98,Tmean 28–31°C,tmean
CCSM4,rcp85,2026,75,Tmean 28–31°C,tmean
CCSM4,rcp85,2027,79,Tmean 28–31°C,tmean
CCSM4,rcp85,2028,94,Tmean 28–31°C,tmean
CCSM4,rcp85,2029,92,Tmean 28–31°C,tmean
CCSM4,rcp85,2030,97,Tmean 28–31°C,tmean
CCSM4,rcp85,2031,103,Tmean 28–31°C,tmean
CCSM4,rcp85,2032,95,Tmean 28–31°C,tmean
CCSM4,rcp85,2033,97,Tmean 28–31°C,tmean
CCSM4,rcp85,2034,56,Tmean 28–31°C,tmean
CCSM4,rcp85,2035,76,Tmean 28–31°C,tmean
CCSM4,rcp85,2036,85,Tmean 28–31°C,tmean
CESM1-BGC,rcp85,2006,110,Tmean 28–31°C,tmean
CESM1-BGC,rcp85,2007,117,Tmean 28–31°C,tmean
CESM1-BGC,rcp85,2008,82,Tmean 28–31°C,tmean
CESM1-BGC,rcp85,2009,98,Tmean 28–31°C,tmean
CESM1-BGC,rcp85,2010,93,Tmean 28–31°C,tmean
CESM1-BGC,rcp85,2011,87,Tmean 28–31°C,tmean
CESM1-BGC,rcp85,2012,82,Tmean 28–31°C,tmean
CESM1-BGC,rcp85,2013,101,Tmean 28–31°C,tmean
CESM1-BGC,rcp85,2014,89,Tmean 28–31°C,tmean
CESM1-BGC,rcp85,2015,89,Tmean 28–31°C,tmean
CESM1-BGC,rcp85,2016,100,Tmean 28–31°C,tmean
CESM1-BGC,rcp85,2017,101,Tmean 28–31°C,tmean
CESM1-BGC,rcp85,2018,79,Tmean 28–31°C,tmean
CESM1-BGC,rcp85,2019,97,Tmean 28–31°C,tmean
CESM1-BGC,rcp85,2020,101,Tmean 28–31°C,tmean
CESM1-BGC,rcp85,2021,76,Tmean 28–31°C,tmean
CESM1-BGC,rcp85,2022,81,Tmean 28–31°C,tmean
CESM1-BGC,rcp85,2023,100,Tmean 28–31°C,tmean
CESM1-BGC,rcp85,2024,92,Tmean 28–31°C,tmean
CESM1-BGC,rcp85,2025,103,Tmean 28–31°C,tmean
CESM1-BGC,rcp85,2026,72,Tmean 28–31°C,tmean
CESM1-BGC,rcp85,2027,87,Tmean 28–31°C,tmean
CESM1-BGC,rcp85,2028,74,Tmean 28–31°C,tmean
CESM1-BGC,rcp85,2029,88,Tmean 28–31°C,tmean
CESM1-BGC,rcp85,2030,94,Tmean 28–31°C,tmean
CESM1-BGC,rcp85,2031,86,Tmean 28–31°C,tmean
CESM1-BGC,rcp85,2032,78,Tmean 28–31°C,tmean
CESM1-BGC,rcp85,2033,77,Tmean 28–31°C,tmean
CESM1-BGC,rcp85,2034,76,Tmean 28–31°C,tmean
CESM1-BGC,rcp85,2035,67,Tmean 28–31°C,tmean
CESM1-BGC,rcp85,2036,102,Tmean 28–31°C,tmean
CESM1-CAM5,rcp85,2006,83,Tmean 28–31°C,tmean
CESM1-CAM5,rcp85,2007,91,Tmean 28–31°C,tmean
CESM1-CAM5,rcp85,2008,86,Tmean 28–31°C,tmean
CESM1-CAM5,rcp85,2009,75,Tmean 28–31°C,tmean
CESM1-CAM5,rcp85,2010,111,Tmean 28–31°C,tmean
CESM1-CAM5,rcp85,2011,82,Tmean 28–31°C,tmean
CESM1-CAM5,rcp85,2012,95,Tmean 28–31°C,tmean
CESM1-CAM5,rcp85,2013,86,Tmean 28–31°C,tmean
CESM1-CAM5,rcp85,2014,89,Tmean 28–31°C,tmean
CESM1-CAM5,rcp85,2015,112,Tmean 28–31°C,tmean
CESM1-CAM5,rcp85,2016,97,Tmean 28–31°C,tmean
CESM1-CAM5,rcp85,2017,84,Tmean 28–31°C,tmean
CESM1-CAM5,rcp85,2018,96,Tmean 28–31°C,tmean
CESM1-CAM5,rcp85,2019,86,Tmean 28–31°C,tmean
CESM1-CAM5,rcp85,2020,91,Tmean 28–31°C,tmean
CESM1-CAM5,rcp85,2021,83,Tmean 28–31°C,tmean
CESM1-CAM5,rcp85,2022,75,Tmean 28–31°C,tmean
CESM1-CAM5,rcp85,2023,101,Tmean 28–31°C,tmean
CESM1-CAM5,rcp85,2024,88,Tmean 28–31°C,tmean
CESM1-CAM5,rcp85,2025,79,Tmean 28–31°C,tmean
CESM1-CAM5,rcp85,2026,106,Tmean 28–31°C,tmean
CESM1-CAM5,rcp85,2027,70,Tmean 28–31°C,tmean
CESM1-CAM5,rcp85,2028,112,Tmean 28–31°C,tmean
CESM1-CAM5,rcp85,2029,76,Tmean 28–31°C,tmean
CESM1-CAM5,rcp85,2030,102,Tmean 28–31°C,tmean
CESM1-CAM5,rcp85,2031,101,Tmean 28–31°C,tmean
CESM1-CAM5,rcp85,2032,84,Tmean 28–31°C,tmean
CESM1-CAM5,rcp85,2033,83,Tmean 28–31°C,tmean
CESM1-CAM5,rcp85,2034,100,Tmean 28–31°C,tmean
CESM1-CAM5,rcp85,2035,92,Tmean 28–31°C,tmean
CESM1-CAM5,rcp85,2036,98,Tmean 28–31°C,tmean
CMCC-CESM,rcp85,2006,126,Tmean 28–31°C,tmean
CMCC-CESM,rcp85,2007,83,Tmean 28–31°C,tmean
CMCC-CESM,rcp85,2008,74,Tmean 28–31°C,tmean
CMCC-CESM,rcp85,2009,58,Tmean 28–31°C,tmean
CMCC-CESM,rcp85,2010,121,Tmean 28–31°C,tmean
CMCC-CESM,rcp85,2011,84,Tmean 28–31°C,tmean
CMCC-CESM,rcp85,2012,98,Tmean 28–31°C,tmean
CMCC-CESM,rcp85,2013,87,Tmean 28–31°C,tmean
CMCC-CESM,rcp85,2014,123,Tmean 28–31°C,tmean
CMCC-CESM,rcp85,2015,76,Tmean 28–31°C,tmean
CMCC-CESM,rcp85,2016,94,Tmean 28–31°C,tmean
CMCC-CESM,rcp85,2017,83,Tmean 28–31°C,tmean
CMCC-CESM,rcp85,2018,95,Tmean 28–31°C,tmean
CMCC-CESM,rcp85,2019,73,Tmean 28–31°C,tmean
CMCC-CESM,rcp85,2020,107,Tmean 28–31°C,tmean
CMCC-CESM,rcp85,2021,123,Tmean 28–31°C,tmean
CMCC-CESM,rcp85,2022,87,Tmean 28–31°C,tmean
CMCC-CESM,rcp85,2023,108,Tmean 28–31°C,tmean
CMCC-CESM,rcp85,2024,104,Tmean 28–31°C,tmean
CMCC-CESM,rcp85,2025,78,Tmean 28–31°C,tmean
CMCC-CESM,rcp85,2026,105,Tmean 28–31°C,tmean
CMCC-CESM,rcp85,2027,78,Tmean 28–31°C,tmean
CMCC-CESM,rcp85,2028,48,Tmean 28–31°C,tmean
CMCC-CESM,rcp85,2029,95,Tmean 28–31°C,tmean
CMCC-CESM,rcp85,2030,99,Tmean 28–31°C,tmean
CMCC-CESM,rcp85,2031,80,Tmean 28–31°C,tmean
CMCC-CESM,rcp85,2032,73,Tmean 28–31°C,tmean
CMCC-CESM,rcp85,2033,95,Tmean 28–31°C,tmean
CMCC-CESM,rcp85,2034,87,Tmean 28–31°C,tmean
CMCC-CESM,rcp85,2035,75,Tmean 28–31°C,tmean
CMCC-CESM,rcp85,2036,75,Tmean 28–31°C,tmean
CMCC-CM,rcp85,2006,90,Tmean 28–31°C,tmean
CMCC-CM,rcp85,2007,78,Tmean 28–31°C,tmean
CMCC-CM,rcp85,2008,87,Tmean 28–31°C,tmean
CMCC-CM,rcp85,2009,79,Tmean 28–31°C,tmean
CMCC-CM,rcp85,2010,79,Tmean 28–31°C,tmean
CMCC-CM,rcp85,2011,110,Tmean 28–31°C,tmean
CMCC-CM,rcp85,2012,84,Tmean 28–31°C,tmean
CMCC-CM,rcp85,2013,100,Tmean 28–31°C,tmean
CMCC-CM,rcp85,2014,105,Tmean 28–31°C,tmean
CMCC-CM,rcp85,2015,102,Tmean 28–31°C,tmean
CMCC-CM,rcp85,2016,98,Tmean 28–31°C,tmean
CMCC-CM,rcp85,2017,86,Tmean 28–31°C,tmean
CMCC-CM,rcp85,2018,82,Tmean 28–31°C,tmean
CMCC-CM,rcp85,2019,78,Tmean 28–31°C,tmean
CMCC-CM,rcp85,2020,79,Tmean 28–31°C,tmean
CMCC-CM,rcp85,2021,101,Tmean 28–31°C,tmean
CMCC-CM,rcp85,2022,74,Tmean 28–31°C,tmean
CMCC-CM,rcp85,2023,82,Tmean 28–31°C,tmean
CMCC-CM,rcp85,2024,113,Tmean 28–31°C,tmean
CMCC-CM,rcp85,2025,79,Tmean 28–31°C,tmean
CMCC-CM,rcp85,2026,113,Tmean 28–31°C,tmean
CMCC-CM,rcp85,2027,100,Tmean 28–31°C,tmean
CMCC-CM,rcp85,2028,95,Tmean 28–31°C,tmean
CMCC-CM,rcp85,2029,81,Tmean 28–31°C,tmean
CMCC-CM,rcp85,2030,104,Tmean 28–31°C,tmean
CMCC-CM,rcp85,2031,76,Tmean 28–31°C,tmean
CMCC-CM,rcp85,2032,94,Tmean 28–31°C,tmean
CMCC-CM,rcp85,2033,87,Tmean 28–31°C,tmean
CMCC-CM,rcp85,2034,89,Tmean 28–31°C,tmean
CMCC-CM,rcp85,2035,93,Tmean 28–31°C,tmean
CMCC-CM,rcp85,2036,93,Tmean 28–31°C,tmean
CNRM-CM5,rcp85,2006,80,Tmean 28–31°C,tmean
CNRM-CM5,rcp85,2007,104,Tmean 28–31°C,tmean
CNRM-CM5,rcp85,2008,80,Tmean 28–31°C,tmean
CNRM-CM5,rcp85,2009,99,Tmean 28–31°C,tmean
CNRM-CM5,rcp85,2010,89,Tmean 28–31°C,tmean
CNRM-CM5,rcp85,2011,88,Tmean 28–31°C,tmean
CNRM-CM5,rcp85,2012,86,Tmean 28–31°C,tmean
CNRM-CM5,rcp85,2013,84,Tmean 28–31°C,tmean
CNRM-CM5,rcp85,2014,55,Tmean 28–31°C,tmean
CNRM-CM5,rcp85,2015,92,Tmean 28–31°C,tmean
CNRM-CM5,rcp85,2016,69,Tmean 28–31°C,tmean
CNRM-CM5,rcp85,2017,67,Tmean 28–31°C,tmean
CNRM-CM5,rcp85,2018,110,Tmean 28–31°C,tmean
CNRM-CM5,rcp85,2019,84,Tmean 28–31°C,tmean
CNRM-CM5,rcp85,2020,90,Tmean 28–31°C,tmean
CNRM-CM5,rcp85,2021,74,Tmean 28–31°C,tmean
CNRM-CM5,rcp85,2022,68,Tmean 28–31°C,tmean
CNRM-CM5,rcp85,2023,74,Tmean 28–31°C,tmean
CNRM-CM5,rcp85,2024,84,Tmean 28–31°C,tmean
CNRM-CM5,rcp85,2025,81,Tmean 28–31°C,tmean
CNRM-CM5,rcp85,2026,98,Tmean 28–31°C,tmean
CNRM-CM5,rcp85,2027,79,Tmean 28–31°C,tmean
CNRM-CM5,rcp85,2028,95,Tmean 28–31°C,tmean
CNRM-CM5,rcp85,2029,121,Tmean 28–31°C,tmean
CNRM-CM5,rcp85,2030,119,Tmean 28–31°C,tmean
CNRM-CM5,rcp85,2031,91,Tmean 28–31°C,tmean
CNRM-CM5,rcp85,2032,85,Tmean 28–31°C,tmean
CNRM-CM5,rcp85,2033,76,Tmean 28–31°C,tmean
CNRM-CM5,rcp85,2034,78,Tmean 28–31°C,tmean
CNRM-CM5,rcp85,2035,61,Tmean 28–31°C,tmean
CNRM-CM5,rcp85,2036,95,Tmean 28–31°C,tmean
CSIRO-Mk3-6-0,rcp85,2006,91,Tmean 28–31°C,tmean
CSIRO-Mk3-6-0,rcp85,2007,92,Tmean 28–31°C,tmean
CSIRO-Mk3-6-0,rcp85,2008,83,Tmean 28–31°C,tmean
CSIRO-Mk3-6-0,rcp85,2009,86,Tmean 28–31°C,tmean
CSIRO-Mk3-6-0,rcp85,2010,76,Tmean 28–31°C,tmean
CSIRO-Mk3-6-0,rcp85,2011,58,Tmean 28–31°C,tmean
CSIRO-Mk3-6-0,rcp85,2012,60,Tmean 28–31°C,tmean
CSIRO-Mk3-6-0,rcp85,2013,72,Tmean 28–31°C,tmean
CSIRO-Mk3-6-0,rcp85,2014,102,Tmean 28–31°C,tmean
CSIRO-Mk3-6-0,rcp85,2015,92,Tmean 28–31°C,tmean
CSIRO-Mk3-6-0,rcp85,2016,66,Tmean 28–31°C,tmean
CSIRO-Mk3-6-0,rcp85,2017,88,Tmean 28–31°C,tmean
CSIRO-Mk3-6-0,rcp85,2018,67,Tmean 28–31°C,tmean
CSIRO-Mk3-6-0,rcp85,2019,110,Tmean 28–31°C,tmean
CSIRO-Mk3-6-0,rcp85,2020,89,Tmean 28–31°C,tmean
CSIRO-Mk3-6-0,rcp85,2021,59,Tmean 28–31°C,tmean
CSIRO-Mk3-6-0,rcp85,2022,111,Tmean 28–31°C,tmean
CSIRO-Mk3-6-0,rcp85,2023,112,Tmean 28–31°C,tmean
CSIRO-Mk3-6-0,rcp85,2024,97,Tmean 28–31°C,tmean
CSIRO-Mk3-6-0,rcp85,2025,68,Tmean 28–31°C,tmean
CSIRO-Mk3-6-0,rcp85,2026,94,Tmean 28–31°C,tmean
CSIRO-Mk3-6-0,rcp85,2027,97,Tmean 28–31°C,tmean
CSIRO-Mk3-6-0,rcp85,2028,85,Tmean 28–31°C,tmean
CSIRO-Mk3-6-0,rcp85,2029,102,Tmean 28–31°C,tmean
CSIRO-Mk3-6-0,rcp85,2030,113,Tmean 28–31°C,tmean
CSIRO-Mk3-6-0,rcp85,2031,83,Tmean 28–31°C,tmean
CSIRO-Mk3-6-0,rcp85,2032,114,Tmean 28–31°C,tmean
CSIRO-Mk3-6-0,rcp85,2033,75,Tmean 28–31°C,tmean
CSIRO-Mk3-6-0,rcp85,2034,53,Tmean 28–31°C,tmean
CSIRO-Mk3-6-0,rcp85,2035,76,Tmean 28–31°C,tmean
CSIRO-Mk3-6-0,rcp85,2036,99,Tmean 28–31°C,tmean
CanESM2,rcp85,2006,107,Tmean 28–31°C,tmean
CanESM2,rcp85,2007,93,Tmean 28–31°C,tmean
CanESM2,rcp85,2008,57,Tmean 28–31°C,tmean
CanESM2,rcp85,2009,113,Tmean 28–31°C,tmean
CanESM2,rcp85,2010,87,Tmean 28–31°C,tmean
CanESM2,rcp85,2011,119,Tmean 28–31°C,tmean
CanESM2,rcp85,2012,77,Tmean 28–31°C,tmean
CanESM2,rcp85,2013,118,Tmean 28–31°C,tmean
CanESM2,rcp85,2014,103,Tmean 28–31°C,tmean
CanESM2,rcp85,2015,77,Tmean 28–31°C,tmean
CanESM2,rcp85,2016,98,Tmean 28–31°C,tmean
CanESM2,rcp85,2017,81,Tmean 28–31°C,tmean
CanESM2,rcp85,2018,98,Tmean 28–31°C,tmean
CanESM2,rcp85,2019,100,Tmean 28–31°C,tmean
CanESM2,rcp85,2020,90,Tmean 28–31°C,tmean
CanESM2,rcp85,2021,58,Tmean 28–31°C,tmean
CanESM2,rcp85,2022,119,Tmean 28–31°C,tmean
CanESM2,rcp85,2023,119,Tmean 28–31°C,tmean
CanESM2,rcp85,2024,91,Tmean 28–31°C,tmean
CanESM2,rcp85,2025,129,Tmean 28–31°C,tmean
CanESM2,rcp85,2026,85,Tmean 28–31°C,tmean
CanESM2,rcp85,2027,98,Tmean 28–31°C,tmean
CanESM2,rcp85,2028,116,Tmean 28–31°C,tmean
CanESM2,rcp85,2029,85,Tmean 28–31°C,tmean
CanESM2,rcp85,2030,80,Tmean 28–31°C,tmean
CanESM2,rcp85,2031,86,Tmean 28–31°C,tmean
CanESM2,rcp85,2032,83,Tmean 28–31°C,tmean
CanESM2,rcp85,2033,107,Tmean 28–31°C,tmean
CanESM2,rcp85,2034,91,Tmean 28–31°C,tmean
CanESM2,rcp85,2035,72,Tmean 28–31°C,tmean
CanESM2,rcp85,2036,110,Tmean 28–31°C,tmean
EC-EARTH,rcp85,2006,85,Tmean 28–31°C,tmean
EC-EARTH,rcp85,2007,86,Tmean 28–31°C,tmean
EC-EARTH,rcp85,2008,94,Tmean 28–31°C,tmean
EC-EARTH,rcp85,2009,92,Tmean 28–31°C,tmean
EC-EARTH,rcp85,2010,93,Tmean 28–31°C,tmean
EC-EARTH,rcp85,2011,107,Tmean 28–31°C,tmean
EC-EARTH,rcp85,2012,75,Tmean 28–31°C,tmean
EC-EARTH,rcp85,2013,80,Tmean 28–31°C,tmean
EC-EARTH,rcp85,2014,123,Tmean 28–31°C,tmean
EC-EARTH,rcp85,2015,79,Tmean 28–31°C,tmean
EC-EARTH,rcp85,2016,94,Tmean 28–31°C,tmean
EC-EARTH,rcp85,2017,94,Tmean 28–31°C,tmean
EC-EARTH,rcp85,2018,97,Tmean 28–31°C,tmean
EC-EARTH,rcp85,2019,69,Tmean 28–31°C,tmean
EC-EARTH,rcp85,2020,102,Tmean 28–31°C,tmean
EC-EARTH,rcp85,2021,88,Tmean 28–31°C,tmean
EC-EARTH,rcp85,2022,89,Tmean 28–31°C,tmean
EC-EARTH,rcp85,2023,83,Tmean 28–31°C,tmean
EC-EARTH,rcp85,2024,95,Tmean 28–31°C,tmean
EC-EARTH,rcp85,2025,89,Tmean 28–31°C,tmean
EC-EARTH,rcp85,2026,120,Tmean 28–31°C,tmean
EC-EARTH,rcp85,2027,99,Tmean 28–31°C,tmean
EC-EARTH,rcp85,2028,85,Tmean 28–31°C,tmean
EC-EARTH,rcp85,2029,78,Tmean 28–31°C,tmean
EC-EARTH,rcp85,2030,85,Tmean 28–31°C,tmean
EC-EARTH,rcp85,2031,99,Tmean 28–31°C,tmean
EC-EARTH,rcp85,2032,86,Tmean 28–31°C,tmean
EC-EARTH,rcp85,2033,108,Tmean 28–31°C,tmean
EC-EARTH,rcp85,2034,97,Tmean 28–31°C,tmean
EC-EARTH,rcp85,2035,96,Tmean 28–31°C,tmean
EC-EARTH,rcp85,2036,84,Tmean 28–31°C,tmean
FGOALS-g2,rcp85,2006,103,Tmean 28–31°C,tmean
FGOALS-g2,rcp85,2007,79,Tmean 28–31°C,tmean
FGOALS-g2,rcp85,2008,126,Tmean 28–31°C,tmean
FGOALS-g2,rcp85,2009,104,Tmean 28–31°C,tmean
FGOALS-g2,rcp85,2010,103,Tmean 28–31°C,tmean
FGOALS-g2,rcp85,2011,94,Tmean 28–31°C,tmean
FGOALS-g2,rcp85,2012,104,Tmean 28–31°C,tmean
FGOALS-g2,rcp85,2013,99,Tmean 28–31°C,tmean
FGOALS-g2,rcp85,2014,92,Tmean 28–31°C,tmean
FGOALS-g2,rcp85,2015,108,Tmean 28–31°C,tmean
FGOALS-g2,rcp85,2016,88,Tmean 28–31°C,tmean
FGOALS-g2,rcp85,2017,87,Tmean 28–31°C,tmean
FGOALS-g2,rcp85,2018,91,Tmean 28–31°C,tmean
FGOALS-g2,rcp85,2019,76,Tmean 28–31°C,tmean
FGOALS-g2,rcp85,2020,97,Tmean 28–31°C,tmean
FGOALS-g2,rcp85,2021,134,Tmean 28–31°C,tmean
FGOALS-g2,rcp85,2022,107,Tmean 28–31°C,tmean
FGOALS-g2,rcp85,2023,91,Tmean 28–31°C,tmean
FGOALS-g2,rcp85,2024,76,Tmean 28–31°C,tmean
FGOALS-g2,rcp85,2025,83,Tmean 28–31°C,tmean
FGOALS-g2,rcp85,2026,104,Tmean 28–31°C,tmean
FGOALS-g2,rcp85,2027,109,Tmean 28–31°C,tmean
FGOALS-g2,rcp85,2028,105,Tmean 28–31°C,tmean
FGOALS-g2,rcp85,2029,101,Tmean 28–31°C,tmean
FGOALS-g2,rcp85,2030,88,Tmean 28–31°C,tmean
FGOALS-g2,rcp85,2031,114,Tmean 28–31°C,tmean
FGOALS-g2,rcp85,2032,75,Tmean 28–31°C,tmean
FGOALS-g2,rcp85,2033,67,Tmean 28–31°C,tmean
FGOALS-g2,rcp85,2034,95,Tmean 28–31°C,tmean
FGOALS-g2,rcp85,2035,117,Tmean 28–31°C,tmean
FGOALS-g2,rcp85,2036,89,Tmean 28–31°C,tmean
GFDL-CM3,rcp85,2006,117,Tmean 28–31°C,tmean
GFDL-CM3,rcp85,2007,114,Tmean 28–31°C,tmean
GFDL-CM3,rcp85,2008,77,Tmean 28–31°C,tmean
GFDL-CM3,rcp85,2009,110,Tmean 28–31°C,tmean
GFDL-CM3,rcp85,2010,96,Tmean 28–31°C,tmean
GFDL-CM3,rcp85,2011,75,Tmean 28–31°C,tmean
GFDL-CM3,rcp85,2012,100,Tmean 28–31°C,tmean
GFDL-CM3,rcp85,2013,35,Tmean 28–31°C,tmean
GFDL-CM3,rcp85,2014,97,Tmean 28–31°C,tmean
GFDL-CM3,rcp85,2015,80,Tmean 28–31°C,tmean
GFDL-CM3,rcp85,2016,85,Tmean 28–31°C,tmean
GFDL-CM3,rcp85,2017,109,Tmean 28–31°C,tmean
GFDL-CM3,rcp85,2018,98,Tmean 28–31°C,tmean
GFDL-CM3,rcp85,2019,84,Tmean 28–31°C,tmean
GFDL-CM3,rcp85,2020,78,Tmean 28–31°C,tmean
GFDL-CM3,rcp85,2021,101,Tmean 28–31°C,tmean
GFDL-CM3,rcp85,2022,76,Tmean 28–31°C,tmean
GFDL-CM3,rcp85,2023,69,Tmean 28–31°C,tmean
GFDL-CM3,rcp85,2024,95,Tmean 28–31°C,tmean
GFDL-CM3,rcp85,2025,73,Tmean 28–31°C,tmean
GFDL-CM3,rcp85,2026,96,Tmean 28–31°C,tmean
GFDL-CM3,rcp85,2027,81,Tmean 28–31°C,tmean
GFDL-CM3,rcp85,2028,98,Tmean 28–31°C,tmean
GFDL-CM3,rcp85,2029,54,Tmean 28–31°C,tmean
GFDL-CM3,rcp85,2030,78,Tmean 28–31°C,tmean
GFDL-CM3,rcp85,2031,88,Tmean 28–31°C,tmean
GFDL-CM3,rcp85,2032,82,Tmean 28–31°C,tmean
GFDL-CM3,rcp85,2033,76,Tmean 28–31°C,tmean
GFDL-CM3,rcp85,2034,64,Tmean 28–31°C,tmean
GFDL-CM3,rcp85,2035,68,Tmean 28–31°C,tmean
GFDL-CM3,rcp85,2036,82,Tmean 28–31°C,tmean
GFDL-ESM2G,rcp85,2006,119,Tmean 28–31°C,tmean
GFDL-ESM2G,rcp85,2007,105,Tmean 28–31°C,tmean
GFDL-ESM2G,rcp85,2008,92,Tmean 28–31°C,tmean
GFDL-ESM2G,rcp85,2009,102,Tmean 28–31°C,tmean
GFDL-ESM2G,rcp85,2010,129,Tmean 28–31°C,tmean
GFDL-ESM2G,rcp85,2011,79,Tmean 28–31°C,tmean
GFDL-ESM2G,rcp85,2012,101,Tmean 28–31°C,tmean
GFDL-ESM2G,rcp85,2013,60,Tmean 28–31°C,tmean
GFDL-ESM2G,rcp85,2014,54,Tmean 28–31°C,tmean
GFDL-ESM2G,rcp85,2015,95,Tmean 28–31°C,tmean
GFDL-ESM2G,rcp85,2016,56,Tmean 28–31°C,tmean
GFDL-ESM2G,rcp85,2017,108,Tmean 28–31°C,tmean
GFDL-ESM2G,rcp85,2018,66,Tmean 28–31°C,tmean
GFDL-ESM2G,rcp85,2019,78,Tmean 28–31°C,tmean
GFDL-ESM2G,rcp85,2020,79,Tmean 28–31°C,tmean
GFDL-ESM2G,rcp85,2021,94,Tmean 28–31°C,tmean
GFDL-ESM2G,rcp85,2022,73,Tmean 28–31°C,tmean
GFDL-ESM2G,rcp85,2023,92,Tmean 28–31°C,tmean
GFDL-ESM2G,rcp85,2024,106,Tmean 28–31°C,tmean
GFDL-ESM2G,rcp85,2025,105,Tmean 28–31°C,tmean
GFDL-ESM2G,rcp85,2026,132,Tmean 28–31°C,tmean
GFDL-ESM2G,rcp85,2027,93,Tmean 28–31°C,tmean
GFDL-ESM2G,rcp85,2028,70,Tmean 28–31°C,tmean
GFDL-ESM2G,rcp85,2029,87,Tmean 28–31°C,tmean
GFDL-ESM2G,rcp85,2030,90,Tmean 28–31°C,tmean
GFDL-ESM2G,rcp85,2031,101,Tmean 28–31°C,tmean
GFDL-ESM2G,rcp85,2032,67,Tmean 28–31°C,tmean
GFDL-ESM2G,rcp85,2033,70,Tmean 28–31°C,tmean
GFDL-ESM2G,rcp85,2034,63,Tmean 28–31°C,tmean
GFDL-ESM2G,rcp85,2035,79,Tmean 28–31°C,tmean
GFDL-ESM2G,rcp85,2036,54,Tmean 28–31°C,tmean
GFDL-ESM2M,rcp85,2006,87,Tmean 28–31°C,tmean
GFDL-ESM2M,rcp85,2007,82,Tmean 28–31°C,tmean
GFDL-ESM2M,rcp85,2008,111,Tmean 28–31°C,tmean
GFDL-ESM2M,rcp85,2009,98,Tmean 28–31°C,tmean
GFDL-ESM2M,rcp85,2010,77,Tmean 28–31°C,tmean
GFDL-ESM2M,rcp85,2011,38,Tmean 28–31°C,tmean
GFDL-ESM2M,rcp85,2012,82,Tmean 28–31°C,tmean
GFDL-ESM2M,rcp85,2013,93,Tmean 28–31°C,tmean
GFDL-ESM2M,rcp85,2014,115,Tmean 28–31°C,tmean
GFDL-ESM2M,rcp85,2015,60,Tmean 28–31°C,tmean
GFDL-ESM2M,rcp85,2016,93,Tmean 28–31°C,tmean
GFDL-ESM2M,rcp85,2017,99,Tmean 28–31°C,tmean
GFDL-ESM2M,rcp85,2018,133,Tmean 28–31°C,tmean
GFDL-ESM2M,rcp85,2019,109,Tmean 28–31°C,tmean
GFDL-ESM2M,rcp85,2020,81,Tmean 28–31°C,tmean
GFDL-ESM2M,rcp85,2021,109,Tmean 28–31°C,tmean
GFDL-ESM2M,rcp85,2022,109,Tmean 28–31°C,tmean
GFDL-ESM2M,rcp85,2023,96,Tmean 28–31°C,tmean
GFDL-ESM2M,rcp85,2024,79,Tmean 28–31°C,tmean
GFDL-ESM2M,rcp85,2025,115,Tmean 28–31°C,tmean
GFDL-ESM2M,rcp85,2026,61,Tmean 28–31°C,tmean
GFDL-ESM2M,rcp85,2027,81,Tmean 28–31°C,tmean
GFDL-ESM2M,rcp85,2028,101,Tmean 28–31°C,tmean
GFDL-ESM2M,rcp85,2029,125,Tmean 28–31°C,tmean
GFDL-ESM2M,rcp85,2030,89,Tmean 28–31°C,tmean
GFDL-ESM2M,rcp85,2031,107,Tmean 28–31°C,tmean
GFDL-ESM2M,rcp85,2032,97,Tmean 28–31°C,tmean
GFDL-ESM2M,rcp85,2033,85,Tmean 28–31°C,tmean
GFDL-ESM2M,rcp85,2034,85,Tmean 28–31°C,tmean
GFDL-ESM2M,rcp85,2035,96,Tmean 28–31°C,tmean
GFDL-ESM2M,rcp85,2036,85,Tmean 28–31°C,tmean
IPSL-CM5A-LR,rcp85,2006,86,Tmean 28–31°C,tmean
IPSL-CM5A-LR,rcp85,2007,99,Tmean 28–31°C,tmean
IPSL-CM5A-LR,rcp85,2008,96,Tmean 28–31°C,tmean
IPSL-CM5A-LR,rcp85,2009,81,Tmean 28–31°C,tmean
IPSL-CM5A-LR,rcp85,2010,96,Tmean 28–31°C,tmean
IPSL-CM5A-LR,rcp85,2011,103,Tmean 28–31°C,tmean
IPSL-CM5A-LR,rcp85,2012,101,Tmean 28–31°C,tmean
IPSL-CM5A-LR,rcp85,2013,74,Tmean 28–31°C,tmean
IPSL-CM5A-LR,rcp85,2014,119,Tmean 28–31°C,tmean
IPSL-CM5A-LR,rcp85,2015,87,Tmean 28–31°C,tmean
IPSL-CM5A-LR,rcp85,2016,90,Tmean 28–31°C,tmean
IPSL-CM5A-LR,rcp85,2017,64,Tmean 28–31°C,tmean
IPSL-CM5A-LR,rcp85,2018,77,Tmean 28–31°C,tmean
IPSL-CM5A-LR,rcp85,2019,85,Tmean 28–31°C,tmean
IPSL-CM5A-LR,rcp85,2020,97,Tmean 28–31°C,tmean
IPSL-CM5A-LR,rcp85,2021,111,Tmean 28–31°C,tmean
IPSL-CM5A-LR,rcp85,2022,75,Tmean 28–31°C,tmean
IPSL-CM5A-LR,rcp85,2023,98,Tmean 28–31°C,tmean
IPSL-CM5A-LR,rcp85,2024,117,Tmean 28–31°C,tmean
IPSL-CM5A-LR,rcp85,2025,78,Tmean 28–31°C,tmean
IPSL-CM5A-LR,rcp85,2026,98,Tmean 28–31°C,tmean
IPSL-CM5A-LR,rcp85,2027,123,Tmean 28–31°C,tmean
IPSL-CM5A-LR,rcp85,2028,92,Tmean 28–31°C,tmean
IPSL-CM5A-LR,rcp85,2029,86,Tmean 28–31°C,tmean
IPSL-CM5A-LR,rcp85,2030,87,Tmean 28–31°C,tmean
IPSL-CM5A-LR,rcp85,2031,64,Tmean 28–31°C,tmean
IPSL-CM5A-LR,rcp85,2032,55,Tmean 28–31°C,tmean
IPSL-CM5A-LR,rcp85,2033,119,Tmean 28–31°C,tmean
IPSL-CM5A-LR,rcp85,2034,95,Tmean 28–31°C,tmean
IPSL-CM5A-LR,rcp85,2035,90,Tmean 28–31°C,tmean
IPSL-CM5A-LR,rcp85,2036,64,Tmean 28–31°C,tmean
IPSL-CM5A-MR,rcp85,2006,103,Tmean 28–31°C,tmean
IPSL-CM5A-MR,rcp85,2007,84,Tmean 28–31°C,tmean
IPSL-CM5A-MR,rcp85,2008,84,Tmean 28–31°C,tmean
IPSL-CM5A-MR,rcp85,2009,95,Tmean 28–31°C,tmean
IPSL-CM5A-MR,rcp85,2010,92,Tmean 28–31°C,tmean
IPSL-CM5A-MR,rcp85,2011,98,Tmean 28–31°C,tmean
IPSL-CM5A-MR,rcp85,2012,116,Tmean 28–31°C,tmean
IPSL-CM5A-MR,rcp85,2013,96,Tmean 28–31°C,tmean
IPSL-CM5A-MR,rcp85,2014,100,Tmean 28–31°C,tmean
IPSL-CM5A-MR,rcp85,2015,80,Tmean 28–31°C,tmean
IPSL-CM5A-MR,rcp85,2016,114,Tmean 28–31°C,tmean
IPSL-CM5A-MR,rcp85,2017,87,Tmean 28–31°C,tmean
IPSL-CM5A-MR,rcp85,2018,87,Tmean 28–31°C,tmean
IPSL-CM5A-MR,rcp85,2019,99,Tmean 28–31°C,tmean
IPSL-CM5A-MR,rcp85,2020,116,Tmean 28–31°C,tmean
IPSL-CM5A-MR,rcp85,2021,91,Tmean 28–31°C,tmean
IPSL-CM5A-MR,rcp85,2022,62,Tmean 28–31°C,tmean
IPSL-CM5A-MR,rcp85,2023,105,Tmean 28–31°C,tmean
IPSL-CM5A-MR,rcp85,2024,90,Tmean 28–31°C,tmean
IPSL-CM5A-MR,rcp85,2025,80,Tmean 28–31°C,tmean
IPSL-CM5A-MR,rcp85,2026,99,Tmean 28–31°C,tmean
IPSL-CM5A-MR,rcp85,2027,77,Tmean 28–31°C,tmean
IPSL-CM5A-MR,rcp85,2028,79,Tmean 28–31°C,tmean
IPSL-CM5A-MR,rcp85,2029,101,Tmean 28–31°C,tmean
IPSL-CM5A-MR,rcp85,2030,102,Tmean 28–31°C,tmean
IPSL-CM5A-MR,rcp85,2031,81,Tmean 28–31°C,tmean
IPSL-CM5A-MR,rcp85,2032,100,Tmean 28–31°C,tmean
IPSL-CM5A-MR,rcp85,2033,104,Tmean 28–31°C,tmean
IPSL-CM5A-MR,rcp85,2034,86,Tmean 28–31°C,tmean
IPSL-CM5A-MR,rcp85,2035,98,Tmean 28–31°C,tmean
IPSL-CM5A-MR,rcp85,2036,91,Tmean 28–31°C,tmean
IPSL-CM5B-LR,rcp85,2006,103,Tmean 28–31°C,tmean
IPSL-CM5B-LR,rcp85,2007,82,Tmean 28–31°C,tmean
IPSL-CM5B-LR,rcp85,2008,91,Tmean 28–31°C,tmean
IPSL-CM5B-LR,rcp85,2009,94,Tmean 28–31°C,tmean
IPSL-CM5B-LR,rcp85,2010,92,Tmean 28–31°C,tmean
IPSL-CM5B-LR,rcp85,2011,97,Tmean 28–31°C,tmean
IPSL-CM5B-LR,rcp85,2012,102,Tmean 28–31°C,tmean
IPSL-CM5B-LR,rcp85,2013,103,Tmean 28–31°C,tmean
IPSL-CM5B-LR,rcp85,2014,83,Tmean 28–31°C,tmean
IPSL-CM5B-LR,rcp85,2015,105,Tmean 28–31°C,tmean
IPSL-CM5B-LR,rcp85,2016,91,Tmean 28–31°C,tmean
IPSL-CM5B-LR,rcp85,2017,105,Tmean 28–31°C,tmean
IPSL-CM5B-LR,rcp85,2018,108,Tmean 28–31°C,tmean
IPSL-CM5B-LR,rcp85,2019,76,Tmean 28–31°C,tmean
IPSL-CM5B-LR,rcp85,2020,80,Tmean 28–31°C,tmean
IPSL-CM5B-LR,rcp85,2021,103,Tmean 28–31°C,tmean
IPSL-CM5B-LR,rcp85,2022,78,Tmean 28–31°C,tmean
IPSL-CM5B-LR,rcp85,2023,72,Tmean 28–31°C,tmean
IPSL-CM5B-LR,rcp85,2024,103,Tmean 28–31°C,tmean
IPSL-CM5B-LR,rcp85,2025,108,Tmean 28–31°C,tmean
IPSL-CM5B-LR,rcp85,2026,102,Tmean 28–31°C,tmean
IPSL-CM5B-LR,rcp85,2027,134,Tmean 28–31°C,tmean
IPSL-CM5B-LR,rcp85,2028,92,Tmean 28–31°C,tmean
IPSL-CM5B-LR,rcp85,2029,93,Tmean 28–31°C,tmean
IPSL-CM5B-LR,rcp85,2030,82,Tmean 28–31°C,tmean
IPSL-CM5B-LR,rcp85,2031,99,Tmean 28–31°C,tmean
IPSL-CM5B-LR,rcp85,2032,105,Tmean 28–31°C,tmean
IPSL-CM5B-LR,rcp85,2033,103,Tmean 28–31°C,tmean
IPSL-CM5B-LR,rcp85,2034,97,Tmean 28–31°C,tmean
IPSL-CM5B-LR,rcp85,2035,97,Tmean 28–31°C,tmean
IPSL-CM5B-LR,rcp85,2036,122,Tmean 28–31°C,tmean
MIROC-ESM,rcp85,2006,76,Tmean 28–31°C,tmean
MIROC-ESM,rcp85,2007,90,Tmean 28–31°C,tmean
MIROC-ESM,rcp85,2008,123,Tmean 28–31°C,tmean
MIROC-ESM,rcp85,2009,103,Tmean 28–31°C,tmean
MIROC-ESM,rcp85,2010,106,Tmean 28–31°C,tmean
MIROC-ESM,rcp85,2011,116,Tmean 28–31°C,tmean
MIROC-ESM,rcp85,2012,129,Tmean 28–31°C,tmean
MIROC-ESM,rcp85,2013,70,Tmean 28–31°C,tmean
MIROC-ESM,rcp85,2014,75,Tmean 28–31°C,tmean
MIROC-ESM,rcp85,2015,88,Tmean 28–31°C,tmean
MIROC-ESM,rcp85,2016,79,Tmean 28–31°C,tmean
MIROC-ESM,rcp85,2017,57,Tmean 28–31°C,tmean
MIROC-ESM,rcp85,2018,99,Tmean 28–31°C,tmean
MIROC-ESM,rcp85,2019,101,Tmean 28–31°C,tmean
MIROC-ESM,rcp85,2020,99,Tmean 28–31°C,tmean
MIROC-ESM,rcp85,2021,86,Tmean 28–31°C,tmean
MIROC-ESM,rcp85,2022,106,Tmean 28–31°C,tmean
MIROC-ESM,rcp85,2023,93,Tmean 28–31°C,tmean
MIROC-ESM,rcp85,2024,105,Tmean 28–31°C,tmean
MIROC-ESM,rcp85,2025,65,Tmean 28–31°C,tmean
MIROC-ESM,rcp85,2026,118,Tmean 28–31°C,tmean
MIROC-ESM,rcp85,2027,97,Tmean 28–31°C,tmean
MIROC-ESM,rcp85,2028,103,Tmean 28–31°C,tmean
MIROC-ESM,rcp85,2029,77,Tmean 28–31°C,tmean
MIROC-ESM,rcp85,2030,84,Tmean 28–31°C,tmean
MIROC-ESM,rcp85,2031,89,Tmean 28–31°C,tmean
MIROC-ESM,rcp85,2032,81,Tmean 28–31°C,tmean
MIROC-ESM,rcp85,2033,65,Tmean 28–31°C,tmean
MIROC-ESM,rcp85,2034,90,Tmean 28–31°C,tmean
MIROC-ESM,rcp85,2035,103,Tmean 28–31°C,tmean
MIROC-ESM,rcp85,2036,86,Tmean 28–31°C,tmean
MIROC-ESM-CHEM,rcp85,2006,114,Tmean 28–31°C,tmean
MIROC-ESM-CHEM,rcp85,2007,88,Tmean 28–31°C,tmean
MIROC-ESM-CHEM,rcp85,2008,100,Tmean 28–31°C,tmean
MIROC-ESM-CHEM,rcp85,2009,115,Tmean 28–31°C,tmean
MIROC-ESM-CHEM,rcp85,2010,73,Tmean 28–31°C,tmean
MIROC-ESM-CHEM,rcp85,2011,99,Tmean 28–31°C,tmean
MIROC-ESM-CHEM,rcp85,2012,110,Tmean 28–31°C,tmean
MIROC-ESM-CHEM,rcp85,2013,72,Tmean 28–31°C,tmean
MIROC-ESM-CHEM,rcp85,2014,114,Tmean 28–31°C,tmean
MIROC-ESM-CHEM,rcp85,2015,93,Tmean 28–31°C,tmean
MIROC-ESM-CHEM,rcp85,2016,80,Tmean 28–31°C,tmean
MIROC-ESM-CHEM,rcp85,2017,78,Tmean 28–31°C,tmean
MIROC-ESM-CHEM,rcp85,2018,100,Tmean 28–31°C,tmean
MIROC-ESM-CHEM,rcp85,2019,75,Tmean 28–31°C,tmean
MIROC-ESM-CHEM,rcp85,2020,60,Tmean 28–31°C,tmean
MIROC-ESM-CHEM,rcp85,2021,96,Tmean 28–31°C,tmean
MIROC-ESM-CHEM,rcp85,2022,106,Tmean 28–31°C,tmean
MIROC-ESM-CHEM,rcp85,2023,73,Tmean 28–31°C,tmean
MIROC-ESM-CHEM,rcp85,2024,93,Tmean 28–31°C,tmean
MIROC-ESM-CHEM,rcp85,2025,48,Tmean 28–31°C,tmean
MIROC-ESM-CHEM,rcp85,2026,74,Tmean 28–31°C,tmean
MIROC-ESM-CHEM,rcp85,2027,61,Tmean 28–31°C,tmean
MIROC-ESM-CHEM,rcp85,2028,80,Tmean 28–31°C,tmean
MIROC-ESM-CHEM,rcp85,2029,94,Tmean 28–31°C,tmean
MIROC-ESM-CHEM,rcp85,2030,83,Tmean 28–31°C,tmean
MIROC-ESM-CHEM,rcp85,2031,66,Tmean 28–31°C,tmean
MIROC-ESM-CHEM,rcp85,2032,69,Tmean 28–31°C,tmean
MIROC-ESM-CHEM,rcp85,2033,91,Tmean 28–31°C,tmean
MIROC-ESM-CHEM,rcp85,2034,84,Tmean 28–31°C,tmean
MIROC-ESM-CHEM,rcp85,2035,90,Tmean 28–31°C,tmean
MIROC-ESM-CHEM,rcp85,2036,71,Tmean 28–31°C,tmean
MIROC5,rcp85,2006,99,Tmean 28–31°C,tmean
MIROC5,rcp85,2007,56,Tmean 28–31°C,tmean
MIROC5,rcp85,2008,52,Tmean 28–31°C,tmean
MIROC5,rcp85,2009,90,Tmean 28–31°C,tmean
MIROC5,rcp85,2010,84,Tmean 28–31°C,tmean
MIROC5,rcp85,2011,98,Tmean 28–31°C,tmean
MIROC5,rcp85,2012,83,Tmean 28–31°C,tmean
MIROC5,rcp85,2013,91,Tmean 28–31°C,tmean
MIROC5,rcp85,2014,105,Tmean 28–31°C,tmean
MIROC5,rcp85,2015,85,Tmean 28–31°C,tmean
MIROC5,rcp85,2016,92,Tmean 28–31°C,tmean
MIROC5,rcp85,2017,64,Tmean 28–31°C,tmean
MIROC5,rcp85,2018,85,Tmean 28–31°C,tmean
MIROC5,rcp85,2019,102,Tmean 28–31°C,tmean
MIROC5,rcp85,2020,84,Tmean 28–31°C,tmean
MIROC5,rcp85,2021,70,Tmean 28–31°C,tmean
MIROC5,rcp85,2022,82,Tmean 28–31°C,tmean
MIROC5,rcp85,2023,81,Tmean 28–31°C,tmean
MIROC5,rcp85,2024,94,Tmean 28–31°C,tmean
MIROC5,rcp85,2025,80,Tmean 28–31°C,tmean
MIROC5,rcp85,2026,81,Tmean 28–31°C,tmean
MIROC5,rcp85,2027,89,Tmean 28–31°C,tmean
MIROC5,rcp85,2028,75,Tmean 28–31°C,tmean
MIROC5,rcp85,2029,95,Tmean 28–31°C,tmean
MIROC5,rcp85,2030,75,Tmean 28–31°C,tmean
MIROC5,rcp85,2031,89,Tmean 28–31°C,tmean
MIROC5,rcp85,2032,79,Tmean 28–31°C,tmean
MIROC5,rcp85,2033,83,Tmean 28–31°C,tmean
MIROC5,rcp85,2034,121,Tmean 28–31°C,tmean
MIROC5,rcp85,2035,90,Tmean 28–31°C,tmean
MIROC5,rcp85,2036,49,Tmean 28–31°C,tmean
MPI-ESM-LR,rcp85,2006,66,Tmean 28–31°C,tmean
MPI-ESM-LR,rcp85,2007,113,Tmean 28–31°C,tmean
MPI-ESM-LR,rcp85,2008,104,Tmean 28–31°C,tmean
MPI-ESM-LR,rcp85,2009,89,Tmean 28–31°C,tmean
MPI-ESM-LR,rcp85,2010,97,Tmean 28–31°C,tmean
MPI-ESM-LR,rcp85,2011,93,Tmean 28–31°C,tmean
MPI-ESM-LR,rcp85,2012,100,Tmean 28–31°C,tmean
MPI-ESM-LR,rcp85,2013,98,Tmean 28–31°C,tmean
MPI-ESM-LR,rcp85,2014,87,Tmean 28–31°C,tmean
MPI-ESM-LR,rcp85,2015,88,Tmean 28–31°C,tmean
MPI-ESM-LR,rcp85,2016,129,Tmean 28–31°C,tmean
MPI-ESM-LR,rcp85,2017,102,Tmean 28–31°C,tmean
MPI-ESM-LR,rcp85,2018,85,Tmean 28–31°C,tmean
MPI-ESM-LR,rcp85,2019,103,Tmean 28–31°C,tmean
MPI-ESM-LR,rcp85,2020,86,Tmean 28–31°C,tmean
MPI-ESM-LR,rcp85,2021,97,Tmean 28–31°C,tmean
MPI-ESM-LR,rcp85,2022,58,Tmean 28–31°C,tmean
MPI-ESM-LR,rcp85,2023,63,Tmean 28–31°C,tmean
MPI-ESM-LR,rcp85,2024,80,Tmean 28–31°C,tmean
MPI-ESM-LR,rcp85,2025,99,Tmean 28–31°C,tmean
MPI-ESM-LR,rcp85,2026,86,Tmean 28–31°C,tmean
MPI-ESM-LR,rcp85,2027,104,Tmean 28–31°C,tmean
MPI-ESM-LR,rcp85,2028,111,Tmean 28–31°C,tmean
MPI-ESM-LR,rcp85,2029,87,Tmean 28–31°C,tmean
MPI-ESM-LR,rcp85,2030,114,Tmean 28–31°C,tmean
MPI-ESM-LR,rcp85,2031,99,Tmean 28–31°C,tmean
MPI-ESM-LR,rcp85,2032,110,Tmean 28–31°C,tmean
MPI-ESM-LR,rcp85,2033,72,Tmean 28–31°C,tmean
MPI-ESM-LR,rcp85,2034,91,Tmean 28–31°C,tmean
MPI-ESM-LR,rcp85,2035,105,Tmean 28–31°C,tmean
MPI-ESM-LR,rcp85,2036,90,Tmean 28–31°C,tmean
MPI-ESM-MR,rcp85,2006,117,Tmean 28–31°C,tmean
MPI-ESM-MR,rcp85,2007,106,Tmean 28–31°C,tmean
MPI-ESM-MR,rcp85,2008,110,Tmean 28–31°C,tmean
MPI-ESM-MR,rcp85,2009,85,Tmean 28–31°C,tmean
MPI-ESM-MR,rcp85,2010,104,Tmean 28–31°C,tmean
MPI-ESM-MR,rcp85,2011,71,Tmean 28–31°C,tmean
MPI-ESM-MR,rcp85,2012,108,Tmean 28–31°C,tmean
MPI-ESM-MR,rcp85,2013,98,Tmean 28–31°C,tmean
MPI-ESM-MR,rcp85,2014,119,Tmean 28–31°C,tmean
MPI-ESM-MR,rcp85,2015,99,Tmean 28–31°C,tmean
MPI-ESM-MR,rcp85,2016,104,Tmean 28–31°C,tmean
MPI-ESM-MR,rcp85,2017,134,Tmean 28–31°C,tmean
MPI-ESM-MR,rcp85,2018,97,Tmean 28–31°C,tmean
MPI-ESM-MR,rcp85,2019,108,Tmean 28–31°C,tmean
MPI-ESM-MR,rcp85,2020,78,Tmean 28–31°C,tmean
MPI-ESM-MR,rcp85,2021,101,Tmean 28–31°C,tmean
MPI-ESM-MR,rcp85,2022,110,Tmean 28–31°C,tmean
MPI-ESM-MR,rcp85,2023,107,Tmean 28–31°C,tmean
MPI-ESM-MR,rcp85,2024,136,Tmean 28–31°C,tmean
MPI-ESM-MR,rcp85,2025,115,Tmean 28–31°C,tmean
MPI-ESM-MR,rcp85,2026,84,Tmean 28–31°C,tmean
MPI-ESM-MR,rcp85,2027,67,Tmean 28–31°C,tmean
MPI-ESM-MR,rcp85,2028,85,Tmean 28–31°C,tmean
MPI-ESM-MR,rcp85,2029,94,Tmean 28–31°C,tmean
MPI-ESM-MR,rcp85,2030,101,Tmean 28–31°C,tmean
MPI-ESM-MR,rcp85,2031,108,Tmean 28–31°C,tmean
MPI-ESM-MR,rcp85,2032,76,Tmean 28–31°C,tmean
MPI-ESM-MR,rcp85,2033,99,Tmean 28–31°C,tmean
MPI-ESM-MR,rcp85,2034,107,Tmean 28–31°C,tmean
MPI-ESM-MR,rcp85,2035,100,Tmean 28–31°C,tmean
MPI-ESM-MR,rcp85,2036,102,Tmean 28–31°C,tmean
MRI-CGCM3,rcp85,2006,85,Tmean 28–31°C,tmean
MRI-CGCM3,rcp85,2007,66,Tmean 28–31°C,tmean
MRI-CGCM3,rcp85,2008,66,Tmean 28–31°C,tmean
MRI-CGCM3,rcp85,2009,90,Tmean 28–31°C,tmean
MRI-CGCM3,rcp85,2010,89,Tmean 28–31°C,tmean
MRI-CGCM3,rcp85,2011,83,Tmean 28–31°C,tmean
MRI-CGCM3,rcp85,2012,83,Tmean 28–31°C,tmean
MRI-CGCM3,rcp85,2013,78,Tmean 28–31°C,tmean
MRI-CGCM3,rcp85,2014,81,Tmean 28–31°C,tmean
MRI-CGCM3,rcp85,2015,114,Tmean 28–31°C,tmean
MRI-CGCM3,rcp85,2016,77,Tmean 28–31°C,tmean
MRI-CGCM3,rcp85,2017,103,Tmean 28–31°C,tmean
MRI-CGCM3,rcp85,2018,88,Tmean 28–31°C,tmean
MRI-CGCM3,rcp85,2019,113,Tmean 28–31°C,tmean
MRI-CGCM3,rcp85,2020,89,Tmean 28–31°C,tmean
MRI-CGCM3,rcp85,2021,72,Tmean 28–31°C,tmean
MRI-CGCM3,rcp85,2022,95,Tmean 28–31°C,tmean
MRI-CGCM3,rcp85,2023,79,Tmean 28–31°C,tmean
MRI-CGCM3,rcp85,2024,83,Tmean 28–31°C,tmean
MRI-CGCM3,rcp85,2025,99,Tmean 28–31°C,tmean
MRI-CGCM3,rcp85,2026,105,Tmean 28–31°C,tmean
MRI-CGCM3,rcp85,2027,89,Tmean 28–31°C,tmean
MRI-CGCM3,rcp85,2028,89,Tmean 28–31°C,tmean
MRI-CGCM3,rcp85,2029,94,Tmean 28–31°C,tmean
MRI-CGCM3,rcp85,2030,111,Tmean 28–31°C,tmean
MRI-CGCM3,rcp85,2031,91,Tmean 28–31°C,tmean
MRI-CGCM3,rcp85,2032,82,Tmean 28–31°C,tmean
MRI-CGCM3,rcp85,2033,96,Tmean 28–31°C,tmean
MRI-CGCM3,rcp85,2034,85,Tmean 28–31°C,tmean
MRI-CGCM3,rcp85,2035,89,Tmean 28–31°C,tmean
MRI-CGCM3,rcp85,2036,100,Tmean 28–31°C,tmean
MRI-ESM1,rcp85,2006,82,Tmean 28–31°C,tmean
MRI-ESM1,rcp85,2007,99,Tmean 28–31°C,tmean
MRI-ESM1,rcp85,2008,87,Tmean 28–31°C,tmean
MRI-ESM1,rcp85,2009,57,Tmean 28–31°C,tmean
MRI-ESM1,rcp85,2010,81,Tmean 28–31°C,tmean
MRI-ESM1,rcp85,2011,92,Tmean 28–31°C,tmean
MRI-ESM1,rcp85,2012,69,Tmean 28–31°C,tmean
MRI-ESM1,rcp85,2013,88,Tmean 28–31°C,tmean
MRI-ESM1,rcp85,2014,85,Tmean 28–31°C,tmean
MRI-ESM1,rcp85,2015,92,Tmean 28–31°C,tmean
MRI-ESM1,rcp85,2016,89,Tmean 28–31°C,tmean
MRI-ESM1,rcp85,2017,86,Tmean 28–31°C,tmean
MRI-ESM1,rcp85,2018,96,Tmean 28–31°C,tmean
MRI-ESM1,rcp85,2019,77,Tmean 28–31°C,tmean
MRI-ESM1,rcp85,2020,77,Tmean 28–31°C,tmean
MRI-ESM1,rcp85,2021,90,Tmean 28–31°C,tmean
MRI-ESM1,rcp85,2022,92,Tmean 28–31°C,tmean
MRI-ESM1,rcp85,2023,102,Tmean 28–31°C,tmean
MRI-ESM1,rcp85,2024,81,Tmean 28–31°C,tmean
MRI-ESM1,rcp85,2025,87,Tmean 28–31°C,tmean
MRI-ESM1,rcp85,2026,75,Tmean 28–31°C,tmean
MRI-ESM1,rcp85,2027,77,Tmean 28–31°C,tmean
MRI-ESM1,rcp85,2028,100,Tmean 28–31°C,tmean
MRI-ESM1,rcp85,2029,80,Tmean 28–31°C,tmean
MRI-ESM1,rcp85,2030,96,Tmean 28–31°C,tmean
MRI-ESM1,rcp85,2031,97,Tmean 28–31°C,tmean
MRI-ESM1,rcp85,2032,89,Tmean 28–31°C,tmean
MRI-ESM1,rcp85,2033,75,Tmean 28–31°C,tmean
MRI-ESM1,rcp85,2034,74,Tmean 28–31°C,tmean
MRI-ESM1,rcp85,2035,83,Tmean 28–31°C,tmean
MRI-ESM1,rcp85,2036,97,Tmean 28–31°C,tmean
NorESM1-M,rcp85,2006,98,Tmean 28–31°C,tmean
NorESM1-M,rcp85,2007,85,Tmean 28–31°C,tmean
NorESM1-M,rcp85,2008,87,Tmean 28–31°C,tmean
NorESM1-M,rcp85,2009,95,Tmean 28–31°C,tmean
NorESM1-M,rcp85,2010,101,Tmean 28–31°C,tmean
NorESM1-M,rcp85,2011,110,Tmean 28–31°C,tmean
NorESM1-M,rcp85,2012,95,Tmean 28–31°C,tmean
NorESM1-M,rcp85,2013,110,Tmean 28–31°C,tmean
NorESM1-M,rcp85,2014,63,Tmean 28–31°C,tmean
NorESM1-M,rcp85,2015,76,Tmean 28–31°C,tmean
NorESM1-M,rcp85,2016,123,Tmean 28–31°C,tmean
NorESM1-M,rcp85,2017,91,Tmean 28–31°C,tmean
NorESM1-M,rcp85,2018,80,Tmean 28–31°C,tmean
NorESM1-M,rcp85,2019,82,Tmean 28–31°C,tmean
NorESM1-M,rcp85,2020,69,Tmean 28–31°C,tmean
NorESM1-M,rcp85,2021,99,Tmean 28–31°C,tmean
NorESM1-M,rcp85,2022,120,Tmean 28–31°C,tmean
NorESM1-M,rcp85,2023,111,Tmean 28–31°C,tmean
NorESM1-M,rcp85,2024,95,Tmean 28–31°C,tmean
NorESM1-M,rcp85,2025,65,Tmean 28–31°C,tmean
NorESM1-M,rcp85,2026,109,Tmean 28–31°C,tmean
NorESM1-M,rcp85,2027,122,Tmean 28–31°C,tmean
NorESM1-M,rcp85,2028,99,Tmean 28–31°C,tmean
NorESM1-M,rcp85,2029,77,Tmean 28–31°C,tmean
NorESM1-M,rcp85,2030,110,Tmean 28–31°C,tmean
NorESM1-M,rcp85,2031,96,Tmean 28–31°C,tmean
NorESM1-M,rcp85,2032,101,Tmean 28–31°C,tmean
NorESM1-M,rcp85,2033,98,Tmean 28–31°C,tmean
NorESM1-M,rcp85,2034,70,Tmean 28–31°C,tmean
NorESM1-M,rcp85,2035,94,Tmean 28–31°C,tmean
NorESM1-M,rcp85,2036,106,Tmean 28–31°C,tmean
bcc-csm1-1,rcp85,2006,109,Tmean 28–31°C,tmean
bcc-csm1-1,rcp85,2007,124,Tmean 28–31°C,tmean
bcc-csm1-1,rcp85,2008,58,Tmean 28–31°C,tmean
bcc-csm1-1,rcp85,2009,130,Tmean 28–31°C,tmean
bcc-csm1-1,rcp85,2010,69,Tmean 28–31°C,tmean
bcc-csm1-1,rcp85,2011,100,Tmean 28–31°C,tmean
bcc-csm1-1,rcp85,2012,101,Tmean 28–31°C,tmean
bcc-csm1-1,rcp85,2013,89,Tmean 28–31°C,tmean
bcc-csm1-1,rcp85,2014,94,Tmean 28–31°C,tmean
bcc-csm1-1,rcp85,2015,111,Tmean 28–31°C,tmean
bcc-csm1-1,rcp85,2016,117,Tmean 28–31°C,tmean
bcc-csm1-1,rcp85,2017,103,Tmean 28–31°C,tmean
bcc-csm1-1,rcp85,2018,78,Tmean 28–31°C,tmean
bcc-csm1-1,rcp85,2019,88,Tmean 28–31°C,tmean
bcc-csm1-1,rcp85,2020,65,Tmean 28–31°C,tmean
bcc-csm1-1,rcp85,2021,80,Tmean 28–31°C,tmean
bcc-csm1-1,rcp85,2022,81,Tmean 28–31°C,tmean
bcc-csm1-1,rcp85,2023,76,Tmean 28–31°C,tmean
bcc-csm1-1,rcp85,2024,82,Tmean 28–31°C,tmean
bcc-csm1-1,rcp85,2025,107,Tmean 28–31°C,tmean
bcc-csm1-1,rcp85,2026,101,Tmean 28–31°C,tmean
bcc-csm1-1,rcp85,2027,62,Tmean 28–31°C,tmean
bcc-csm1-1,rcp85,2028,87,Tmean 28–31°C,tmean
bcc-csm1-1,rcp85,2029,69,Tmean 28–31°C,tmean
bcc-csm1-1,rcp85,2030,77,Tmean 28–31°C,tmean
bcc-csm1-1,rcp85,2031,88,Tmean 28–31°C,tmean
bcc-csm1-1,rcp85,2032,73,Tmean 28–31°C,tmean
bcc-csm1-1,rcp85,2033,106,Tmean 28–31°C,tmean
bcc-csm1-1,rcp85,2034,53,Tmean 28–31°C,tmean
bcc-csm1-1,rcp85,2035,79,Tmean 28–31°C,tmean
bcc-csm1-1,rcp85,2036,108,Tmean 28–31°C,tmean
bcc-csm1-1-m,rcp85,2006,90,Tmean 28–31°C,tmean
bcc-csm1-1-m,rcp85,2007,98,Tmean 28–31°C,tmean
bcc-csm1-1-m,rcp85,2008,111,Tmean 28–31°C,tmean
bcc-csm1-1-m,rcp85,2009,84,Tmean 28–31°C,tmean
bcc-csm1-1-m,rcp85,2010,84,Tmean 28–31°C,tmean
bcc-csm1-1-m,rcp85,2011,84,Tmean 28–31°C,tmean
bcc-csm1-1-m,rcp85,2012,83,Tmean 28–31°C,tmean
bcc-csm1-1-m,rcp85,2013,106,Tmean 28–31°C,tmean
bcc-csm1-1-m,rcp85,2014,85,Tmean 28–31°C,tmean
bcc-csm1-1-m,rcp85,2015,95,Tmean 28–31°C,tmean
bcc-csm1-1-m,rcp85,2016,119,Tmean 28–31°C,tmean
bcc-csm1-1-m,rcp85,2017,81,Tmean 28–31°C,tmean
bcc-csm1-1-m,rcp85,2018,89,Tmean 28–31°C,tmean
bcc-csm1-1-m,rcp85,2019,114,Tmean 28–31°C,tmean
bcc-csm1-1-m,rcp85,2020,68,Tmean 28–31°C,tmean
bcc-csm1-1-m,rcp85,2021,108,Tmean 28–31°C,tmean
bcc-csm1-1-m,rcp85,2022,69,Tmean 28–31°C,tmean
bcc-csm1-1-m,rcp85,2023,79,Tmean 28–31°C,tmean
bcc-csm1-1-m,rcp85,2024,124,Tmean 28–31°C,tmean
bcc-csm1-1-m,rcp85,2025,85,Tmean 28–31°C,tmean
bcc-csm1-1-m,rcp85,2026,64,Tmean 28–31°C,tmean
bcc-csm1-1-m,rcp85,2027,84,Tmean 28–31°C,tmean
bcc-csm1-1-m,rcp85,2028,101,Tmean 28–31°C,tmean
bcc-csm1-1-m,rcp85,2029,96,Tmean 28–31°C,tmean
bcc-csm1-1-m,rcp85,2030,63,Tmean 28–31°C,tmean
bcc-csm1-1-m,rcp85,2031,100,Tmean 28–31°C,tmean
bcc-csm1-1-m,rcp85,2032,75,Tmean 28–31°C,tmean
bcc-csm1-1-m,rcp85,2033,93,Tmean 28–31°C,tmean
bcc-csm1-1-m,rcp85,2034,64,Tmean 28–31°C,tmean
bcc-csm1-1-m,rcp85,2035,91,Tmean 28–31°C,tmean
bcc-csm1-1-m,rcp85,2036,113,Tmean 28–31°C,tmean
inmcm4,rcp85,2006,73,Tmean 28–31°C,tmean
inmcm4,rcp85,2007,78,Tmean 28–31°C,tmean
inmcm4,rcp85,2008,84,Tmean 28–31°C,tmean
inmcm4,rcp85,2009,60,Tmean 28–31°C,tmean
inmcm4,rcp85,2010,67,Tmean 28–31°C,tmean
inmcm4,rcp85,2011,73,Tmean 28–31°C,tmean
inmcm4,rcp85,2012,83,Tmean 28–31°C,tmean
inmcm4,rcp85,2013,70,Tmean 28–31°C,tmean
inmcm4,rcp85,2014,75,Tmean 28–31°C,tmean
inmcm4,rcp85,2015,92,Tmean 28–31°C,tmean
inmcm4,rcp85,2016,103,Tmean 28–31°C,tmean
inmcm4,rcp85,2017,72,Tmean 28–31°C,tmean
inmcm4,rcp85,2018,87,Tmean 28–31°C,tmean
inmcm4,rcp85,2019,98,Tmean 28–31°C,tmean
inmcm4,rcp85,2020,79,Tmean 28–31°C,tmean
inmcm4,rcp85,2021,72,Tmean 28–31°C,tmean
inmcm4,rcp85,2022,97,Tmean 28–31°C,tmean
inmcm4,rcp85,2023,89,Tmean 28–31°C,tmean
inmcm4,rcp85,2024,105,Tmean 28–31°C,tmean
inmcm4,rcp85,2025,67,Tmean 28–31°C,tmean
inmcm4,rcp85,2026,86,Tmean 28–31°C,tmean
inmcm4,rcp85,2027,93,Tmean 28–31°C,tmean
inmcm4,rcp85,2028,101,Tmean 28–31°C,tmean
inmcm4,rcp85,2029,79,Tmean 28–31°C,tmean
inmcm4,rcp85,2030,89,Tmean 28–31°C,tmean
inmcm4,rcp85,2031,76,Tmean 28–31°C,tmean
inmcm4,rcp85,2032,85,Tmean 28–31°C,tmean
inmcm4,rcp85,2033,85,Tmean 28–31°C,tmean
inmcm4,rcp85,2034,84,Tmean 28–31°C,tmean
inmcm4,rcp85,2035,86,Tmean 28–31°C,tmean
inmcm4,rcp85,2036,100,Tmean 28–31°C,tmean
ACCESS1-0,historical,2000,151,Tmin 20–25°C,tmin
ACCESS1-0,historical,2001,115,Tmin 20–25°C,tmin
ACCESS1-0,historical,2002,116,Tmin 20–25°C,tmin
ACCESS1-0,historical,2003,113,Tmin 20–25°C,tmin
ACCESS1-0,historical,2004,127,Tmin 20–25°C,tmin
ACCESS1-0,historical,2005,134,Tmin 20–25°C,tmin
ACCESS1-3,historical,2000,169,Tmin 20–25°C,tmin
ACCESS1-3,historical,2001,157,Tmin 20–25°C,tmin
ACCESS1-3,historical,2002,97,Tmin 20–25°C,tmin
ACCESS1-3,historical,2003,93,Tmin 20–25°C,tmin
ACCESS1-3,historical,2004,128,Tmin 20–25°C,tmin
ACCESS1-3,historical,2005,94,Tmin 20–25°C,tmin
BNU-ESM,historical,2000,122,Tmin 20–25°C,tmin
BNU-ESM,historical,2001,96,Tmin 20–25°C,tmin
BNU-ESM,historical,2002,175,Tmin 20–25°C,tmin
BNU-ESM,historical,2003,122,Tmin 20–25°C,tmin
BNU-ESM,historical,2004,104,Tmin 20–25°C,tmin
BNU-ESM,historical,2005,113,Tmin 20–25°C,tmin
CCSM4,historical,2000,118,Tmin 20–25°C,tmin
CCSM4,historical,2001,130,Tmin 20–25°C,tmin
CCSM4,historical,2002,77,Tmin 20–25°C,tmin
CCSM4,historical,2003,131,Tmin 20–25°C,tmin
CCSM4,historical,2004,110,Tmin 20–25°C,tmin
CCSM4,historical,2005,122,Tmin 20–25°C,tmin
CESM1-BGC,historical,2000,135,Tmin 20–25°C,tmin
CESM1-BGC,historical,2001,105,Tmin 20–25°C,tmin
CESM1-BGC,historical,2002,122,Tmin 20–25°C,tmin
CESM1-BGC,historical,2003,159,Tmin 20–25°C,tmin
CESM1-BGC,historical,2004,99,Tmin 20–25°C,tmin
CESM1-BGC,historical,2005,116,Tmin 20–25°C,tmin
CESM1-CAM5,historical,2000,129,Tmin 20–25°C,tmin
CESM1-CAM5,historical,2001,129,Tmin 20–25°C,tmin
CESM1-CAM5,historical,2002,120,Tmin 20–25°C,tmin
CESM1-CAM5,historical,2003,113,Tmin 20–25°C,tmin
CESM1-CAM5,historical,2004,130,Tmin 20–25°C,tmin
CESM1-CAM5,historical,2005,152,Tmin 20–25°C,tmin
CMCC-CESM,historical,2000,130,Tmin 20–25°C,tmin
CMCC-CESM,historical,2001,142,Tmin 20–25°C,tmin
CMCC-CESM,historical,2002,124,Tmin 20–25°C,tmin
CMCC-CESM,historical,2003,108,Tmin 20–25°C,tmin
CMCC-CESM,historical,2004,140,Tmin 20–25°C,tmin
CMCC-CESM,historical,2005,134,Tmin 20–25°C,tmin
CMCC-CM,historical,2000,131,Tmin 20–25°C,tmin
CMCC-CM,historical,2001,138,Tmin 20–25°C,tmin
CMCC-CM,historical,2002,118,Tmin 20–25°C,tmin
CMCC-CM,historical,2003,118,Tmin 20–25°C,tmin
CMCC-CM,historical,2004,129,Tmin 20–25°C,tmin
CMCC-CM,historical,2005,122,Tmin 20–25°C,tmin
CMCC-CMS,historical,2000,115,Tmin 20–25°C,tmin
CMCC-CMS,historical,2001,153,Tmin 20–25°C,tmin
CMCC-CMS,historical,2002,125,Tmin 20–25°C,tmin
CMCC-CMS,historical,2003,126,Tmin 20–25°C,tmin
CMCC-CMS,historical,2004,140,Tmin 20–25°C,tmin
CMCC-CMS,historical,2005,159,Tmin 20–25°C,tmin
CNRM-CM5,historical,2000,152,Tmin 20–25°C,tmin
CNRM-CM5,historical,2001,125,Tmin 20–25°C,tmin
CNRM-CM5,historical,2002,129,Tmin 20–25°C,tmin
CNRM-CM5,historical,2003,162,Tmin 20–25°C,tmin
CNRM-CM5,historical,2004,125,Tmin 20–25°C,tmin
CNRM-CM5,historical,2005,129,Tmin 20–25°C,tmin
CSIRO-Mk3-6-0,historical,2000,127,Tmin 20–25°C,tmin
CSIRO-Mk3-6-0,historical,2001,135,Tmin 20–25°C,tmin
CSIRO-Mk3-6-0,historical,2002,105,Tmin 20–25°C,tmin
CSIRO-Mk3-6-0,historical,2003,119,Tmin 20–25°C,tmin
CSIRO-Mk3-6-0,historical,2004,118,Tmin 20–25°C,tmin
CSIRO-Mk3-6-0,historical,2005,117,Tmin 20–25°C,tmin
CanESM2,historical,2000,144,Tmin 20–25°C,tmin
CanESM2,historical,2001,123,Tmin 20–25°C,tmin
CanESM2,historical,2002,133,Tmin 20–25°C,tmin
CanESM2,historical,2003,127,Tmin 20–25°C,tmin
CanESM2,historical,2004,109,Tmin 20–25°C,tmin
CanESM2,historical,2005,81,Tmin 20–25°C,tmin
EC-EARTH,historical,2000,141,Tmin 20–25°C,tmin
EC-EARTH,historical,2001,155,Tmin 20–25°C,tmin
EC-EARTH,historical,2002,134,Tmin 20–25°C,tmin
EC-EARTH,historical,2003,118,Tmin 20–25°C,tmin
EC-EARTH,historical,2004,140,Tmin 20–25°C,tmin
EC-EARTH,historical,2005,123,Tmin 20–25°C,tmin
FGOALS-g2,historical,2000,147,Tmin 20–25°C,tmin
FGOALS-g2,historical,2001,152,Tmin 20–25°C,tmin
FGOALS-g2,historical,2002,121,Tmin 20–25°C,tmin
FGOALS-g2,historical,2003,138,Tmin 20–25°C,tmin
FGOALS-g2,historical,2004,113,Tmin 20–25°C,tmin
FGOALS-g2,historical,2005,151,Tmin 20–25°C,tmin
GFDL-CM3,historical,2000,145,Tmin 20–25°C,tmin
GFDL-CM3,historical,2001,106,Tmin 20–25°C,tmin
GFDL-CM3,historical,2002,128,Tmin 20–25°C,tmin
GFDL-CM3,historical,2003,105,Tmin 20–25°C,tmin
GFDL-CM3,historical,2004,123,Tmin 20–25°C,tmin
GFDL-CM3,historical,2005,100,Tmin 20–25°C,tmin
GFDL-ESM2G,historical,2000,121,Tmin 20–25°C,tmin
GFDL-ESM2G,historical,2001,125,Tmin 20–25°C,tmin
GFDL-ESM2G,historical,2002,96,Tmin 20–25°C,tmin
GFDL-ESM2G,historical,2003,110,Tmin 20–25°C,tmin
GFDL-ESM2G,historical,2004,117,Tmin 20–25°C,tmin
GFDL-ESM2G,historical,2005,139,Tmin 20–25°C,tmin
GFDL-ESM2M,historical,2000,136,Tmin 20–25°C,tmin
GFDL-ESM2M,historical,2001,117,Tmin 20–25°C,tmin
GFDL-ESM2M,historical,2002,94,Tmin 20–25°C,tmin
GFDL-ESM2M,historical,2003,146,Tmin 20–25°C,tmin
GFDL-ESM2M,historical,2004,134,Tmin 20–25°C,tmin
GFDL-ESM2M,historical,2005,128,Tmin 20–25°C,tmin
IPSL-CM5A-LR,historical,2000,102,Tmin 20–25°C,tmin
IPSL-CM5A-LR,historical,2001,91,Tmin 20–25°C,tmin
IPSL-CM5A-LR,historical,2002,118,Tmin 20–25°C,tmin
IPSL-CM5A-LR,historical,2003,124,Tmin 20–25°C,tmin
IPSL-CM5A-LR,historical,2004,87,Tmin 20–25°C,tmin
IPSL-CM5A-LR,historical,2005,121,Tmin 20–25°C,tmin
IPSL-CM5A-MR,historical,2000,119,Tmin 20–25°C,tmin
IPSL-CM5A-MR,historical,2001,140,Tmin 20–25°C,tmin
IPSL-CM5A-MR,historical,2002,119,Tmin 20–25°C,tmin
IPSL-CM5A-MR,historical,2003,133,Tmin 20–25°C,tmin
IPSL-CM5A-MR,historical,2004,116,Tmin 20–25°C,tmin
IPSL-CM5A-MR,historical,2005,110,Tmin 20–25°C,tmin
IPSL-CM5B-LR,historical,2000,127,Tmin 20–25°C,tmin
IPSL-CM5B-LR,historical,2001,93,Tmin 20–25°C,tmin
IPSL-CM5B-LR,historical,2002,146,Tmin 20–25°C,tmin
IPSL-CM5B-LR,historical,2003,113,Tmin 20–25°C,tmin
IPSL-CM5B-LR,historical,2004,122,Tmin 20–25°C,tmin
IPSL-CM5B-LR,historical,2005,125,Tmin 20–25°C,tmin
MIROC-ESM,historical,2000,146,Tmin 20–25°C,tmin
MIROC-ESM,historical,2001,130,Tmin 20–25°C,tmin
MIROC-ESM,historical,2002,126,Tmin 20–25°C,tmin
MIROC-ESM,historical,2003,171,Tmin 20–25°C,tmin
MIROC-ESM,historical,2004,161,Tmin 20–25°C,tmin
MIROC-ESM,historical,2005,125,Tmin 20–25°C,tmin
MIROC-ESM-CHEM,historical,2000,174,Tmin 20–25°C,tmin
MIROC-ESM-CHEM,historical,2001,100,Tmin 20–25°C,tmin
MIROC-ESM-CHEM,historical,2002,111,Tmin 20–25°C,tmin
MIROC-ESM-CHEM,historical,2003,172,Tmin 20–25°C,tmin
MIROC-ESM-CHEM,historical,2004,133,Tmin 20–25°C,tmin
MIROC-ESM-CHEM,historical,2005,161,Tmin 20–25°C,tmin
MIROC5,historical,2000,104,Tmin 20–25°C,tmin
MIROC5,historical,2001,110,Tmin 20–25°C,tmin
MIROC5,historical,2002,110,Tmin 20–25°C,tmin
MIROC5,historical,2003,156,Tmin 20–25°C,tmin
MIROC5,historical,2004,105,Tmin 20–25°C,tmin
MIROC5,historical,2005,96,Tmin 20–25°C,tmin
MPI-ESM-LR,historical,2000,115,Tmin 20–25°C,tmin
MPI-ESM-LR,historical,2001,120,Tmin 20–25°C,tmin
MPI-ESM-LR,historical,2002,119,Tmin 20–25°C,tmin
MPI-ESM-LR,historical,2003,119,Tmin 20–25°C,tmin
MPI-ESM-LR,historical,2004,130,Tmin 20–25°C,tmin
MPI-ESM-LR,historical,2005,156,Tmin 20–25°C,tmin
MPI-ESM-MR,historical,2000,128,Tmin 20–25°C,tmin
MPI-ESM-MR,historical,2001,102,Tmin 20–25°C,tmin
MPI-ESM-MR,historical,2002,100,Tmin 20–25°C,tmin
MPI-ESM-MR,historical,2003,144,Tmin 20–25°C,tmin
MPI-ESM-MR,historical,2004,145,Tmin 20–25°C,tmin
MPI-ESM-MR,historical,2005,131,Tmin 20–25°C,tmin
MRI-CGCM3,historical,2000,139,Tmin 20–25°C,tmin
MRI-CGCM3,historical,2001,136,Tmin 20–25°C,tmin
MRI-CGCM3,historical,2002,149,Tmin 20–25°C,tmin
MRI-CGCM3,historical,2003,137,Tmin 20–25°C,tmin
MRI-CGCM3,historical,2004,156,Tmin 20–25°C,tmin
MRI-CGCM3,historical,2005,141,Tmin 20–25°C,tmin
MRI-ESM1,historical,2000,136,Tmin 20–25°C,tmin
MRI-ESM1,historical,2001,114,Tmin 20–25°C,tmin
MRI-ESM1,historical,2002,121,Tmin 20–25°C,tmin
MRI-ESM1,historical,2003,157,Tmin 20–25°C,tmin
MRI-ESM1,historical,2004,141,Tmin 20–25°C,tmin
MRI-ESM1,historical,2005,158,Tmin 20–25°C,tmin
NorESM1-M,historical,2000,86,Tmin 20–25°C,tmin
NorESM1-M,historical,2001,139,Tmin 20–25°C,tmin
NorESM1-M,historical,2002,93,Tmin 20–25°C,tmin
NorESM1-M,historical,2003,133,Tmin 20–25°C,tmin
NorESM1-M,historical,2004,140,Tmin 20–25°C,tmin
NorESM1-M,historical,2005,129,Tmin 20–25°C,tmin
bcc-csm1-1,historical,2000,145,Tmin 20–25°C,tmin
bcc-csm1-1,historical,2001,127,Tmin 20–25°C,tmin
bcc-csm1-1,historical,2002,114,Tmin 20–25°C,tmin
bcc-csm1-1,historical,2003,105,Tmin 20–25°C,tmin
bcc-csm1-1,historical,2004,148,Tmin 20–25°C,tmin
bcc-csm1-1,historical,2005,132,Tmin 20–25°C,tmin
bcc-csm1-1-m,historical,2000,124,Tmin 20–25°C,tmin
bcc-csm1-1-m,historical,2001,149,Tmin 20–25°C,tmin
bcc-csm1-1-m,historical,2002,166,Tmin 20–25°C,tmin
bcc-csm1-1-m,historical,2003,124,Tmin 20–25°C,tmin
bcc-csm1-1-m,historical,2004,113,Tmin 20–25°C,tmin
bcc-csm1-1-m,historical,2005,132,Tmin 20–25°C,tmin
inmcm4,historical,2000,148,Tmin 20–25°C,tmin
inmcm4,historical,2001,115,Tmin 20–25°C,tmin
inmcm4,historical,2002,119,Tmin 20–25°C,tmin
inmcm4,historical,2003,130,Tmin 20–25°C,tmin
inmcm4,historical,2004,149,Tmin 20–25°C,tmin
inmcm4,historical,2005,113,Tmin 20–25°C,tmin
BNU-ESM,rcp26,2006,107,Tmin 20–25°C,tmin
BNU-ESM,rcp26,2007,107,Tmin 20–25°C,tmin
BNU-ESM,rcp26,2008,111,Tmin 20–25°C,tmin
BNU-ESM,rcp26,2009,94,Tmin 20–25°C,tmin
BNU-ESM,rcp26,2010,139,Tmin 20–25°C,tmin
BNU-ESM,rcp26,2011,119,Tmin 20–25°C,tmin
BNU-ESM,rcp26,2012,105,Tmin 20–25°C,tmin
BNU-ESM,rcp26,2013,88,Tmin 20–25°C,tmin
BNU-ESM,rcp26,2014,135,Tmin 20–25°C,tmin
BNU-ESM,rcp26,2015,96,Tmin 20–25°C,tmin
BNU-ESM,rcp26,2016,87,Tmin 20–25°C,tmin
BNU-ESM,rcp26,2017,116,Tmin 20–25°C,tmin
BNU-ESM,rcp26,2018,99,Tmin 20–25°C,tmin
BNU-ESM,rcp26,2019,75,Tmin 20–25°C,tmin
BNU-ESM,rcp26,2020,85,Tmin 20–25°C,tmin
BNU-ESM,rcp26,2021,85,Tmin 20–25°C,tmin
BNU-ESM,rcp26,2022,73,Tmin 20–25°C,tmin
BNU-ESM,rcp26,2023,73,Tmin 20–25°C,tmin
BNU-ESM,rcp26,2024,111,Tmin 20–25°C,tmin
BNU-ESM,rcp26,2025,109,Tmin 20–25°C,tmin
BNU-ESM,rcp26,2026,107,Tmin 20–25°C,tmin
BNU-ESM,rcp26,2027,104,Tmin 20–25°C,tmin
BNU-ESM,rcp26,2028,123,Tmin 20–25°C,tmin
BNU-ESM,rcp26,2029,111,Tmin 20–25°C,tmin
BNU-ESM,rcp26,2030,92,Tmin 20–25°C,tmin
BNU-ESM,rcp26,2031,95,Tmin 20–25°C,tmin
BNU-ESM,rcp26,2032,88,Tmin 20–25°C,tmin
BNU-ESM,rcp26,2033,76,Tmin 20–25°C,tmin
BNU-ESM,rcp26,2034,76,Tmin 20–25°C,tmin
BNU-ESM,rcp26,2035,99,Tmin 20–25°C,tmin
BNU-ESM,rcp26,2036,108,Tmin 20–25°C,tmin
CCSM4,rcp26,2006,117,Tmin 20–25°C,tmin
CCSM4,rcp26,2007,135,Tmin 20–25°C,tmin
CCSM4,rcp26,2008,86,Tmin 20–25°C,tmin
CCSM4,rcp26,2009,150,Tmin 20–25°C,tmin
CCSM4,rcp26,2010,127,Tmin 20–25°C,tmin
CCSM4,rcp26,2011,91,Tmin 20–25°C,tmin
CCSM4,rcp26,2012,148,Tmin 20–25°C,tmin
CCSM4,rcp26,2013,152,Tmin 20–25°C,tmin
CCSM4,rcp26,2014,149,Tmin 20–25°C,tmin
CCSM4,rcp26,2015,148,Tmin 20–25°C,tmin
CCSM4,rcp26,2016,104,Tmin 20–25°C,tmin
CCSM4,rcp26,2017,95,Tmin 20–25°C,tmin
CCSM4,rcp26,2018,106,Tmin 20–25°C,tmin
CCSM4,rcp26,2019,90,Tmin 20–25°C,tmin
CCSM4,rcp26,2020,109,Tmin 20–25°C,tmin
CCSM4,rcp26,2021,138,Tmin 20–25°C,tmin
CCSM4,rcp26,2022,125,Tmin 20–25°C,tmin
CCSM4,rcp26,2023,95,Tmin 20–25°C,tmin
CCSM4,rcp26,2024,99,Tmin 20–25°C,tmin
CCSM4,rcp26,2025,116,Tmin 20–25°C,tmin
CCSM4,rcp26,2026,111,Tmin 20–25°C,tmin
CCSM4,rcp26,2027,110,Tmin 20–25°C,tmin
CCSM4,rcp26,2028,133,Tmin 20–25°C,tmin
CCSM4,rcp26,2029,107,Tmin 20–25°C,tmin
CCSM4,rcp26,2030,92,Tmin 20–25°C,tmin
CCSM4,rcp26,2031,116,Tmin 20–25°C,tmin
CCSM4,rcp26,2032,127,Tmin 20–25°C,tmin
CCSM4,rcp26,2033,119,Tmin 20–25°C,tmin
CCSM4,rcp26,2034,114,Tmin 20–25°C,tmin
CCSM4,rcp26,2035,111,Tmin 20–25°C,tmin
CCSM4,rcp26,2036,105,Tmin 20–25°C,tmin
CESM1-CAM5,rcp26,2006,138,Tmin 20–25°C,tmin
CESM1-CAM5,rcp26,2007,132,Tmin 20–25°C,tmin
CESM1-CAM5,rcp26,2008,127,Tmin 20–25°C,tmin
CESM1-CAM5,rcp26,2009,145,Tmin 20–25°C,tmin
CESM1-CAM5,rcp26,2010,136,Tmin 20–25°C,tmin
CESM1-CAM5,rcp26,2011,120,Tmin 20–25°C,tmin
CESM1-CAM5,rcp26,2012,130,Tmin 20–25°C,tmin
CESM1-CAM5,rcp26,2013,148,Tmin 20–25°C,tmin
CESM1-CAM5,rcp26,2014,136,Tmin 20–25°C,tmin
CESM1-CAM5,rcp26,2015,103,Tmin 20–25°C,tmin
CESM1-CAM5,rcp26,2016,103,Tmin 20–25°C,tmin
CESM1-CAM5,rcp26,2017,90,Tmin 20–25°C,tmin
CESM1-CAM5,rcp26,2018,127,Tmin 20–25°C,tmin
CESM1-CAM5,rcp26,2019,124,Tmin 20–25°C,tmin
CESM1-CAM5,rcp26,2020,142,Tmin 20–25°C,tmin
CESM1-CAM5,rcp26,2021,124,Tmin 20–25°C,tmin
CESM1-CAM5,rcp26,2022,135,Tmin 20–25°C,tmin
CESM1-CAM5,rcp26,2023,130,Tmin 20–25°C,tmin
CESM1-CAM5,rcp26,2024,151,Tmin 20–25°C,tmin
CESM1-CAM5,rcp26,2025,115,Tmin 20–25°C,tmin
CESM1-CAM5,rcp26,2026,94,Tmin 20–25°C,tmin
CESM1-CAM5,rcp26,2027,107,Tmin 20–25°C,tmin
CESM1-CAM5,rcp26,2028,135,Tmin 20–25°C,tmin
CESM1-CAM5,rcp26,2029,121,Tmin 20–25°C,tmin
CESM1-CAM5,rcp26,2030,102,Tmin 20–25°C,tmin
CESM1-CAM5,rcp26,2031,106,Tmin 20–25°C,tmin
CESM1-CAM5,rcp26,2032,93,Tmin 20–25°C,tmin
CESM1-CAM5,rcp26,2033,91,Tmin 20–25°C,tmin
CESM1-CAM5,rcp26,2034,124,Tmin 20–25°C,tmin
CESM1-CAM5,rcp26,2035,115,Tmin 20–25°C,tmin
CESM1-CAM5,rcp26,2036,107,Tmin 20–25°C,tmin
CNRM-CM5,rcp26,2006,130,Tmin 20–25°C,tmin
CNRM-CM5,rcp26,2007,99,Tmin 20–25°C,tmin
CNRM-CM5,rcp26,2008,135,Tmin 20–25°C,tmin
CNRM-CM5,rcp26,2009,136,Tmin 20–25°C,tmin
CNRM-CM5,rcp26,2010,134,Tmin 20–25°C,tmin
CNRM-CM5,rcp26,2011,136,Tmin 20–25°C,tmin
CNRM-CM5,rcp26,2012,149,Tmin 20–25°C,tmin
CNRM-CM5,rcp26,2013,134,Tmin 20–25°C,tmin
CNRM-CM5,rcp26,2014,119,Tmin 20–25°C,tmin
CNRM-CM5,rcp26,2015,119,Tmin 20–25°C,tmin
CNRM-CM5,rcp26,2016,105,Tmin 20–25°C,tmin
CNRM-CM5,rcp26,2017,130,Tmin 20–25°C,tmin
CNRM-CM5,rcp26,2018,104,Tmin 20–25°C,tmin
CNRM-CM5,rcp26,2019,119,Tmin 20–25°C,tmin
CNRM-CM5,rcp26,2020,103,Tmin 20–25°C,tmin
CNRM-CM5,rcp26,2021,130,Tmin 20–25°C,tmin
CNRM-CM5,rcp26,2022,130,Tmin 20–25°C,tmin
CNRM-CM5,rcp26,2023,129,Tmin 20–25°C,tmin
CNRM-CM5,rcp26,2024,107,Tmin 20–25°C,tmin
CNRM-CM5,rcp26,2025,136,Tmin 20–25°C,tmin
CNRM-CM5,rcp26,2026,93,Tmin 20–25°C,tmin
CNRM-CM5,rcp26,2027,130,Tmin 20–25°C,tmin
CNRM-CM5,rcp26,2028,140,Tmin 20–25°C,tmin
CNRM-CM5,rcp26,2029,107,Tmin 20–25°C,tmin
CNRM-CM5,rcp26,2030,130,Tmin 20–25°C,tmin
CNRM-CM5,rcp26,2031,91,Tmin 20–25°C,tmin
CNRM-CM5,rcp26,2032,110,Tmin 20–25°C,tmin
CNRM-CM5,rcp26,2033,110,Tmin 20–25°C,tmin
CNRM-CM5,rcp26,2034,149,Tmin 20–25°C,tmin
CNRM-CM5,rcp26,2035,115,Tmin 20–25°C,tmin
CNRM-CM5,rcp26,2036,100,Tmin 20–25°C,tmin
CSIRO-Mk3-6-0,rcp26,2006,103,Tmin 20–25°C,tmin
CSIRO-Mk3-6-0,rcp26,2007,127,Tmin 20–25°C,tmin
CSIRO-Mk3-6-0,rcp26,2008,123,Tmin 20–25°C,tmin
CSIRO-Mk3-6-0,rcp26,2009,119,Tmin 20–25°C,tmin
CSIRO-Mk3-6-0,rcp26,2010,148,Tmin 20–25°C,tmin
CSIRO-Mk3-6-0,rcp26,2011,98,Tmin 20–25°C,tmin
CSIRO-Mk3-6-0,rcp26,2012,136,Tmin 20–25°C,tmin
CSIRO-Mk3-6-0,rcp26,2013,120,Tmin 20–25°C,tmin
CSIRO-Mk3-6-0,rcp26,2014,119,Tmin 20–25°C,tmin
CSIRO-Mk3-6-0,rcp26,2015,110,Tmin 20–25°C,tmin
CSIRO-Mk3-6-0,rcp26,2016,123,Tmin 20–25°C,tmin
CSIRO-Mk3-6-0,rcp26,2017,98,Tmin 20–25°C,tmin
CSIRO-Mk3-6-0,rcp26,2018,163,Tmin 20–25°C,tmin
CSIRO-Mk3-6-0,rcp26,2019,141,Tmin 20–25°C,tmin
CSIRO-Mk3-6-0,rcp26,2020,89,Tmin 20–25°C,tmin
CSIRO-Mk3-6-0,rcp26,2021,90,Tmin 20–25°C,tmin
CSIRO-Mk3-6-0,rcp26,2022,150,Tmin 20–25°C,tmin
CSIRO-Mk3-6-0,rcp26,2023,152,Tmin 20–25°C,tmin
CSIRO-Mk3-6-0,rcp26,2024,125,Tmin 20–25°C,tmin
CSIRO-Mk3-6-0,rcp26,2025,120,Tmin 20–25°C,tmin
CSIRO-Mk3-6-0,rcp26,2026,135,Tmin 20–25°C,tmin
CSIRO-Mk3-6-0,rcp26,2027,134,Tmin 20–25°C,tmin
CSIRO-Mk3-6-0,rcp26,2028,127,Tmin 20–25°C,tmin
CSIRO-Mk3-6-0,rcp26,2029,119,Tmin 20–25°C,tmin
CSIRO-Mk3-6-0,rcp26,2030,126,Tmin 20–25°C,tmin
CSIRO-Mk3-6-0,rcp26,2031,138,Tmin 20–25°C,tmin
CSIRO-Mk3-6-0,rcp26,2032,105,Tmin 20–25°C,tmin
CSIRO-Mk3-6-0,rcp26,2033,133,Tmin 20–25°C,tmin
CSIRO-Mk3-6-0,rcp26,2034,119,Tmin 20–25°C,tmin
CSIRO-Mk3-6-0,rcp26,2035,125,Tmin 20–25°C,tmin
CSIRO-Mk3-6-0,rcp26,2036,122,Tmin 20–25°C,tmin
CanESM2,rcp26,2006,100,Tmin 20–25°C,tmin
CanESM2,rcp26,2007,133,Tmin 20–25°C,tmin
CanESM2,rcp26,2008,121,Tmin 20–25°C,tmin
CanESM2,rcp26,2009,127,Tmin 20–25°C,tmin
CanESM2,rcp26,2010,107,Tmin 20–25°C,tmin
CanESM2,rcp26,2011,95,Tmin 20–25°C,tmin
CanESM2,rcp26,2012,120,Tmin 20–25°C,tmin
CanESM2,rcp26,2013,113,Tmin 20–25°C,tmin
CanESM2,rcp26,2014,150,Tmin 20–25°C,tmin
CanESM2,rcp26,2015,112,Tmin 20–25°C,tmin
CanESM2,rcp26,2016,103,Tmin 20–25°C,tmin
CanESM2,rcp26,2017,124,Tmin 20–25°C,tmin
CanESM2,rcp26,2018,113,Tmin 20–25°C,tmin
CanESM2,rcp26,2019,113,Tmin 20–25°C,tmin
CanESM2,rcp26,2020,112,Tmin 20–25°C,tmin
CanESM2,rcp26,2021,131,Tmin 20–25°C,tmin
CanESM2,rcp26,2022,112,Tmin 20–25°C,tmin
CanESM2,rcp26,2023,84,Tmin 20–25°C,tmin
CanESM2,rcp26,2024,108,Tmin 20–25°C,tmin
CanESM2,rcp26,2025,103,Tmin 20–25°C,tmin
CanESM2,rcp26,2026,95,Tmin 20–25°C,tmin
CanESM2,rcp26,2027,123,Tmin 20–25°C,tmin
CanESM2,rcp26,2028,83,Tmin 20–25°C,tmin
CanESM2,rcp26,2029,76,Tmin 20–25°C,tmin
CanESM2,rcp26,2030,105,Tmin 20–25°C,tmin
CanESM2,rcp26,2031,127,Tmin 20–25°C,tmin
CanESM2,rcp26,2032,105,Tmin 20–25°C,tmin
CanESM2,rcp26,2033,110,Tmin 20–25°C,tmin
CanESM2,rcp26,2034,107,Tmin 20–25°C,tmin
CanESM2,rcp26,2035,96,Tmin 20–25°C,tmin
CanESM2,rcp26,2036,93,Tmin 20–25°C,tmin
FGOALS-g2,rcp26,2006,130,Tmin 20–25°C,tmin
FGOALS-g2,rcp26,2007,133,Tmin 20–25°C,tmin
FGOALS-g2,rcp26,2008,126,Tmin 20–25°C,tmin
FGOALS-g2,rcp26,2009,125,Tmin 20–25°C,tmin
FGOALS-g2,rcp26,2010,123,Tmin 20–25°C,tmin
FGOALS-g2,rcp26,2011,117,Tmin 20–25°C,tmin
FGOALS-g2,rcp26,2012,129,Tmin 20–25°C,tmin
FGOALS-g2,rcp26,2013,102,Tmin 20–25°C,tmin
FGOALS-g2,rcp26,2014,120,Tmin 20–25°C,tmin
FGOALS-g2,rcp26,2015,121,Tmin 20–25°C,tmin
FGOALS-g2,rcp26,2016,132,Tmin 20–25°C,tmin
FGOALS-g2,rcp26,2017,109,Tmin 20–25°C,tmin
FGOALS-g2,rcp26,2018,173,Tmin 20–25°C,tmin
FGOALS-g2,rcp26,2019,113,Tmin 20–25°C,tmin
FGOALS-g2,rcp26,2020,113,Tmin 20–25°C,tmin
FGOALS-g2,rcp26,2021,145,Tmin 20–25°C,tmin
FGOALS-g2,rcp26,2022,124,Tmin 20–25°C,tmin
FGOALS-g2,rcp26,2023,139,Tmin 20–25°C,tmin
FGOALS-g2,rcp26,2024,116,Tmin 20–25°C,tmin
FGOALS-g2,rcp26,2025,141,Tmin 20–25°C,tmin
FGOALS-g2,rcp26,2026,131,Tmin 20–25°C,tmin
FGOALS-g2,rcp26,2027,126,Tmin 20–25°C,tmin
FGOALS-g2,rcp26,2028,137,Tmin 20–25°C,tmin
FGOALS-g2,rcp26,2029,131,Tmin 20–25°C,tmin
FGOALS-g2,rcp26,2030,121,Tmin 20–25°C,tmin
FGOALS-g2,rcp26,2031,127,Tmin 20–25°C,tmin
FGOALS-g2,rcp26,2032,123,Tmin 20–25°C,tmin
FGOALS-g2,rcp26,2033,135,Tmin 20–25°C,tmin
FGOALS-g2,rcp26,2034,110,Tmin 20–25°C,tmin
FGOALS-g2,rcp26,2035,134,Tmin 20–25°C,tmin
FGOALS-g2,rcp26,2036,128,Tmin 20–25°C,tmin
GFDL-CM3,rcp26,2006,156,Tmin 20–25°C,tmin
GFDL-CM3,rcp26,2007,120,Tmin 20–25°C,tmin
GFDL-CM3,rcp26,2008,132,Tmin 20–25°C,tmin
GFDL-CM3,rcp26,2009,119,Tmin 20–25°C,tmin
GFDL-CM3,rcp26,2010,117,Tmin 20–25°C,tmin
GFDL-CM3,rcp26,2011,101,Tmin 20–25°C,tmin
GFDL-CM3,rcp26,2012,98,Tmin 20–25°C,tmin
GFDL-CM3,rcp26,2013,118,Tmin 20–25°C,tmin
GFDL-CM3,rcp26,2014,118,Tmin 20–25°C,tmin
GFDL-CM3,rcp26,2015,134,Tmin 20–25°C,tmin
GFDL-CM3,rcp26,2016,131,Tmin 20–25°C,tmin
GFDL-CM3,rcp26,2017,92,Tmin 20–25°C,tmin
GFDL-CM3,rcp26,2018,95,Tmin 20–25°C,tmin
GFDL-CM3,rcp26,2019,94,Tmin 20–25°C,tmin
GFDL-CM3,rcp26,2020,113,Tmin 20–25°C,tmin
GFDL-CM3,rcp26,2021,127,Tmin 20–25°C,tmin
GFDL-CM3,rcp26,2022,126,Tmin 20–25°C,tmin
GFDL-CM3,rcp26,2023,109,Tmin 20–25°C,tmin
GFDL-CM3,rcp26,2024,109,Tmin 20–25°C,tmin
GFDL-CM3,rcp26,2025,105,Tmin 20–25°C,tmin
GFDL-CM3,rcp26,2026,124,Tmin 20–25°C,tmin
GFDL-CM3,rcp26,2027,107,Tmin 20–25°C,tmin
GFDL-CM3,rcp26,2028,119,Tmin 20–25°C,tmin
GFDL-CM3,rcp26,2029,112,Tmin 20–25°C,tmin
GFDL-CM3,rcp26,2030,97,Tmin 20–25°C,tmin
GFDL-CM3,rcp26,2031,87,Tmin 20–25°C,tmin
GFDL-CM3,rcp26,2032,112,Tmin 20–25°C,tmin
GFDL-CM3,rcp26,2033,85,Tmin 20–25°C,tmin
GFDL-CM3,rcp26,2034,105,Tmin 20–25°C,tmin
GFDL-CM3,rcp26,2035,132,Tmin 20–25°C,tmin
GFDL-CM3,rcp26,2036,103,Tmin 20–25°C,tmin
GFDL-ESM2G,rcp26,2006,110,Tmin 20–25°C,tmin
GFDL-ESM2G,rcp26,2007,103,Tmin 20–25°C,tmin
GFDL-ESM2G,rcp26,2008,118,Tmin 20–25°C,tmin
GFDL-ESM2G,rcp26,2009,111,Tmin 20–25°C,tmin
GFDL-ESM2G,rcp26,2010,100,Tmin 20–25°C,tmin
GFDL-ESM2G,rcp26,2011,111,Tmin 20–25°C,tmin
GFDL-ESM2G,rcp26,2012,86,Tmin 20–25°C,tmin
GFDL-ESM2G,rcp26,2013,132,Tmin 20–25°C,tmin
GFDL-ESM2G,rcp26,2014,136,Tmin 20–25°C,tmin
GFDL-ESM2G,rcp26,2015,118,Tmin 20–25°C,tmin
GFDL-ESM2G,rcp26,2016,109,Tmin 20–25°C,tmin
GFDL-ESM2G,rcp26,2017,146,Tmin 20–25°C,tmin
GFDL-ESM2G,rcp26,2018,113,Tmin 20–25°C,tmin
GFDL-ESM2G,rcp26,2019,104,Tmin 20–25°C,tmin
GFDL-ESM2G,rcp26,2020,135,Tmin 20–25°C,tmin
GFDL-ESM2G,rcp26,2021,98,Tmin 20–25°C,tmin
GFDL-ESM2G,rcp26,2022,135,Tmin 20–25°C,tmin
GFDL-ESM2G,rcp26,2023,104,Tmin 20–25°C,tmin
GFDL-ESM2G,rcp26,2024,88,Tmin 20–25°C,tmin
GFDL-ESM2G,rcp26,2025,110,Tmin 20–25°C,tmin
GFDL-ESM2G,rcp26,2026,103,Tmin 20–25°C,tmin
GFDL-ESM2G,rcp26,2027,84,Tmin 20–25°C,tmin
GFDL-ESM2G,rcp26,2028,113,Tmin 20–25°C,tmin
GFDL-ESM2G,rcp26,2029,137,Tmin 20–25°C,tmin
GFDL-ESM2G,rcp26,2030,127,Tmin 20–25°C,tmin
GFDL-ESM2G,rcp26,2031,102,Tmin 20–25°C,tmin
GFDL-ESM2G,rcp26,2032,91,Tmin 20–25°C,tmin
GFDL-ESM2G,rcp26,2033,114,Tmin 20–25°C,tmin
GFDL-ESM2G,rcp26,2034,128,Tmin 20–25°C,tmin
GFDL-ESM2G,rcp26,2035,113,Tmin 20–25°C,tmin
GFDL-ESM2G,rcp26,2036,102,Tmin 20–25°C,tmin
IPSL-CM5A-LR,rcp26,2006,145,Tmin 20–25°C,tmin
IPSL-CM5A-LR,rcp26,2007,131,Tmin 20–25°C,tmin
IPSL-CM5A-LR,rcp26,2008,106,Tmin 20–25°C,tmin
IPSL-CM5A-LR,rcp26,2009,105,Tmin 20–25°C,tmin
IPSL-CM5A-LR,rcp26,2010,124,Tmin 20–25°C,tmin
IPSL-CM5A-LR,rcp26,2011,118,Tmin 20–25°C,tmin
IPSL-CM5A-LR,rcp26,2012,102,Tmin 20–25°C,tmin
IPSL-CM5A-LR,rcp26,2013,125,Tmin 20–25°C,tmin
IPSL-CM5A-LR,rcp26,2014,83,Tmin 20–25°C,tmin
IPSL-CM5A-LR,rcp26,2015,111,Tmin 20–25°C,tmin
IPSL-CM5A-LR,rcp26,2016,123,Tmin 20–25°C,tmin
IPSL-CM5A-LR,rcp26,2017,89,Tmin 20–25°C,tmin
IPSL-CM5A-LR,rcp26,2018,109,Tmin 20–25°C,tmin
IPSL-CM5A-LR,rcp26,2019,125,Tmin 20–25°C,tmin
IPSL-CM5A-LR,rcp26,2020,116,Tmin 20–25°C,tmin
IPSL-CM5A-LR,rcp26,2021,107,Tmin 20–25°C,tmin
IPSL-CM5A-LR,rcp26,2022,110,Tmin 20–25°C,tmin
IPSL-CM5A-LR,rcp26,2023,103,Tmin 20–25°C,tmin
IPSL-CM5A-LR,rcp26,2024,79,Tmin 20–25°C,tmin
IPSL-CM5A-LR,rcp26,2025,117,Tmin 20–25°C,tmin
IPSL-CM5A-LR,rcp26,2026,87,Tmin 20–25°C,tmin
IPSL-CM5A-LR,rcp26,2027,127,Tmin 20–25°C,tmin
IPSL-CM5A-LR,rcp26,2028,119,Tmin 20–25°C,tmin
IPSL-CM5A-LR,rcp26,2029,96,Tmin 20–25°C,tmin
IPSL-CM5A-LR,rcp26,2030,127,Tmin 20–25°C,tmin
IPSL-CM5A-LR,rcp26,2031,90,Tmin 20–25°C,tmin
IPSL-CM5A-LR,rcp26,2032,96,Tmin 20–25°C,tmin
IPSL-CM5A-LR,rcp26,2033,90,Tmin 20–25°C,tmin
IPSL-CM5A-LR,rcp26,2034,99,Tmin 20–25°C,tmin
IPSL-CM5A-LR,rcp26,2035,111,Tmin 20–25°C,tmin
IPSL-CM5A-LR,rcp26,2036,115,Tmin 20–25°C,tmin
IPSL-CM5A-MR,rcp26,2006,159,Tmin 20–25°C,tmin
IPSL-CM5A-MR,rcp26,2007,135,Tmin 20–25°C,tmin
IPSL-CM5A-MR,rcp26,2008,124,Tmin 20–25°C,tmin
IPSL-CM5A-MR,rcp26,2009,105,Tmin 20–25°C,tmin
IPSL-CM5A-MR,rcp26,2010,142,Tmin 20–25°C,tmin
IPSL-CM5A-MR,rcp26,2011,129,Tmin 20–25°C,tmin
IPSL-CM5A-MR,rcp26,2012,114,Tmin 20–25°C,tmin
IPSL-CM5A-MR,rcp26,2013,103,Tmin 20–25°C,tmin
IPSL-CM5A-MR,rcp26,2014,144,Tmin 20–25°C,tmin
IPSL-CM5A-MR,rcp26,2015,123,Tmin 20–25°C,tmin
IPSL-CM5A-MR,rcp26,2016,130,Tmin 20–25°C,tmin
IPSL-CM5A-MR,rcp26,2017,97,Tmin 20–25°C,tmin
IPSL-CM5A-MR,rcp26,2018,112,Tmin 20–25°C,tmin
IPSL-CM5A-MR,rcp26,2019,124,Tmin 20–25°C,tmin
IPSL-CM5A-MR,rcp26,2020,113,Tmin 20–25°C,tmin
IPSL-CM5A-MR,rcp26,2021,121,Tmin 20–25°C,tmin
IPSL-CM5A-MR,rcp26,2022,91,Tmin 20–25°C,tmin
IPSL-CM5A-MR,rcp26,2023,118,Tmin 20–25°C,tmin
IPSL-CM5A-MR,rcp26,2024,98,Tmin 20–25°C,tmin
IPSL-CM5A-MR,rcp26,2025,109,Tmin 20–25°C,tmin
IPSL-CM5A-MR,rcp26,2026,87,Tmin 20–25°C,tmin
IPSL-CM5A-MR,rcp26,2027,128,Tmin 20–25°C,tmin
IPSL-CM5A-MR,rcp26,2028,110,Tmin 20–25°C,tmin
IPSL-CM5A-MR,rcp26,2029,111,Tmin 20–25°C,tmin
IPSL-CM5A-MR,rcp26,2030,98,Tmin 20–25°C,tmin
IPSL-CM5A-MR,rcp26,2031,106,Tmin 20–25°C,tmin
IPSL-CM5A-MR,rcp26,2032,108,Tmin 20–25°C,tmin
IPSL-CM5A-MR,rcp26,2033,92,Tmin 20–25°C,tmin
IPSL-CM5A-MR,rcp26,2034,89,Tmin 20–25°C,tmin
IPSL-CM5A-MR,rcp26,2035,125,Tmin 20–25°C,tmin
IPSL-CM5A-MR,rcp26,2036,108,Tmin 20–25°C,tmin
MIROC-ESM,rcp26,2006,125,Tmin 20–25°C,tmin
MIROC-ESM,rcp26,2007,96,Tmin 20–25°C,tmin
MIROC-ESM,rcp26,2008,122,Tmin 20–25°C,tmin
MIROC-ESM,rcp26,2009,133,Tmin 20–25°C,tmin
MIROC-ESM,rcp26,2010,106,Tmin 20–25°C,tmin
MIROC-ESM,rcp26,2011,139,Tmin 20–25°C,tmin
MIROC-ESM,rcp26,2012,102,Tmin 20–25°C,tmin
MIROC-ESM,rcp26,2013,90,Tmin 20–25°C,tmin
MIROC-ESM,rcp26,2014,94,Tmin 20–25°C,tmin
MIROC-ESM,rcp26,2015,108,Tmin 20–25°C,tmin
MIROC-ESM,rcp26,2016,120,Tmin 20–25°C,tmin
MIROC-ESM,rcp26,2017,85,Tmin 20–25°C,tmin
MIROC-ESM,rcp26,2018,99,Tmin 20–25°C,tmin
MIROC-ESM,rcp26,2019,135,Tmin 20–25°C,tmin
MIROC-ESM,rcp26,2020,105,Tmin 20–25°C,tmin
MIROC-ESM,rcp26,2021,155,Tmin 20–25°C,tmin
MIROC-ESM,rcp26,2022,122,Tmin 20–25°C,tmin
MIROC-ESM,rcp26,2023,83,Tmin 20–25°C,tmin
MIROC-ESM,rcp26,2024,124,Tmin 20–25°C,tmin
MIROC-ESM,rcp26,2025,108,Tmin 20–25°C,tmin
MIROC-ESM,rcp26,2026,143,Tmin 20–25°C,tmin
MIROC-ESM,rcp26,2027,115,Tmin 20–25°C,tmin
MIROC-ESM,rcp26,2028,115,Tmin 20–25°C,tmin
MIROC-ESM,rcp26,2029,134,Tmin 20–25°C,tmin
MIROC-ESM,rcp26,2030,108,Tmin 20–25°C,tmin
MIROC-ESM,rcp26,2031,93,Tmin 20–25°C,tmin
MIROC-ESM,rcp26,2032,100,Tmin 20–25°C,tmin
MIROC-ESM,rcp26,2033,124,Tmin 20–25°C,tmin
MIROC-ESM,rcp26,2034,117,Tmin 20–25°C,tmin
MIROC-ESM,rcp26,2035,111,Tmin 20–25°C,tmin
MIROC-ESM,rcp26,2036,120,Tmin 20–25°C,tmin
MIROC-ESM-CHEM,rcp26,2006,154,Tmin 20–25°C,tmin
MIROC-ESM-CHEM,rcp26,2007,97,Tmin 20–25°C,tmin
MIROC-ESM-CHEM,rcp26,2008,140,Tmin 20–25°C,tmin
MIROC-ESM-CHEM,rcp26,2009,140,Tmin 20–25°C,tmin
MIROC-ESM-CHEM,rcp26,2010,101,Tmin 20–25°C,tmin
MIROC-ESM-CHEM,rcp26,2011,131,Tmin 20–25°C,tmin
MIROC-ESM-CHEM,rcp26,2012,131,Tmin 20–25°C,tmin
MIROC-ESM-CHEM,rcp26,2013,104,Tmin 20–25°C,tmin
MIROC-ESM-CHEM,rcp26,2014,82,Tmin 20–25°C,tmin
MIROC-ESM-CHEM,rcp26,2015,177,Tmin 20–25°C,tmin
MIROC-ESM-CHEM,rcp26,2016,99,Tmin 20–25°C,tmin
MIROC-ESM-CHEM,rcp26,2017,106,Tmin 20–25°C,tmin
MIROC-ESM-CHEM,rcp26,2018,115,Tmin 20–25°C,tmin
MIROC-ESM-CHEM,rcp26,2019,92,Tmin 20–25°C,tmin
MIROC-ESM-CHEM,rcp26,2020,105,Tmin 20–25°C,tmin
MIROC-ESM-CHEM,rcp26,2021,126,Tmin 20–25°C,tmin
MIROC-ESM-CHEM,rcp26,2022,107,Tmin 20–25°C,tmin
MIROC-ESM-CHEM,rcp26,2023,104,Tmin 20–25°C,tmin
MIROC-ESM-CHEM,rcp26,2024,112,Tmin 20–25°C,tmin
MIROC-ESM-CHEM,rcp26,2025,117,Tmin 20–25°C,tmin
MIROC-ESM-CHEM,rcp26,2026,107,Tmin 20–25°C,tmin
MIROC-ESM-CHEM,rcp26,2027,106,Tmin 20–25°C,tmin
MIROC-ESM-CHEM,rcp26,2028,93,Tmin 20–25°C,tmin
MIROC-ESM-CHEM,rcp26,2029,101,Tmin 20–25°C,tmin
MIROC-ESM-CHEM,rcp26,2030,95,Tmin 20–25°C,tmin
MIROC-ESM-CHEM,rcp26,2031,80,Tmin 20–25°C,tmin
MIROC-ESM-CHEM,rcp26,2032,96,Tmin 20–25°C,tmin
MIROC-ESM-CHEM,rcp26,2033,84,Tmin 20–25°C,tmin
MIROC-ESM-CHEM,rcp26,2034,102,Tmin 20–25°C,tmin
MIROC-ESM-CHEM,rcp26,2035,108,Tmin 20–25°C,tmin
MIROC-ESM-CHEM,rcp26,2036,92,Tmin 20–25°C,tmin
MIROC5,rcp26,2006,78,Tmin 20–25°C,tmin
MIROC5,rcp26,2007,96,Tmin 20–25°C,tmin
MIROC5,rcp26,2008,131,Tmin 20–25°C,tmin
MIROC5,rcp26,2009,102,Tmin 20–25°C,tmin
MIROC5,rcp26,2010,112,Tmin 20–25°C,tmin
MIROC5,rcp26,2011,105,Tmin 20–25°C,tmin
MIROC5,rcp26,2012,113,Tmin 20–25°C,tmin
MIROC5,rcp26,2013,120,Tmin 20–25°C,tmin
MIROC5,rcp26,2014,94,Tmin 20–25°C,tmin
MIROC5,rcp26,2015,105,Tmin 20–25°C,tmin
MIROC5,rcp26,2016,106,Tmin 20–25°C,tmin
MIROC5,rcp26,2017,115,Tmin 20–25°C,tmin
MIROC5,rcp26,2018,115,Tmin 20–25°C,tmin
MIROC5,rcp26,2019,150,Tmin 20–25°C,tmin
MIROC5,rcp26,2020,146,Tmin 20–25°C,tmin
MIROC5,rcp26,2021,111,Tmin 20–25°C,tmin
MIROC5,rcp26,2022,142,Tmin 20–25°C,tmin
MIROC5,rcp26,2023,102,Tmin 20–25°C,tmin
MIROC5,rcp26,2024,89,Tmin 20–25°C,tmin
MIROC5,rcp26,2025,114,Tmin 20–25°C,tmin
MIROC5,rcp26,2026,115,Tmin 20–25°C,tmin
MIROC5,rcp26,2027,120,Tmin 20–25°C,tmin
MIROC5,rcp26,2028,95,Tmin 20–25°C,tmin
MIROC5,rcp26,2029,88,Tmin 20–25°C,tmin
MIROC5,rcp26,2030,114,Tmin 20–25°C,tmin
MIROC5,rcp26,2031,108,Tmin 20–25°C,tmin
MIROC5,rcp26,2032,114,Tmin 20–25°C,tmin
MIROC5,rcp26,2033,120,Tmin 20–25°C,tmin
MIROC5,rcp26,2034,142,Tmin 20–25°C,tmin
MIROC5,rcp26,2035,91,Tmin 20–25°C,tmin
MIROC5,rcp26,2036,106,Tmin 20–25°C,tmin
MPI-ESM-LR,rcp26,2006,131,Tmin 20–25°C,tmin
MPI-ESM-LR,rcp26,2007,118,Tmin 20–25°C,tmin
MPI-ESM-LR,rcp26,2008,155,Tmin 20–25°C,tmin
MPI-ESM-LR,rcp26,2009,128,Tmin 20–25°C,tmin
MPI-ESM-LR,rcp26,2010,140,Tmin 20–25°C,tmin
MPI-ESM-LR,rcp26,2011,116,Tmin 20–25°C,tmin
MPI-ESM-LR,rcp26,2012,121,Tmin 20–25°C,tmin
MPI-ESM-LR,rcp26,2013,118,Tmin 20–25°C,tmin
MPI-ESM-LR,rcp26,2014,114,Tmin 20–25°C,tmin
MPI-ESM-LR,rcp26,2015,133,Tmin 20–25°C,tmin
MPI-ESM-LR,rcp26,2016,138,Tmin 20–25°C,tmin
MPI-ESM-LR,rcp26,2017,137,Tmin 20–25°C,tmin
MPI-ESM-LR,rcp26,2018,142,Tmin 20–25°C,tmin
MPI-ESM-LR,rcp26,2019,117,Tmin 20–25°C,tmin
MPI-ESM-LR,rcp26,2020,103,Tmin 20–25°C,tmin
MPI-ESM-LR,rcp26,2021,103,Tmin 20–25°C,tmin
MPI-ESM-LR,rcp26,2022,113,Tmin 20–25°C,tmin
MPI-ESM-LR,rcp26,2023,113,Tmin 20–25°C,tmin
MPI-ESM-LR,rcp26,2024,124,Tmin 20–25°C,tmin
MPI-ESM-LR,rcp26,2025,121,Tmin 20–25°C,tmin
MPI-ESM-LR,rcp26,2026,77,Tmin 20–25°C,tmin
MPI-ESM-LR,rcp26,2027,99,Tmin 20–25°C,tmin
MPI-ESM-LR,rcp26,2028,113,Tmin 20–25°C,tmin
MPI-ESM-LR,rcp26,2029,102,Tmin 20–25°C,tmin
MPI-ESM-LR,rcp26,2030,113,Tmin 20–25°C,tmin
MPI-ESM-LR,rcp26,2031,104,Tmin 20–25°C,tmin
MPI-ESM-LR,rcp26,2032,109,Tmin 20–25°C,tmin
MPI-ESM-LR,rcp26,2033,128,Tmin 20–25°C,tmin
MPI-ESM-LR,rcp26,2034,104,Tmin 20–25°C,tmin
MPI-ESM-LR,rcp26,2035,138,Tmin 20–25°C,tmin
MPI-ESM-LR,rcp26,2036,135,Tmin 20–25°C,tmin
MPI-ESM-MR,rcp26,2006,133,Tmin 20–25°C,tmin
MPI-ESM-MR,rcp26,2007,144,Tmin 20–25°C,tmin
MPI-ESM-MR,rcp26,2008,116,Tmin 20–25°C,tmin
MPI-ESM-MR,rcp26,2009,133,Tmin 20–25°C,tmin
MPI-ESM-MR,rcp26,2010,128,Tmin 20–25°C,tmin
MPI-ESM-MR,rcp26,2011,157,Tmin 20–25°C,tmin
MPI-ESM-MR,rcp26,2012,120,Tmin 20–25°C,tmin
MPI-ESM-MR,rcp26,2013,156,Tmin 20–25°C,tmin
MPI-ESM-MR,rcp26,2014,121,Tmin 20–25°C,tmin
MPI-ESM-MR,rcp26,2015,139,Tmin 20–25°C,tmin
MPI-ESM-MR,rcp26,2016,122,Tmin 20–25°C,tmin
MPI-ESM-MR,rcp26,2017,116,Tmin 20–25°C,tmin
MPI-ESM-MR,rcp26,2018,125,Tmin 20–25°C,tmin
MPI-ESM-MR,rcp26,2019,149,Tmin 20–25°C,tmin
MPI-ESM-MR,rcp26,2020,114,Tmin 20–25°C,tmin
MPI-ESM-MR,rcp26,2021,125,Tmin 20–25°C,tmin
MPI-ESM-MR,rcp26,2022,117,Tmin 20–25°C,tmin
MPI-ESM-MR,rcp26,2023,141,Tmin 20–25°C,tmin
MPI-ESM-MR,rcp26,2024,130,Tmin 20–25°C,tmin
MPI-ESM-MR,rcp26,2025,140,Tmin 20–25°C,tmin
MPI-ESM-MR,rcp26,2026,126,Tmin 20–25°C,tmin
MPI-ESM-MR,rcp26,2027,127,Tmin 20–25°C,tmin
MPI-ESM-MR,rcp26,2028,131,Tmin 20–25°C,tmin
MPI-ESM-MR,rcp26,2029,113,Tmin 20–25°C,tmin
MPI-ESM-MR,rcp26,2030,122,Tmin 20–25°C,tmin
MPI-ESM-MR,rcp26,2031,136,Tmin 20–25°C,tmin
MPI-ESM-MR,rcp26,2032,102,Tmin 20–25°C,tmin
MPI-ESM-MR,rcp26,2033,92,Tmin 20–25°C,tmin
MPI-ESM-MR,rcp26,2034,91,Tmin 20–25°C,tmin
MPI-ESM-MR,rcp26,2035,128,Tmin 20–25°C,tmin
MPI-ESM-MR,rcp26,2036,143,Tmin 20–25°C,tmin
MRI-CGCM3,rcp26,2006,145,Tmin 20–25°C,tmin
MRI-CGCM3,rcp26,2007,121,Tmin 20–25°C,tmin
MRI-CGCM3,rcp26,2008,152,Tmin 20–25°C,tmin
MRI-CGCM3,rcp26,2009,156,Tmin 20–25°C,tmin
MRI-CGCM3,rcp26,2010,146,Tmin 20–25°C,tmin
MRI-CGCM3,rcp26,2011,133,Tmin 20–25°C,tmin
MRI-CGCM3,rcp26,2012,139,Tmin 20–25°C,tmin
MRI-CGCM3,rcp26,2013,123,Tmin 20–25°C,tmin
MRI-CGCM3,rcp26,2014,135,Tmin 20–25°C,tmin
MRI-CGCM3,rcp26,2015,107,Tmin 20–25°C,tmin
MRI-CGCM3,rcp26,2016,149,Tmin 20–25°C,tmin
MRI-CGCM3,rcp26,2017,127,Tmin 20–25°C,tmin
MRI-CGCM3,rcp26,2018,149,Tmin 20–25°C,tmin
MRI-CGCM3,rcp26,2019,141,Tmin 20–25°C,tmin
MRI-CGCM3,rcp26,2020,115,Tmin 20–25°C,tmin
MRI-CGCM3,rcp26,2021,137,Tmin 20–25°C,tmin
MRI-CGCM3,rcp26,2022,124,Tmin 20–25°C,tmin
MRI-CGCM3,rcp26,2023,120,Tmin 20–25°C,tmin
MRI-CGCM3,rcp26,2024,123,Tmin 20–25°C,tmin
MRI-CGCM3,rcp26,2025,128,Tmin 20–25°C,tmin
MRI-CGCM3,rcp26,2026,127,Tmin 20–25°C,tmin
MRI-CGCM3,rcp26,2027,134,Tmin 20–25°C,tmin
MRI-CGCM3,rcp26,2028,117,Tmin 20–25°C,tmin
MRI-CGCM3,rcp26,2029,129,Tmin 20–25°C,tmin
MRI-CGCM3,rcp26,2030,119,Tmin 20–25°C,tmin
MRI-CGCM3,rcp26,2031,139,Tmin 20–25°C,tmin
MRI-CGCM3,rcp26,2032,139,Tmin 20–25°C,tmin
MRI-CGCM3,rcp26,2033,98,Tmin 20–25°C,tmin
MRI-CGCM3,rcp26,2034,132,Tmin 20–25°C,tmin
MRI-CGCM3,rcp26,2035,112,Tmin 20–25°C,tmin
MRI-CGCM3,rcp26,2036,119,Tmin 20–25°C,tmin
NorESM1-M,rcp26,2006,112,Tmin 20–25°C,tmin
NorESM1-M,rcp26,2007,114,Tmin 20–25°C,tmin
NorESM1-M,rcp26,2008,121,Tmin 20–25°C,tmin
NorESM1-M,rcp26,2009,94,Tmin 20–25°C,tmin
NorESM1-M,rcp26,2010,108,Tmin 20–25°C,tmin
NorESM1-M,rcp26,2011,153,Tmin 20–25°C,tmin
NorESM1-M,rcp26,2012,127,Tmin 20–25°C,tmin
NorESM1-M,rcp26,2013,100,Tmin 20–25°C,tmin
NorESM1-M,rcp26,2014,94,Tmin 20–25°C,tmin
NorESM1-M,rcp26,2015,93,Tmin 20–25°C,tmin
NorESM1-M,rcp26,2016,131,Tmin 20–25°C,tmin
NorESM1-M,rcp26,2017,98,Tmin 20–25°C,tmin
NorESM1-M,rcp26,2018,124,Tmin 20–25°C,tmin
NorESM1-M,rcp26,2019,131,Tmin 20–25°C,tmin
NorESM1-M,rcp26,2020,133,Tmin 20–25°C,tmin
NorESM1-M,rcp26,2021,97,Tmin 20–25°C,tmin
NorESM1-M,rcp26,2022,110,Tmin 20–25°C,tmin
NorESM1-M,rcp26,2023,124,Tmin 20–25°C,tmin
NorESM1-M,rcp26,2024,134,Tmin 20–25°C,tmin
NorESM1-M,rcp26,2025,104,Tmin 20–25°C,tmin
NorESM1-M,rcp26,2026,90,Tmin 20–25°C,tmin
NorESM1-M,rcp26,2027,115,Tmin 20–25°C,tmin
NorESM1-M,rcp26,2028,105,Tmin 20–25°C,tmin
NorESM1-M,rcp26,2029,82,Tmin 20–25°C,tmin
NorESM1-M,rcp26,2030,99,Tmin 20–25°C,tmin
NorESM1-M,rcp26,2031,109,Tmin 20–25°C,tmin
NorESM1-M,rcp26,2032,92,Tmin 20–25°C,tmin
NorESM1-M,rcp26,2033,89,Tmin 20–25°C,tmin
NorESM1-M,rcp26,2034,99,Tmin 20–25°C,tmin
NorESM1-M,rcp26,2035,116,Tmin 20–25°C,tmin
NorESM1-M,rcp26,2036,77,Tmin 20–25°C,tmin
bcc-csm1-1,rcp26,2006,126,Tmin 20–25°C,tmin
bcc-csm1-1,rcp26,2007,129,Tmin 20–25°C,tmin
bcc-csm1-1,rcp26,2008,173,Tmin 20–25°C,tmin
bcc-csm1-1,rcp26,2009,132,Tmin 20–25°C,tmin
bcc-csm1-1,rcp26,2010,122,Tmin 20–25°C,tmin
bcc-csm1-1,rcp26,2011,133,Tmin 20–25°C,tmin
bcc-csm1-1,rcp26,2012,141,Tmin 20–25°C,tmin
bcc-csm1-1,rcp26,2013,114,Tmin 20–25°C,tmin
bcc-csm1-1,rcp26,2014,147,Tmin 20–25°C,tmin
bcc-csm1-1,rcp26,2015,99,Tmin 20–25°C,tmin
bcc-csm1-1,rcp26,2016,140,Tmin 20–25°C,tmin
bcc-csm1-1,rcp26,2017,128,Tmin 20–25°C,tmin
bcc-csm1-1,rcp26,2018,146,Tmin 20–25°C,tmin
bcc-csm1-1,rcp26,2019,112,Tmin 20–25°C,tmin
bcc-csm1-1,rcp26,2020,138,Tmin 20–25°C,tmin
bcc-csm1-1,rcp26,2021,112,Tmin 20–25°C,tmin
bcc-csm1-1,rcp26,2022,81,Tmin 20–25°C,tmin
bcc-csm1-1,rcp26,2023,106,Tmin 20–25°C,tmin
bcc-csm1-1,rcp26,2024,114,Tmin 20–25°C,tmin
bcc-csm1-1,rcp26,2025,133,Tmin 20–25°C,tmin
bcc-csm1-1,rcp26,2026,132,Tmin 20–25°C,tmin
bcc-csm1-1,rcp26,2027,143,Tmin 20–25°C,tmin
bcc-csm1-1,rcp26,2028,128,Tmin 20–25°C,tmin
bcc-csm1-1,rcp26,2029,101,Tmin 20–25°C,tmin
bcc-csm1-1,rcp26,2030,106,Tmin 20–25°C,tmin
bcc-csm1-1,rcp26,2031,154,Tmin 20–25°C,tmin
bcc-csm1-1,rcp26,2032,108,Tmin 20–25°C,tmin
bcc-csm1-1,rcp26,2033,111,Tmin 20–25°C,tmin
bcc-csm1-1,rcp26,2034,103,Tmin 20–25°C,tmin
bcc-csm1-1,rcp26,2035,140,Tmin 20–25°C,tmin
bcc-csm1-1,rcp26,2036,101,Tmin 20–25°C,tmin
bcc-csm1-1-m,rcp26,2006,116,Tmin 20–25°C,tmin
bcc-csm1-1-m,rcp26,2007,108,Tmin 20–25°C,tmin
bcc-csm1-1-m,rcp26,2008,124,Tmin 20–25°C,tmin
bcc-csm1-1-m,rcp26,2009,129,Tmin 20–25°C,tmin
bcc-csm1-1-m,rcp26,2010,133,Tmin 20–25°C,tmin
bcc-csm1-1-m,rcp26,2011,141,Tmin 20–25°C,tmin
bcc-csm1-1-m,rcp26,2012,103,Tmin 20–25°C,tmin
bcc-csm1-1-m,rcp26,2013,127,Tmin 20–25°C,tmin
bcc-csm1-1-m,rcp26,2014,115,Tmin 20–25°C,tmin
bcc-csm1-1-m,rcp26,2015,132,Tmin 20–25°C,tmin
bcc-csm1-1-m,rcp26,2016,134,Tmin 20–25°C,tmin
bcc-csm1-1-m,rcp26,2017,90,Tmin 20–25°C,tmin
bcc-csm1-1-m,rcp26,2018,118,Tmin 20–25°C,tmin
bcc-csm1-1-m,rcp26,2019,104,Tmin 20–25°C,tmin
bcc-csm1-1-m,rcp26,2020,133,Tmin 20–25°C,tmin
bcc-csm1-1-m,rcp26,2021,127,Tmin 20–25°C,tmin
bcc-csm1-1-m,rcp26,2022,127,Tmin 20–25°C,tmin
bcc-csm1-1-m,rcp26,2023,129,Tmin 20–25°C,tmin
bcc-csm1-1-m,rcp26,2024,144,Tmin 20–25°C,tmin
bcc-csm1-1-m,rcp26,2025,128,Tmin 20–25°C,tmin
bcc-csm1-1-m,rcp26,2026,128,Tmin 20–25°C,tmin
bcc-csm1-1-m,rcp26,2027,100,Tmin 20–25°C,tmin
bcc-csm1-1-m,rcp26,2028,124,Tmin 20–25°C,tmin
bcc-csm1-1-m,rcp26,2029,128,Tmin 20–25°C,tmin
bcc-csm1-1-m,rcp26,2030,99,Tmin 20–25°C,tmin
bcc-csm1-1-m,rcp26,2031,130,Tmin 20–25°C,tmin
bcc-csm1-1-m,rcp26,2032,110,Tmin 20–25°C,tmin
bcc-csm1-1-m,rcp26,2033,120,Tmin 20–25°C,tmin
bcc-csm1-1-m,rcp26,2034,117,Tmin 20–25°C,tmin
bcc-csm1-1-m,rcp26,2035,99,Tmin 20–25°C,tmin
bcc-csm1-1-m,rcp26,2036,120,Tmin 20–25°C,tmin
ACCESS1-0,rcp45,2006,150,Tmin 20–25°C,tmin
ACCESS1-0,rcp45,2007,163,Tmin 20–25°C,tmin
ACCESS1-0,rcp45,2008,109,Tmin 20–25°C,tmin
ACCESS1-0,rcp45,2009,128,Tmin 20–25°C,tmin
ACCESS1-0,rcp45,2010,113,Tmin 20–25°C,tmin
ACCESS1-0,rcp45,2011,133,Tmin 20–25°C,tmin
ACCESS1-0,rcp45,2012,113,Tmin 20–25°C,tmin
ACCESS1-0,rcp45,2013,120,Tmin 20–25°C,tmin
ACCESS1-0,rcp45,2014,108,Tmin 20–25°C,tmin
ACCESS1-0,rcp45,2015,132,Tmin 20–25°C,tmin
ACCESS1-0,rcp45,2016,125,Tmin 20–25°C,tmin
ACCESS1-0,rcp45,2017,107,Tmin 20–25°C,tmin
ACCESS1-0,rcp45,2018,125,Tmin 20–25°C,tmin
ACCESS1-0,rcp45,2019,123,Tmin 20–25°C,tmin
ACCESS1-0,rcp45,2020,126,Tmin 20–25°C,tmin
ACCESS1-0,rcp45,2021,98,Tmin 20–25°C,tmin
ACCESS1-0,rcp45,2022,127,Tmin 20–25°C,tmin
ACCESS1-0,rcp45,2023,98,Tmin 20–25°C,tmin
ACCESS1-0,rcp45,2024,135,Tmin 20–25°C,tmin
ACCESS1-0,rcp45,2025,124,Tmin 20–25°C,tmin
ACCESS1-0,rcp45,2026,126,Tmin 20–25°C,tmin
ACCESS1-0,rcp45,2027,110,Tmin 20–25°C,tmin
ACCESS1-0,rcp45,2028,129,Tmin 20–25°C,tmin
ACCESS1-0,rcp45,2029,112,Tmin 20–25°C,tmin
ACCESS1-0,rcp45,2030,128,Tmin 20–25°C,tmin
ACCESS1-0,rcp45,2031,114,Tmin 20–25°C,tmin
ACCESS1-0,rcp45,2032,126,Tmin 20–25°C,tmin
ACCESS1-0,rcp45,2033,98,Tmin 20–25°C,tmin
ACCESS1-0,rcp45,2034,113,Tmin 20–25°C,tmin
ACCESS1-0,rcp45,2035,92,Tmin 20–25°C,tmin
ACCESS1-0,rcp45,2036,116,Tmin 20–25°C,tmin
ACCESS1-3,rcp45,2006,106,Tmin 20–25°C,tmin
ACCESS1-3,rcp45,2007,96,Tmin 20–25°C,tmin
ACCESS1-3,rcp45,2008,128,Tmin 20–25°C,tmin
ACCESS1-3,rcp45,2009,119,Tmin 20–25°C,tmin
ACCESS1-3,rcp45,2010,120,Tmin 20–25°C,tmin
ACCESS1-3,rcp45,2011,155,Tmin 20–25°C,tmin
ACCESS1-3,rcp45,2012,126,Tmin 20–25°C,tmin
ACCESS1-3,rcp45,2013,107,Tmin 20–25°C,tmin
ACCESS1-3,rcp45,2014,108,Tmin 20–25°C,tmin
ACCESS1-3,rcp45,2015,111,Tmin 20–25°C,tmin
ACCESS1-3,rcp45,2016,155,Tmin 20–25°C,tmin
ACCESS1-3,rcp45,2017,105,Tmin 20–25°C,tmin
ACCESS1-3,rcp45,2018,122,Tmin 20–25°C,tmin
ACCESS1-3,rcp45,2019,98,Tmin 20–25°C,tmin
ACCESS1-3,rcp45,2020,137,Tmin 20–25°C,tmin
ACCESS1-3,rcp45,2021,128,Tmin 20–25°C,tmin
ACCESS1-3,rcp45,2022,128,Tmin 20–25°C,tmin
ACCESS1-3,rcp45,2023,124,Tmin 20–25°C,tmin
ACCESS1-3,rcp45,2024,135,Tmin 20–25°C,tmin
ACCESS1-3,rcp45,2025,123,Tmin 20–25°C,tmin
ACCESS1-3,rcp45,2026,123,Tmin 20–25°C,tmin
ACCESS1-3,rcp45,2027,100,Tmin 20–25°C,tmin
ACCESS1-3,rcp45,2028,130,Tmin 20–25°C,tmin
ACCESS1-3,rcp45,2029,133,Tmin 20–25°C,tmin
ACCESS1-3,rcp45,2030,109,Tmin 20–25°C,tmin
ACCESS1-3,rcp45,2031,84,Tmin 20–25°C,tmin
ACCESS1-3,rcp45,2032,123,Tmin 20–25°C,tmin
ACCESS1-3,rcp45,2033,127,Tmin 20–25°C,tmin
ACCESS1-3,rcp45,2034,108,Tmin 20–25°C,tmin
ACCESS1-3,rcp45,2035,113,Tmin 20–25°C,tmin
ACCESS1-3,rcp45,2036,117,Tmin 20–25°C,tmin
BNU-ESM,rcp45,2006,145,Tmin 20–25°C,tmin
BNU-ESM,rcp45,2007,93,Tmin 20–25°C,tmin
BNU-ESM,rcp45,2008,92,Tmin 20–25°C,tmin
BNU-ESM,rcp45,2009,128,Tmin 20–25°C,tmin
BNU-ESM,rcp45,2010,107,Tmin 20–25°C,tmin
BNU-ESM,rcp45,2011,101,Tmin 20–25°C,tmin
BNU-ESM,rcp45,2012,128,Tmin 20–25°C,tmin
BNU-ESM,rcp45,2013,119,Tmin 20–25°C,tmin
BNU-ESM,rcp45,2014,120,Tmin 20–25°C,tmin
BNU-ESM,rcp45,2015,137,Tmin 20–25°C,tmin
BNU-ESM,rcp45,2016,141,Tmin 20–25°C,tmin
BNU-ESM,rcp45,2017,148,Tmin 20–25°C,tmin
BNU-ESM,rcp45,2018,105,Tmin 20–25°C,tmin
BNU-ESM,rcp45,2019,108,Tmin 20–25°C,tmin
BNU-ESM,rcp45,2020,109,Tmin 20–25°C,tmin
BNU-ESM,rcp45,2021,131,Tmin 20–25°C,tmin
BNU-ESM,rcp45,2022,131,Tmin 20–25°C,tmin
BNU-ESM,rcp45,2023,147,Tmin 20–25°C,tmin
BNU-ESM,rcp45,2024,141,Tmin 20–25°C,tmin
BNU-ESM,rcp45,2025,96,Tmin 20–25°C,tmin
BNU-ESM,rcp45,2026,103,Tmin 20–25°C,tmin
BNU-ESM,rcp45,2027,108,Tmin 20–25°C,tmin
BNU-ESM,rcp45,2028,86,Tmin 20–25°C,tmin
BNU-ESM,rcp45,2029,98,Tmin 20–25°C,tmin
BNU-ESM,rcp45,2030,148,Tmin 20–25°C,tmin
BNU-ESM,rcp45,2031,169,Tmin 20–25°C,tmin
BNU-ESM,rcp45,2032,90,Tmin 20–25°C,tmin
BNU-ESM,rcp45,2033,136,Tmin 20–25°C,tmin
BNU-ESM,rcp45,2034,110,Tmin 20–25°C,tmin
BNU-ESM,rcp45,2035,74,Tmin 20–25°C,tmin
BNU-ESM,rcp45,2036,132,Tmin 20–25°C,tmin
CCSM4,rcp45,2006,118,Tmin 20–25°C,tmin
CCSM4,rcp45,2007,147,Tmin 20–25°C,tmin
CCSM4,rcp45,2008,107,Tmin 20–25°C,tmin
CCSM4,rcp45,2009,101,Tmin 20–25°C,tmin
CCSM4,rcp45,2010,95,Tmin 20–25°C,tmin
CCSM4,rcp45,2011,155,Tmin 20–25°C,tmin
CCSM4,rcp45,2012,130,Tmin 20–25°C,tmin
CCSM4,rcp45,2013,117,Tmin 20–25°C,tmin
CCSM4,rcp45,2014,80,Tmin 20–25°C,tmin
CCSM4,rcp45,2015,124,Tmin 20–25°C,tmin
CCSM4,rcp45,2016,116,Tmin 20–25°C,tmin
CCSM4,rcp45,2017,103,Tmin 20–25°C,tmin
CCSM4,rcp45,2018,134,Tmin 20–25°C,tmin
CCSM4,rcp45,2019,134,Tmin 20–25°C,tmin
CCSM4,rcp45,2020,108,Tmin 20–25°C,tmin
CCSM4,rcp45,2021,113,Tmin 20–25°C,tmin
CCSM4,rcp45,2022,94,Tmin 20–25°C,tmin
CCSM4,rcp45,2023,107,Tmin 20–25°C,tmin
CCSM4,rcp45,2024,106,Tmin 20–25°C,tmin
CCSM4,rcp45,2025,123,Tmin 20–25°C,tmin
CCSM4,rcp45,2026,107,Tmin 20–25°C,tmin
CCSM4,rcp45,2027,94,Tmin 20–25°C,tmin
CCSM4,rcp45,2028,148,Tmin 20–25°C,tmin
CCSM4,rcp45,2029,134,Tmin 20–25°C,tmin
CCSM4,rcp45,2030,125,Tmin 20–25°C,tmin
CCSM4,rcp45,2031,107,Tmin 20–25°C,tmin
CCSM4,rcp45,2032,112,Tmin 20–25°C,tmin
CCSM4,rcp45,2033,129,Tmin 20–25°C,tmin
CCSM4,rcp45,2034,118,Tmin 20–25°C,tmin
CCSM4,rcp45,2035,116,Tmin 20–25°C,tmin
CCSM4,rcp45,2036,108,Tmin 20–25°C,tmin
CESM1-BGC,rcp45,2006,95,Tmin 20–25°C,tmin
CESM1-BGC,rcp45,2007,115,Tmin 20–25°C,tmin
CESM1-BGC,rcp45,2008,110,Tmin 20–25°C,tmin
CESM1-BGC,rcp45,2009,110,Tmin 20–25°C,tmin
CESM1-BGC,rcp45,2010,98,Tmin 20–25°C,tmin
CESM1-BGC,rcp45,2011,125,Tmin 20–25°C,tmin
CESM1-BGC,rcp45,2012,96,Tmin 20–25°C,tmin
CESM1-BGC,rcp45,2013,117,Tmin 20–25°C,tmin
CESM1-BGC,rcp45,2014,110,Tmin 20–25°C,tmin
CESM1-BGC,rcp45,2015,111,Tmin 20–25°C,tmin
CESM1-BGC,rcp45,2016,96,Tmin 20–25°C,tmin
CESM1-BGC,rcp45,2017,113,Tmin 20–25°C,tmin
CESM1-BGC,rcp45,2018,86,Tmin 20–25°C,tmin
CESM1-BGC,rcp45,2019,110,Tmin 20–25°C,tmin
CESM1-BGC,rcp45,2020,148,Tmin 20–25°C,tmin
CESM1-BGC,rcp45,2021,123,Tmin 20–25°C,tmin
CESM1-BGC,rcp45,2022,100,Tmin 20–25°C,tmin
CESM1-BGC,rcp45,2023,122,Tmin 20–25°C,tmin
CESM1-BGC,rcp45,2024,133,Tmin 20–25°C,tmin
CESM1-BGC,rcp45,2025,126,Tmin 20–25°C,tmin
CESM1-BGC,rcp45,2026,113,Tmin 20–25°C,tmin
CESM1-BGC,rcp45,2027,98,Tmin 20–25°C,tmin
CESM1-BGC,rcp45,2028,97,Tmin 20–25°C,tmin
CESM1-BGC,rcp45,2029,108,Tmin 20–25°C,tmin
CESM1-BGC,rcp45,2030,134,Tmin 20–25°C,tmin
CESM1-BGC,rcp45,2031,97,Tmin 20–25°C,tmin
CESM1-BGC,rcp45,2032,114,Tmin 20–25°C,tmin
CESM1-BGC,rcp45,2033,86,Tmin 20–25°C,tmin
CESM1-BGC,rcp45,2034,97,Tmin 20–25°C,tmin
CESM1-BGC,rcp45,2035,103,Tmin 20–25°C,tmin
CESM1-BGC,rcp45,2036,114,Tmin 20–25°C,tmin
CESM1-CAM5,rcp45,2006,107,Tmin 20–25°C,tmin
CESM1-CAM5,rcp45,2007,147,Tmin 20–25°C,tmin
CESM1-CAM5,rcp45,2008,108,Tmin 20–25°C,tmin
CESM1-CAM5,rcp45,2009,156,Tmin 20–25°C,tmin
CESM1-CAM5,rcp45,2010,129,Tmin 20–25°C,tmin
CESM1-CAM5,rcp45,2011,124,Tmin 20–25°C,tmin
CESM1-CAM5,rcp45,2012,130,Tmin 20–25°C,tmin
CESM1-CAM5,rcp45,2013,110,Tmin 20–25°C,tmin
CESM1-CAM5,rcp45,2014,155,Tmin 20–25°C,tmin
CESM1-CAM5,rcp45,2015,108,Tmin 20–25°C,tmin
CESM1-CAM5,rcp45,2016,144,Tmin 20–25°C,tmin
CESM1-CAM5,rcp45,2017,142,Tmin 20–25°C,tmin
CESM1-CAM5,rcp45,2018,126,Tmin 20–25°C,tmin
CESM1-CAM5,rcp45,2019,121,Tmin 20–25°C,tmin
CESM1-CAM5,rcp45,2020,117,Tmin 20–25°C,tmin
CESM1-CAM5,rcp45,2021,124,Tmin 20–25°C,tmin
CESM1-CAM5,rcp45,2022,124,Tmin 20–25°C,tmin
CESM1-CAM5,rcp45,2023,104,Tmin 20–25°C,tmin
CESM1-CAM5,rcp45,2024,99,Tmin 20–25°C,tmin
CESM1-CAM5,rcp45,2025,93,Tmin 20–25°C,tmin
CESM1-CAM5,rcp45,2026,169,Tmin 20–25°C,tmin
CESM1-CAM5,rcp45,2027,141,Tmin 20–25°C,tmin
CESM1-CAM5,rcp45,2028,117,Tmin 20–25°C,tmin
CESM1-CAM5,rcp45,2029,137,Tmin 20–25°C,tmin
CESM1-CAM5,rcp45,2030,92,Tmin 20–25°C,tmin
CESM1-CAM5,rcp45,2031,131,Tmin 20–25°C,tmin
CESM1-CAM5,rcp45,2032,117,Tmin 20–25°C,tmin
CESM1-CAM5,rcp45,2033,93,Tmin 20–25°C,tmin
CESM1-CAM5,rcp45,2034,110,Tmin 20–25°C,tmin
CESM1-CAM5,rcp45,2035,115,Tmin 20–25°C,tmin
CESM1-CAM5,rcp45,2036,79,Tmin 20–25°C,tmin
CMCC-CM,rcp45,2006,128,Tmin 20–25°C,tmin
CMCC-CM,rcp45,2007,142,Tmin 20–25°C,tmin
CMCC-CM,rcp45,2008,117,Tmin 20–25°C,tmin
CMCC-CM,rcp45,2009,110,Tmin 20–25°C,tmin
CMCC-CM,rcp45,2010,98,Tmin 20–25°C,tmin
CMCC-CM,rcp45,2011,117,Tmin 20–25°C,tmin
CMCC-CM,rcp45,2012,100,Tmin 20–25°C,tmin
CMCC-CM,rcp45,2013,98,Tmin 20–25°C,tmin
CMCC-CM,rcp45,2014,123,Tmin 20–25°C,tmin
CMCC-CM,rcp45,2015,100,Tmin 20–25°C,tmin
CMCC-CM,rcp45,2016,137,Tmin 20–25°C,tmin
CMCC-CM,rcp45,2017,125,Tmin 20–25°C,tmin
CMCC-CM,rcp45,2018,151,Tmin 20–25°C,tmin
CMCC-CM,rcp45,2019,115,Tmin 20–25°C,tmin
CMCC-CM,rcp45,2020,125,Tmin 20–25°C,tmin
CMCC-CM,rcp45,2021,114,Tmin 20–25°C,tmin
CMCC-CM,rcp45,2022,115,Tmin 20–25°C,tmin
CMCC-CM,rcp45,2023,117,Tmin 20–25°C,tmin
CMCC-CM,rcp45,2024,136,Tmin 20–25°C,tmin
CMCC-CM,rcp45,2025,117,Tmin 20–25°C,tmin
CMCC-CM,rcp45,2026,132,Tmin 20–25°C,tmin
CMCC-CM,rcp45,2027,131,Tmin 20–25°C,tmin
CMCC-CM,rcp45,2028,133,Tmin 20–25°C,tmin
CMCC-CM,rcp45,2029,112,Tmin 20–25°C,tmin
CMCC-CM,rcp45,2030,116,Tmin 20–25°C,tmin
CMCC-CM,rcp45,2031,132,Tmin 20–25°C,tmin
CMCC-CM,rcp45,2032,103,Tmin 20–25°C,tmin
CMCC-CM,rcp45,2033,122,Tmin 20–25°C,tmin
CMCC-CM,rcp45,2034,139,Tmin 20–25°C,tmin
CMCC-CM,rcp45,2035,101,Tmin 20–25°C,tmin
CMCC-CM,rcp45,2036,107,Tmin 20–25°C,tmin
CMCC-CMS,rcp45,2006,141,Tmin 20–25°C,tmin
CMCC-CMS,rcp45,2007,136,Tmin 20–25°C,tmin
CMCC-CMS,rcp45,2008,116,Tmin 20–25°C,tmin
CMCC-CMS,rcp45,2009,121,Tmin 20–25°C,tmin
CMCC-CMS,rcp45,2010,103,Tmin 20–25°C,tmin
CMCC-CMS,rcp45,2011,133,Tmin 20–25°C,tmin
CMCC-CMS,rcp45,2012,130,Tmin 20–25°C,tmin
CMCC-CMS,rcp45,2013,94,Tmin 20–25°C,tmin
CMCC-CMS,rcp45,2014,114,Tmin 20–25°C,tmin
CMCC-CMS,rcp45,2015,114,Tmin 20–25°C,tmin
CMCC-CMS,rcp45,2016,107,Tmin 20–25°C,tmin
CMCC-CMS,rcp45,2017,132,Tmin 20–25°C,tmin
CMCC-CMS,rcp45,2018,100,Tmin 20–25°C,tmin
CMCC-CMS,rcp45,2019,158,Tmin 20–25°C,tmin
CMCC-CMS,rcp45,2020,163,Tmin 20–25°C,tmin
CMCC-CMS,rcp45,2021,95,Tmin 20–25°C,tmin
CMCC-CMS,rcp45,2022,119,Tmin 20–25°C,tmin
CMCC-CMS,rcp45,2023,108,Tmin 20–25°C,tmin
CMCC-CMS,rcp45,2024,134,Tmin 20–25°C,tmin
CMCC-CMS,rcp45,2025,130,Tmin 20–25°C,tmin
CMCC-CMS,rcp45,2026,122,Tmin 20–25°C,tmin
CMCC-CMS,rcp45,2027,135,Tmin 20–25°C,tmin
CMCC-CMS,rcp45,2028,130,Tmin 20–25°C,tmin
CMCC-CMS,rcp45,2029,106,Tmin 20–25°C,tmin
CMCC-CMS,rcp45,2030,118,Tmin 20–25°C,tmin
CMCC-CMS,rcp45,2031,110,Tmin 20–25°C,tmin
CMCC-CMS,rcp45,2032,135,Tmin 20–25°C,tmin
CMCC-CMS,rcp45,2033,112,Tmin 20–25°C,tmin
CMCC-CMS,rcp45,2034,96,Tmin 20–25°C,tmin
CMCC-CMS,rcp45,2035,126,Tmin 20–25°C,tmin
CMCC-CMS,rcp45,2036,116,Tmin 20–25°C,tmin
CNRM-CM5,rcp45,2006,147,Tmin 20–25°C,tmin
CNRM-CM5,rcp45,2007,138,Tmin 20–25°C,tmin
CNRM-CM5,rcp45,2008,127,Tmin 20–25°C,tmin
CNRM-CM5,rcp45,2009,133,Tmin 20–25°C,tmin
CNRM-CM5,rcp45,2010,153,Tmin 20–25°C,tmin
CNRM-CM5,rcp45,2011,132,Tmin 20–25°C,tmin
CNRM-CM5,rcp45,2012,130,Tmin 20–25°C,tmin
CNRM-CM5,rcp45,2013,120,Tmin 20–25°C,tmin
CNRM-CM5,rcp45,2014,125,Tmin 20–25°C,tmin
CNRM-CM5,rcp45,2015,128,Tmin 20–25°C,tmin
CNRM-CM5,rcp45,2016,139,Tmin 20–25°C,tmin
CNRM-CM5,rcp45,2017,115,Tmin 20–25°C,tmin
CNRM-CM5,rcp45,2018,106,Tmin 20–25°C,tmin
CNRM-CM5,rcp45,2019,142,Tmin 20–25°C,tmin
CNRM-CM5,rcp45,2020,134,Tmin 20–25°C,tmin
CNRM-CM5,rcp45,2021,119,Tmin 20–25°C,tmin
CNRM-CM5,rcp45,2022,142,Tmin 20–25°C,tmin
CNRM-CM5,rcp45,2023,127,Tmin 20–25°C,tmin
CNRM-CM5,rcp45,2024,115,Tmin 20–25°C,tmin
CNRM-CM5,rcp45,2025,110,Tmin 20–25°C,tmin
CNRM-CM5,rcp45,2026,141,Tmin 20–25°C,tmin
CNRM-CM5,rcp45,2027,121,Tmin 20–25°C,tmin
CNRM-CM5,rcp45,2028,117,Tmin 20–25°C,tmin
CNRM-CM5,rcp45,2029,97,Tmin 20–25°C,tmin
CNRM-CM5,rcp45,2030,125,Tmin 20–25°C,tmin
CNRM-CM5,rcp45,2031,133,Tmin 20–25°C,tmin
CNRM-CM5,rcp45,2032,125,Tmin 20–25°C,tmin
CNRM-CM5,rcp45,2033,102,Tmin 20–25°C,tmin
CNRM-CM5,rcp45,2034,115,Tmin 20–25°C,tmin
CNRM-CM5,rcp45,2035,103,Tmin 20–25°C,tmin
CNRM-CM5,rcp45,2036,100,Tmin 20–25°C,tmin
CSIRO-Mk3-6-0,rcp45,2006,126,Tmin 20–25°C,tmin
CSIRO-Mk3-6-0,rcp45,2007,166,Tmin 20–25°C,tmin
CSIRO-Mk3-6-0,rcp45,2008,126,Tmin 20–25°C,tmin
CSIRO-Mk3-6-0,rcp45,2009,117,Tmin 20–25°C,tmin
CSIRO-Mk3-6-0,rcp45,2010,119,Tmin 20–25°C,tmin
CSIRO-Mk3-6-0,rcp45,2011,123,Tmin 20–25°C,tmin
CSIRO-Mk3-6-0,rcp45,2012,133,Tmin 20–25°C,tmin
CSIRO-Mk3-6-0,rcp45,2013,107,Tmin 20–25°C,tmin
CSIRO-Mk3-6-0,rcp45,2014,162,Tmin 20–25°C,tmin
CSIRO-Mk3-6-0,rcp45,2015,114,Tmin 20–25°C,tmin
CSIRO-Mk3-6-0,rcp45,2016,143,Tmin 20–25°C,tmin
CSIRO-Mk3-6-0,rcp45,2017,134,Tmin 20–25°C,tmin
CSIRO-Mk3-6-0,rcp45,2018,154,Tmin 20–25°C,tmin
CSIRO-Mk3-6-0,rcp45,2019,134,Tmin 20–25°C,tmin
CSIRO-Mk3-6-0,rcp45,2020,127,Tmin 20–25°C,tmin
CSIRO-Mk3-6-0,rcp45,2021,112,Tmin 20–25°C,tmin
CSIRO-Mk3-6-0,rcp45,2022,120,Tmin 20–25°C,tmin
CSIRO-Mk3-6-0,rcp45,2023,115,Tmin 20–25°C,tmin
CSIRO-Mk3-6-0,rcp45,2024,142,Tmin 20–25°C,tmin
CSIRO-Mk3-6-0,rcp45,2025,128,Tmin 20–25°C,tmin
CSIRO-Mk3-6-0,rcp45,2026,129,Tmin 20–25°C,tmin
CSIRO-Mk3-6-0,rcp45,2027,130,Tmin 20–25°C,tmin
CSIRO-Mk3-6-0,rcp45,2028,132,Tmin 20–25°C,tmin
CSIRO-Mk3-6-0,rcp45,2029,111,Tmin 20–25°C,tmin
CSIRO-Mk3-6-0,rcp45,2030,127,Tmin 20–25°C,tmin
CSIRO-Mk3-6-0,rcp45,2031,116,Tmin 20–25°C,tmin
CSIRO-Mk3-6-0,rcp45,2032,118,Tmin 20–25°C,tmin
CSIRO-Mk3-6-0,rcp45,2033,112,Tmin 20–25°C,tmin
CSIRO-Mk3-6-0,rcp45,2034,124,Tmin 20–25°C,tmin
CSIRO-Mk3-6-0,rcp45,2035,126,Tmin 20–25°C,tmin
CSIRO-Mk3-6-0,rcp45,2036,113,Tmin 20–25°C,tmin
CanESM2,rcp45,2006,104,Tmin 20–25°C,tmin
CanESM2,rcp45,2007,145,Tmin 20–25°C,tmin
CanESM2,rcp45,2008,122,Tmin 20–25°C,tmin
CanESM2,rcp45,2009,108,Tmin 20–25°C,tmin
CanESM2,rcp45,2010,94,Tmin 20–25°C,tmin
CanESM2,rcp45,2011,82,Tmin 20–25°C,tmin
CanESM2,rcp45,2012,130,Tmin 20–25°C,tmin
CanESM2,rcp45,2013,113,Tmin 20–25°C,tmin
CanESM2,rcp45,2014,108,Tmin 20–25°C,tmin
CanESM2,rcp45,2015,123,Tmin 20–25°C,tmin
CanESM2,rcp45,2016,108,Tmin 20–25°C,tmin
CanESM2,rcp45,2017,134,Tmin 20–25°C,tmin
CanESM2,rcp45,2018,114,Tmin 20–25°C,tmin
CanESM2,rcp45,2019,118,Tmin 20–25°C,tmin
CanESM2,rcp45,2020,83,Tmin 20–25°C,tmin
CanESM2,rcp45,2021,104,Tmin 20–25°C,tmin
CanESM2,rcp45,2022,91,Tmin 20–25°C,tmin
CanESM2,rcp45,2023,124,Tmin 20–25°C,tmin
CanESM2,rcp45,2024,108,Tmin 20–25°C,tmin
CanESM2,rcp45,2025,95,Tmin 20–25°C,tmin
CanESM2,rcp45,2026,100,Tmin 20–25°C,tmin
CanESM2,rcp45,2027,80,Tmin 20–25°C,tmin
CanESM2,rcp45,2028,82,Tmin 20–25°C,tmin
CanESM2,rcp45,2029,97,Tmin 20–25°C,tmin
CanESM2,rcp45,2030,89,Tmin 20–25°C,tmin
CanESM2,rcp45,2031,88,Tmin 20–25°C,tmin
CanESM2,rcp45,2032,112,Tmin 20–25°C,tmin
CanESM2,rcp45,2033,108,Tmin 20–25°C,tmin
CanESM2,rcp45,2034,89,Tmin 20–25°C,tmin
CanESM2,rcp45,2035,116,Tmin 20–25°C,tmin
CanESM2,rcp45,2036,86,Tmin 20–25°C,tmin
FGOALS-g2,rcp45,2006,115,Tmin 20–25°C,tmin
FGOALS-g2,rcp45,2007,110,Tmin 20–25°C,tmin
FGOALS-g2,rcp45,2008,144,Tmin 20–25°C,tmin
FGOALS-g2,rcp45,2009,131,Tmin 20–25°C,tmin
FGOALS-g2,rcp45,2010,118,Tmin 20–25°C,tmin
FGOALS-g2,rcp45,2011,143,Tmin 20–25°C,tmin
FGOALS-g2,rcp45,2012,129,Tmin 20–25°C,tmin
FGOALS-g2,rcp45,2013,134,Tmin 20–25°C,tmin
FGOALS-g2,rcp45,2014,110,Tmin 20–25°C,tmin
FGOALS-g2,rcp45,2015,133,Tmin 20–25°C,tmin
FGOALS-g2,rcp45,2016,130,Tmin 20–25°C,tmin
FGOALS-g2,rcp45,2017,131,Tmin 20–25°C,tmin
FGOALS-g2,rcp45,2018,109,Tmin 20–25°C,tmin
FGOALS-g2,rcp45,2019,115,Tmin 20–25°C,tmin
FGOALS-g2,rcp45,2020,110,Tmin 20–25°C,tmin
FGOALS-g2,rcp45,2021,128,Tmin 20–25°C,tmin
FGOALS-g2,rcp45,2022,107,Tmin 20–25°C,tmin
FGOALS-g2,rcp45,2023,112,Tmin 20–25°C,tmin
FGOALS-g2,rcp45,2024,140,Tmin 20–25°C,tmin
FGOALS-g2,rcp45,2025,119,Tmin 20–25°C,tmin
FGOALS-g2,rcp45,2026,94,Tmin 20–25°C,tmin
FGOALS-g2,rcp45,2027,140,Tmin 20–25°C,tmin
FGOALS-g2,rcp45,2028,123,Tmin 20–25°C,tmin
FGOALS-g2,rcp45,2029,133,Tmin 20–25°C,tmin
FGOALS-g2,rcp45,2030,106,Tmin 20–25°C,tmin
FGOALS-g2,rcp45,2031,113,Tmin 20–25°C,tmin
FGOALS-g2,rcp45,2032,105,Tmin 20–25°C,tmin
FGOALS-g2,rcp45,2033,127,Tmin 20–25°C,tmin
FGOALS-g2,rcp45,2034,136,Tmin 20–25°C,tmin
FGOALS-g2,rcp45,2035,101,Tmin 20–25°C,tmin
FGOALS-g2,rcp45,2036,112,Tmin 20–25°C,tmin
GFDL-ESM2G,rcp45,2006,85,Tmin 20–25°C,tmin
GFDL-ESM2G,rcp45,2007,98,Tmin 20–25°C,tmin
GFDL-ESM2G,rcp45,2008,119,Tmin 20–25°C,tmin
GFDL-ESM2G,rcp45,2009,115,Tmin 20–25°C,tmin
GFDL-ESM2G,rcp45,2010,102,Tmin 20–25°C,tmin
GFDL-ESM2G,rcp45,2011,102,Tmin 20–25°C,tmin
GFDL-ESM2G,rcp45,2012,84,Tmin 20–25°C,tmin
GFDL-ESM2G,rcp45,2013,104,Tmin 20–25°C,tmin
GFDL-ESM2G,rcp45,2014,131,Tmin 20–25°C,tmin
GFDL-ESM2G,rcp45,2015,109,Tmin 20–25°C,tmin
GFDL-ESM2G,rcp45,2016,96,Tmin 20–25°C,tmin
GFDL-ESM2G,rcp45,2017,92,Tmin 20–25°C,tmin
GFDL-ESM2G,rcp45,2018,107,Tmin 20–25°C,tmin
GFDL-ESM2G,rcp45,2019,131,Tmin 20–25°C,tmin
GFDL-ESM2G,rcp45,2020,130,Tmin 20–25°C,tmin
GFDL-ESM2G,rcp45,2021,83,Tmin 20–25°C,tmin
GFDL-ESM2G,rcp45,2022,81,Tmin 20–25°C,tmin
GFDL-ESM2G,rcp45,2023,115,Tmin 20–25°C,tmin
GFDL-ESM2G,rcp45,2024,116,Tmin 20–25°C,tmin
GFDL-ESM2G,rcp45,2025,129,Tmin 20–25°C,tmin
GFDL-ESM2G,rcp45,2026,111,Tmin 20–25°C,tmin
GFDL-ESM2G,rcp45,2027,118,Tmin 20–25°C,tmin
GFDL-ESM2G,rcp45,2028,112,Tmin 20–25°C,tmin
GFDL-ESM2G,rcp45,2029,112,Tmin 20–25°C,tmin
GFDL-ESM2G,rcp45,2030,99,Tmin 20–25°C,tmin
GFDL-ESM2G,rcp45,2031,95,Tmin 20–25°C,tmin
GFDL-ESM2G,rcp45,2032,111,Tmin 20–25°C,tmin
GFDL-ESM2G,rcp45,2033,85,Tmin 20–25°C,tmin
GFDL-ESM2G,rcp45,2034,155,Tmin 20–25°C,tmin
GFDL-ESM2G,rcp45,2035,132,Tmin 20–25°C,tmin
GFDL-ESM2G,rcp45,2036,109,Tmin 20–25°C,tmin
GFDL-ESM2M,rcp45,2006,143,Tmin 20–25°C,tmin
GFDL-ESM2M,rcp45,2007,117,Tmin 20–25°C,tmin
GFDL-ESM2M,rcp45,2008,124,Tmin 20–25°C,tmin
GFDL-ESM2M,rcp45,2009,158,Tmin 20–25°C,tmin
GFDL-ESM2M,rcp45,2010,147,Tmin 20–25°C,tmin
GFDL-ESM2M,rcp45,2011,111,Tmin 20–25°C,tmin
GFDL-ESM2M,rcp45,2012,138,Tmin 20–25°C,tmin
GFDL-ESM2M,rcp45,2013,136,Tmin 20–25°C,tmin
GFDL-ESM2M,rcp45,2014,107,Tmin 20–25°C,tmin
GFDL-ESM2M,rcp45,2015,124,Tmin 20–25°C,tmin
GFDL-ESM2M,rcp45,2016,95,Tmin 20–25°C,tmin
GFDL-ESM2M,rcp45,2017,72,Tmin 20–25°C,tmin
GFDL-ESM2M,rcp45,2018,104,Tmin 20–25°C,tmin
GFDL-ESM2M,rcp45,2019,117,Tmin 20–25°C,tmin
GFDL-ESM2M,rcp45,2020,120,Tmin 20–25°C,tmin
GFDL-ESM2M,rcp45,2021,118,Tmin 20–25°C,tmin
GFDL-ESM2M,rcp45,2022,102,Tmin 20–25°C,tmin
GFDL-ESM2M,rcp45,2023,139,Tmin 20–25°C,tmin
GFDL-ESM2M,rcp45,2024,129,Tmin 20–25°C,tmin
GFDL-ESM2M,rcp45,2025,135,Tmin 20–25°C,tmin
GFDL-ESM2M,rcp45,2026,98,Tmin 20–25°C,tmin
GFDL-ESM2M,rcp45,2027,152,Tmin 20–25°C,tmin
GFDL-ESM2M,rcp45,2028,133,Tmin 20–25°C,tmin
GFDL-ESM2M,rcp45,2029,130,Tmin 20–25°C,tmin
GFDL-ESM2M,rcp45,2030,124,Tmin 20–25°C,tmin
GFDL-ESM2M,rcp45,2031,105,Tmin 20–25°C,tmin
GFDL-ESM2M,rcp45,2032,82,Tmin 20–25°C,tmin
GFDL-ESM2M,rcp45,2033,113,Tmin 20–25°C,tmin
GFDL-ESM2M,rcp45,2034,113,Tmin 20–25°C,tmin
GFDL-ESM2M,rcp45,2035,109,Tmin 20–25°C,tmin
GFDL-ESM2M,rcp45,2036,121,Tmin 20–25°C,tmin
IPSL-CM5A-LR,rcp45,2006,112,Tmin 20–25°C,tmin
IPSL-CM5A-LR,rcp45,2007,131,Tmin 20–25°C,tmin
IPSL-CM5A-LR,rcp45,2008,127,Tmin 20–25°C,tmin
IPSL-CM5A-LR,rcp45,2009,118,Tmin 20–25°C,tmin
IPSL-CM5A-LR,rcp45,2010,101,Tmin 20–25°C,tmin
IPSL-CM5A-LR,rcp45,2011,134,Tmin 20–25°C,tmin
IPSL-CM5A-LR,rcp45,2012,143,Tmin 20–25°C,tmin
IPSL-CM5A-LR,rcp45,2013,103,Tmin 20–25°C,tmin
IPSL-CM5A-LR,rcp45,2014,121,Tmin 20–25°C,tmin
IPSL-CM5A-LR,rcp45,2015,109,Tmin 20–25°C,tmin
IPSL-CM5A-LR,rcp45,2016,128,Tmin 20–25°C,tmin
IPSL-CM5A-LR,rcp45,2017,94,Tmin 20–25°C,tmin
IPSL-CM5A-LR,rcp45,2018,97,Tmin 20–25°C,tmin
IPSL-CM5A-LR,rcp45,2019,105,Tmin 20–25°C,tmin
IPSL-CM5A-LR,rcp45,2020,120,Tmin 20–25°C,tmin
IPSL-CM5A-LR,rcp45,2021,112,Tmin 20–25°C,tmin
IPSL-CM5A-LR,rcp45,2022,113,Tmin 20–25°C,tmin
IPSL-CM5A-LR,rcp45,2023,115,Tmin 20–25°C,tmin
IPSL-CM5A-LR,rcp45,2024,112,Tmin 20–25°C,tmin
IPSL-CM5A-LR,rcp45,2025,99,Tmin 20–25°C,tmin
IPSL-CM5A-LR,rcp45,2026,107,Tmin 20–25°C,tmin
IPSL-CM5A-LR,rcp45,2027,118,Tmin 20–25°C,tmin
IPSL-CM5A-LR,rcp45,2028,94,Tmin 20–25°C,tmin
IPSL-CM5A-LR,rcp45,2029,103,Tmin 20–25°C,tmin
IPSL-CM5A-LR,rcp45,2030,118,Tmin 20–25°C,tmin
IPSL-CM5A-LR,rcp45,2031,120,Tmin 20–25°C,tmin
IPSL-CM5A-LR,rcp45,2032,90,Tmin 20–25°C,tmin
IPSL-CM5A-LR,rcp45,2033,111,Tmin 20–25°C,tmin
IPSL-CM5A-LR,rcp45,2034,124,Tmin 20–25°C,tmin
IPSL-CM5A-LR,rcp45,2035,91,Tmin 20–25°C,tmin
IPSL-CM5A-LR,rcp45,2036,94,Tmin 20–25°C,tmin
IPSL-CM5A-MR,rcp45,2006,109,Tmin 20–25°C,tmin
IPSL-CM5A-MR,rcp45,2007,136,Tmin 20–25°C,tmin
IPSL-CM5A-MR,rcp45,2008,115,Tmin 20–25°C,tmin
IPSL-CM5A-MR,rcp45,2009,102,Tmin 20–25°C,tmin
IPSL-CM5A-MR,rcp45,2010,118,Tmin 20–25°C,tmin
IPSL-CM5A-MR,rcp45,2011,140,Tmin 20–25°C,tmin
IPSL-CM5A-MR,rcp45,2012,112,Tmin 20–25°C,tmin
IPSL-CM5A-MR,rcp45,2013,113,Tmin 20–25°C,tmin
IPSL-CM5A-MR,rcp45,2014,132,Tmin 20–25°C,tmin
IPSL-CM5A-MR,rcp45,2015,98,Tmin 20–25°C,tmin
IPSL-CM5A-MR,rcp45,2016,112,Tmin 20–25°C,tmin
IPSL-CM5A-MR,rcp45,2017,105,Tmin 20–25°C,tmin
IPSL-CM5A-MR,rcp45,2018,105,Tmin 20–25°C,tmin
IPSL-CM5A-MR,rcp45,2019,118,Tmin 20–25°C,tmin
IPSL-CM5A-MR,rcp45,2020,97,Tmin 20–25°C,tmin
IPSL-CM5A-MR,rcp45,2021,113,Tmin 20–25°C,tmin
IPSL-CM5A-MR,rcp45,2022,117,Tmin 20–25°C,tmin
IPSL-CM5A-MR,rcp45,2023,125,Tmin 20–25°C,tmin
IPSL-CM5A-MR,rcp45,2024,138,Tmin 20–25°C,tmin
IPSL-CM5A-MR,rcp45,2025,113,Tmin 20–25°C,tmin
IPSL-CM5A-MR,rcp45,2026,101,Tmin 20–25°C,tmin
IPSL-CM5A-MR,rcp45,2027,89,Tmin 20–25°C,tmin
IPSL-CM5A-MR,rcp45,2028,102,Tmin 20–25°C,tmin
IPSL-CM5A-MR,rcp45,2029,112,Tmin 20–25°C,tmin
IPSL-CM5A-MR,rcp45,2030,117,Tmin 20–25°C,tmin
IPSL-CM5A-MR,rcp45,2031,95,Tmin 20–25°C,tmin
IPSL-CM5A-MR,rcp45,2032,97,Tmin 20–25°C,tmin
IPSL-CM5A-MR,rcp45,2033,110,Tmin 20–25°C,tmin
IPSL-CM5A-MR,rcp45,2034,84,Tmin 20–25°C,tmin
IPSL-CM5A-MR,rcp45,2035,89,Tmin 20–25°C,tmin
IPSL-CM5A-MR,rcp45,2036,116,Tmin 20–25°C,tmin
IPSL-CM5B-LR,rcp45,2006,137,Tmin 20–25°C,tmin
IPSL-CM5B-LR,rcp45,2007,125,Tmin 20–25°C,tmin
IPSL-CM5B-LR,rcp45,2008,130,Tmin 20–25°C,tmin
IPSL-CM5B-LR,rcp45,2009,100,Tmin 20–25°C,tmin
IPSL-CM5B-LR,rcp45,2010,136,Tmin 20–25°C,tmin
IPSL-CM5B-LR,rcp45,2011,127,Tmin 20–25°C,tmin
IPSL-CM5B-LR,rcp45,2012,129,Tmin 20–25°C,tmin
IPSL-CM5B-LR,rcp45,2013,112,Tmin 20–25°C,tmin
IPSL-CM5B-LR,rcp45,2014,110,Tmin 20–25°C,tmin
IPSL-CM5B-LR,rcp45,2015,98,Tmin 20–25°C,tmin
IPSL-CM5B-LR,rcp45,2016,133,Tmin 20–25°C,tmin
IPSL-CM5B-LR,rcp45,2017,102,Tmin 20–25°C,tmin
IPSL-CM5B-LR,rcp45,2018,126,Tmin 20–25°C,tmin
IPSL-CM5B-LR,rcp45,2019,156,Tmin 20–25°C,tmin
IPSL-CM5B-LR,rcp45,2020,148,Tmin 20–25°C,tmin
IPSL-CM5B-LR,rcp45,2021,140,Tmin 20–25°C,tmin
IPSL-CM5B-LR,rcp45,2022,138,Tmin 20–25°C,tmin
IPSL-CM5B-LR,rcp45,2023,97,Tmin 20–25°C,tmin
IPSL-CM5B-LR,rcp45,2024,112,Tmin 20–25°C,tmin
IPSL-CM5B-LR,rcp45,2025,105,Tmin 20–25°C,tmin
IPSL-CM5B-LR,rcp45,2026,99,Tmin 20–25°C,tmin
IPSL-CM5B-LR,rcp45,2027,127,Tmin 20–25°C,tmin
IPSL-CM5B-LR,rcp45,2028,131,Tmin 20–25°C,tmin
IPSL-CM5B-LR,rcp45,2029,89,Tmin 20–25°C,tmin
IPSL-CM5B-LR,rcp45,2030,133,Tmin 20–25°C,tmin
IPSL-CM5B-LR,rcp45,2031,146,Tmin 20–25°C,tmin
IPSL-CM5B-LR,rcp45,2032,114,Tmin 20–25°C,tmin
IPSL-CM5B-LR,rcp45,2033,116,Tmin 20–25°C,tmin
IPSL-CM5B-LR,rcp45,2034,109,Tmin 20–25°C,tmin
IPSL-CM5B-LR,rcp45,2035,115,Tmin 20–25°C,tmin
IPSL-CM5B-LR,rcp45,2036,88,Tmin 20–25°C,tmin
MIROC-ESM,rcp45,2006,102,Tmin 20–25°C,tmin
MIROC-ESM,rcp45,2007,116,Tmin 20–25°C,tmin
MIROC-ESM,rcp45,2008,141,Tmin 20–25°C,tmin
MIROC-ESM,rcp45,2009,130,Tmin 20–25°C,tmin
MIROC-ESM,rcp45,2010,148,Tmin 20–25°C,tmin
MIROC-ESM,rcp45,2011,111,Tmin 20–25°C,tmin
MIROC-ESM,rcp45,2012,96,Tmin 20–25°C,tmin
MIROC-ESM,rcp45,2013,165,Tmin 20–25°C,tmin
MIROC-ESM,rcp45,2014,118,Tmin 20–25°C,tmin
MIROC-ESM,rcp45,2015,110,Tmin 20–25°C,tmin
MIROC-ESM,rcp45,2016,156,Tmin 20–25°C,tmin
MIROC-ESM,rcp45,2017,123,Tmin 20–25°C,tmin
MIROC-ESM,rcp45,2018,98,Tmin 20–25°C,tmin
MIROC-ESM,rcp45,2019,145,Tmin 20–25°C,tmin
MIROC-ESM,rcp45,2020,113,Tmin 20–25°C,tmin
MIROC-ESM,rcp45,2021,139,Tmin 20–25°C,tmin
MIROC-ESM,rcp45,2022,99,Tmin 20–25°C,tmin
MIROC-ESM,rcp45,2023,84,Tmin 20–25°C,tmin
MIROC-ESM,rcp45,2024,100,Tmin 20–25°C,tmin
MIROC-ESM,rcp45,2025,86,Tmin 20–25°C,tmin
MIROC-ESM,rcp45,2026,85,Tmin 20–25°C,tmin
MIROC-ESM,rcp45,2027,77,Tmin 20–25°C,tmin
MIROC-ESM,rcp45,2028,96,Tmin 20–25°C,tmin
MIROC-ESM,rcp45,2029,120,Tmin 20–25°C,tmin
MIROC-ESM,rcp45,2030,102,Tmin 20–25°C,tmin
MIROC-ESM,rcp45,2031,95,Tmin 20–25°C,tmin
MIROC-ESM,rcp45,2032,92,Tmin 20–25°C,tmin
MIROC-ESM,rcp45,2033,87,Tmin 20–25°C,tmin
MIROC-ESM,rcp45,2034,83,Tmin 20–25°C,tmin
MIROC-ESM,rcp45,2035,78,Tmin 20–25°C,tmin
MIROC-ESM,rcp45,2036,101,Tmin 20–25°C,tmin
MIROC-ESM-CHEM,rcp45,2006,166,Tmin 20–25°C,tmin
MIROC-ESM-CHEM,rcp45,2007,141,Tmin 20–25°C,tmin
MIROC-ESM-CHEM,rcp45,2008,136,Tmin 20–25°C,tmin
MIROC-ESM-CHEM,rcp45,2009,130,Tmin 20–25°C,tmin
MIROC-ESM-CHEM,rcp45,2010,80,Tmin 20–25°C,tmin
MIROC-ESM-CHEM,rcp45,2011,112,Tmin 20–25°C,tmin
MIROC-ESM-CHEM,rcp45,2012,109,Tmin 20–25°C,tmin
MIROC-ESM-CHEM,rcp45,2013,71,Tmin 20–25°C,tmin
MIROC-ESM-CHEM,rcp45,2014,77,Tmin 20–25°C,tmin
MIROC-ESM-CHEM,rcp45,2015,145,Tmin 20–25°C,tmin
MIROC-ESM-CHEM,rcp45,2016,146,Tmin 20–25°C,tmin
MIROC-ESM-CHEM,rcp45,2017,143,Tmin 20–25°C,tmin
MIROC-ESM-CHEM,rcp45,2018,150,Tmin 20–25°C,tmin
MIROC-ESM-CHEM,rcp45,2019,140,Tmin 20–25°C,tmin
MIROC-ESM-CHEM,rcp45,2020,127,Tmin 20–25°C,tmin
MIROC-ESM-CHEM,rcp45,2021,73,Tmin 20–25°C,tmin
MIROC-ESM-CHEM,rcp45,2022,100,Tmin 20–25°C,tmin
MIROC-ESM-CHEM,rcp45,2023,135,Tmin 20–25°C,tmin
MIROC-ESM-CHEM,rcp45,2024,77,Tmin 20–25°C,tmin
MIROC-ESM-CHEM,rcp45,2025,128,Tmin 20–25°C,tmin
MIROC-ESM-CHEM,rcp45,2026,104,Tmin 20–25°C,tmin
MIROC-ESM-CHEM,rcp45,2027,78,Tmin 20–25°C,tmin
MIROC-ESM-CHEM,rcp45,2028,95,Tmin 20–25°C,tmin
MIROC-ESM-CHEM,rcp45,2029,103,Tmin 20–25°C,tmin
MIROC-ESM-CHEM,rcp45,2030,85,Tmin 20–25°C,tmin
MIROC-ESM-CHEM,rcp45,2031,118,Tmin 20–25°C,tmin
MIROC-ESM-CHEM,rcp45,2032,130,Tmin 20–25°C,tmin
MIROC-ESM-CHEM,rcp45,2033,106,Tmin 20–25°C,tmin
MIROC-ESM-CHEM,rcp45,2034,127,Tmin 20–25°C,tmin
MIROC-ESM-CHEM,rcp45,2035,125,Tmin 20–25°C,tmin
MIROC-ESM-CHEM,rcp45,2036,168,Tmin 20–25°C,tmin
MIROC5,rcp45,2006,110,Tmin 20–25°C,tmin
MIROC5,rcp45,2007,133,Tmin 20–25°C,tmin
MIROC5,rcp45,2008,106,Tmin 20–25°C,tmin
MIROC5,rcp45,2009,153,Tmin 20–25°C,tmin
MIROC5,rcp45,2010,114,Tmin 20–25°C,tmin
MIROC5,rcp45,2011,75,Tmin 20–25°C,tmin
MIROC5,rcp45,2012,102,Tmin 20–25°C,tmin
MIROC5,rcp45,2013,143,Tmin 20–25°C,tmin
MIROC5,rcp45,2014,143,Tmin 20–25°C,tmin
MIROC5,rcp45,2015,112,Tmin 20–25°C,tmin
MIROC5,rcp45,2016,85,Tmin 20–25°C,tmin
MIROC5,rcp45,2017,116,Tmin 20–25°C,tmin
MIROC5,rcp45,2018,112,Tmin 20–25°C,tmin
MIROC5,rcp45,2019,114,Tmin 20–25°C,tmin
MIROC5,rcp45,2020,107,Tmin 20–25°C,tmin
MIROC5,rcp45,2021,93,Tmin 20–25°C,tmin
MIROC5,rcp45,2022,112,Tmin 20–25°C,tmin
MIROC5,rcp45,2023,130,Tmin 20–25°C,tmin
MIROC5,rcp45,2024,97,Tmin 20–25°C,tmin
MIROC5,rcp45,2025,79,Tmin 20–25°C,tmin
MIROC5,rcp45,2026,158,Tmin 20–25°C,tmin
MIROC5,rcp45,2027,73,Tmin 20–25°C,tmin
MIROC5,rcp45,2028,93,Tmin 20–25°C,tmin
MIROC5,rcp45,2029,132,Tmin 20–25°C,tmin
MIROC5,rcp45,2030,133,Tmin 20–25°C,tmin
MIROC5,rcp45,2031,128,Tmin 20–25°C,tmin
MIROC5,rcp45,2032,89,Tmin 20–25°C,tmin
MIROC5,rcp45,2033,104,Tmin 20–25°C,tmin
MIROC5,rcp45,2034,120,Tmin 20–25°C,tmin
MIROC5,rcp45,2035,111,Tmin 20–25°C,tmin
MIROC5,rcp45,2036,118,Tmin 20–25°C,tmin
MPI-ESM-LR,rcp45,2006,125,Tmin 20–25°C,tmin
MPI-ESM-LR,rcp45,2007,163,Tmin 20–25°C,tmin
MPI-ESM-LR,rcp45,2008,139,Tmin 20–25°C,tmin
MPI-ESM-LR,rcp45,2009,150,Tmin 20–25°C,tmin
MPI-ESM-LR,rcp45,2010,119,Tmin 20–25°C,tmin
MPI-ESM-LR,rcp45,2011,130,Tmin 20–25°C,tmin
MPI-ESM-LR,rcp45,2012,104,Tmin 20–25°C,tmin
MPI-ESM-LR,rcp45,2013,109,Tmin 20–25°C,tmin
MPI-ESM-LR,rcp45,2014,98,Tmin 20–25°C,tmin
MPI-ESM-LR,rcp45,2015,106,Tmin 20–25°C,tmin
MPI-ESM-LR,rcp45,2016,123,Tmin 20–25°C,tmin
MPI-ESM-LR,rcp45,2017,113,Tmin 20–25°C,tmin
MPI-ESM-LR,rcp45,2018,124,Tmin 20–25°C,tmin
MPI-ESM-LR,rcp45,2019,121,Tmin 20–25°C,tmin
MPI-ESM-LR,rcp45,2020,97,Tmin 20–25°C,tmin
MPI-ESM-LR,rcp45,2021,137,Tmin 20–25°C,tmin
MPI-ESM-LR,rcp45,2022,146,Tmin 20–25°C,tmin
MPI-ESM-LR,rcp45,2023,124,Tmin 20–25°C,tmin
MPI-ESM-LR,rcp45,2024,105,Tmin 20–25°C,tmin
MPI-ESM-LR,rcp45,2025,150,Tmin 20–25°C,tmin
MPI-ESM-LR,rcp45,2026,133,Tmin 20–25°C,tmin
MPI-ESM-LR,rcp45,2027,132,Tmin 20–25°C,tmin
MPI-ESM-LR,rcp45,2028,83,Tmin 20–25°C,tmin
MPI-ESM-LR,rcp45,2029,113,Tmin 20–25°C,tmin
MPI-ESM-LR,rcp45,2030,134,Tmin 20–25°C,tmin
MPI-ESM-LR,rcp45,2031,131,Tmin 20–25°C,tmin
MPI-ESM-LR,rcp45,2032,112,Tmin 20–25°C,tmin
MPI-ESM-LR,rcp45,2033,123,Tmin 20–25°C,tmin
MPI-ESM-LR,rcp45,2034,111,Tmin 20–25°C,tmin
MPI-ESM-LR,rcp45,2035,121,Tmin 20–25°C,tmin
MPI-ESM-LR,rcp45,2036,130,Tmin 20–25°C,tmin
MPI-ESM-MR,rcp45,2006,137,Tmin 20–25°C,tmin
MPI-ESM-MR,rcp45,2007,146,Tmin 20–25°C,tmin
MPI-ESM-MR,rcp45,2008,137,Tmin 20–25°C,tmin
MPI-ESM-MR,rcp45,2009,122,Tmin 20–25°C,tmin
MPI-ESM-MR,rcp45,2010,131,Tmin 20–25°C,tmin
MPI-ESM-MR,rcp45,2011,161,Tmin 20–25°C,tmin
MPI-ESM-MR,rcp45,2012,151,Tmin 20–25°C,tmin
MPI-ESM-MR,rcp45,2013,126,Tmin 20–25°C,tmin
MPI-ESM-MR,rcp45,2014,108,Tmin 20–25°C,tmin
MPI-ESM-MR,rcp45,2015,116,Tmin 20–25°C,tmin
MPI-ESM-MR,rcp45,2016,106,Tmin 20–25°C,tmin
MPI-ESM-MR,rcp45,2017,133,Tmin 20–25°C,tmin
MPI-ESM-MR,rcp45,2018,125,Tmin 20–25°C,tmin
MPI-ESM-MR,rcp45,2019,141,Tmin 20–25°C,tmin
MPI-ESM-MR,rcp45,2020,123,Tmin 20–25°C,tmin
MPI-ESM-MR,rcp45,2021,100,Tmin 20–25°C,tmin
MPI-ESM-MR,rcp45,2022,125,Tmin 20–25°C,tmin
MPI-ESM-MR,rcp45,2023,121,Tmin 20–25°C,tmin
MPI-ESM-MR,rcp45,2024,152,Tmin 20–25°C,tmin
MPI-ESM-MR,rcp45,2025,105,Tmin 20–25°C,tmin
MPI-ESM-MR,rcp45,2026,132,Tmin 20–25°C,tmin
MPI-ESM-MR,rcp45,2027,122,Tmin 20–25°C,tmin
MPI-ESM-MR,rcp45,2028,102,Tmin 20–25°C,tmin
MPI-ESM-MR,rcp45,2029,89,Tmin 20–25°C,tmin
MPI-ESM-MR,rcp45,2030,109,Tmin 20–25°C,tmin
MPI-ESM-MR,rcp45,2031,113,Tmin 20–25°C,tmin
MPI-ESM-MR,rcp45,2032,116,Tmin 20–25°C,tmin
MPI-ESM-MR,rcp45,2033,129,Tmin 20–25°C,tmin
MPI-ESM-MR,rcp45,2034,129,Tmin 20–25°C,tmin
MPI-ESM-MR,rcp45,2035,119,Tmin 20–25°C,tmin
MPI-ESM-MR,rcp45,2036,112,Tmin 20–25°C,tmin
MRI-CGCM3,rcp45,2006,122,Tmin 20–25°C,tmin
MRI-CGCM3,rcp45,2007,131,Tmin 20–25°C,tmin
MRI-CGCM3,rcp45,2008,145,Tmin 20–25°C,tmin
MRI-CGCM3,rcp45,2009,135,Tmin 20–25°C,tmin
MRI-CGCM3,rcp45,2010,132,Tmin 20–25°C,tmin
MRI-CGCM3,rcp45,2011,109,Tmin 20–25°C,tmin
MRI-CGCM3,rcp45,2012,133,Tmin 20–25°C,tmin
MRI-CGCM3,rcp45,2013,143,Tmin 20–25°C,tmin
MRI-CGCM3,rcp45,2014,125,Tmin 20–25°C,tmin
MRI-CGCM3,rcp45,2015,121,Tmin 20–25°C,tmin
MRI-CGCM3,rcp45,2016,134,Tmin 20–25°C,tmin
MRI-CGCM3,rcp45,2017,106,Tmin 20–25°C,tmin
MRI-CGCM3,rcp45,2018,146,Tmin 20–25°C,tmin
MRI-CGCM3,rcp45,2019,156,Tmin 20–25°C,tmin
MRI-CGCM3,rcp45,2020,106,Tmin 20–25°C,tmin
MRI-CGCM3,rcp45,2021,127,Tmin 20–25°C,tmin
MRI-CGCM3,rcp45,2022,135,Tmin 20–25°C,tmin
MRI-CGCM3,rcp45,2023,128,Tmin 20–25°C,tmin
MRI-CGCM3,rcp45,2024,117,Tmin 20–25°C,tmin
MRI-CGCM3,rcp45,2025,110,Tmin 20–25°C,tmin
MRI-CGCM3,rcp45,2026,104,Tmin 20–25°C,tmin
MRI-CGCM3,rcp45,2027,132,Tmin 20–25°C,tmin
MRI-CGCM3,rcp45,2028,124,Tmin 20–25°C,tmin
MRI-CGCM3,rcp45,2029,134,Tmin 20–25°C,tmin
MRI-CGCM3,rcp45,2030,132,Tmin 20–25°C,tmin
MRI-CGCM3,rcp45,2031,110,Tmin 20–25°C,tmin
MRI-CGCM3,rcp45,2032,124,Tmin 20–25°C,tmin
MRI-CGCM3,rcp45,2033,111,Tmin 20–25°C,tmin
MRI-CGCM3,rcp45,2034,134,Tmin 20–25°C,tmin
MRI-CGCM3,rcp45,2035,105,Tmin 20–25°C,tmin
MRI-CGCM3,rcp45,2036,119,Tmin 20–25°C,tmin
NorESM1-M,rcp45,2006,129,Tmin 20–25°C,tmin
NorESM1-M,rcp45,2007,130,Tmin 20–25°C,tmin
NorESM1-M,rcp45,2008,124,Tmin 20–25°C,tmin
NorESM1-M,rcp45,2009,107,Tmin 20–25°C,tmin
NorESM1-M,rcp45,2010,99,Tmin 20–25°C,tmin
NorESM1-M,rcp45,2011,139,Tmin 20–25°C,tmin
NorESM1-M,rcp45,2012,135,Tmin 20–25°C,tmin
NorESM1-M,rcp45,2013,102,Tmin 20–25°C,tmin
NorESM1-M,rcp45,2014,139,Tmin 20–25°C,tmin
NorESM1-M,rcp45,2015,164,Tmin 20–25°C,tmin
NorESM1-M,rcp45,2016,98,Tmin 20–25°C,tmin
NorESM1-M,rcp45,2017,100,Tmin 20–25°C,tmin
NorESM1-M,rcp45,2018,121,Tmin 20–25°C,tmin
NorESM1-M,rcp45,2019,105,Tmin 20–25°C,tmin
NorESM1-M,rcp45,2020,91,Tmin 20–25°C,tmin
NorESM1-M,rcp45,2021,115,Tmin 20–25°C,tmin
NorESM1-M,rcp45,2022,148,Tmin 20–25°C,tmin
NorESM1-M,rcp45,2023,96,Tmin 20–25°C,tmin
NorESM1-M,rcp45,2024,103,Tmin 20–25°C,tmin
NorESM1-M,rcp45,2025,134,Tmin 20–25°C,tmin
NorESM1-M,rcp45,2026,65,Tmin 20–25°C,tmin
NorESM1-M,rcp45,2027,108,Tmin 20–25°C,tmin
NorESM1-M,rcp45,2028,84,Tmin 20–25°C,tmin
NorESM1-M,rcp45,2029,94,Tmin 20–25°C,tmin
NorESM1-M,rcp45,2030,117,Tmin 20–25°C,tmin
NorESM1-M,rcp45,2031,119,Tmin 20–25°C,tmin
NorESM1-M,rcp45,2032,99,Tmin 20–25°C,tmin
NorESM1-M,rcp45,2033,85,Tmin 20–25°C,tmin
NorESM1-M,rcp45,2034,74,Tmin 20–25°C,tmin
NorESM1-M,rcp45,2035,86,Tmin 20–25°C,tmin
NorESM1-M,rcp45,2036,114,Tmin 20–25°C,tmin
bcc-csm1-1,rcp45,2006,101,Tmin 20–25°C,tmin
bcc-csm1-1,rcp45,2007,100,Tmin 20–25°C,tmin
bcc-csm1-1,rcp45,2008,111,Tmin 20–25°C,tmin
bcc-csm1-1,rcp45,2009,153,Tmin 20–25°C,tmin
bcc-csm1-1,rcp45,2010,132,Tmin 20–25°C,tmin
bcc-csm1-1,rcp45,2011,106,Tmin 20–25°C,tmin
bcc-csm1-1,rcp45,2012,142,Tmin 20–25°C,tmin
bcc-csm1-1,rcp45,2013,105,Tmin 20–25°C,tmin
bcc-csm1-1,rcp45,2014,110,Tmin 20–25°C,tmin
bcc-csm1-1,rcp45,2015,119,Tmin 20–25°C,tmin
bcc-csm1-1,rcp45,2016,155,Tmin 20–25°C,tmin
bcc-csm1-1,rcp45,2017,97,Tmin 20–25°C,tmin
bcc-csm1-1,rcp45,2018,151,Tmin 20–25°C,tmin
bcc-csm1-1,rcp45,2019,119,Tmin 20–25°C,tmin
bcc-csm1-1,rcp45,2020,136,Tmin 20–25°C,tmin
bcc-csm1-1,rcp45,2021,124,Tmin 20–25°C,tmin
bcc-csm1-1,rcp45,2022,140,Tmin 20–25°C,tmin
bcc-csm1-1,rcp45,2023,138,Tmin 20–25°C,tmin
bcc-csm1-1,rcp45,2024,107,Tmin 20–25°C,tmin
bcc-csm1-1,rcp45,2025,135,Tmin 20–25°C,tmin
bcc-csm1-1,rcp45,2026,147,Tmin 20–25°C,tmin
bcc-csm1-1,rcp45,2027,147,Tmin 20–25°C,tmin
bcc-csm1-1,rcp45,2028,116,Tmin 20–25°C,tmin
bcc-csm1-1,rcp45,2029,155,Tmin 20–25°C,tmin
bcc-csm1-1,rcp45,2030,146,Tmin 20–25°C,tmin
bcc-csm1-1,rcp45,2031,141,Tmin 20–25°C,tmin
bcc-csm1-1,rcp45,2032,117,Tmin 20–25°C,tmin
bcc-csm1-1,rcp45,2033,163,Tmin 20–25°C,tmin
bcc-csm1-1,rcp45,2034,124,Tmin 20–25°C,tmin
bcc-csm1-1,rcp45,2035,157,Tmin 20–25°C,tmin
bcc-csm1-1,rcp45,2036,133,Tmin 20–25°C,tmin
bcc-csm1-1-m,rcp45,2006,103,Tmin 20–25°C,tmin
bcc-csm1-1-m,rcp45,2007,131,Tmin 20–25°C,tmin
bcc-csm1-1-m,rcp45,2008,115,Tmin 20–25°C,tmin
bcc-csm1-1-m,rcp45,2009,162,Tmin 20–25°C,tmin
bcc-csm1-1-m,rcp45,2010,137,Tmin 20–25°C,tmin
bcc-csm1-1-m,rcp45,2011,159,Tmin 20–25°C,tmin
bcc-csm1-1-m,rcp45,2012,120,Tmin 20–25°C,tmin
bcc-csm1-1-m,rcp45,2013,101,Tmin 20–25°C,tmin
bcc-csm1-1-m,rcp45,2014,104,Tmin 20–25°C,tmin
bcc-csm1-1-m,rcp45,2015,94,Tmin 20–25°C,tmin
bcc-csm1-1-m,rcp45,2016,153,Tmin 20–25°C,tmin
bcc-csm1-1-m,rcp45,2017,105,Tmin 20–25°C,tmin
bcc-csm1-1-m,rcp45,2018,137,Tmin 20–25°C,tmin
bcc-csm1-1-m,rcp45,2019,144,Tmin 20–25°C,tmin
bcc-csm1-1-m,rcp45,2020,104,Tmin 20–25°C,tmin
bcc-csm1-1-m,rcp45,2021,126,Tmin 20–25°C,tmin
bcc-csm1-1-m,rcp45,2022,151,Tmin 20–25°C,tmin
bcc-csm1-1-m,rcp45,2023,119,Tmin 20–25°C,tmin
bcc-csm1-1-m,rcp45,2024,111,Tmin 20–25°C,tmin
bcc-csm1-1-m,rcp45,2025,119,Tmin 20–25°C,tmin
bcc-csm1-1-m,rcp45,2026,137,Tmin 20–25°C,tmin
bcc-csm1-1-m,rcp45,2027,136,Tmin 20–25°C,tmin
bcc-csm1-1-m,rcp45,2028,105,Tmin 20–25°C,tmin
bcc-csm1-1-m,rcp45,2029,112,Tmin 20–25°C,tmin
bcc-csm1-1-m,rcp45,2030,118,Tmin 20–25°C,tmin
bcc-csm1-1-m,rcp45,2031,101,Tmin 20–25°C,tmin
bcc-csm1-1-m,rcp45,2032,85,Tmin 20–25°C,tmin
bcc-csm1-1-m,rcp45,2033,115,Tmin 20–25°C,tmin
bcc-csm1-1-m,rcp45,2034,111,Tmin 20–25°C,tmin
bcc-csm1-1-m,rcp45,2035,96,Tmin 20–25°C,tmin
bcc-csm1-1-m,rcp45,2036,115,Tmin 20–25°C,tmin
inmcm4,rcp45,2006,102,Tmin 20–25°C,tmin
inmcm4,rcp45,2007,100,Tmin 20–25°C,tmin
inmcm4,rcp45,2008,101,Tmin 20–25°C,tmin
inmcm4,rcp45,2009,122,Tmin 20–25°C,tmin
inmcm4,rcp45,2010,135,Tmin 20–25°C,tmin
inmcm4,rcp45,2011,103,Tmin 20–25°C,tmin
inmcm4,rcp45,2012,118,Tmin 20–25°C,tmin
inmcm4,rcp45,2013,137,Tmin 20–25°C,tmin
inmcm4,rcp45,2014,127,Tmin 20–25°C,tmin
inmcm4,rcp45,2015,149,Tmin 20–25°C,tmin
inmcm4,rcp45,2016,134,Tmin 20–25°C,tmin
inmcm4,rcp45,2017,110,Tmin 20–25°C,tmin
inmcm4,rcp45,2018,140,Tmin 20–25°C,tmin
inmcm4,rcp45,2019,125,Tmin 20–25°C,tmin
inmcm4,rcp45,2020,114,Tmin 20–25°C,tmin
inmcm4,rcp45,2021,116,Tmin 20–25°C,tmin
inmcm4,rcp45,2022,133,Tmin 20–25°C,tmin
inmcm4,rcp45,2023,133,Tmin 20–25°C,tmin
inmcm4,rcp45,2024,121,Tmin 20–25°C,tmin
inmcm4,rcp45,2025,130,Tmin 20–25°C,tmin
inmcm4,rcp45,2026,131,Tmin 20–25°C,tmin
inmcm4,rcp45,2027,130,Tmin 20–25°C,tmin
inmcm4,rcp45,2028,105,Tmin 20–25°C,tmin
inmcm4,rcp45,2029,129,Tmin 20–25°C,tmin
inmcm4,rcp45,2030,106,Tmin 20–25°C,tmin
inmcm4,rcp45,2031,115,Tmin 20–25°C,tmin
inmcm4,rcp45,2032,115,Tmin 20–25°C,tmin
inmcm4,rcp45,2033,154,Tmin 20–25°C,tmin
inmcm4,rcp45,2034,112,Tmin 20–25°C,tmin
inmcm4,rcp45,2035,137,Tmin 20–25°C,tmin
inmcm4,rcp45,2036,129,Tmin 20–25°C,tmin
CCSM4,rcp60,2006,83,Tmin 20–25°C,tmin
CCSM4,rcp60,2007,129,Tmin 20–25°C,tmin
CCSM4,rcp60,2008,137,Tmin 20–25°C,tmin
CCSM4,rcp60,2009,141,Tmin 20–25°C,tmin
CCSM4,rcp60,2010,176,Tmin 20–25°C,tmin
CCSM4,rcp60,2011,112,Tmin 20–25°C,tmin
CCSM4,rcp60,2012,103,Tmin 20–25°C,tmin
CCSM4,rcp60,2013,104,Tmin 20–25°C,tmin
CCSM4,rcp60,2014,113,Tmin 20–25°C,tmin
CCSM4,rcp60,2015,107,Tmin 20–25°C,tmin
CCSM4,rcp60,2016,118,Tmin 20–25°C,tmin
CCSM4,rcp60,2017,122,Tmin 20–25°C,tmin
CCSM4,rcp60,2018,137,Tmin 20–25°C,tmin
CCSM4,rcp60,2019,120,Tmin 20–25°C,tmin
CCSM4,rcp60,2020,111,Tmin 20–25°C,tmin
CCSM4,rcp60,2021,96,Tmin 20–25°C,tmin
CCSM4,rcp60,2022,126,Tmin 20–25°C,tmin
CCSM4,rcp60,2023,157,Tmin 20–25°C,tmin
CCSM4,rcp60,2024,124,Tmin 20–25°C,tmin
CCSM4,rcp60,2025,116,Tmin 20–25°C,tmin
CCSM4,rcp60,2026,118,Tmin 20–25°C,tmin
CCSM4,rcp60,2027,142,Tmin 20–25°C,tmin
CCSM4,rcp60,2028,103,Tmin 20–25°C,tmin
CCSM4,rcp60,2029,143,Tmin 20–25°C,tmin
CCSM4,rcp60,2030,93,Tmin 20–25°C,tmin
CCSM4,rcp60,2031,127,Tmin 20–25°C,tmin
CCSM4,rcp60,2032,100,Tmin 20–25°C,tmin
CCSM4,rcp60,2033,150,Tmin 20–25°C,tmin
CCSM4,rcp60,2034,90,Tmin 20–25°C,tmin
CCSM4,rcp60,2035,115,Tmin 20–25°C,tmin
CCSM4,rcp60,2036,102,Tmin 20–25°C,tmin
CESM1-CAM5,rcp60,2006,132,Tmin 20–25°C,tmin
CESM1-CAM5,rcp60,2007,123,Tmin 20–25°C,tmin
CESM1-CAM5,rcp60,2008,119,Tmin 20–25°C,tmin
CESM1-CAM5,rcp60,2009,119,Tmin 20–25°C,tmin
CESM1-CAM5,rcp60,2010,108,Tmin 20–25°C,tmin
CESM1-CAM5,rcp60,2011,121,Tmin 20–25°C,tmin
CESM1-CAM5,rcp60,2012,117,Tmin 20–25°C,tmin
CESM1-CAM5,rcp60,2013,134,Tmin 20–25°C,tmin
CESM1-CAM5,rcp60,2014,120,Tmin 20–25°C,tmin
CESM1-CAM5,rcp60,2015,149,Tmin 20–25°C,tmin
CESM1-CAM5,rcp60,2016,129,Tmin 20–25°C,tmin
CESM1-CAM5,rcp60,2017,125,Tmin 20–25°C,tmin
CESM1-CAM5,rcp60,2018,116,Tmin 20–25°C,tmin
CESM1-CAM5,rcp60,2019,121,Tmin 20–25°C,tmin
CESM1-CAM5,rcp60,2020,131,Tmin 20–25°C,tmin
CESM1-CAM5,rcp60,2021,136,Tmin 20–25°C,tmin
CESM1-CAM5,rcp60,2022,147,Tmin 20–25°C,tmin
CESM1-CAM5,rcp60,2023,114,Tmin 20–25°C,tmin
CESM1-CAM5,rcp60,2024,137,Tmin 20–25°C,tmin
CESM1-CAM5,rcp60,2025,120,Tmin 20–25°C,tmin
CESM1-CAM5,rcp60,2026,120,Tmin 20–25°C,tmin
CESM1-CAM5,rcp60,2027,135,Tmin 20–25°C,tmin
CESM1-CAM5,rcp60,2028,100,Tmin 20–25°C,tmin
CESM1-CAM5,rcp60,2029,104,Tmin 20–25°C,tmin
CESM1-CAM5,rcp60,2030,140,Tmin 20–25°C,tmin
CESM1-CAM5,rcp60,2031,121,Tmin 20–25°C,tmin
CESM1-CAM5,rcp60,2032,123,Tmin 20–25°C,tmin
CESM1-CAM5,rcp60,2033,128,Tmin 20–25°C,tmin
CESM1-CAM5,rcp60,2034,146,Tmin 20–25°C,tmin
CESM1-CAM5,rcp60,2035,127,Tmin 20–25°C,tmin
CESM1-CAM5,rcp60,2036,99,Tmin 20–25°C,tmin
CSIRO-Mk3-6-0,rcp60,2006,133,Tmin 20–25°C,tmin
CSIRO-Mk3-6-0,rcp60,2007,160,Tmin 20–25°C,tmin
CSIRO-Mk3-6-0,rcp60,2008,120,Tmin 20–25°C,tmin
CSIRO-Mk3-6-0,rcp60,2009,127,Tmin 20–25°C,tmin
CSIRO-Mk3-6-0,rcp60,2010,107,Tmin 20–25°C,tmin
CSIRO-Mk3-6-0,rcp60,2011,115,Tmin 20–25°C,tmin
CSIRO-Mk3-6-0,rcp60,2012,140,Tmin 20–25°C,tmin
CSIRO-Mk3-6-0,rcp60,2013,114,Tmin 20–25°C,tmin
CSIRO-Mk3-6-0,rcp60,2014,110,Tmin 20–25°C,tmin
CSIRO-Mk3-6-0,rcp60,2015,106,Tmin 20–25°C,tmin
CSIRO-Mk3-6-0,rcp60,2016,129,Tmin 20–25°C,tmin
CSIRO-Mk3-6-0,rcp60,2017,116,Tmin 20–25°C,tmin
CSIRO-Mk3-6-0,rcp60,2018,143,Tmin 20–25°C,tmin
CSIRO-Mk3-6-0,rcp60,2019,110,Tmin 20–25°C,tmin
CSIRO-Mk3-6-0,rcp60,2020,147,Tmin 20–25°C,tmin
CSIRO-Mk3-6-0,rcp60,2021,154,Tmin 20–25°C,tmin
CSIRO-Mk3-6-0,rcp60,2022,105,Tmin 20–25°C,tmin
CSIRO-Mk3-6-0,rcp60,2023,138,Tmin 20–25°C,tmin
CSIRO-Mk3-6-0,rcp60,2024,136,Tmin 20–25°C,tmin
CSIRO-Mk3-6-0,rcp60,2025,134,Tmin 20–25°C,tmin
CSIRO-Mk3-6-0,rcp60,2026,92,Tmin 20–25°C,tmin
CSIRO-Mk3-6-0,rcp60,2027,135,Tmin 20–25°C,tmin
CSIRO-Mk3-6-0,rcp60,2028,122,Tmin 20–25°C,tmin
CSIRO-Mk3-6-0,rcp60,2029,144,Tmin 20–25°C,tmin
CSIRO-Mk3-6-0,rcp60,2030,114,Tmin 20–25°C,tmin
CSIRO-Mk3-6-0,rcp60,2031,109,Tmin 20–25°C,tmin
CSIRO-Mk3-6-0,rcp60,2032,123,Tmin 20–25°C,tmin
CSIRO-Mk3-6-0,rcp60,2033,130,Tmin 20–25°C,tmin
CSIRO-Mk3-6-0,rcp60,2034,134,Tmin 20–25°C,tmin
CSIRO-Mk3-6-0,rcp60,2035,117,Tmin 20–25°C,tmin
CSIRO-Mk3-6-0,rcp60,2036,100,Tmin 20–25°C,tmin
GFDL-CM3,rcp60,2006,133,Tmin 20–25°C,tmin
GFDL-CM3,rcp60,2007,132,Tmin 20–25°C,tmin
GFDL-CM3,rcp60,2008,117,Tmin 20–25°C,tmin
GFDL-CM3,rcp60,2009,99,Tmin 20–25°C,tmin
GFDL-CM3,rcp60,2010,133,Tmin 20–25°C,tmin
GFDL-CM3,rcp60,2011,142,Tmin 20–25°C,tmin
GFDL-CM3,rcp60,2012,84,Tmin 20–25°C,tmin
GFDL-CM3,rcp60,2013,130,Tmin 20–25°C,tmin
GFDL-CM3,rcp60,2014,89,Tmin 20–25°C,tmin
GFDL-CM3,rcp60,2015,129,Tmin 20–25°C,tmin
GFDL-CM3,rcp60,2016,130,Tmin 20–25°C,tmin
GFDL-CM3,rcp60,2017,160,Tmin 20–25°C,tmin
GFDL-CM3,rcp60,2018,122,Tmin 20–25°C,tmin
GFDL-CM3,rcp60,2019,130,Tmin 20–25°C,tmin
GFDL-CM3,rcp60,2020,116,Tmin 20–25°C,tmin
GFDL-CM3,rcp60,2021,101,Tmin 20–25°C,tmin
GFDL-CM3,rcp60,2022,112,Tmin 20–25°C,tmin
GFDL-CM3,rcp60,2023,124,Tmin 20–25°C,tmin
GFDL-CM3,rcp60,2024,117,Tmin 20–25°C,tmin
GFDL-CM3,rcp60,2025,99,Tmin 20–25°C,tmin
GFDL-CM3,rcp60,2026,106,Tmin 20–25°C,tmin
GFDL-CM3,rcp60,2027,109,Tmin 20–25°C,tmin
GFDL-CM3,rcp60,2028,117,Tmin 20–25°C,tmin
GFDL-CM3,rcp60,2029,109,Tmin 20–25°C,tmin
GFDL-CM3,rcp60,2030,102,Tmin 20–25°C,tmin
GFDL-CM3,rcp60,2031,100,Tmin 20–25°C,tmin
GFDL-CM3,rcp60,2032,144,Tmin 20–25°C,tmin
GFDL-CM3,rcp60,2033,94,Tmin 20–25°C,tmin
GFDL-CM3,rcp60,2034,110,Tmin 20–25°C,tmin
GFDL-CM3,rcp60,2035,108,Tmin 20–25°C,tmin
GFDL-CM3,rcp60,2036,134,Tmin 20–25°C,tmin
GFDL-ESM2G,rcp60,2006,91,Tmin 20–25°C,tmin
GFDL-ESM2G,rcp60,2007,114,Tmin 20–25°C,tmin
GFDL-ESM2G,rcp60,2008,92,Tmin 20–25°C,tmin
GFDL-ESM2G,rcp60,2009,142,Tmin 20–25°C,tmin
GFDL-ESM2G,rcp60,2010,100,Tmin 20–25°C,tmin
GFDL-ESM2G,rcp60,2011,97,Tmin 20–25°C,tmin
GFDL-ESM2G,rcp60,2012,115,Tmin 20–25°C,tmin
GFDL-ESM2G,rcp60,2013,124,Tmin 20–25°C,tmin
GFDL-ESM2G,rcp60,2014,117,Tmin 20–25°C,tmin
GFDL-ESM2G,rcp60,2015,109,Tmin 20–25°C,tmin
GFDL-ESM2G,rcp60,2016,105,Tmin 20–25°C,tmin
GFDL-ESM2G,rcp60,2017,92,Tmin 20–25°C,tmin
GFDL-ESM2G,rcp60,2018,99,Tmin 20–25°C,tmin
GFDL-ESM2G,rcp60,2019,120,Tmin 20–25°C,tmin
GFDL-ESM2G,rcp60,2020,149,Tmin 20–25°C,tmin
GFDL-ESM2G,rcp60,2021,110,Tmin 20–25°C,tmin
GFDL-ESM2G,rcp60,2022,147,Tmin 20–25°C,tmin
GFDL-ESM2G,rcp60,2023,125,Tmin 20–25°C,tmin
GFDL-ESM2G,rcp60,2024,107,Tmin 20–25°C,tmin
GFDL-ESM2G,rcp60,2025,78,Tmin 20–25°C,tmin
GFDL-ESM2G,rcp60,2026,81,Tmin 20–25°C,tmin
GFDL-ESM2G,rcp60,2027,134,Tmin 20–25°C,tmin
GFDL-ESM2G,rcp60,2028,121,Tmin 20–25°C,tmin
GFDL-ESM2G,rcp60,2029,84,Tmin 20–25°C,tmin
GFDL-ESM2G,rcp60,2030,116,Tmin 20–25°C,tmin
GFDL-ESM2G,rcp60,2031,106,Tmin 20–25°C,tmin
GFDL-ESM2G,rcp60,2032,111,Tmin 20–25°C,tmin
GFDL-ESM2G,rcp60,2033,105,Tmin 20–25°C,tmin
GFDL-ESM2G,rcp60,2034,101,Tmin 20–25°C,tmin
GFDL-ESM2G,rcp60,2035,127,Tmin 20–25°C,tmin
GFDL-ESM2G,rcp60,2036,111,Tmin 20–25°C,tmin
GFDL-ESM2M,rcp60,2006,156,Tmin 20–25°C,tmin
GFDL-ESM2M,rcp60,2007,114,Tmin 20–25°C,tmin
GFDL-ESM2M,rcp60,2008,125,Tmin 20–25°C,tmin
GFDL-ESM2M,rcp60,2009,123,Tmin 20–25°C,tmin
GFDL-ESM2M,rcp60,2010,145,Tmin 20–25°C,tmin
GFDL-ESM2M,rcp60,2011,162,Tmin 20–25°C,tmin
GFDL-ESM2M,rcp60,2012,120,Tmin 20–25°C,tmin
GFDL-ESM2M,rcp60,2013,129,Tmin 20–25°C,tmin
GFDL-ESM2M,rcp60,2014,122,Tmin 20–25°C,tmin
GFDL-ESM2M,rcp60,2015,140,Tmin 20–25°C,tmin
GFDL-ESM2M,rcp60,2016,141,Tmin 20–25°C,tmin
GFDL-ESM2M,rcp60,2017,99,Tmin 20–25°C,tmin
GFDL-ESM2M,rcp60,2018,140,Tmin 20–25°C,tmin
GFDL-ESM2M,rcp60,2019,124,Tmin 20–25°C,tmin
GFDL-ESM2M,rcp60,2020,139,Tmin 20–25°C,tmin
GFDL-ESM2M,rcp60,2021,134,Tmin 20–25°C,tmin
GFDL-ESM2M,rcp60,2022,135,Tmin 20–25°C,tmin
GFDL-ESM2M,rcp60,2023,122,Tmin 20–25°C,tmin
GFDL-ESM2M,rcp60,2024,98,Tmin 20–25°C,tmin
GFDL-ESM2M,rcp60,2025,146,Tmin 20–25°C,tmin
GFDL-ESM2M,rcp60,2026,97,Tmin 20–25°C,tmin
GFDL-ESM2M,rcp60,2027,136,Tmin 20–25°C,tmin
GFDL-ESM2M,rcp60,2028,98,Tmin 20–25°C,tmin
GFDL-ESM2M,rcp60,2029,115,Tmin 20–25°C,tmin
GFDL-ESM2M,rcp60,2030,109,Tmin 20–25°C,tmin
GFDL-ESM2M,rcp60,2031,133,Tmin 20–25°C,tmin
GFDL-ESM2M,rcp60,2032,102,Tmin 20–25°C,tmin
GFDL-ESM2M,rcp60,2033,92,Tmin 20–25°C,tmin
GFDL-ESM2M,rcp60,2034,129,Tmin 20–25°C,tmin
GFDL-ESM2M,rcp60,2035,108,Tmin 20–25°C,tmin
GFDL-ESM2M,rcp60,2036,137,Tmin 20–25°C,tmin
IPSL-CM5A-LR,rcp60,2006,154,Tmin 20–25°C,tmin
IPSL-CM5A-LR,rcp60,2007,137,Tmin 20–25°C,tmin
IPSL-CM5A-LR,rcp60,2008,124,Tmin 20–25°C,tmin
IPSL-CM5A-LR,rcp60,2009,134,Tmin 20–25°C,tmin
IPSL-CM5A-LR,rcp60,2010,115,Tmin 20–25°C,tmin
IPSL-CM5A-LR,rcp60,2011,102,Tmin 20–25°C,tmin
IPSL-CM5A-LR,rcp60,2012,141,Tmin 20–25°C,tmin
IPSL-CM5A-LR,rcp60,2013,110,Tmin 20–25°C,tmin
IPSL-CM5A-LR,rcp60,2014,109,Tmin 20–25°C,tmin
IPSL-CM5A-LR,rcp60,2015,134,Tmin 20–25°C,tmin
IPSL-CM5A-LR,rcp60,2016,108,Tmin 20–25°C,tmin
IPSL-CM5A-LR,rcp60,2017,111,Tmin 20–25°C,tmin
IPSL-CM5A-LR,rcp60,2018,99,Tmin 20–25°C,tmin
IPSL-CM5A-LR,rcp60,2019,114,Tmin 20–25°C,tmin
IPSL-CM5A-LR,rcp60,2020,135,Tmin 20–25°C,tmin
IPSL-CM5A-LR,rcp60,2021,100,Tmin 20–25°C,tmin
IPSL-CM5A-LR,rcp60,2022,109,Tmin 20–25°C,tmin
IPSL-CM5A-LR,rcp60,2023,108,Tmin 20–25°C,tmin
IPSL-CM5A-LR,rcp60,2024,125,Tmin 20–25°C,tmin
IPSL-CM5A-LR,rcp60,2025,95,Tmin 20–25°C,tmin
IPSL-CM5A-LR,rcp60,2026,97,Tmin 20–25°C,tmin
IPSL-CM5A-LR,rcp60,2027,116,Tmin 20–25°C,tmin
IPSL-CM5A-LR,rcp60,2028,114,Tmin 20–25°C,tmin
IPSL-CM5A-LR,rcp60,2029,126,Tmin 20–25°C,tmin
IPSL-CM5A-LR,rcp60,2030,133,Tmin 20–25°C,tmin
IPSL-CM5A-LR,rcp60,2031,115,Tmin 20–25°C,tmin
IPSL-CM5A-LR,rcp60,2032,70,Tmin 20–25°C,tmin
IPSL-CM5A-LR,rcp60,2033,86,Tmin 20–25°C,tmin
IPSL-CM5A-LR,rcp60,2034,105,Tmin 20–25°C,tmin
IPSL-CM5A-LR,rcp60,2035,104,Tmin 20–25°C,tmin
IPSL-CM5A-LR,rcp60,2036,101,Tmin 20–25°C,tmin
IPSL-CM5A-MR,rcp60,2006,123,Tmin 20–25°C,tmin
IPSL-CM5A-MR,rcp60,2007,130,Tmin 20–25°C,tmin
IPSL-CM5A-MR,rcp60,2008,151,Tmin 20–25°C,tmin
IPSL-CM5A-MR,rcp60,2009,123,Tmin 20–25°C,tmin
IPSL-CM5A-MR,rcp60,2010,116,Tmin 20–25°C,tmin
IPSL-CM5A-MR,rcp60,2011,108,Tmin 20–25°C,tmin
IPSL-CM5A-MR,rcp60,2012,110,Tmin 20–25°C,tmin
IPSL-CM5A-MR,rcp60,2013,96,Tmin 20–25°C,tmin
IPSL-CM5A-MR,rcp60,2014,121,Tmin 20–25°C,tmin
IPSL-CM5A-MR,rcp60,2015,122,Tmin 20–25°C,tmin
IPSL-CM5A-MR,rcp60,2016,104,Tmin 20–25°C,tmin
IPSL-CM5A-MR,rcp60,2017,136,Tmin 20–25°C,tmin
IPSL-CM5A-MR,rcp60,2018,126,Tmin 20–25°C,tmin
IPSL-CM5A-MR,rcp60,2019,122,Tmin 20–25°C,tmin
IPSL-CM5A-MR,rcp60,2020,131,Tmin 20–25°C,tmin
IPSL-CM5A-MR,rcp60,2021,109,Tmin 20–25°C,tmin
IPSL-CM5A-MR,rcp60,2022,113,Tmin 20–25°C,tmin
IPSL-CM5A-MR,rcp60,2023,116,Tmin 20–25°C,tmin
IPSL-CM5A-MR,rcp60,2024,114,Tmin 20–25°C,tmin
IPSL-CM5A-MR,rcp60,2025,125,Tmin 20–25°C,tmin
IPSL-CM5A-MR,rcp60,2026,120,Tmin 20–25°C,tmin
IPSL-CM5A-MR,rcp60,2027,89,Tmin 20–25°C,tmin
IPSL-CM5A-MR,rcp60,2028,79,Tmin 20–25°C,tmin
IPSL-CM5A-MR,rcp60,2029,77,Tmin 20–25°C,tmin
IPSL-CM5A-MR,rcp60,2030,100,Tmin 20–25°C,tmin
IPSL-CM5A-MR,rcp60,2031,112,Tmin 20–25°C,tmin
IPSL-CM5A-MR,rcp60,2032,139,Tmin 20–25°C,tmin
IPSL-CM5A-MR,rcp60,2033,128,Tmin 20–25°C,tmin
IPSL-CM5A-MR,rcp60,2034,110,Tmin 20–25°C,tmin
IPSL-CM5A-MR,rcp60,2035,120,Tmin 20–25°C,tmin
IPSL-CM5A-MR,rcp60,2036,108,Tmin 20–25°C,tmin
MIROC-ESM,rcp60,2006,155,Tmin 20–25°C,tmin
MIROC-ESM,rcp60,2007,172,Tmin 20–25°C,tmin
MIROC-ESM,rcp60,2008,111,Tmin 20–25°C,tmin
MIROC-ESM,rcp60,2009,137,Tmin 20–25°C,tmin
MIROC-ESM,rcp60,2010,132,Tmin 20–25°C,tmin
MIROC-ESM,rcp60,2011,94,Tmin 20–25°C,tmin
MIROC-ESM,rcp60,2012,147,Tmin 20–25°C,tmin
MIROC-ESM,rcp60,2013,97,Tmin 20–25°C,tmin
MIROC-ESM,rcp60,2014,161,Tmin 20–25°C,tmin
MIROC-ESM,rcp60,2015,168,Tmin 20–25°C,tmin
MIROC-ESM,rcp60,2016,149,Tmin 20–25°C,tmin
MIROC-ESM,rcp60,2017,95,Tmin 20–25°C,tmin
MIROC-ESM,rcp60,2018,98,Tmin 20–25°C,tmin
MIROC-ESM,rcp60,2019,142,Tmin 20–25°C,tmin
MIROC-ESM,rcp60,2020,90,Tmin 20–25°C,tmin
MIROC-ESM,rcp60,2021,142,Tmin 20–25°C,tmin
MIROC-ESM,rcp60,2022,120,Tmin 20–25°C,tmin
MIROC-ESM,rcp60,2023,114,Tmin 20–25°C,tmin
MIROC-ESM,rcp60,2024,91,Tmin 20–25°C,tmin
MIROC-ESM,rcp60,2025,84,Tmin 20–25°C,tmin
MIROC-ESM,rcp60,2026,144,Tmin 20–25°C,tmin
MIROC-ESM,rcp60,2027,121,Tmin 20–25°C,tmin
MIROC-ESM,rcp60,2028,116,Tmin 20–25°C,tmin
MIROC-ESM,rcp60,2029,119,Tmin 20–25°C,tmin
MIROC-ESM,rcp60,2030,168,Tmin 20–25°C,tmin
MIROC-ESM,rcp60,2031,142,Tmin 20–25°C,tmin
MIROC-ESM,rcp60,2032,109,Tmin 20–25°C,tmin
MIROC-ESM,rcp60,2033,128,Tmin 20–25°C,tmin
MIROC-ESM,rcp60,2034,154,Tmin 20–25°C,tmin
MIROC-ESM,rcp60,2035,121,Tmin 20–25°C,tmin
MIROC-ESM,rcp60,2036,119,Tmin 20–25°C,tmin
MIROC-ESM-CHEM,rcp60,2006,111,Tmin 20–25°C,tmin
MIROC-ESM-CHEM,rcp60,2007,116,Tmin 20–25°C,tmin
MIROC-ESM-CHEM,rcp60,2008,123,Tmin 20–25°C,tmin
MIROC-ESM-CHEM,rcp60,2009,137,Tmin 20–25°C,tmin
MIROC-ESM-CHEM,rcp60,2010,107,Tmin 20–25°C,tmin
MIROC-ESM-CHEM,rcp60,2011,111,Tmin 20–25°C,tmin
MIROC-ESM-CHEM,rcp60,2012,94,Tmin 20–25°C,tmin
MIROC-ESM-CHEM,rcp60,2013,139,Tmin 20–25°C,tmin
MIROC-ESM-CHEM,rcp60,2014,135,Tmin 20–25°C,tmin
MIROC-ESM-CHEM,rcp60,2015,100,Tmin 20–25°C,tmin
MIROC-ESM-CHEM,rcp60,2016,89,Tmin 20–25°C,tmin
MIROC-ESM-CHEM,rcp60,2017,109,Tmin 20–25°C,tmin
MIROC-ESM-CHEM,rcp60,2018,126,Tmin 20–25°C,tmin
MIROC-ESM-CHEM,rcp60,2019,96,Tmin 20–25°C,tmin
MIROC-ESM-CHEM,rcp60,2020,75,Tmin 20–25°C,tmin
MIROC-ESM-CHEM,rcp60,2021,126,Tmin 20–25°C,tmin
MIROC-ESM-CHEM,rcp60,2022,125,Tmin 20–25°C,tmin
MIROC-ESM-CHEM,rcp60,2023,142,Tmin 20–25°C,tmin
MIROC-ESM-CHEM,rcp60,2024,149,Tmin 20–25°C,tmin
MIROC-ESM-CHEM,rcp60,2025,91,Tmin 20–25°C,tmin
MIROC-ESM-CHEM,rcp60,2026,118,Tmin 20–25°C,tmin
MIROC-ESM-CHEM,rcp60,2027,84,Tmin 20–25°C,tmin
MIROC-ESM-CHEM,rcp60,2028,109,Tmin 20–25°C,tmin
MIROC-ESM-CHEM,rcp60,2029,98,Tmin 20–25°C,tmin
MIROC-ESM-CHEM,rcp60,2030,95,Tmin 20–25°C,tmin
MIROC-ESM-CHEM,rcp60,2031,121,Tmin 20–25°C,tmin
MIROC-ESM-CHEM,rcp60,2032,116,Tmin 20–25°C,tmin
MIROC-ESM-CHEM,rcp60,2033,146,Tmin 20–25°C,tmin
MIROC-ESM-CHEM,rcp60,2034,197,Tmin 20–25°C,tmin
MIROC-ESM-CHEM,rcp60,2035,154,Tmin 20–25°C,tmin
MIROC-ESM-CHEM,rcp60,2036,160,Tmin 20–25°C,tmin
MIROC5,rcp60,2006,108,Tmin 20–25°C,tmin
MIROC5,rcp60,2007,138,Tmin 20–25°C,tmin
MIROC5,rcp60,2008,82,Tmin 20–25°C,tmin
MIROC5,rcp60,2009,103,Tmin 20–25°C,tmin
MIROC5,rcp60,2010,145,Tmin 20–25°C,tmin
MIROC5,rcp60,2011,111,Tmin 20–25°C,tmin
MIROC5,rcp60,2012,122,Tmin 20–25°C,tmin
MIROC5,rcp60,2013,111,Tmin 20–25°C,tmin
MIROC5,rcp60,2014,105,Tmin 20–25°C,tmin
MIROC5,rcp60,2015,146,Tmin 20–25°C,tmin
MIROC5,rcp60,2016,129,Tmin 20–25°C,tmin
MIROC5,rcp60,2017,108,Tmin 20–25°C,tmin
MIROC5,rcp60,2018,101,Tmin 20–25°C,tmin
MIROC5,rcp60,2019,133,Tmin 20–25°C,tmin
MIROC5,rcp60,2020,142,Tmin 20–25°C,tmin
MIROC5,rcp60,2021,115,Tmin 20–25°C,tmin
MIROC5,rcp60,2022,100,Tmin 20–25°C,tmin
MIROC5,rcp60,2023,121,Tmin 20–25°C,tmin
MIROC5,rcp60,2024,135,Tmin 20–25°C,tmin
MIROC5,rcp60,2025,163,Tmin 20–25°C,tmin
MIROC5,rcp60,2026,137,Tmin 20–25°C,tmin
MIROC5,rcp60,2027,97,Tmin 20–25°C,tmin
MIROC5,rcp60,2028,121,Tmin 20–25°C,tmin
MIROC5,rcp60,2029,125,Tmin 20–25°C,tmin
MIROC5,rcp60,2030,109,Tmin 20–25°C,tmin
MIROC5,rcp60,2031,98,Tmin 20–25°C,tmin
MIROC5,rcp60,2032,107,Tmin 20–25°C,tmin
MIROC5,rcp60,2033,149,Tmin 20–25°C,tmin
MIROC5,rcp60,2034,97,Tmin 20–25°C,tmin
MIROC5,rcp60,2035,131,Tmin 20–25°C,tmin
MIROC5,rcp60,2036,139,Tmin 20–25°C,tmin
MRI-CGCM3,rcp60,2006,124,Tmin 20–25°C,tmin
MRI-CGCM3,rcp60,2007,138,Tmin 20–25°C,tmin
MRI-CGCM3,rcp60,2008,168,Tmin 20–25°C,tmin
MRI-CGCM3,rcp60,2009,95,Tmin 20–25°C,tmin
MRI-CGCM3,rcp60,2010,130,Tmin 20–25°C,tmin
MRI-CGCM3,rcp60,2011,134,Tmin 20–25°C,tmin
MRI-CGCM3,rcp60,2012,116,Tmin 20–25°C,tmin
MRI-CGCM3,rcp60,2013,129,Tmin 20–25°C,tmin
MRI-CGCM3,rcp60,2014,134,Tmin 20–25°C,tmin
MRI-CGCM3,rcp60,2015,121,Tmin 20–25°C,tmin
MRI-CGCM3,rcp60,2016,112,Tmin 20–25°C,tmin
MRI-CGCM3,rcp60,2017,129,Tmin 20–25°C,tmin
MRI-CGCM3,rcp60,2018,113,Tmin 20–25°C,tmin
MRI-CGCM3,rcp60,2019,124,Tmin 20–25°C,tmin
MRI-CGCM3,rcp60,2020,159,Tmin 20–25°C,tmin
MRI-CGCM3,rcp60,2021,141,Tmin 20–25°C,tmin
MRI-CGCM3,rcp60,2022,121,Tmin 20–25°C,tmin
MRI-CGCM3,rcp60,2023,106,Tmin 20–25°C,tmin
MRI-CGCM3,rcp60,2024,120,Tmin 20–25°C,tmin
MRI-CGCM3,rcp60,2025,112,Tmin 20–25°C,tmin
MRI-CGCM3,rcp60,2026,148,Tmin 20–25°C,tmin
MRI-CGCM3,rcp60,2027,123,Tmin 20–25°C,tmin
MRI-CGCM3,rcp60,2028,131,Tmin 20–25°C,tmin
MRI-CGCM3,rcp60,2029,122,Tmin 20–25°C,tmin
MRI-CGCM3,rcp60,2030,151,Tmin 20–25°C,tmin
MRI-CGCM3,rcp60,2031,128,Tmin 20–25°C,tmin
MRI-CGCM3,rcp60,2032,111,Tmin 20–25°C,tmin
MRI-CGCM3,rcp60,2033,123,Tmin 20–25°C,tmin
MRI-CGCM3,rcp60,2034,108,Tmin 20–25°C,tmin
MRI-CGCM3,rcp60,2035,114,Tmin 20–25°C,tmin
MRI-CGCM3,rcp60,2036,120,Tmin 20–25°C,tmin
NorESM1-M,rcp60,2006,151,Tmin 20–25°C,tmin
NorESM1-M,rcp60,2007,122,Tmin 20–25°C,tmin
NorESM1-M,rcp60,2008,82,Tmin 20–25°C,tmin
NorESM1-M,rcp60,2009,122,Tmin 20–25°C,tmin
NorESM1-M,rcp60,2010,120,Tmin 20–25°C,tmin
NorESM1-M,rcp60,2011,168,Tmin 20–25°C,tmin
NorESM1-M,rcp60,2012,174,Tmin 20–25°C,tmin
NorESM1-M,rcp60,2013,142,Tmin 20–25°C,tmin
NorESM1-M,rcp60,2014,91,Tmin 20–25°C,tmin
NorESM1-M,rcp60,2015,120,Tmin 20–25°C,tmin
NorESM1-M,rcp60,2016,132,Tmin 20–25°C,tmin
NorESM1-M,rcp60,2017,131,Tmin 20–25°C,tmin
NorESM1-M,rcp60,2018,128,Tmin 20–25°C,tmin
NorESM1-M,rcp60,2019,117,Tmin 20–25°C,tmin
NorESM1-M,rcp60,2020,125,Tmin 20–25°C,tmin
NorESM1-M,rcp60,2021,118,Tmin 20–25°C,tmin
NorESM1-M,rcp60,2022,96,Tmin 20–25°C,tmin
NorESM1-M,rcp60,2023,71,Tmin 20–25°C,tmin
NorESM1-M,rcp60,2024,124,Tmin 20–25°C,tmin
NorESM1-M,rcp60,2025,127,Tmin 20–25°C,tmin
NorESM1-M,rcp60,2026,91,Tmin 20–25°C,tmin
NorESM1-M,rcp60,2027,145,Tmin 20–25°C,tmin
NorESM1-M,rcp60,2028,104,Tmin 20–25°C,tmin
NorESM1-M,rcp60,2029,161,Tmin 20–25°C,tmin
NorESM1-M,rcp60,2030,141,Tmin 20–25°C,tmin
NorESM1-M,rcp60,2031,137,Tmin 20–25°C,tmin
NorESM1-M,rcp60,2032,159,Tmin 20–25°C,tmin
NorESM1-M,rcp60,2033,107,Tmin 20–25°C,tmin
NorESM1-M,rcp60,2034,117,Tmin 20–25°C,tmin
NorESM1-M,rcp60,2035,173,Tmin 20–25°C,tmin
NorESM1-M,rcp60,2036,146,Tmin 20–25°C,tmin
bcc-csm1-1,rcp60,2006,113,Tmin 20–25°C,tmin
bcc-csm1-1,rcp60,2007,120,Tmin 20–25°C,tmin
bcc-csm1-1,rcp60,2008,124,Tmin 20–25°C,tmin
bcc-csm1-1,rcp60,2009,83,Tmin 20–25°C,tmin
bcc-csm1-1,rcp60,2010,101,Tmin 20–25°C,tmin
bcc-csm1-1,rcp60,2011,114,Tmin 20–25°C,tmin
bcc-csm1-1,rcp60,2012,157,Tmin 20–25°C,tmin
bcc-csm1-1,rcp60,2013,106,Tmin 20–25°C,tmin
bcc-csm1-1,rcp60,2014,116,Tmin 20–25°C,tmin
bcc-csm1-1,rcp60,2015,133,Tmin 20–25°C,tmin
bcc-csm1-1,rcp60,2016,138,Tmin 20–25°C,tmin
bcc-csm1-1,rcp60,2017,139,Tmin 20–25°C,tmin
bcc-csm1-1,rcp60,2018,128,Tmin 20–25°C,tmin
bcc-csm1-1,rcp60,2019,98,Tmin 20–25°C,tmin
bcc-csm1-1,rcp60,2020,125,Tmin 20–25°C,tmin
bcc-csm1-1,rcp60,2021,132,Tmin 20–25°C,tmin
bcc-csm1-1,rcp60,2022,129,Tmin 20–25°C,tmin
bcc-csm1-1,rcp60,2023,119,Tmin 20–25°C,tmin
bcc-csm1-1,rcp60,2024,137,Tmin 20–25°C,tmin
bcc-csm1-1,rcp60,2025,106,Tmin 20–25°C,tmin
bcc-csm1-1,rcp60,2026,129,Tmin 20–25°C,tmin
bcc-csm1-1,rcp60,2027,74,Tmin 20–25°C,tmin
bcc-csm1-1,rcp60,2028,92,Tmin 20–25°C,tmin
bcc-csm1-1,rcp60,2029,151,Tmin 20–25°C,tmin
bcc-csm1-1,rcp60,2030,121,Tmin 20–25°C,tmin
bcc-csm1-1,rcp60,2031,131,Tmin 20–25°C,tmin
bcc-csm1-1,rcp60,2032,133,Tmin 20–25°C,tmin
bcc-csm1-1,rcp60,2033,116,Tmin 20–25°C,tmin
bcc-csm1-1,rcp60,2034,153,Tmin 20–25°C,tmin
bcc-csm1-1,rcp60,2035,118,Tmin 20–25°C,tmin
bcc-csm1-1,rcp60,2036,115,Tmin 20–25°C,tmin
bcc-csm1-1-m,rcp60,2006,153,Tmin 20–25°C,tmin
bcc-csm1-1-m,rcp60,2007,126,Tmin 20–25°C,tmin
bcc-csm1-1-m,rcp60,2008,126,Tmin 20–25°C,tmin
bcc-csm1-1-m,rcp60,2009,130,Tmin 20–25°C,tmin
bcc-csm1-1-m,rcp60,2010,123,Tmin 20–25°C,tmin
bcc-csm1-1-m,rcp60,2011,100,Tmin 20–25°C,tmin
bcc-csm1-1-m,rcp60,2012,107,Tmin 20–25°C,tmin
bcc-csm1-1-m,rcp60,2013,146,Tmin 20–25°C,tmin
bcc-csm1-1-m,rcp60,2014,114,Tmin 20–25°C,tmin
bcc-csm1-1-m,rcp60,2015,112,Tmin 20–25°C,tmin
bcc-csm1-1-m,rcp60,2016,153,Tmin 20–25°C,tmin
bcc-csm1-1-m,rcp60,2017,130,Tmin 20–25°C,tmin
bcc-csm1-1-m,rcp60,2018,132,Tmin 20–25°C,tmin
bcc-csm1-1-m,rcp60,2019,145,Tmin 20–25°C,tmin
bcc-csm1-1-m,rcp60,2020,112,Tmin 20–25°C,tmin
bcc-csm1-1-m,rcp60,2021,118,Tmin 20–25°C,tmin
bcc-csm1-1-m,rcp60,2022,139,Tmin 20–25°C,tmin
bcc-csm1-1-m,rcp60,2023,116,Tmin 20–25°C,tmin
bcc-csm1-1-m,rcp60,2024,141,Tmin 20–25°C,tmin
bcc-csm1-1-m,rcp60,2025,124,Tmin 20–25°C,tmin
bcc-csm1-1-m,rcp60,2026,118,Tmin 20–25°C,tmin
bcc-csm1-1-m,rcp60,2027,111,Tmin 20–25°C,tmin
bcc-csm1-1-m,rcp60,2028,90,Tmin 20–25°C,tmin
bcc-csm1-1-m,rcp60,2029,101,Tmin 20–25°C,tmin
bcc-csm1-1-m,rcp60,2030,127,Tmin 20–25°C,tmin
bcc-csm1-1-m,rcp60,2031,114,Tmin 20–25°C,tmin
bcc-csm1-1-m,rcp60,2032,111,Tmin 20–25°C,tmin
bcc-csm1-1-m,rcp60,2033,125,Tmin 20–25°C,tmin
bcc-csm1-1-m,rcp60,2034,133,Tmin 20–25°C,tmin
bcc-csm1-1-m,rcp60,2035,92,Tmin 20–25°C,tmin
bcc-csm1-1-m,rcp60,2036,95,Tmin 20–25°C,tmin
ACCESS1-0,rcp85,2006,98,Tmin 20–25°C,tmin
ACCESS1-0,rcp85,2007,136,Tmin 20–25°C,tmin
ACCESS1-0,rcp85,2008,142,Tmin 20–25°C,tmin
ACCESS1-0,rcp85,2009,106,Tmin 20–25°C,tmin
ACCESS1-0,rcp85,2010,119,Tmin 20–25°C,tmin
ACCESS1-0,rcp85,2011,132,Tmin 20–25°C,tmin
ACCESS1-0,rcp85,2012,108,Tmin 20–25°C,tmin
ACCESS1-0,rcp85,2013,132,Tmin 20–25°C,tmin
ACCESS1-0,rcp85,2014,112,Tmin 20–25°C,tmin
ACCESS1-0,rcp85,2015,130,Tmin 20–25°C,tmin
ACCESS1-0,rcp85,2016,94,Tmin 20–25°C,tmin
ACCESS1-0,rcp85,2017,108,Tmin 20–25°C,tmin
ACCESS1-0,rcp85,2018,114,Tmin 20–25°C,tmin
ACCESS1-0,rcp85,2019,122,Tmin 20–25°C,tmin
ACCESS1-0,rcp85,2020,143,Tmin 20–25°C,tmin
ACCESS1-0,rcp85,2021,104,Tmin 20–25°C,tmin
ACCESS1-0,rcp85,2022,123,Tmin 20–25°C,tmin
ACCESS1-0,rcp85,2023,104,Tmin 20–25°C,tmin
ACCESS1-0,rcp85,2024,95,Tmin 20–25°C,tmin
ACCESS1-0,rcp85,2025,131,Tmin 20–25°C,tmin
ACCESS1-0,rcp85,2026,98,Tmin 20–25°C,tmin
ACCESS1-0,rcp85,2027,85,Tmin 20–25°C,tmin
ACCESS1-0,rcp85,2028,125,Tmin 20–25°C,tmin
ACCESS1-0,rcp85,2029,111,Tmin 20–25°C,tmin
ACCESS1-0,rcp85,2030,98,Tmin 20–25°C,tmin
ACCESS1-0,rcp85,2031,105,Tmin 20–25°C,tmin
ACCESS1-0,rcp85,2032,124,Tmin 20–25°C,tmin
ACCESS1-0,rcp85,2033,144,Tmin 20–25°C,tmin
ACCESS1-0,rcp85,2034,104,Tmin 20–25°C,tmin
ACCESS1-0,rcp85,2035,111,Tmin 20–25°C,tmin
ACCESS1-0,rcp85,2036,134,Tmin 20–25°C,tmin
ACCESS1-3,rcp85,2006,138,Tmin 20–25°C,tmin
ACCESS1-3,rcp85,2007,126,Tmin 20–25°C,tmin
ACCESS1-3,rcp85,2008,132,Tmin 20–25°C,tmin
ACCESS1-3,rcp85,2009,112,Tmin 20–25°C,tmin
ACCESS1-3,rcp85,2010,165,Tmin 20–25°C,tmin
ACCESS1-3,rcp85,2011,126,Tmin 20–25°C,tmin
ACCESS1-3,rcp85,2012,109,Tmin 20–25°C,tmin
ACCESS1-3,rcp85,2013,91,Tmin 20–25°C,tmin
ACCESS1-3,rcp85,2014,113,Tmin 20–25°C,tmin
ACCESS1-3,rcp85,2015,103,Tmin 20–25°C,tmin
ACCESS1-3,rcp85,2016,101,Tmin 20–25°C,tmin
ACCESS1-3,rcp85,2017,109,Tmin 20–25°C,tmin
ACCESS1-3,rcp85,2018,98,Tmin 20–25°C,tmin
ACCESS1-3,rcp85,2019,124,Tmin 20–25°C,tmin
ACCESS1-3,rcp85,2020,133,Tmin 20–25°C,tmin
ACCESS1-3,rcp85,2021,137,Tmin 20–25°C,tmin
ACCESS1-3,rcp85,2022,103,Tmin 20–25°C,tmin
ACCESS1-3,rcp85,2023,117,Tmin 20–25°C,tmin
ACCESS1-3,rcp85,2024,85,Tmin 20–25°C,tmin
ACCESS1-3,rcp85,2025,94,Tmin 20–25°C,tmin
ACCESS1-3,rcp85,2026,108,Tmin 20–25°C,tmin
ACCESS1-3,rcp85,2027,129,Tmin 20–25°C,tmin
ACCESS1-3,rcp85,2028,124,Tmin 20–25°C,tmin
ACCESS1-3,rcp85,2029,103,Tmin 20–25°C,tmin
ACCESS1-3,rcp85,2030,107,Tmin 20–25°C,tmin
ACCESS1-3,rcp85,2031,121,Tmin 20–25°C,tmin
ACCESS1-3,rcp85,2032,113,Tmin 20–25°C,tmin
ACCESS1-3,rcp85,2033,129,Tmin 20–25°C,tmin
ACCESS1-3,rcp85,2034,116,Tmin 20–25°C,tmin
ACCESS1-3,rcp85,2035,119,Tmin 20–25°C,tmin
ACCESS1-3,rcp85,2036,149,Tmin 20–25°C,tmin
BNU-ESM,rcp85,2006,135,Tmin 20–25°C,tmin
BNU-ESM,rcp85,2007,104,Tmin 20–25°C,tmin
BNU-ESM,rcp85,2008,171,Tmin 20–25°C,tmin
BNU-ESM,rcp85,2009,107,Tmin 20–25°C,tmin
BNU-ESM,rcp85,2010,111,Tmin 20–25°C,tmin
BNU-ESM,rcp85,2011,114,Tmin 20–25°C,tmin
BNU-ESM,rcp85,2012,108,Tmin 20–25°C,tmin
BNU-ESM,rcp85,2013,143,Tmin 20–25°C,tmin
BNU-ESM,rcp85,2014,134,Tmin 20–25°C,tmin
BNU-ESM,rcp85,2015,139,Tmin 20–25°C,tmin
BNU-ESM,rcp85,2016,148,Tmin 20–25°C,tmin
BNU-ESM,rcp85,2017,119,Tmin 20–25°C,tmin
BNU-ESM,rcp85,2018,151,Tmin 20–25°C,tmin
BNU-ESM,rcp85,2019,128,Tmin 20–25°C,tmin
BNU-ESM,rcp85,2020,138,Tmin 20–25°C,tmin
BNU-ESM,rcp85,2021,126,Tmin 20–25°C,tmin
BNU-ESM,rcp85,2022,102,Tmin 20–25°C,tmin
BNU-ESM,rcp85,2023,87,Tmin 20–25°C,tmin
BNU-ESM,rcp85,2024,119,Tmin 20–25°C,tmin
BNU-ESM,rcp85,2025,121,Tmin 20–25°C,tmin
BNU-ESM,rcp85,2026,106,Tmin 20–25°C,tmin
BNU-ESM,rcp85,2027,115,Tmin 20–25°C,tmin
BNU-ESM,rcp85,2028,93,Tmin 20–25°C,tmin
BNU-ESM,rcp85,2029,115,Tmin 20–25°C,tmin
BNU-ESM,rcp85,2030,142,Tmin 20–25°C,tmin
BNU-ESM,rcp85,2031,140,Tmin 20–25°C,tmin
BNU-ESM,rcp85,2032,169,Tmin 20–25°C,tmin
BNU-ESM,rcp85,2033,96,Tmin 20–25°C,tmin
BNU-ESM,rcp85,2034,115,Tmin 20–25°C,tmin
BNU-ESM,rcp85,2035,88,Tmin 20–25°C,tmin
BNU-ESM,rcp85,2036,150,Tmin 20–25°C,tmin
CCSM4,rcp85,2006,111,Tmin 20–25°C,tmin
CCSM4,rcp85,2007,124,Tmin 20–25°C,tmin
CCSM4,rcp85,2008,108,Tmin 20–25°C,tmin
CCSM4,rcp85,2009,129,Tmin 20–25°C,tmin
CCSM4,rcp85,2010,117,Tmin 20–25°C,tmin
CCSM4,rcp85,2011,111,Tmin 20–25°C,tmin
CCSM4,rcp85,2012,114,Tmin 20–25°C,tmin
CCSM4,rcp85,2013,141,Tmin 20–25°C,tmin
CCSM4,rcp85,2014,112,Tmin 20–25°C,tmin
CCSM4,rcp85,2015,109,Tmin 20–25°C,tmin
CCSM4,rcp85,2016,111,Tmin 20–25°C,tmin
CCSM4,rcp85,2017,103,Tmin 20–25°C,tmin
CCSM4,rcp85,2018,114,Tmin 20–25°C,tmin
CCSM4,rcp85,2019,98,Tmin 20–25°C,tmin
CCSM4,rcp85,2020,127,Tmin 20–25°C,tmin
CCSM4,rcp85,2021,122,Tmin 20–25°C,tmin
CCSM4,rcp85,2022,127,Tmin 20–25°C,tmin
CCSM4,rcp85,2023,101,Tmin 20–25°C,tmin
CCSM4,rcp85,2024,88,Tmin 20–25°C,tmin
CCSM4,rcp85,2025,110,Tmin 20–25°C,tmin
CCSM4,rcp85,2026,108,Tmin 20–25°C,tmin
CCSM4,rcp85,2027,130,Tmin 20–25°C,tmin
CCSM4,rcp85,2028,130,Tmin 20–25°C,tmin
CCSM4,rcp85,2029,120,Tmin 20–25°C,tmin
CCSM4,rcp85,2030,99,Tmin 20–25°C,tmin
CCSM4,rcp85,2031,92,Tmin 20–25°C,tmin
CCSM4,rcp85,2032,128,Tmin 20–25°C,tmin
CCSM4,rcp85,2033,107,Tmin 20–25°C,tmin
CCSM4,rcp85,2034,103,Tmin 20–25°C,tmin
CCSM4,rcp85,2035,117,Tmin 20–25°C,tmin
CCSM4,rcp85,2036,121,Tmin 20–25°C,tmin
CESM1-BGC,rcp85,2006,143,Tmin 20–25°C,tmin
CESM1-BGC,rcp85,2007,121,Tmin 20–25°C,tmin
CESM1-BGC,rcp85,2008,123,Tmin 20–25°C,tmin
CESM1-BGC,rcp85,2009,145,Tmin 20–25°C,tmin
CESM1-BGC,rcp85,2010,100,Tmin 20–25°C,tmin
CESM1-BGC,rcp85,2011,128,Tmin 20–25°C,tmin
CESM1-BGC,rcp85,2012,106,Tmin 20–25°C,tmin
CESM1-BGC,rcp85,2013,123,Tmin 20–25°C,tmin
CESM1-BGC,rcp85,2014,98,Tmin 20–25°C,tmin
CESM1-BGC,rcp85,2015,116,Tmin 20–25°C,tmin
CESM1-BGC,rcp85,2016,117,Tmin 20–25°C,tmin
CESM1-BGC,rcp85,2017,116,Tmin 20–25°C,tmin
CESM1-BGC,rcp85,2018,123,Tmin 20–25°C,tmin
CESM1-BGC,rcp85,2019,118,Tmin 20–25°C,tmin
CESM1-BGC,rcp85,2020,105,Tmin 20–25°C,tmin
CESM1-BGC,rcp85,2021,117,Tmin 20–25°C,tmin
CESM1-BGC,rcp85,2022,126,Tmin 20–25°C,tmin
CESM1-BGC,rcp85,2023,106,Tmin 20–25°C,tmin
CESM1-BGC,rcp85,2024,116,Tmin 20–25°C,tmin
CESM1-BGC,rcp85,2025,106,Tmin 20–25°C,tmin
CESM1-BGC,rcp85,2026,138,Tmin 20–25°C,tmin
CESM1-BGC,rcp85,2027,114,Tmin 20–25°C,tmin
CESM1-BGC,rcp85,2028,104,Tmin 20–25°C,tmin
CESM1-BGC,rcp85,2029,112,Tmin 20–25°C,tmin
CESM1-BGC,rcp85,2030,113,Tmin 20–25°C,tmin
CESM1-BGC,rcp85,2031,114,Tmin 20–25°C,tmin
CESM1-BGC,rcp85,2032,138,Tmin 20–25°C,tmin
CESM1-BGC,rcp85,2033,133,Tmin 20–25°C,tmin
CESM1-BGC,rcp85,2034,107,Tmin 20–25°C,tmin
CESM1-BGC,rcp85,2035,133,Tmin 20–25°C,tmin
CESM1-BGC,rcp85,2036,81,Tmin 20–25°C,tmin
CESM1-CAM5,rcp85,2006,108,Tmin 20–25°C,tmin
CESM1-CAM5,rcp85,2007,102,Tmin 20–25°C,tmin
CESM1-CAM5,rcp85,2008,132,Tmin 20–25°C,tmin
CESM1-CAM5,rcp85,2009,141,Tmin 20–25°C,tmin
CESM1-CAM5,rcp85,2010,110,Tmin 20–25°C,tmin
CESM1-CAM5,rcp85,2011,129,Tmin 20–25°C,tmin
CESM1-CAM5,rcp85,2012,110,Tmin 20–25°C,tmin
CESM1-CAM5,rcp85,2013,115,Tmin 20–25°C,tmin
CESM1-CAM5,rcp85,2014,129,Tmin 20–25°C,tmin
CESM1-CAM5,rcp85,2015,118,Tmin 20–25°C,tmin
CESM1-CAM5,rcp85,2016,103,Tmin 20–25°C,tmin
CESM1-CAM5,rcp85,2017,121,Tmin 20–25°C,tmin
CESM1-CAM5,rcp85,2018,120,Tmin 20–25°C,tmin
CESM1-CAM5,rcp85,2019,126,Tmin 20–25°C,tmin
CESM1-CAM5,rcp85,2020,130,Tmin 20–25°C,tmin
CESM1-CAM5,rcp85,2021,112,Tmin 20–25°C,tmin
CESM1-CAM5,rcp85,2022,144,Tmin 20–25°C,tmin
CESM1-CAM5,rcp85,2023,117,Tmin 20–25°C,tmin
CESM1-CAM5,rcp85,2024,133,Tmin 20–25°C,tmin
CESM1-CAM5,rcp85,2025,140,Tmin 20–25°C,tmin
CESM1-CAM5,rcp85,2026,138,Tmin 20–25°C,tmin
CESM1-CAM5,rcp85,2027,133,Tmin 20–25°C,tmin
CESM1-CAM5,rcp85,2028,120,Tmin 20–25°C,tmin
CESM1-CAM5,rcp85,2029,117,Tmin 20–25°C,tmin
CESM1-CAM5,rcp85,2030,122,Tmin 20–25°C,tmin
CESM1-CAM5,rcp85,2031,101,Tmin 20–25°C,tmin
CESM1-CAM5,rcp85,2032,116,Tmin 20–25°C,tmin
CESM1-CAM5,rcp85,2033,121,Tmin 20–25°C,tmin
CESM1-CAM5,rcp85,2034,136,Tmin 20–25°C,tmin
CESM1-CAM5,rcp85,2035,119,Tmin 20–25°C,tmin
CESM1-CAM5,rcp85,2036,99,Tmin 20–25°C,tmin
CMCC-CESM,rcp85,2006,146,Tmin 20–25°C,tmin
CMCC-CESM,rcp85,2007,140,Tmin 20–25°C,tmin
CMCC-CESM,rcp85,2008,133,Tmin 20–25°C,tmin
CMCC-CESM,rcp85,2009,158,Tmin 20–25°C,tmin
CMCC-CESM,rcp85,2010,92,Tmin 20–25°C,tmin
CMCC-CESM,rcp85,2011,161,Tmin 20–25°C,tmin
CMCC-CESM,rcp85,2012,114,Tmin 20–25°C,tmin
CMCC-CESM,rcp85,2013,135,Tmin 20–25°C,tmin
CMCC-CESM,rcp85,2014,135,Tmin 20–25°C,tmin
CMCC-CESM,rcp85,2015,117,Tmin 20–25°C,tmin
CMCC-CESM,rcp85,2016,128,Tmin 20–25°C,tmin
CMCC-CESM,rcp85,2017,136,Tmin 20–25°C,tmin
CMCC-CESM,rcp85,2018,122,Tmin 20–25°C,tmin
CMCC-CESM,rcp85,2019,113,Tmin 20–25°C,tmin
CMCC-CESM,rcp85,2020,111,Tmin 20–25°C,tmin
CMCC-CESM,rcp85,2021,98,Tmin 20–25°C,tmin
CMCC-CESM,rcp85,2022,129,Tmin 20–25°C,tmin
CMCC-CESM,rcp85,2023,129,Tmin 20–25°C,tmin
CMCC-CESM,rcp85,2024,111,Tmin 20–25°C,tmin
CMCC-CESM,rcp85,2025,145,Tmin 20–25°C,tmin
CMCC-CESM,rcp85,2026,85,Tmin 20–25°C,tmin
CMCC-CESM,rcp85,2027,130,Tmin 20–25°C,tmin
CMCC-CESM,rcp85,2028,112,Tmin 20–25°C,tmin
CMCC-CESM,rcp85,2029,119,Tmin 20–25°C,tmin
CMCC-CESM,rcp85,2030,107,Tmin 20–25°C,tmin
CMCC-CESM,rcp85,2031,131,Tmin 20–25°C,tmin
CMCC-CESM,rcp85,2032,125,Tmin 20–25°C,tmin
CMCC-CESM,rcp85,2033,107,Tmin 20–25°C,tmin
CMCC-CESM,rcp85,2034,124,Tmin 20–25°C,tmin
CMCC-CESM,rcp85,2035,96,Tmin 20–25°C,tmin
CMCC-CESM,rcp85,2036,103,Tmin 20–25°C,tmin
CMCC-CM,rcp85,2006,120,Tmin 20–25°C,tmin
CMCC-CM,rcp85,2007,139,Tmin 20–25°C,tmin
CMCC-CM,rcp85,2008,109,Tmin 20–25°C,tmin
CMCC-CM,rcp85,2009,152,Tmin 20–25°C,tmin
CMCC-CM,rcp85,2010,151,Tmin 20–25°C,tmin
CMCC-CM,rcp85,2011,116,Tmin 20–25°C,tmin
CMCC-CM,rcp85,2012,114,Tmin 20–25°C,tmin
CMCC-CM,rcp85,2013,113,Tmin 20–25°C,tmin
CMCC-CM,rcp85,2014,106,Tmin 20–25°C,tmin
CMCC-CM,rcp85,2015,105,Tmin 20–25°C,tmin
CMCC-CM,rcp85,2016,141,Tmin 20–25°C,tmin
CMCC-CM,rcp85,2017,116,Tmin 20–25°C,tmin
CMCC-CM,rcp85,2018,135,Tmin 20–25°C,tmin
CMCC-CM,rcp85,2019,140,Tmin 20–25°C,tmin
CMCC-CM,rcp85,2020,135,Tmin 20–25°C,tmin
CMCC-CM,rcp85,2021,123,Tmin 20–25°C,tmin
CMCC-CM,rcp85,2022,104,Tmin 20–25°C,tmin
CMCC-CM,rcp85,2023,111,Tmin 20–25°C,tmin
CMCC-CM,rcp85,2024,131,Tmin 20–25°C,tmin
CMCC-CM,rcp85,2025,105,Tmin 20–25°C,tmin
CMCC-CM,rcp85,2026,112,Tmin 20–25°C,tmin
CMCC-CM,rcp85,2027,121,Tmin 20–25°C,tmin
CMCC-CM,rcp85,2028,109,Tmin 20–25°C,tmin
CMCC-CM,rcp85,2029,116,Tmin 20–25°C,tmin
CMCC-CM,rcp85,2030,94,Tmin 20–25°C,tmin
CMCC-CM,rcp85,2031,109,Tmin 20–25°C,tmin
CMCC-CM,rcp85,2032,104,Tmin 20–25°C,tmin
CMCC-CM,rcp85,2033,118,Tmin 20–25°C,tmin
CMCC-CM,rcp85,2034,127,Tmin 20–25°C,tmin
CMCC-CM,rcp85,2035,93,Tmin 20–25°C,tmin
CMCC-CM,rcp85,2036,107,Tmin 20–25°C,tmin
CNRM-CM5,rcp85,2006,127,Tmin 20–25°C,tmin
CNRM-CM5,rcp85,2007,123,Tmin 20–25°C,tmin
CNRM-CM5,rcp85,2008,157,Tmin 20–25°C,tmin
CNRM-CM5,rcp85,2009,145,Tmin 20–25°C,tmin
CNRM-CM5,rcp85,2010,99,Tmin 20–25°C,tmin
CNRM-CM5,rcp85,2011,149,Tmin 20–25°C,tmin
CNRM-CM5,rcp85,2012,135,Tmin 20–25°C,tmin
CNRM-CM5,rcp85,2013,133,Tmin 20–25°C,tmin
CNRM-CM5,rcp85,2014,118,Tmin 20–25°C,tmin
CNRM-CM5,rcp85,2015,136,Tmin 20–25°C,tmin
CNRM-CM5,rcp85,2016,110,Tmin 20–25°C,tmin
CNRM-CM5,rcp85,2017,117,Tmin 20–25°C,tmin
CNRM-CM5,rcp85,2018,111,Tmin 20–25°C,tmin
CNRM-CM5,rcp85,2019,154,Tmin 20–25°C,tmin
CNRM-CM5,rcp85,2020,105,Tmin 20–25°C,tmin
CNRM-CM5,rcp85,2021,122,Tmin 20–25°C,tmin
CNRM-CM5,rcp85,2022,103,Tmin 20–25°C,tmin
CNRM-CM5,rcp85,2023,117,Tmin 20–25°C,tmin
CNRM-CM5,rcp85,2024,106,Tmin 20–25°C,tmin
CNRM-CM5,rcp85,2025,130,Tmin 20–25°C,tmin
CNRM-CM5,rcp85,2026,104,Tmin 20–25°C,tmin
CNRM-CM5,rcp85,2027,87,Tmin 20–25°C,tmin
CNRM-CM5,rcp85,2028,117,Tmin 20–25°C,tmin
CNRM-CM5,rcp85,2029,118,Tmin 20–25°C,tmin
CNRM-CM5,rcp85,2030,123,Tmin 20–25°C,tmin
CNRM-CM5,rcp85,2031,117,Tmin 20–25°C,tmin
CNRM-CM5,rcp85,2032,115,Tmin 20–25°C,tmin
CNRM-CM5,rcp85,2033,95,Tmin 20–25°C,tmin
CNRM-CM5,rcp85,2034,119,Tmin 20–25°C,tmin
CNRM-CM5,rcp85,2035,119,Tmin 20–25°C,tmin
CNRM-CM5,rcp85,2036,93,Tmin 20–25°C,tmin
CSIRO-Mk3-6-0,rcp85,2006,103,Tmin 20–25°C,tmin
CSIRO-Mk3-6-0,rcp85,2007,96,Tmin 20–25°C,tmin
CSIRO-Mk3-6-0,rcp85,2008,106,Tmin 20–25°C,tmin
CSIRO-Mk3-6-0,rcp85,2009,113,Tmin 20–25°C,tmin
CSIRO-Mk3-6-0,rcp85,2010,89,Tmin 20–25°C,tmin
CSIRO-Mk3-6-0,rcp85,2011,100,Tmin 20–25°C,tmin
CSIRO-Mk3-6-0,rcp85,2012,117,Tmin 20–25°C,tmin
CSIRO-Mk3-6-0,rcp85,2013,123,Tmin 20–25°C,tmin
CSIRO-Mk3-6-0,rcp85,2014,146,Tmin 20–25°C,tmin
CSIRO-Mk3-6-0,rcp85,2015,142,Tmin 20–25°C,tmin
CSIRO-Mk3-6-0,rcp85,2016,160,Tmin 20–25°C,tmin
CSIRO-Mk3-6-0,rcp85,2017,153,Tmin 20–25°C,tmin
CSIRO-Mk3-6-0,rcp85,2018,159,Tmin 20–25°C,tmin
CSIRO-Mk3-6-0,rcp85,2019,140,Tmin 20–25°C,tmin
CSIRO-Mk3-6-0,rcp85,2020,130,Tmin 20–25°C,tmin
CSIRO-Mk3-6-0,rcp85,2021,136,Tmin 20–25°C,tmin
CSIRO-Mk3-6-0,rcp85,2022,111,Tmin 20–25°C,tmin
CSIRO-Mk3-6-0,rcp85,2023,143,Tmin 20–25°C,tmin
CSIRO-Mk3-6-0,rcp85,2024,121,Tmin 20–25°C,tmin
CSIRO-Mk3-6-0,rcp85,2025,135,Tmin 20–25°C,tmin
CSIRO-Mk3-6-0,rcp85,2026,124,Tmin 20–25°C,tmin
CSIRO-Mk3-6-0,rcp85,2027,135,Tmin 20–25°C,tmin
CSIRO-Mk3-6-0,rcp85,2028,105,Tmin 20–25°C,tmin
CSIRO-Mk3-6-0,rcp85,2029,136,Tmin 20–25°C,tmin
CSIRO-Mk3-6-0,rcp85,2030,108,Tmin 20–25°C,tmin
CSIRO-Mk3-6-0,rcp85,2031,109,Tmin 20–25°C,tmin
CSIRO-Mk3-6-0,rcp85,2032,129,Tmin 20–25°C,tmin
CSIRO-Mk3-6-0,rcp85,2033,102,Tmin 20–25°C,tmin
CSIRO-Mk3-6-0,rcp85,2034,106,Tmin 20–25°C,tmin
CSIRO-Mk3-6-0,rcp85,2035,115,Tmin 20–25°C,tmin
CSIRO-Mk3-6-0,rcp85,2036,102,Tmin 20–25°C,tmin
CanESM2,rcp85,2006,92,Tmin 20–25°C,tmin
CanESM2,rcp85,2007,159,Tmin 20–25°C,tmin
CanESM2,rcp85,2008,104,Tmin 20–25°C,tmin
CanESM2,rcp85,2009,109,Tmin 20–25°C,tmin
CanESM2,rcp85,2010,119,Tmin 20–25°C,tmin
CanESM2,rcp85,2011,113,Tmin 20–25°C,tmin
CanESM2,rcp85,2012,144,Tmin 20–25°C,tmin
CanESM2,rcp85,2013,154,Tmin 20–25°C,tmin
CanESM2,rcp85,2014,129,Tmin 20–25°C,tmin
CanESM2,rcp85,2015,97,Tmin 20–25°C,tmin
CanESM2,rcp85,2016,115,Tmin 20–25°C,tmin
CanESM2,rcp85,2017,137,Tmin 20–25°C,tmin
CanESM2,rcp85,2018,98,Tmin 20–25°C,tmin
CanESM2,rcp85,2019,123,Tmin 20–25°C,tmin
CanESM2,rcp85,2020,111,Tmin 20–25°C,tmin
CanESM2,rcp85,2021,105,Tmin 20–25°C,tmin
CanESM2,rcp85,2022,133,Tmin 20–25°C,tmin
CanESM2,rcp85,2023,107,Tmin 20–25°C,tmin
CanESM2,rcp85,2024,131,Tmin 20–25°C,tmin
CanESM2,rcp85,2025,91,Tmin 20–25°C,tmin
CanESM2,rcp85,2026,112,Tmin 20–25°C,tmin
CanESM2,rcp85,2027,105,Tmin 20–25°C,tmin
CanESM2,rcp85,2028,116,Tmin 20–25°C,tmin
CanESM2,rcp85,2029,150,Tmin 20–25°C,tmin
CanESM2,rcp85,2030,112,Tmin 20–25°C,tmin
CanESM2,rcp85,2031,106,Tmin 20–25°C,tmin
CanESM2,rcp85,2032,93,Tmin 20–25°C,tmin
CanESM2,rcp85,2033,114,Tmin 20–25°C,tmin
CanESM2,rcp85,2034,121,Tmin 20–25°C,tmin
CanESM2,rcp85,2035,114,Tmin 20–25°C,tmin
CanESM2,rcp85,2036,88,Tmin 20–25°C,tmin
EC-EARTH,rcp85,2006,117,Tmin 20–25°C,tmin
EC-EARTH,rcp85,2007,120,Tmin 20–25°C,tmin
EC-EARTH,rcp85,2008,136,Tmin 20–25°C,tmin
EC-EARTH,rcp85,2009,123,Tmin 20–25°C,tmin
EC-EARTH,rcp85,2010,132,Tmin 20–25°C,tmin
EC-EARTH,rcp85,2011,132,Tmin 20–25°C,tmin
EC-EARTH,rcp85,2012,126,Tmin 20–25°C,tmin
EC-EARTH,rcp85,2013,117,Tmin 20–25°C,tmin
EC-EARTH,rcp85,2014,118,Tmin 20–25°C,tmin
EC-EARTH,rcp85,2015,155,Tmin 20–25°C,tmin
EC-EARTH,rcp85,2016,124,Tmin 20–25°C,tmin
EC-EARTH,rcp85,2017,138,Tmin 20–25°C,tmin
EC-EARTH,rcp85,2018,133,Tmin 20–25°C,tmin
EC-EARTH,rcp85,2019,112,Tmin 20–25°C,tmin
EC-EARTH,rcp85,2020,128,Tmin 20–25°C,tmin
EC-EARTH,rcp85,2021,138,Tmin 20–25°C,tmin
EC-EARTH,rcp85,2022,113,Tmin 20–25°C,tmin
EC-EARTH,rcp85,2023,104,Tmin 20–25°C,tmin
EC-EARTH,rcp85,2024,136,Tmin 20–25°C,tmin
EC-EARTH,rcp85,2025,128,Tmin 20–25°C,tmin
EC-EARTH,rcp85,2026,98,Tmin 20–25°C,tmin
EC-EARTH,rcp85,2027,125,Tmin 20–25°C,tmin
EC-EARTH,rcp85,2028,107,Tmin 20–25°C,tmin
EC-EARTH,rcp85,2029,109,Tmin 20–25°C,tmin
EC-EARTH,rcp85,2030,109,Tmin 20–25°C,tmin
EC-EARTH,rcp85,2031,120,Tmin 20–25°C,tmin
EC-EARTH,rcp85,2032,108,Tmin 20–25°C,tmin
EC-EARTH,rcp85,2033,125,Tmin 20–25°C,tmin
EC-EARTH,rcp85,2034,134,Tmin 20–25°C,tmin
EC-EARTH,rcp85,2035,129,Tmin 20–25°C,tmin
EC-EARTH,rcp85,2036,110,Tmin 20–25°C,tmin
FGOALS-g2,rcp85,2006,148,Tmin 20–25°C,tmin
FGOALS-g2,rcp85,2007,97,Tmin 20–25°C,tmin
FGOALS-g2,rcp85,2008,112,Tmin 20–25°C,tmin
FGOALS-g2,rcp85,2009,131,Tmin 20–25°C,tmin
FGOALS-g2,rcp85,2010,113,Tmin 20–25°C,tmin
FGOALS-g2,rcp85,2011,145,Tmin 20–25°C,tmin
FGOALS-g2,rcp85,2012,137,Tmin 20–25°C,tmin
FGOALS-g2,rcp85,2013,141,Tmin 20–25°C,tmin
FGOALS-g2,rcp85,2014,140,Tmin 20–25°C,tmin
FGOALS-g2,rcp85,2015,131,Tmin 20–25°C,tmin
FGOALS-g2,rcp85,2016,111,Tmin 20–25°C,tmin
FGOALS-g2,rcp85,2017,138,Tmin 20–25°C,tmin
FGOALS-g2,rcp85,2018,139,Tmin 20–25°C,tmin
FGOALS-g2,rcp85,2019,129,Tmin 20–25°C,tmin
FGOALS-g2,rcp85,2020,118,Tmin 20–25°C,tmin
FGOALS-g2,rcp85,2021,117,Tmin 20–25°C,tmin
FGOALS-g2,rcp85,2022,120,Tmin 20–25°C,tmin
FGOALS-g2,rcp85,2023,131,Tmin 20–25°C,tmin
FGOALS-g2,rcp85,2024,108,Tmin 20–25°C,tmin
FGOALS-g2,rcp85,2025,121,Tmin 20–25°C,tmin
FGOALS-g2,rcp85,2026,123,Tmin 20–25°C,tmin
FGOALS-g2,rcp85,2027,88,Tmin 20–25°C,tmin
FGOALS-g2,rcp85,2028,104,Tmin 20–25°C,tmin
FGOALS-g2,rcp85,2029,111,Tmin 20–25°C,tmin
FGOALS-g2,rcp85,2030,117,Tmin 20–25°C,tmin
FGOALS-g2,rcp85,2031,91,Tmin 20–25°C,tmin
FGOALS-g2,rcp85,2032,127,Tmin 20–25°C,tmin
FGOALS-g2,rcp85,2033,106,Tmin 20–25°C,tmin
FGOALS-g2,rcp85,2034,104,Tmin 20–25°C,tmin
FGOALS-g2,rcp85,2035,111,Tmin 20–25°C,tmin
FGOALS-g2,rcp85,2036,137,Tmin 20–25°C,tmin
GFDL-CM3,rcp85,2006,94,Tmin 20–25°C,tmin
GFDL-CM3,rcp85,2007,132,Tmin 20–25°C,tmin
GFDL-CM3,rcp85,2008,100,Tmin 20–25°C,tmin
GFDL-CM3,rcp85,2009,124,Tmin 20–25°C,tmin
GFDL-CM3,rcp85,2010,126,Tmin 20–25°C,tmin
GFDL-CM3,rcp85,2011,121,Tmin 20–25°C,tmin
GFDL-CM3,rcp85,2012,119,Tmin 20–25°C,tmin
GFDL-CM3,rcp85,2013,106,Tmin 20–25°C,tmin
GFDL-CM3,rcp85,2014,98,Tmin 20–25°C,tmin
GFDL-CM3,rcp85,2015,126,Tmin 20–25°C,tmin
GFDL-CM3,rcp85,2016,128,Tmin 20–25°C,tmin
GFDL-CM3,rcp85,2017,131,Tmin 20–25°C,tmin
GFDL-CM3,rcp85,2018,98,Tmin 20–25°C,tmin
GFDL-CM3,rcp85,2019,93,Tmin 20–25°C,tmin
GFDL-CM3,rcp85,2020,113,Tmin 20–25°C,tmin
GFDL-CM3,rcp85,2021,131,Tmin 20–25°C,tmin
GFDL-CM3,rcp85,2022,127,Tmin 20–25°C,tmin
GFDL-CM3,rcp85,2023,126,Tmin 20–25°C,tmin
GFDL-CM3,rcp85,2024,118,Tmin 20–25°C,tmin
GFDL-CM3,rcp85,2025,131,Tmin 20–25°C,tmin
GFDL-CM3,rcp85,2026,110,Tmin 20–25°C,tmin
GFDL-CM3,rcp85,2027,106,Tmin 20–25°C,tmin
GFDL-CM3,rcp85,2028,99,Tmin 20–25°C,tmin
GFDL-CM3,rcp85,2029,99,Tmin 20–25°C,tmin
GFDL-CM3,rcp85,2030,84,Tmin 20–25°C,tmin
GFDL-CM3,rcp85,2031,84,Tmin 20–25°C,tmin
GFDL-CM3,rcp85,2032,104,Tmin 20–25°C,tmin
GFDL-CM3,rcp85,2033,87,Tmin 20–25°C,tmin
GFDL-CM3,rcp85,2034,102,Tmin 20–25°C,tmin
GFDL-CM3,rcp85,2035,122,Tmin 20–25°C,tmin
GFDL-CM3,rcp85,2036,101,Tmin 20–25°C,tmin
GFDL-ESM2G,rcp85,2006,81,Tmin 20–25°C,tmin
GFDL-ESM2G,rcp85,2007,129,Tmin 20–25°C,tmin
GFDL-ESM2G,rcp85,2008,130,Tmin 20–25°C,tmin
GFDL-ESM2G,rcp85,2009,80,Tmin 20–25°C,tmin
GFDL-ESM2G,rcp85,2010,115,Tmin 20–25°C,tmin
GFDL-ESM2G,rcp85,2011,113,Tmin 20–25°C,tmin
GFDL-ESM2G,rcp85,2012,134,Tmin 20–25°C,tmin
GFDL-ESM2G,rcp85,2013,98,Tmin 20–25°C,tmin
GFDL-ESM2G,rcp85,2014,80,Tmin 20–25°C,tmin
GFDL-ESM2G,rcp85,2015,124,Tmin 20–25°C,tmin
GFDL-ESM2G,rcp85,2016,114,Tmin 20–25°C,tmin
GFDL-ESM2G,rcp85,2017,97,Tmin 20–25°C,tmin
GFDL-ESM2G,rcp85,2018,116,Tmin 20–25°C,tmin
GFDL-ESM2G,rcp85,2019,109,Tmin 20–25°C,tmin
GFDL-ESM2G,rcp85,2020,123,Tmin 20–25°C,tmin
GFDL-ESM2G,rcp85,2021,131,Tmin 20–25°C,tmin
GFDL-ESM2G,rcp85,2022,143,Tmin 20–25°C,tmin
GFDL-ESM2G,rcp85,2023,121,Tmin 20–25°C,tmin
GFDL-ESM2G,rcp85,2024,108,Tmin 20–25°C,tmin
GFDL-ESM2G,rcp85,2025,105,Tmin 20–25°C,tmin
GFDL-ESM2G,rcp85,2026,117,Tmin 20–25°C,tmin
GFDL-ESM2G,rcp85,2027,156,Tmin 20–25°C,tmin
GFDL-ESM2G,rcp85,2028,106,Tmin 20–25°C,tmin
GFDL-ESM2G,rcp85,2029,108,Tmin 20–25°C,tmin
GFDL-ESM2G,rcp85,2030,146,Tmin 20–25°C,tmin
GFDL-ESM2G,rcp85,2031,113,Tmin 20–25°C,tmin
GFDL-ESM2G,rcp85,2032,115,Tmin 20–25°C,tmin
GFDL-ESM2G,rcp85,2033,117,Tmin 20–25°C,tmin
GFDL-ESM2G,rcp85,2034,101,Tmin 20–25°C,tmin
GFDL-ESM2G,rcp85,2035,81,Tmin 20–25°C,tmin
GFDL-ESM2G,rcp85,2036,130,Tmin 20–25°C,tmin
GFDL-ESM2M,rcp85,2006,166,Tmin 20–25°C,tmin
GFDL-ESM2M,rcp85,2007,117,Tmin 20–25°C,tmin
GFDL-ESM2M,rcp85,2008,129,Tmin 20–25°C,tmin
GFDL-ESM2M,rcp85,2009,124,Tmin 20–25°C,tmin
GFDL-ESM2M,rcp85,2010,173,Tmin 20–25°C,tmin
GFDL-ESM2M,rcp85,2011,104,Tmin 20–25°C,tmin
GFDL-ESM2M,rcp85,2012,129,Tmin 20–25°C,tmin
GFDL-ESM2M,rcp85,2013,125,Tmin 20–25°C,tmin
GFDL-ESM2M,rcp85,2014,122,Tmin 20–25°C,tmin
GFDL-ESM2M,rcp85,2015,106,Tmin 20–25°C,tmin
GFDL-ESM2M,rcp85,2016,119,Tmin 20–25°C,tmin
GFDL-ESM2M,rcp85,2017,126,Tmin 20–25°C,tmin
GFDL-ESM2M,rcp85,2018,111,Tmin 20–25°C,tmin
GFDL-ESM2M,rcp85,2019,144,Tmin 20–25°C,tmin
GFDL-ESM2M,rcp85,2020,138,Tmin 20–25°C,tmin
GFDL-ESM2M,rcp85,2021,98,Tmin 20–25°C,tmin
GFDL-ESM2M,rcp85,2022,103,Tmin 20–25°C,tmin
GFDL-ESM2M,rcp85,2023,117,Tmin 20–25°C,tmin
GFDL-ESM2M,rcp85,2024,154,Tmin 20–25°C,tmin
GFDL-ESM2M,rcp85,2025,133,Tmin 20–25°C,tmin
GFDL-ESM2M,rcp85,2026,135,Tmin 20–25°C,tmin
GFDL-ESM2M,rcp85,2027,151,Tmin 20–25°C,tmin
GFDL-ESM2M,rcp85,2028,124,Tmin 20–25°C,tmin
GFDL-ESM2M,rcp85,2029,128,Tmin 20–25°C,tmin
GFDL-ESM2M,rcp85,2030,109,Tmin 20–25°C,tmin
GFDL-ESM2M,rcp85,2031,123,Tmin 20–25°C,tmin
GFDL-ESM2M,rcp85,2032,110,Tmin 20–25°C,tmin
GFDL-ESM2M,rcp85,2033,129,Tmin 20–25°C,tmin
GFDL-ESM2M,rcp85,2034,165,Tmin 20–25°C,tmin
GFDL-ESM2M,rcp85,2035,133,Tmin 20–25°C,tmin
GFDL-ESM2M,rcp85,2036,105,Tmin 20–25°C,tmin
IPSL-CM5A-LR,rcp85,2006,122,Tmin 20–25°C,tmin
IPSL-CM5A-LR,rcp85,2007,120,Tmin 20–25°C,tmin
IPSL-CM5A-LR,rcp85,2008,120,Tmin 20–25°C,tmin
IPSL-CM5A-LR,rcp85,2009,106,Tmin 20–25°C,tmin
IPSL-CM5A-LR,rcp85,2010,114,Tmin 20–25°C,tmin
IPSL-CM5A-LR,rcp85,2011,121,Tmin 20–25°C,tmin
IPSL-CM5A-LR,rcp85,2012,137,Tmin 20–25°C,tmin
IPSL-CM5A-LR,rcp85,2013,93,Tmin 20–25°C,tmin
IPSL-CM5A-LR,rcp85,2014,134,Tmin 20–25°C,tmin
IPSL-CM5A-LR,rcp85,2015,93,Tmin 20–25°C,tmin
IPSL-CM5A-LR,rcp85,2016,90,Tmin 20–25°C,tmin
IPSL-CM5A-LR,rcp85,2017,88,Tmin 20–25°C,tmin
IPSL-CM5A-LR,rcp85,2018,99,Tmin 20–25°C,tmin
IPSL-CM5A-LR,rcp85,2019,91,Tmin 20–25°C,tmin
IPSL-CM5A-LR,rcp85,2020,112,Tmin 20–25°C,tmin
IPSL-CM5A-LR,rcp85,2021,105,Tmin 20–25°C,tmin
IPSL-CM5A-LR,rcp85,2022,110,Tmin 20–25°C,tmin
IPSL-CM5A-LR,rcp85,2023,92,Tmin 20–25°C,tmin
IPSL-CM5A-LR,rcp85,2024,120,Tmin 20–25°C,tmin
IPSL-CM5A-LR,rcp85,2025,104,Tmin 20–25°C,tmin
IPSL-CM5A-LR,rcp85,2026,82,Tmin 20–25°C,tmin
IPSL-CM5A-LR,rcp85,2027,122,Tmin 20–25°C,tmin
IPSL-CM5A-LR,rcp85,2028,145,Tmin 20–25°C,tmin
IPSL-CM5A-LR,rcp85,2029,136,Tmin 20–25°C,tmin
IPSL-CM5A-LR,rcp85,2030,116,Tmin 20–25°C,tmin
IPSL-CM5A-LR,rcp85,2031,104,Tmin 20–25°C,tmin
IPSL-CM5A-LR,rcp85,2032,99,Tmin 20–25°C,tmin
IPSL-CM5A-LR,rcp85,2033,106,Tmin 20–25°C,tmin
IPSL-CM5A-LR,rcp85,2034,126,Tmin 20–25°C,tmin
IPSL-CM5A-LR,rcp85,2035,121,Tmin 20–25°C,tmin
IPSL-CM5A-LR,rcp85,2036,79,Tmin 20–25°C,tmin
IPSL-CM5A-MR,rcp85,2006,153,Tmin 20–25°C,tmin
IPSL-CM5A-MR,rcp85,2007,112,Tmin 20–25°C,tmin
IPSL-CM5A-MR,rcp85,2008,154,Tmin 20–25°C,tmin
IPSL-CM5A-MR,rcp85,2009,108,Tmin 20–25°C,tmin
IPSL-CM5A-MR,rcp85,2010,129,Tmin 20–25°C,tmin
IPSL-CM5A-MR,rcp85,2011,126,Tmin 20–25°C,tmin
IPSL-CM5A-MR,rcp85,2012,142,Tmin 20–25°C,tmin
IPSL-CM5A-MR,rcp85,2013,131,Tmin 20–25°C,tmin
IPSL-CM5A-MR,rcp85,2014,109,Tmin 20–25°C,tmin
IPSL-CM5A-MR,rcp85,2015,158,Tmin 20–25°C,tmin
IPSL-CM5A-MR,rcp85,2016,116,Tmin 20–25°C,tmin
IPSL-CM5A-MR,rcp85,2017,121,Tmin 20–25°C,tmin
IPSL-CM5A-MR,rcp85,2018,129,Tmin 20–25°C,tmin
IPSL-CM5A-MR,rcp85,2019,112,Tmin 20–25°C,tmin
IPSL-CM5A-MR,rcp85,2020,113,Tmin 20–25°C,tmin
IPSL-CM5A-MR,rcp85,2021,106,Tmin 20–25°C,tmin
IPSL-CM5A-MR,rcp85,2022,109,Tmin 20–25°C,tmin
IPSL-CM5A-MR,rcp85,2023,94,Tmin 20–25°C,tmin
IPSL-CM5A-MR,rcp85,2024,127,Tmin 20–25°C,tmin
IPSL-CM5A-MR,rcp85,2025,105,Tmin 20–25°C,tmin
IPSL-CM5A-MR,rcp85,2026,116,Tmin 20–25°C,tmin
IPSL-CM5A-MR,rcp85,2027,126,Tmin 20–25°C,tmin
IPSL-CM5A-MR,rcp85,2028,127,Tmin 20–25°C,tmin
IPSL-CM5A-MR,rcp85,2029,135,Tmin 20–25°C,tmin
IPSL-CM5A-MR,rcp85,2030,106,Tmin 20–25°C,tmin
IPSL-CM5A-MR,rcp85,2031,100,Tmin 20–25°C,tmin
IPSL-CM5A-MR,rcp85,2032,109,Tmin 20–25°C,tmin
IPSL-CM5A-MR,rcp85,2033,101,Tmin 20–25°C,tmin
IPSL-CM5A-MR,rcp85,2034,114,Tmin 20–25°C,tmin
IPSL-CM5A-MR,rcp85,2035,107,Tmin 20–25°C,tmin
IPSL-CM5A-MR,rcp85,2036,106,Tmin 20–25°C,tmin
IPSL-CM5B-LR,rcp85,2006,132,Tmin 20–25°C,tmin
IPSL-CM5B-LR,rcp85,2007,136,Tmin 20–25°C,tmin
IPSL-CM5B-LR,rcp85,2008,111,Tmin 20–25°C,tmin
IPSL-CM5B-LR,rcp85,2009,110,Tmin 20–25°C,tmin
IPSL-CM5B-LR,rcp85,2010,114,Tmin 20–25°C,tmin
IPSL-CM5B-LR,rcp85,2011,113,Tmin 20–25°C,tmin
IPSL-CM5B-LR,rcp85,2012,169,Tmin 20–25°C,tmin
IPSL-CM5B-LR,rcp85,2013,135,Tmin 20–25°C,tmin
IPSL-CM5B-LR,rcp85,2014,110,Tmin 20–25°C,tmin
IPSL-CM5B-LR,rcp85,2015,107,Tmin 20–25°C,tmin
IPSL-CM5B-LR,rcp85,2016,125,Tmin 20–25°C,tmin
IPSL-CM5B-LR,rcp85,2017,124,Tmin 20–25°C,tmin
IPSL-CM5B-LR,rcp85,2018,103,Tmin 20–25°C,tmin
IPSL-CM5B-LR,rcp85,2019,128,Tmin 20–25°C,tmin
IPSL-CM5B-LR,rcp85,2020,125,Tmin 20–25°C,tmin
IPSL-CM5B-LR,rcp85,2021,158,Tmin 20–25°C,tmin
IPSL-CM5B-LR,rcp85,2022,119,Tmin 20–25°C,tmin
IPSL-CM5B-LR,rcp85,2023,131,Tmin 20–25°C,tmin
IPSL-CM5B-LR,rcp85,2024,112,Tmin 20–25°C,tmin
IPSL-CM5B-LR,rcp85,2025,114,Tmin 20–25°C,tmin
IPSL-CM5B-LR,rcp85,2026,153,Tmin 20–25°C,tmin
IPSL-CM5B-LR,rcp85,2027,119,Tmin 20–25°C,tmin
IPSL-CM5B-LR,rcp85,2028,122,Tmin 20–25°C,tmin
IPSL-CM5B-LR,rcp85,2029,155,Tmin 20–25°C,tmin
IPSL-CM5B-LR,rcp85,2030,94,Tmin 20–25°C,tmin
IPSL-CM5B-LR,rcp85,2031,116,Tmin 20–25°C,tmin
IPSL-CM5B-LR,rcp85,2032,105,Tmin 20–25°C,tmin
IPSL-CM5B-LR,rcp85,2033,112,Tmin 20–25°C,tmin
IPSL-CM5B-LR,rcp85,2034,110,Tmin 20–25°C,tmin
IPSL-CM5B-LR,rcp85,2035,121,Tmin 20–25°C,tmin
IPSL-CM5B-LR,rcp85,2036,111,Tmin 20–25°C,tmin
MIROC-ESM,rcp85,2006,150,Tmin 20–25°C,tmin
MIROC-ESM,rcp85,2007,131,Tmin 20–25°C,tmin
MIROC-ESM,rcp85,2008,110,Tmin 20–25°C,tmin
MIROC-ESM,rcp85,2009,115,Tmin 20–25°C,tmin
MIROC-ESM,rcp85,2010,161,Tmin 20–25°C,tmin
MIROC-ESM,rcp85,2011,119,Tmin 20–25°C,tmin
MIROC-ESM,rcp85,2012,139,Tmin 20–25°C,tmin
MIROC-ESM,rcp85,2013,169,Tmin 20–25°C,tmin
MIROC-ESM,rcp85,2014,173,Tmin 20–25°C,tmin
MIROC-ESM,rcp85,2015,123,Tmin 20–25°C,tmin
MIROC-ESM,rcp85,2016,112,Tmin 20–25°C,tmin
MIROC-ESM,rcp85,2017,143,Tmin 20–25°C,tmin
MIROC-ESM,rcp85,2018,135,Tmin 20–25°C,tmin
MIROC-ESM,rcp85,2019,150,Tmin 20–25°C,tmin
MIROC-ESM,rcp85,2020,160,Tmin 20–25°C,tmin
MIROC-ESM,rcp85,2021,113,Tmin 20–25°C,tmin
MIROC-ESM,rcp85,2022,124,Tmin 20–25°C,tmin
MIROC-ESM,rcp85,2023,103,Tmin 20–25°C,tmin
MIROC-ESM,rcp85,2024,150,Tmin 20–25°C,tmin
MIROC-ESM,rcp85,2025,124,Tmin 20–25°C,tmin
MIROC-ESM,rcp85,2026,104,Tmin 20–25°C,tmin
MIROC-ESM,rcp85,2027,136,Tmin 20–25°C,tmin
MIROC-ESM,rcp85,2028,110,Tmin 20–25°C,tmin
MIROC-ESM,rcp85,2029,106,Tmin 20–25°C,tmin
MIROC-ESM,rcp85,2030,101,Tmin 20–25°C,tmin
MIROC-ESM,rcp85,2031,158,Tmin 20–25°C,tmin
MIROC-ESM,rcp85,2032,137,Tmin 20–25°C,tmin
MIROC-ESM,rcp85,2033,137,Tmin 20–25°C,tmin
MIROC-ESM,rcp85,2034,125,Tmin 20–25°C,tmin
MIROC-ESM,rcp85,2035,117,Tmin 20–25°C,tmin
MIROC-ESM,rcp85,2036,115,Tmin 20–25°C,tmin
MIROC-ESM-CHEM,rcp85,2006,120,Tmin 20–25°C,tmin
MIROC-ESM-CHEM,rcp85,2007,163,Tmin 20–25°C,tmin
MIROC-ESM-CHEM,rcp85,2008,147,Tmin 20–25°C,tmin
MIROC-ESM-CHEM,rcp85,2009,111,Tmin 20–25°C,tmin
MIROC-ESM-CHEM,rcp85,2010,153,Tmin 20–25°C,tmin
MIROC-ESM-CHEM,rcp85,2011,124,Tmin 20–25°C,tmin
MIROC-ESM-CHEM,rcp85,2012,82,Tmin 20–25°C,tmin
MIROC-ESM-CHEM,rcp85,2013,140,Tmin 20–25°C,tmin
MIROC-ESM-CHEM,rcp85,2014,116,Tmin 20–25°C,tmin
MIROC-ESM-CHEM,rcp85,2015,132,Tmin 20–25°C,tmin
MIROC-ESM-CHEM,rcp85,2016,133,Tmin 20–25°C,tmin
MIROC-ESM-CHEM,rcp85,2017,99,Tmin 20–25°C,tmin
MIROC-ESM-CHEM,rcp85,2018,75,Tmin 20–25°C,tmin
MIROC-ESM-CHEM,rcp85,2019,125,Tmin 20–25°C,tmin
MIROC-ESM-CHEM,rcp85,2020,130,Tmin 20–25°C,tmin
MIROC-ESM-CHEM,rcp85,2021,108,Tmin 20–25°C,tmin
MIROC-ESM-CHEM,rcp85,2022,105,Tmin 20–25°C,tmin
MIROC-ESM-CHEM,rcp85,2023,106,Tmin 20–25°C,tmin
MIROC-ESM-CHEM,rcp85,2024,169,Tmin 20–25°C,tmin
MIROC-ESM-CHEM,rcp85,2025,115,Tmin 20–25°C,tmin
MIROC-ESM-CHEM,rcp85,2026,122,Tmin 20–25°C,tmin
MIROC-ESM-CHEM,rcp85,2027,109,Tmin 20–25°C,tmin
MIROC-ESM-CHEM,rcp85,2028,114,Tmin 20–25°C,tmin
MIROC-ESM-CHEM,rcp85,2029,113,Tmin 20–25°C,tmin
MIROC-ESM-CHEM,rcp85,2030,124,Tmin 20–25°C,tmin
MIROC-ESM-CHEM,rcp85,2031,154,Tmin 20–25°C,tmin
MIROC-ESM-CHEM,rcp85,2032,127,Tmin 20–25°C,tmin
MIROC-ESM-CHEM,rcp85,2033,109,Tmin 20–25°C,tmin
MIROC-ESM-CHEM,rcp85,2034,108,Tmin 20–25°C,tmin
MIROC-ESM-CHEM,rcp85,2035,139,Tmin 20–25°C,tmin
MIROC-ESM-CHEM,rcp85,2036,149,Tmin 20–25°C,tmin
MIROC5,rcp85,2006,144,Tmin 20–25°C,tmin
MIROC5,rcp85,2007,145,Tmin 20–25°C,tmin
MIROC5,rcp85,2008,177,Tmin 20–25°C,tmin
MIROC5,rcp85,2009,109,Tmin 20–25°C,tmin
MIROC5,rcp85,2010,97,Tmin 20–25°C,tmin
MIROC5,rcp85,2011,92,Tmin 20–25°C,tmin
MIROC5,rcp85,2012,127,Tmin 20–25°C,tmin
MIROC5,rcp85,2013,145,Tmin 20–25°C,tmin
MIROC5,rcp85,2014,117,Tmin 20–25°C,tmin
MIROC5,rcp85,2015,152,Tmin 20–25°C,tmin
MIROC5,rcp85,2016,134,Tmin 20–25°C,tmin
MIROC5,rcp85,2017,134,Tmin 20–25°C,tmin
MIROC5,rcp85,2018,140,Tmin 20–25°C,tmin
MIROC5,rcp85,2019,123,Tmin 20–25°C,tmin
MIROC5,rcp85,2020,114,Tmin 20–25°C,tmin
MIROC5,rcp85,2021,160,Tmin 20–25°C,tmin
MIROC5,rcp85,2022,127,Tmin 20–25°C,tmin
MIROC5,rcp85,2023,126,Tmin 20–25°C,tmin
MIROC5,rcp85,2024,140,Tmin 20–25°C,tmin
MIROC5,rcp85,2025,101,Tmin 20–25°C,tmin
MIROC5,rcp85,2026,137,Tmin 20–25°C,tmin
MIROC5,rcp85,2027,129,Tmin 20–25°C,tmin
MIROC5,rcp85,2028,143,Tmin 20–25°C,tmin
MIROC5,rcp85,2029,157,Tmin 20–25°C,tmin
MIROC5,rcp85,2030,111,Tmin 20–25°C,tmin
MIROC5,rcp85,2031,127,Tmin 20–25°C,tmin
MIROC5,rcp85,2032,124,Tmin 20–25°C,tmin
MIROC5,rcp85,2033,145,Tmin 20–25°C,tmin
MIROC5,rcp85,2034,87,Tmin 20–25°C,tmin
MIROC5,rcp85,2035,138,Tmin 20–25°C,tmin
MIROC5,rcp85,2036,139,Tmin 20–25°C,tmin
MPI-ESM-LR,rcp85,2006,78,Tmin 20–25°C,tmin
MPI-ESM-LR,rcp85,2007,134,Tmin 20–25°C,tmin
MPI-ESM-LR,rcp85,2008,111,Tmin 20–25°C,tmin
MPI-ESM-LR,rcp85,2009,89,Tmin 20–25°C,tmin
MPI-ESM-LR,rcp85,2010,123,Tmin 20–25°C,tmin
MPI-ESM-LR,rcp85,2011,137,Tmin 20–25°C,tmin
MPI-ESM-LR,rcp85,2012,147,Tmin 20–25°C,tmin
MPI-ESM-LR,rcp85,2013,103,Tmin 20–25°C,tmin
MPI-ESM-LR,rcp85,2014,136,Tmin 20–25°C,tmin
MPI-ESM-LR,rcp85,2015,121,Tmin 20–25°C,tmin
MPI-ESM-LR,rcp85,2016,119,Tmin 20–25°C,tmin
MPI-ESM-LR,rcp85,2017,126,Tmin 20–25°C,tmin
MPI-ESM-LR,rcp85,2018,110,Tmin 20–25°C,tmin
MPI-ESM-LR,rcp85,2019,104,Tmin 20–25°C,tmin
MPI-ESM-LR,rcp85,2020,106,Tmin 20–25°C,tmin
MPI-ESM-LR,rcp85,2021,144,Tmin 20–25°C,tmin
MPI-ESM-LR,rcp85,2022,121,Tmin 20–25°C,tmin
MPI-ESM-LR,rcp85,2023,117,Tmin 20–25°C,tmin
MPI-ESM-LR,rcp85,2024,154,Tmin 20–25°C,tmin
MPI-ESM-LR,rcp85,2025,131,Tmin 20–25°C,tmin
MPI-ESM-LR,rcp85,2026,146,Tmin 20–25°C,tmin
MPI-ESM-LR,rcp85,2027,114,Tmin 20–25°C,tmin
MPI-ESM-LR,rcp85,2028,105,Tmin 20–25°C,tmin
MPI-ESM-LR,rcp85,2029,137,Tmin 20–25°C,tmin
MPI-ESM-LR,rcp85,2030,112,Tmin 20–25°C,tmin
MPI-ESM-LR,rcp85,2031,127,Tmin 20–25°C,tmin
MPI-ESM-LR,rcp85,2032,103,Tmin 20–25°C,tmin
MPI-ESM-LR,rcp85,2033,111,Tmin 20–25°C,tmin
MPI-ESM-LR,rcp85,2034,153,Tmin 20–25°C,tmin
MPI-ESM-LR,rcp85,2035,121,Tmin 20–25°C,tmin
MPI-ESM-LR,rcp85,2036,128,Tmin 20–25°C,tmin
MPI-ESM-MR,rcp85,2006,125,Tmin 20–25°C,tmin
MPI-ESM-MR,rcp85,2007,147,Tmin 20–25°C,tmin
MPI-ESM-MR,rcp85,2008,144,Tmin 20–25°C,tmin
MPI-ESM-MR,rcp85,2009,114,Tmin 20–25°C,tmin
MPI-ESM-MR,rcp85,2010,151,Tmin 20–25°C,tmin
MPI-ESM-MR,rcp85,2011,115,Tmin 20–25°C,tmin
MPI-ESM-MR,rcp85,2012,137,Tmin 20–25°C,tmin
MPI-ESM-MR,rcp85,2013,134,Tmin 20–25°C,tmin
MPI-ESM-MR,rcp85,2014,125,Tmin 20–25°C,tmin
MPI-ESM-MR,rcp85,2015,107,Tmin 20–25°C,tmin
MPI-ESM-MR,rcp85,2016,107,Tmin 20–25°C,tmin
MPI-ESM-MR,rcp85,2017,162,Tmin 20–25°C,tmin
MPI-ESM-MR,rcp85,2018,129,Tmin 20–25°C,tmin
MPI-ESM-MR,rcp85,2019,119,Tmin 20–25°C,tmin
MPI-ESM-MR,rcp85,2020,102,Tmin 20–25°C,tmin
MPI-ESM-MR,rcp85,2021,147,Tmin 20–25°C,tmin
MPI-ESM-MR,rcp85,2022,125,Tmin 20–25°C,tmin
MPI-ESM-MR,rcp85,2023,120,Tmin 20–25°C,tmin
MPI-ESM-MR,rcp85,2024,127,Tmin 20–25°C,tmin
MPI-ESM-MR,rcp85,2025,113,Tmin 20–25°C,tmin
MPI-ESM-MR,rcp85,2026,100,Tmin 20–25°C,tmin
MPI-ESM-MR,rcp85,2027,129,Tmin 20–25°C,tmin
MPI-ESM-MR,rcp85,2028,120,Tmin 20–25°C,tmin
MPI-ESM-MR,rcp85,2029,125,Tmin 20–25°C,tmin
MPI-ESM-MR,rcp85,2030,147,Tmin 20–25°C,tmin
MPI-ESM-MR,rcp85,2031,118,Tmin 20–25°C,tmin
MPI-ESM-MR,rcp85,2032,86,Tmin 20–25°C,tmin
MPI-ESM-MR,rcp85,2033,108,Tmin 20–25°C,tmin
MPI-ESM-MR,rcp85,2034,121,Tmin 20–25°C,tmin
MPI-ESM-MR,rcp85,2035,101,Tmin 20–25°C,tmin
MPI-ESM-MR,rcp85,2036,134,Tmin 20–25°C,tmin
MRI-CGCM3,rcp85,2006,118,Tmin 20–25°C,tmin
MRI-CGCM3,rcp85,2007,149,Tmin 20–25°C,tmin
MRI-CGCM3,rcp85,2008,154,Tmin 20–25°C,tmin
MRI-CGCM3,rcp85,2009,115,Tmin 20–25°C,tmin
MRI-CGCM3,rcp85,2010,118,Tmin 20–25°C,tmin
MRI-CGCM3,rcp85,2011,133,Tmin 20–25°C,tmin
MRI-CGCM3,rcp85,2012,138,Tmin 20–25°C,tmin
MRI-CGCM3,rcp85,2013,113,Tmin 20–25°C,tmin
MRI-CGCM3,rcp85,2014,143,Tmin 20–25°C,tmin
MRI-CGCM3,rcp85,2015,125,Tmin 20–25°C,tmin
MRI-CGCM3,rcp85,2016,120,Tmin 20–25°C,tmin
MRI-CGCM3,rcp85,2017,132,Tmin 20–25°C,tmin
MRI-CGCM3,rcp85,2018,136,Tmin 20–25°C,tmin
MRI-CGCM3,rcp85,2019,124,Tmin 20–25°C,tmin
MRI-CGCM3,rcp85,2020,106,Tmin 20–25°C,tmin
MRI-CGCM3,rcp85,2021,135,Tmin 20–25°C,tmin
MRI-CGCM3,rcp85,2022,127,Tmin 20–25°C,tmin
MRI-CGCM3,rcp85,2023,103,Tmin 20–25°C,tmin
MRI-CGCM3,rcp85,2024,102,Tmin 20–25°C,tmin
MRI-CGCM3,rcp85,2025,93,Tmin 20–25°C,tmin
MRI-CGCM3,rcp85,2026,104,Tmin 20–25°C,tmin
MRI-CGCM3,rcp85,2027,137,Tmin 20–25°C,tmin
MRI-CGCM3,rcp85,2028,104,Tmin 20–25°C,tmin
MRI-CGCM3,rcp85,2029,131,Tmin 20–25°C,tmin
MRI-CGCM3,rcp85,2030,123,Tmin 20–25°C,tmin
MRI-CGCM3,rcp85,2031,121,Tmin 20–25°C,tmin
MRI-CGCM3,rcp85,2032,109,Tmin 20–25°C,tmin
MRI-CGCM3,rcp85,2033,112,Tmin 20–25°C,tmin
MRI-CGCM3,rcp85,2034,133,Tmin 20–25°C,tmin
MRI-CGCM3,rcp85,2035,112,Tmin 20–25°C,tmin
MRI-CGCM3,rcp85,2036,104,Tmin 20–25°C,tmin
MRI-ESM1,rcp85,2006,112,Tmin 20–25°C,tmin
MRI-ESM1,rcp85,2007,139,Tmin 20–25°C,tmin
MRI-ESM1,rcp85,2008,125,Tmin 20–25°C,tmin
MRI-ESM1,rcp85,2009,135,Tmin 20–25°C,tmin
MRI-ESM1,rcp85,2010,126,Tmin 20–25°C,tmin
MRI-ESM1,rcp85,2011,120,Tmin 20–25°C,tmin
MRI-ESM1,rcp85,2012,132,Tmin 20–25°C,tmin
MRI-ESM1,rcp85,2013,118,Tmin 20–25°C,tmin
MRI-ESM1,rcp85,2014,152,Tmin 20–25°C,tmin
MRI-ESM1,rcp85,2015,125,Tmin 20–25°C,tmin
MRI-ESM1,rcp85,2016,110,Tmin 20–25°C,tmin
MRI-ESM1,rcp85,2017,132,Tmin 20–25°C,tmin
MRI-ESM1,rcp85,2018,108,Tmin 20–25°C,tmin
MRI-ESM1,rcp85,2019,137,Tmin 20–25°C,tmin
MRI-ESM1,rcp85,2020,152,Tmin 20–25°C,tmin
MRI-ESM1,rcp85,2021,101,Tmin 20–25°C,tmin
MRI-ESM1,rcp85,2022,127,Tmin 20–25°C,tmin
MRI-ESM1,rcp85,2023,135,Tmin 20–25°C,tmin
MRI-ESM1,rcp85,2024,121,Tmin 20–25°C,tmin
MRI-ESM1,rcp85,2025,126,Tmin 20–25°C,tmin
MRI-ESM1,rcp85,2026,152,Tmin 20–25°C,tmin
MRI-ESM1,rcp85,2027,96,Tmin 20–25°C,tmin
MRI-ESM1,rcp85,2028,134,Tmin 20–25°C,tmin
MRI-ESM1,rcp85,2029,137,Tmin 20–25°C,tmin
MRI-ESM1,rcp85,2030,146,Tmin 20–25°C,tmin
MRI-ESM1,rcp85,2031,105,Tmin 20–25°C,tmin
MRI-ESM1,rcp85,2032,113,Tmin 20–25°C,tmin
MRI-ESM1,rcp85,2033,120,Tmin 20–25°C,tmin
MRI-ESM1,rcp85,2034,110,Tmin 20–25°C,tmin
MRI-ESM1,rcp85,2035,123,Tmin 20–25°C,tmin
MRI-ESM1,rcp85,2036,134,Tmin 20–25°C,tmin
NorESM1-M,rcp85,2006,117,Tmin 20–25°C,tmin
NorESM1-M,rcp85,2007,139,Tmin 20–25°C,tmin
NorESM1-M,rcp85,2008,110,Tmin 20–25°C,tmin
NorESM1-M,rcp85,2009,139,Tmin 20–25°C,tmin
NorESM1-M,rcp85,2010,139,Tmin 20–25°C,tmin
NorESM1-M,rcp85,2011,125,Tmin 20–25°C,tmin
NorESM1-M,rcp85,2012,116,Tmin 20–25°C,tmin
NorESM1-M,rcp85,2013,140,Tmin 20–25°C,tmin
NorESM1-M,rcp85,2014,212,Tmin 20–25°C,tmin
NorESM1-M,rcp85,2015,147,Tmin 20–25°C,tmin
NorESM1-M,rcp85,2016,127,Tmin 20–25°C,tmin
NorESM1-M,rcp85,2017,127,Tmin 20–25°C,tmin
NorESM1-M,rcp85,2018,108,Tmin 20–25°C,tmin
NorESM1-M,rcp85,2019,96,Tmin 20–25°C,tmin
NorESM1-M,rcp85,2020,125,Tmin 20–25°C,tmin
NorESM1-M,rcp85,2021,117,Tmin 20–25°C,tmin
NorESM1-M,rcp85,2022,158,Tmin 20–25°C,tmin
NorESM1-M,rcp85,2023,114,Tmin 20–25°C,tmin
NorESM1-M,rcp85,2024,105,Tmin 20–25°C,tmin
NorESM1-M,rcp85,2025,120,Tmin 20–25°C,tmin
NorESM1-M,rcp85,2026,106,Tmin 20–25°C,tmin
NorESM1-M,rcp85,2027,118,Tmin 20–25°C,tmin
NorESM1-M,rcp85,2028,107,Tmin 20–25°C,tmin
NorESM1-M,rcp85,2029,125,Tmin 20–25°C,tmin
NorESM1-M,rcp85,2030,100,Tmin 20–25°C,tmin
NorESM1-M,rcp85,2031,98,Tmin 20–25°C,tmin
NorESM1-M,rcp85,2032,110,Tmin 20–25°C,tmin
NorESM1-M,rcp85,2033,106,Tmin 20–25°C,tmin
NorESM1-M,rcp85,2034,88,Tmin 20–25°C,tmin
NorESM1-M,rcp85,2035,105,Tmin 20–25°C,tmin
NorESM1-M,rcp85,2036,125,Tmin 20–25°C,tmin
bcc-csm1-1,rcp85,2006,109,Tmin 20–25°C,tmin
bcc-csm1-1,rcp85,2007,115,Tmin 20–25°C,tmin
bcc-csm1-1,rcp85,2008,163,Tmin 20–25°C,tmin
bcc-csm1-1,rcp85,2009,117,Tmin 20–25°C,tmin
bcc-csm1-1,rcp85,2010,160,Tmin 20–25°C,tmin
bcc-csm1-1,rcp85,2011,140,Tmin 20–25°C,tmin
bcc-csm1-1,rcp85,2012,144,Tmin 20–25°C,tmin
bcc-csm1-1,rcp85,2013,136,Tmin 20–25°C,tmin
bcc-csm1-1,rcp85,2014,126,Tmin 20–25°C,tmin
bcc-csm1-1,rcp85,2015,136,Tmin 20–25°C,tmin
bcc-csm1-1,rcp85,2016,132,Tmin 20–25°C,tmin
bcc-csm1-1,rcp85,2017,103,Tmin 20–25°C,tmin
bcc-csm1-1,rcp85,2018,144,Tmin 20–25°C,tmin
bcc-csm1-1,rcp85,2019,143,Tmin 20–25°C,tmin
bcc-csm1-1,rcp85,2020,108,Tmin 20–25°C,tmin
bcc-csm1-1,rcp85,2021,157,Tmin 20–25°C,tmin
bcc-csm1-1,rcp85,2022,153,Tmin 20–25°C,tmin
bcc-csm1-1,rcp85,2023,114,Tmin 20–25°C,tmin
bcc-csm1-1,rcp85,2024,118,Tmin 20–25°C,tmin
bcc-csm1-1,rcp85,2025,117,Tmin 20–25°C,tmin
bcc-csm1-1,rcp85,2026,142,Tmin 20–25°C,tmin
bcc-csm1-1,rcp85,2027,125,Tmin 20–25°C,tmin
bcc-csm1-1,rcp85,2028,133,Tmin 20–25°C,tmin
bcc-csm1-1,rcp85,2029,121,Tmin 20–25°C,tmin
bcc-csm1-1,rcp85,2030,101,Tmin 20–25°C,tmin
bcc-csm1-1,rcp85,2031,118,Tmin 20–25°C,tmin
bcc-csm1-1,rcp85,2032,156,Tmin 20–25°C,tmin
bcc-csm1-1,rcp85,2033,144,Tmin 20–25°C,tmin
bcc-csm1-1,rcp85,2034,111,Tmin 20–25°C,tmin
bcc-csm1-1,rcp85,2035,128,Tmin 20–25°C,tmin
bcc-csm1-1,rcp85,2036,111,Tmin 20–25°C,tmin
bcc-csm1-1-m,rcp85,2006,107,Tmin 20–25°C,tmin
bcc-csm1-1-m,rcp85,2007,145,Tmin 20–25°C,tmin
bcc-csm1-1-m,rcp85,2008,145,Tmin 20–25°C,tmin
bcc-csm1-1-m,rcp85,2009,132,Tmin 20–25°C,tmin
bcc-csm1-1-m,rcp85,2010,100,Tmin 20–25°C,tmin
bcc-csm1-1-m,rcp85,2011,127,Tmin 20–25°C,tmin
bcc-csm1-1-m,rcp85,2012,141,Tmin 20–25°C,tmin
bcc-csm1-1-m,rcp85,2013,137,Tmin 20–25°C,tmin
bcc-csm1-1-m,rcp85,2014,88,Tmin 20–25°C,tmin
bcc-csm1-1-m,rcp85,2015,91,Tmin 20–25°C,tmin
bcc-csm1-1-m,rcp85,2016,147,Tmin 20–25°C,tmin
bcc-csm1-1-m,rcp85,2017,113,Tmin 20–25°C,tmin
bcc-csm1-1-m,rcp85,2018,132,Tmin 20–25°C,tmin
bcc-csm1-1-m,rcp85,2019,123,Tmin 20–25°C,tmin
bcc-csm1-1-m,rcp85,2020,116,Tmin 20–25°C,tmin
bcc-csm1-1-m,rcp85,2021,98,Tmin 20–25°C,tmin
bcc-csm1-1-m,rcp85,2022,121,Tmin 20–25°C,tmin
bcc-csm1-1-m,rcp85,2023,97,Tmin 20–25°C,tmin
bcc-csm1-1-m,rcp85,2024,105,Tmin 20–25°C,tmin
bcc-csm1-1-m,rcp85,2025,116,Tmin 20–25°C,tmin
bcc-csm1-1-m,rcp85,2026,112,Tmin 20–25°C,tmin
bcc-csm1-1-m,rcp85,2027,122,Tmin 20–25°C,tmin
bcc-csm1-1-m,rcp85,2028,125,Tmin 20–25°C,tmin
bcc-csm1-1-m,rcp85,2029,132,Tmin 20–25°C,tmin
bcc-csm1-1-m,rcp85,2030,81,Tmin 20–25°C,tmin
bcc-csm1-1-m,rcp85,2031,106,Tmin 20–25°C,tmin
bcc-csm1-1-m,rcp85,2032,125,Tmin 20–25°C,tmin
bcc-csm1-1-m,rcp85,2033,120,Tmin 20–25°C,tmin
bcc-csm1-1-m,rcp85,2034,103,Tmin 20–25°C,tmin
bcc-csm1-1-m,rcp85,2035,123,Tmin 20–25°C,tmin
bcc-csm1-1-m,rcp85,2036,101,Tmin 20–25°C,tmin
inmcm4,rcp85,2006,118,Tmin 20–25°C,tmin
inmcm4,rcp85,2007,136,Tmin 20–25°C,tmin
inmcm4,rcp85,2008,129,Tmin 20–25°C,tmin
inmcm4,rcp85,2009,134,Tmin 20–25°C,tmin
inmcm4,rcp85,2010,103,Tmin 20–25°C,tmin
inmcm4,rcp85,2011,142,Tmin 20–25°C,tmin
inmcm4,rcp85,2012,119,Tmin 20–25°C,tmin
inmcm4,rcp85,2013,142,Tmin 20–25°C,tmin
inmcm4,rcp85,2014,136,Tmin 20–25°C,tmin
inmcm4,rcp85,2015,141,Tmin 20–25°C,tmin
inmcm4,rcp85,2016,166,Tmin 20–25°C,tmin
inmcm4,rcp85,2017,134,Tmin 20–25°C,tmin
inmcm4,rcp85,2018,141,Tmin 20–25°C,tmin
inmcm4,rcp85,2019,138,Tmin 20–25°C,tmin
inmcm4,rcp85,2020,121,Tmin 20–25°C,tmin
inmcm4,rcp85,2021,143,Tmin 20–25°C,tmin
inmcm4,rcp85,2022,130,Tmin 20–25°C,tmin
inmcm4,rcp85,2023,147,Tmin 20–25°C,tmin
inmcm4,rcp85,2024,123,Tmin 20–25°C,tmin
inmcm4,rcp85,2025,135,Tmin 20–25°C,tmin
inmcm4,rcp85,2026,111,Tmin 20–25°C,tmin
inmcm4,rcp85,2027,132,Tmin 20–25°C,tmin
inmcm4,rcp85,2028,113,Tmin 20–25°C,tmin
inmcm4,rcp85,2029,107,Tmin 20–25°C,tmin
inmcm4,rcp85,2030,125,Tmin 20–25°C,tmin
inmcm4,rcp85,2031,111,Tmin 20–25°C,tmin
inmcm4,rcp85,2032,95,Tmin 20–25°C,tmin
inmcm4,rcp85,2033,138,Tmin 20–25°C,tmin
inmcm4,rcp85,2034,137,Tmin 20–25°C,tmin
inmcm4,rcp85,2035,116,Tmin 20–25°C,tmin
inmcm4,rcp85,2036,117,Tmin 20–25°C,tmin
ACCESS1-0,historical,2000,285,Tmin ≥15.9°C,tmin
ACCESS1-0,historical,2001,244,Tmin ≥15.9°C,tmin
ACCESS1-0,historical,2002,255,Tmin ≥15.9°C,tmin
ACCESS1-0,historical,2003,263,Tmin ≥15.9°C,tmin
ACCESS1-0,historical,2004,286,Tmin ≥15.9°C,tmin
ACCESS1-0,historical,2005,277,Tmin ≥15.9°C,tmin
ACCESS1-3,historical,2000,259,Tmin ≥15.9°C,tmin
ACCESS1-3,historical,2001,258,Tmin ≥15.9°C,tmin
ACCESS1-3,historical,2002,273,Tmin ≥15.9°C,tmin
ACCESS1-3,historical,2003,268,Tmin ≥15.9°C,tmin
ACCESS1-3,historical,2004,269,Tmin ≥15.9°C,tmin
ACCESS1-3,historical,2005,263,Tmin ≥15.9°C,tmin
BNU-ESM,historical,2000,278,Tmin ≥15.9°C,tmin
BNU-ESM,historical,2001,269,Tmin ≥15.9°C,tmin
BNU-ESM,historical,2002,265,Tmin ≥15.9°C,tmin
BNU-ESM,historical,2003,276,Tmin ≥15.9°C,tmin
BNU-ESM,historical,2004,253,Tmin ≥15.9°C,tmin
BNU-ESM,historical,2005,253,Tmin ≥15.9°C,tmin
CCSM4,historical,2000,256,Tmin ≥15.9°C,tmin
CCSM4,historical,2001,259,Tmin ≥15.9°C,tmin
CCSM4,historical,2002,268,Tmin ≥15.9°C,tmin
CCSM4,historical,2003,260,Tmin ≥15.9°C,tmin
CCSM4,historical,2004,272,Tmin ≥15.9°C,tmin
CCSM4,historical,2005,253,Tmin ≥15.9°C,tmin
CESM1-BGC,historical,2000,265,Tmin ≥15.9°C,tmin
CESM1-BGC,historical,2001,260,Tmin ≥15.9°C,tmin
CESM1-BGC,historical,2002,274,Tmin ≥15.9°C,tmin
CESM1-BGC,historical,2003,261,Tmin ≥15.9°C,tmin
CESM1-BGC,historical,2004,226,Tmin ≥15.9°C,tmin
CESM1-BGC,historical,2005,255,Tmin ≥15.9°C,tmin
CESM1-CAM5,historical,2000,268,Tmin ≥15.9°C,tmin
CESM1-CAM5,historical,2001,247,Tmin ≥15.9°C,tmin
CESM1-CAM5,historical,2002,268,Tmin ≥15.9°C,tmin
CESM1-CAM5,historical,2003,274,Tmin ≥15.9°C,tmin
CESM1-CAM5,historical,2004,243,Tmin ≥15.9°C,tmin
CESM1-CAM5,historical,2005,235,Tmin ≥15.9°C,tmin
CMCC-CESM,historical,2000,263,Tmin ≥15.9°C,tmin
CMCC-CESM,historical,2001,255,Tmin ≥15.9°C,tmin
CMCC-CESM,historical,2002,237,Tmin ≥15.9°C,tmin
CMCC-CESM,historical,2003,273,Tmin ≥15.9°C,tmin
CMCC-CESM,historical,2004,267,Tmin ≥15.9°C,tmin
CMCC-CESM,historical,2005,259,Tmin ≥15.9°C,tmin
CMCC-CM,historical,2000,284,Tmin ≥15.9°C,tmin
CMCC-CM,historical,2001,274,Tmin ≥15.9°C,tmin
CMCC-CM,historical,2002,254,Tmin ≥15.9°C,tmin
CMCC-CM,historical,2003,245,Tmin ≥15.9°C,tmin
CMCC-CM,historical,2004,247,Tmin ≥15.9°C,tmin
CMCC-CM,historical,2005,259,Tmin ≥15.9°C,tmin
CMCC-CMS,historical,2000,251,Tmin ≥15.9°C,tmin
CMCC-CMS,historical,2001,269,Tmin ≥15.9°C,tmin
CMCC-CMS,historical,2002,312,Tmin ≥15.9°C,tmin
CMCC-CMS,historical,2003,250,Tmin ≥15.9°C,tmin
CMCC-CMS,historical,2004,243,Tmin ≥15.9°C,tmin
CMCC-CMS,historical,2005,301,Tmin ≥15.9°C,tmin
CNRM-CM5,historical,2000,271,Tmin ≥15.9°C,tmin
CNRM-CM5,historical,2001,283,Tmin ≥15.9°C,tmin
CNRM-CM5,historical,2002,261,Tmin ≥15.9°C,tmin
CNRM-CM5,historical,2003,294,Tmin ≥15.9°C,tmin
CNRM-CM5,historical,2004,271,Tmin ≥15.9°C,tmin
CNRM-CM5,historical,2005,270,Tmin ≥15.9°C,tmin
CSIRO-Mk3-6-0,historical,2000,249,Tmin ≥15.9°C,tmin
CSIRO-Mk3-6-0,historical,2001,265,Tmin ≥15.9°C,tmin
CSIRO-Mk3-6-0,historical,2002,266,Tmin ≥15.9°C,tmin
CSIRO-Mk3-6-0,historical,2003,264,Tmin ≥15.9°C,tmin
CSIRO-Mk3-6-0,historical,2004,252,Tmin ≥15.9°C,tmin
CSIRO-Mk3-6-0,historical,2005,277,Tmin ≥15.9°C,tmin
CanESM2,historical,2000,266,Tmin ≥15.9°C,tmin
CanESM2,historical,2001,253,Tmin ≥15.9°C,tmin
CanESM2,historical,2002,269,Tmin ≥15.9°C,tmin
CanESM2,historical,2003,273,Tmin ≥15.9°C,tmin
CanESM2,historical,2004,267,Tmin ≥15.9°C,tmin
CanESM2,historical,2005,253,Tmin ≥15.9°C,tmin
EC-EARTH,historical,2000,267,Tmin ≥15.9°C,tmin
EC-EARTH,historical,2001,258,Tmin ≥15.9°C,tmin
EC-EARTH,historical,2002,254,Tmin ≥15.9°C,tmin
EC-EARTH,historical,2003,286,Tmin ≥15.9°C,tmin
EC-EARTH,historical,2004,261,Tmin ≥15.9°C,tmin
EC-EARTH,historical,2005,276,Tmin ≥15.9°C,tmin
FGOALS-g2,historical,2000,273,Tmin ≥15.9°C,tmin
FGOALS-g2,historical,2001,253,Tmin ≥15.9°C,tmin
FGOALS-g2,historical,2002,258,Tmin ≥15.9°C,tmin
FGOALS-g2,historical,2003,254,Tmin ≥15.9°C,tmin
FGOALS-g2,historical,2004,269,Tmin ≥15.9°C,tmin
FGOALS-g2,historical,2005,267,Tmin ≥15.9°C,tmin
GFDL-CM3,historical,2000,272,Tmin ≥15.9°C,tmin
GFDL-CM3,historical,2001,260,Tmin ≥15.9°C,tmin
GFDL-CM3,historical,2002,264,Tmin ≥15.9°C,tmin
GFDL-CM3,historical,2003,270,Tmin ≥15.9°C,tmin
GFDL-CM3,historical,2004,264,Tmin ≥15.9°C,tmin
GFDL-CM3,historical,2005,267,Tmin ≥15.9°C,tmin
GFDL-ESM2G,historical,2000,254,Tmin ≥15.9°C,tmin
GFDL-ESM2G,historical,2001,263,Tmin ≥15.9°C,tmin
GFDL-ESM2G,historical,2002,257,Tmin ≥15.9°C,tmin
GFDL-ESM2G,historical,2003,239,Tmin ≥15.9°C,tmin
GFDL-ESM2G,historical,2004,277,Tmin ≥15.9°C,tmin
GFDL-ESM2G,historical,2005,280,Tmin ≥15.9°C,tmin
GFDL-ESM2M,historical,2000,257,Tmin ≥15.9°C,tmin
GFDL-ESM2M,historical,2001,278,Tmin ≥15.9°C,tmin
GFDL-ESM2M,historical,2002,258,Tmin ≥15.9°C,tmin
GFDL-ESM2M,historical,2003,262,Tmin ≥15.9°C,tmin
GFDL-ESM2M,historical,2004,280,Tmin ≥15.9°C,tmin
GFDL-ESM2M,historical,2005,247,Tmin ≥15.9°C,tmin
IPSL-CM5A-LR,historical,2000,248,Tmin ≥15.9°C,tmin
IPSL-CM5A-LR,historical,2001,271,Tmin ≥15.9°C,tmin
IPSL-CM5A-LR,historical,2002,279,Tmin ≥15.9°C,tmin
IPSL-CM5A-LR,historical,2003,279,Tmin ≥15.9°C,tmin
IPSL-CM5A-LR,historical,2004,251,Tmin ≥15.9°C,tmin
IPSL-CM5A-LR,historical,2005,259,Tmin ≥15.9°C,tmin
IPSL-CM5A-MR,historical,2000,279,Tmin ≥15.9°C,tmin
IPSL-CM5A-MR,historical,2001,271,Tmin ≥15.9°C,tmin
IPSL-CM5A-MR,historical,2002,286,Tmin ≥15.9°C,tmin
IPSL-CM5A-MR,historical,2003,264,Tmin ≥15.9°C,tmin
IPSL-CM5A-MR,historical,2004,266,Tmin ≥15.9°C,tmin
IPSL-CM5A-MR,historical,2005,262,Tmin ≥15.9°C,tmin
IPSL-CM5B-LR,historical,2000,267,Tmin ≥15.9°C,tmin
IPSL-CM5B-LR,historical,2001,250,Tmin ≥15.9°C,tmin
IPSL-CM5B-LR,historical,2002,264,Tmin ≥15.9°C,tmin
IPSL-CM5B-LR,historical,2003,268,Tmin ≥15.9°C,tmin
IPSL-CM5B-LR,historical,2004,279,Tmin ≥15.9°C,tmin
IPSL-CM5B-LR,historical,2005,274,Tmin ≥15.9°C,tmin
MIROC-ESM,historical,2000,268,Tmin ≥15.9°C,tmin
MIROC-ESM,historical,2001,268,Tmin ≥15.9°C,tmin
MIROC-ESM,historical,2002,268,Tmin ≥15.9°C,tmin
MIROC-ESM,historical,2003,271,Tmin ≥15.9°C,tmin
MIROC-ESM,historical,2004,233,Tmin ≥15.9°C,tmin
MIROC-ESM,historical,2005,263,Tmin ≥15.9°C,tmin
MIROC-ESM-CHEM,historical,2000,258,Tmin ≥15.9°C,tmin
MIROC-ESM-CHEM,historical,2001,263,Tmin ≥15.9°C,tmin
MIROC-ESM-CHEM,historical,2002,263,Tmin ≥15.9°C,tmin
MIROC-ESM-CHEM,historical,2003,274,Tmin ≥15.9°C,tmin
MIROC-ESM-CHEM,historical,2004,260,Tmin ≥15.9°C,tmin
MIROC-ESM-CHEM,historical,2005,256,Tmin ≥15.9°C,tmin
MIROC5,historical,2000,279,Tmin ≥15.9°C,tmin
MIROC5,historical,2001,255,Tmin ≥15.9°C,tmin
MIROC5,historical,2002,248,Tmin ≥15.9°C,tmin
MIROC5,historical,2003,273,Tmin ≥15.9°C,tmin
MIROC5,historical,2004,271,Tmin ≥15.9°C,tmin
MIROC5,historical,2005,259,Tmin ≥15.9°C,tmin
MPI-ESM-LR,historical,2000,269,Tmin ≥15.9°C,tmin
MPI-ESM-LR,historical,2001,253,Tmin ≥15.9°C,tmin
MPI-ESM-LR,historical,2002,249,Tmin ≥15.9°C,tmin
MPI-ESM-LR,historical,2003,270,Tmin ≥15.9°C,tmin
MPI-ESM-LR,historical,2004,263,Tmin ≥15.9°C,tmin
MPI-ESM-LR,historical,2005,276,Tmin ≥15.9°C,tmin
MPI-ESM-MR,historical,2000,292,Tmin ≥15.9°C,tmin
MPI-ESM-MR,historical,2001,251,Tmin ≥15.9°C,tmin
MPI-ESM-MR,historical,2002,265,Tmin ≥15.9°C,tmin
MPI-ESM-MR,historical,2003,257,Tmin ≥15.9°C,tmin
MPI-ESM-MR,historical,2004,272,Tmin ≥15.9°C,tmin
MPI-ESM-MR,historical,2005,281,Tmin ≥15.9°C,tmin
MRI-CGCM3,historical,2000,264,Tmin ≥15.9°C,tmin
MRI-CGCM3,historical,2001,251,Tmin ≥15.9°C,tmin
MRI-CGCM3,historical,2002,264,Tmin ≥15.9°C,tmin
MRI-CGCM3,historical,2003,260,Tmin ≥15.9°C,tmin
MRI-CGCM3,historical,2004,269,Tmin ≥15.9°C,tmin
MRI-CGCM3,historical,2005,258,Tmin ≥15.9°C,tmin
MRI-ESM1,historical,2000,266,Tmin ≥15.9°C,tmin
MRI-ESM1,historical,2001,245,Tmin ≥15.9°C,tmin
MRI-ESM1,historical,2002,235,Tmin ≥15.9°C,tmin
MRI-ESM1,historical,2003,261,Tmin ≥15.9°C,tmin
MRI-ESM1,historical,2004,260,Tmin ≥15.9°C,tmin
MRI-ESM1,historical,2005,262,Tmin ≥15.9°C,tmin
NorESM1-M,historical,2000,246,Tmin ≥15.9°C,tmin
NorESM1-M,historical,2001,260,Tmin ≥15.9°C,tmin
NorESM1-M,historical,2002,227,Tmin ≥15.9°C,tmin
NorESM1-M,historical,2003,247,Tmin ≥15.9°C,tmin
NorESM1-M,historical,2004,288,Tmin ≥15.9°C,tmin
NorESM1-M,historical,2005,264,Tmin ≥15.9°C,tmin
bcc-csm1-1,historical,2000,285,Tmin ≥15.9°C,tmin
bcc-csm1-1,historical,2001,266,Tmin ≥15.9°C,tmin
bcc-csm1-1,historical,2002,255,Tmin ≥15.9°C,tmin
bcc-csm1-1,historical,2003,237,Tmin ≥15.9°C,tmin
bcc-csm1-1,historical,2004,250,Tmin ≥15.9°C,tmin
bcc-csm1-1,historical,2005,288,Tmin ≥15.9°C,tmin
bcc-csm1-1-m,historical,2000,263,Tmin ≥15.9°C,tmin
bcc-csm1-1-m,historical,2001,264,Tmin ≥15.9°C,tmin
bcc-csm1-1-m,historical,2002,291,Tmin ≥15.9°C,tmin
bcc-csm1-1-m,historical,2003,246,Tmin ≥15.9°C,tmin
bcc-csm1-1-m,historical,2004,257,Tmin ≥15.9°C,tmin
bcc-csm1-1-m,historical,2005,268,Tmin ≥15.9°C,tmin
inmcm4,historical,2000,262,Tmin ≥15.9°C,tmin
inmcm4,historical,2001,268,Tmin ≥15.9°C,tmin
inmcm4,historical,2002,249,Tmin ≥15.9°C,tmin
inmcm4,historical,2003,265,Tmin ≥15.9°C,tmin
inmcm4,historical,2004,286,Tmin ≥15.9°C,tmin
inmcm4,historical,2005,247,Tmin ≥15.9°C,tmin
BNU-ESM,rcp26,2006,269,Tmin ≥15.9°C,tmin
BNU-ESM,rcp26,2007,265,Tmin ≥15.9°C,tmin
BNU-ESM,rcp26,2008,264,Tmin ≥15.9°C,tmin
BNU-ESM,rcp26,2009,264,Tmin ≥15.9°C,tmin
BNU-ESM,rcp26,2010,263,Tmin ≥15.9°C,tmin
BNU-ESM,rcp26,2011,268,Tmin ≥15.9°C,tmin
BNU-ESM,rcp26,2012,275,Tmin ≥15.9°C,tmin
BNU-ESM,rcp26,2013,279,Tmin ≥15.9°C,tmin
BNU-ESM,rcp26,2014,267,Tmin ≥15.9°C,tmin
BNU-ESM,rcp26,2015,244,Tmin ≥15.9°C,tmin
BNU-ESM,rcp26,2016,257,Tmin ≥15.9°C,tmin
BNU-ESM,rcp26,2017,281,Tmin ≥15.9°C,tmin
BNU-ESM,rcp26,2018,261,Tmin ≥15.9°C,tmin
BNU-ESM,rcp26,2019,290,Tmin ≥15.9°C,tmin
BNU-ESM,rcp26,2020,256,Tmin ≥15.9°C,tmin
BNU-ESM,rcp26,2021,278,Tmin ≥15.9°C,tmin
BNU-ESM,rcp26,2022,255,Tmin ≥15.9°C,tmin
BNU-ESM,rcp26,2023,273,Tmin ≥15.9°C,tmin
BNU-ESM,rcp26,2024,272,Tmin ≥15.9°C,tmin
BNU-ESM,rcp26,2025,295,Tmin ≥15.9°C,tmin
BNU-ESM,rcp26,2026,283,Tmin ≥15.9°C,tmin
BNU-ESM,rcp26,2027,284,Tmin ≥15.9°C,tmin
BNU-ESM,rcp26,2028,279,Tmin ≥15.9°C,tmin
BNU-ESM,rcp26,2029,276,Tmin ≥15.9°C,tmin
BNU-ESM,rcp26,2030,273,Tmin ≥15.9°C,tmin
BNU-ESM,rcp26,2031,265,Tmin ≥15.9°C,tmin
BNU-ESM,rcp26,2032,276,Tmin ≥15.9°C,tmin
BNU-ESM,rcp26,2033,289,Tmin ≥15.9°C,tmin
BNU-ESM,rcp26,2034,270,Tmin ≥15.9°C,tmin
BNU-ESM,rcp26,2035,265,Tmin ≥15.9°C,tmin
BNU-ESM,rcp26,2036,299,Tmin ≥15.9°C,tmin
CCSM4,rcp26,2006,267,Tmin ≥15.9°C,tmin
CCSM4,rcp26,2007,270,Tmin ≥15.9°C,tmin
CCSM4,rcp26,2008,252,Tmin ≥15.9°C,tmin
CCSM4,rcp26,2009,261,Tmin ≥15.9°C,tmin
CCSM4,rcp26,2010,258,Tmin ≥15.9°C,tmin
CCSM4,rcp26,2011,279,Tmin ≥15.9°C,tmin
CCSM4,rcp26,2012,283,Tmin ≥15.9°C,tmin
CCSM4,rcp26,2013,278,Tmin ≥15.9°C,tmin
CCSM4,rcp26,2014,274,Tmin ≥15.9°C,tmin
CCSM4,rcp26,2015,256,Tmin ≥15.9°C,tmin
CCSM4,rcp26,2016,264,Tmin ≥15.9°C,tmin
CCSM4,rcp26,2017,275,Tmin ≥15.9°C,tmin
CCSM4,rcp26,2018,276,Tmin ≥15.9°C,tmin
CCSM4,rcp26,2019,275,Tmin ≥15.9°C,tmin
CCSM4,rcp26,2020,275,Tmin ≥15.9°C,tmin
CCSM4,rcp26,2021,274,Tmin ≥15.9°C,tmin
CCSM4,rcp26,2022,286,Tmin ≥15.9°C,tmin
CCSM4,rcp26,2023,266,Tmin ≥15.9°C,tmin
CCSM4,rcp26,2024,283,Tmin ≥15.9°C,tmin
CCSM4,rcp26,2025,282,Tmin ≥15.9°C,tmin
CCSM4,rcp26,2026,250,Tmin ≥15.9°C,tmin
CCSM4,rcp26,2027,287,Tmin ≥15.9°C,tmin
CCSM4,rcp26,2028,282,Tmin ≥15.9°C,tmin
CCSM4,rcp26,2029,287,Tmin ≥15.9°C,tmin
CCSM4,rcp26,2030,285,Tmin ≥15.9°C,tmin
CCSM4,rcp26,2031,271,Tmin ≥15.9°C,tmin
CCSM4,rcp26,2032,277,Tmin ≥15.9°C,tmin
CCSM4,rcp26,2033,257,Tmin ≥15.9°C,tmin
CCSM4,rcp26,2034,256,Tmin ≥15.9°C,tmin
CCSM4,rcp26,2035,271,Tmin ≥15.9°C,tmin
CCSM4,rcp26,2036,272,Tmin ≥15.9°C,tmin
CESM1-CAM5,rcp26,2006,269,Tmin ≥15.9°C,tmin
CESM1-CAM5,rcp26,2007,254,Tmin ≥15.9°C,tmin
CESM1-CAM5,rcp26,2008,257,Tmin ≥15.9°C,tmin
CESM1-CAM5,rcp26,2009,288,Tmin ≥15.9°C,tmin
CESM1-CAM5,rcp26,2010,274,Tmin ≥15.9°C,tmin
CESM1-CAM5,rcp26,2011,277,Tmin ≥15.9°C,tmin
CESM1-CAM5,rcp26,2012,261,Tmin ≥15.9°C,tmin
CESM1-CAM5,rcp26,2013,269,Tmin ≥15.9°C,tmin
CESM1-CAM5,rcp26,2014,301,Tmin ≥15.9°C,tmin
CESM1-CAM5,rcp26,2015,298,Tmin ≥15.9°C,tmin
CESM1-CAM5,rcp26,2016,278,Tmin ≥15.9°C,tmin
CESM1-CAM5,rcp26,2017,259,Tmin ≥15.9°C,tmin
CESM1-CAM5,rcp26,2018,241,Tmin ≥15.9°C,tmin
CESM1-CAM5,rcp26,2019,272,Tmin ≥15.9°C,tmin
CESM1-CAM5,rcp26,2020,293,Tmin ≥15.9°C,tmin
CESM1-CAM5,rcp26,2021,271,Tmin ≥15.9°C,tmin
CESM1-CAM5,rcp26,2022,268,Tmin ≥15.9°C,tmin
CESM1-CAM5,rcp26,2023,259,Tmin ≥15.9°C,tmin
CESM1-CAM5,rcp26,2024,276,Tmin ≥15.9°C,tmin
CESM1-CAM5,rcp26,2025,285,Tmin ≥15.9°C,tmin
CESM1-CAM5,rcp26,2026,270,Tmin ≥15.9°C,tmin
CESM1-CAM5,rcp26,2027,276,Tmin ≥15.9°C,tmin
CESM1-CAM5,rcp26,2028,267,Tmin ≥15.9°C,tmin
CESM1-CAM5,rcp26,2029,286,Tmin ≥15.9°C,tmin
CESM1-CAM5,rcp26,2030,284,Tmin ≥15.9°C,tmin
CESM1-CAM5,rcp26,2031,266,Tmin ≥15.9°C,tmin
CESM1-CAM5,rcp26,2032,275,Tmin ≥15.9°C,tmin
CESM1-CAM5,rcp26,2033,284,Tmin ≥15.9°C,tmin
CESM1-CAM5,rcp26,2034,272,Tmin ≥15.9°C,tmin
CESM1-CAM5,rcp26,2035,297,Tmin ≥15.9°C,tmin
CESM1-CAM5,rcp26,2036,267,Tmin ≥15.9°C,tmin
CNRM-CM5,rcp26,2006,271,Tmin ≥15.9°C,tmin
CNRM-CM5,rcp26,2007,262,Tmin ≥15.9°C,tmin
CNRM-CM5,rcp26,2008,275,Tmin ≥15.9°C,tmin
CNRM-CM5,rcp26,2009,256,Tmin ≥15.9°C,tmin
CNRM-CM5,rcp26,2010,271,Tmin ≥15.9°C,tmin
CNRM-CM5,rcp26,2011,255,Tmin ≥15.9°C,tmin
CNRM-CM5,rcp26,2012,284,Tmin ≥15.9°C,tmin
CNRM-CM5,rcp26,2013,259,Tmin ≥15.9°C,tmin
CNRM-CM5,rcp26,2014,262,Tmin ≥15.9°C,tmin
CNRM-CM5,rcp26,2015,252,Tmin ≥15.9°C,tmin
CNRM-CM5,rcp26,2016,255,Tmin ≥15.9°C,tmin
CNRM-CM5,rcp26,2017,264,Tmin ≥15.9°C,tmin
CNRM-CM5,rcp26,2018,252,Tmin ≥15.9°C,tmin
CNRM-CM5,rcp26,2019,255,Tmin ≥15.9°C,tmin
CNRM-CM5,rcp26,2020,258,Tmin ≥15.9°C,tmin
CNRM-CM5,rcp26,2021,263,Tmin ≥15.9°C,tmin
CNRM-CM5,rcp26,2022,262,Tmin ≥15.9°C,tmin
CNRM-CM5,rcp26,2023,289,Tmin ≥15.9°C,tmin
CNRM-CM5,rcp26,2024,264,Tmin ≥15.9°C,tmin
CNRM-CM5,rcp26,2025,292,Tmin ≥15.9°C,tmin
CNRM-CM5,rcp26,2026,267,Tmin ≥15.9°C,tmin
CNRM-CM5,rcp26,2027,281,Tmin ≥15.9°C,tmin
CNRM-CM5,rcp26,2028,278,Tmin ≥15.9°C,tmin
CNRM-CM5,rcp26,2029,272,Tmin ≥15.9°C,tmin
CNRM-CM5,rcp26,2030,282,Tmin ≥15.9°C,tmin
CNRM-CM5,rcp26,2031,266,Tmin ≥15.9°C,tmin
CNRM-CM5,rcp26,2032,271,Tmin ≥15.9°C,tmin
CNRM-CM5,rcp26,2033,298,Tmin ≥15.9°C,tmin
CNRM-CM5,rcp26,2034,290,Tmin ≥15.9°C,tmin
CNRM-CM5,rcp26,2035,256,Tmin ≥15.9°C,tmin
CNRM-CM5,rcp26,2036,294,Tmin ≥15.9°C,tmin
CSIRO-Mk3-6-0,rcp26,2006,250,Tmin ≥15.9°C,tmin
CSIRO-Mk3-6-0,rcp26,2007,260,Tmin ≥15.9°C,tmin
CSIRO-Mk3-6-0,rcp26,2008,269,Tmin ≥15.9°C,tmin
CSIRO-Mk3-6-0,rcp26,2009,272,Tmin ≥15.9°C,tmin
CSIRO-Mk3-6-0,rcp26,2010,252,Tmin ≥15.9°C,tmin
CSIRO-Mk3-6-0,rcp26,2011,267,Tmin ≥15.9°C,tmin
CSIRO-Mk3-6-0,rcp26,2012,293,Tmin ≥15.9°C,tmin
CSIRO-Mk3-6-0,rcp26,2013,282,Tmin ≥15.9°C,tmin
CSIRO-Mk3-6-0,rcp26,2014,270,Tmin ≥15.9°C,tmin
CSIRO-Mk3-6-0,rcp26,2015,280,Tmin ≥15.9°C,tmin
CSIRO-Mk3-6-0,rcp26,2016,256,Tmin ≥15.9°C,tmin
CSIRO-Mk3-6-0,rcp26,2017,286,Tmin ≥15.9°C,tmin
CSIRO-Mk3-6-0,rcp26,2018,292,Tmin ≥15.9°C,tmin
CSIRO-Mk3-6-0,rcp26,2019,285,Tmin ≥15.9°C,tmin
CSIRO-Mk3-6-0,rcp26,2020,278,Tmin ≥15.9°C,tmin
CSIRO-Mk3-6-0,rcp26,2021,258,Tmin ≥15.9°C,tmin
CSIRO-Mk3-6-0,rcp26,2022,257,Tmin ≥15.9°C,tmin
CSIRO-Mk3-6-0,rcp26,2023,313,Tmin ≥15.9°C,tmin
CSIRO-Mk3-6-0,rcp26,2024,297,Tmin ≥15.9°C,tmin
CSIRO-Mk3-6-0,rcp26,2025,288,Tmin ≥15.9°C,tmin
CSIRO-Mk3-6-0,rcp26,2026,272,Tmin ≥15.9°C,tmin
CSIRO-Mk3-6-0,rcp26,2027,293,Tmin ≥15.9°C,tmin
CSIRO-Mk3-6-0,rcp26,2028,296,Tmin ≥15.9°C,tmin
CSIRO-Mk3-6-0,rcp26,2029,285,Tmin ≥15.9°C,tmin
CSIRO-Mk3-6-0,rcp26,2030,273,Tmin ≥15.9°C,tmin
CSIRO-Mk3-6-0,rcp26,2031,293,Tmin ≥15.9°C,tmin
CSIRO-Mk3-6-0,rcp26,2032,286,Tmin ≥15.9°C,tmin
CSIRO-Mk3-6-0,rcp26,2033,289,Tmin ≥15.9°C,tmin
CSIRO-Mk3-6-0,rcp26,2034,285,Tmin ≥15.9°C,tmin
CSIRO-Mk3-6-0,rcp26,2035,296,Tmin ≥15.9°C,tmin
CSIRO-Mk3-6-0,rcp26,2036,264,Tmin ≥15.9°C,tmin
CanESM2,rcp26,2006,270,Tmin ≥15.9°C,tmin
CanESM2,rcp26,2007,266,Tmin ≥15.9°C,tmin
CanESM2,rcp26,2008,273,Tmin ≥15.9°C,tmin
CanESM2,rcp26,2009,278,Tmin ≥15.9°C,tmin
CanESM2,rcp26,2010,271,Tmin ≥15.9°C,tmin
CanESM2,rcp26,2011,269,Tmin ≥15.9°C,tmin
CanESM2,rcp26,2012,267,Tmin ≥15.9°C,tmin
CanESM2,rcp26,2013,275,Tmin ≥15.9°C,tmin
CanESM2,rcp26,2014,266,Tmin ≥15.9°C,tmin
CanESM2,rcp26,2015,248,Tmin ≥15.9°C,tmin
CanESM2,rcp26,2016,280,Tmin ≥15.9°C,tmin
CanESM2,rcp26,2017,294,Tmin ≥15.9°C,tmin
CanESM2,rcp26,2018,293,Tmin ≥15.9°C,tmin
CanESM2,rcp26,2019,306,Tmin ≥15.9°C,tmin
CanESM2,rcp26,2020,279,Tmin ≥15.9°C,tmin
CanESM2,rcp26,2021,273,Tmin ≥15.9°C,tmin
CanESM2,rcp26,2022,280,Tmin ≥15.9°C,tmin
CanESM2,rcp26,2023,297,Tmin ≥15.9°C,tmin
CanESM2,rcp26,2024,280,Tmin ≥15.9°C,tmin
CanESM2,rcp26,2025,292,Tmin ≥15.9°C,tmin
CanESM2,rcp26,2026,289,Tmin ≥15.9°C,tmin
CanESM2,rcp26,2027,267,Tmin ≥15.9°C,tmin
CanESM2,rcp26,2028,273,Tmin ≥15.9°C,tmin
CanESM2,rcp26,2029,285,Tmin ≥15.9°C,tmin
CanESM2,rcp26,2030,308,Tmin ≥15.9°C,tmin
CanESM2,rcp26,2031,307,Tmin ≥15.9°C,tmin
CanESM2,rcp26,2032,280,Tmin ≥15.9°C,tmin
CanESM2,rcp26,2033,271,Tmin ≥15.9°C,tmin
CanESM2,rcp26,2034,300,Tmin ≥15.9°C,tmin
CanESM2,rcp26,2035,278,Tmin ≥15.9°C,tmin
CanESM2,rcp26,2036,278,Tmin ≥15.9°C,tmin
FGOALS-g2,rcp26,2006,256,Tmin ≥15.9°C,tmin
FGOALS-g2,rcp26,2007,264,Tmin ≥15.9°C,tmin
FGOALS-g2,rcp26,2008,256,Tmin ≥15.9°C,tmin
FGOALS-g2,rcp26,2009,253,Tmin ≥15.9°C,tmin
FGOALS-g2,rcp26,2010,263,Tmin ≥15.9°C,tmin
FGOALS-g2,rcp26,2011,250,Tmin ≥15.9°C,tmin
FGOALS-g2,rcp26,2012,258,Tmin ≥15.9°C,tmin
FGOALS-g2,rcp26,2013,268,Tmin ≥15.9°C,tmin
FGOALS-g2,rcp26,2014,280,Tmin ≥15.9°C,tmin
FGOALS-g2,rcp26,2015,271,Tmin ≥15.9°C,tmin
FGOALS-g2,rcp26,2016,260,Tmin ≥15.9°C,tmin
FGOALS-g2,rcp26,2017,245,Tmin ≥15.9°C,tmin
FGOALS-g2,rcp26,2018,266,Tmin ≥15.9°C,tmin
FGOALS-g2,rcp26,2019,279,Tmin ≥15.9°C,tmin
FGOALS-g2,rcp26,2020,256,Tmin ≥15.9°C,tmin
FGOALS-g2,rcp26,2021,290,Tmin ≥15.9°C,tmin
FGOALS-g2,rcp26,2022,268,Tmin ≥15.9°C,tmin
FGOALS-g2,rcp26,2023,300,Tmin ≥15.9°C,tmin
FGOALS-g2,rcp26,2024,278,Tmin ≥15.9°C,tmin
FGOALS-g2,rcp26,2025,281,Tmin ≥15.9°C,tmin
FGOALS-g2,rcp26,2026,270,Tmin ≥15.9°C,tmin
FGOALS-g2,rcp26,2027,288,Tmin ≥15.9°C,tmin
FGOALS-g2,rcp26,2028,279,Tmin ≥15.9°C,tmin
FGOALS-g2,rcp26,2029,277,Tmin ≥15.9°C,tmin
FGOALS-g2,rcp26,2030,269,Tmin ≥15.9°C,tmin
FGOALS-g2,rcp26,2031,291,Tmin ≥15.9°C,tmin
FGOALS-g2,rcp26,2032,279,Tmin ≥15.9°C,tmin
FGOALS-g2,rcp26,2033,255,Tmin ≥15.9°C,tmin
FGOALS-g2,rcp26,2034,270,Tmin ≥15.9°C,tmin
FGOALS-g2,rcp26,2035,285,Tmin ≥15.9°C,tmin
FGOALS-g2,rcp26,2036,268,Tmin ≥15.9°C,tmin
GFDL-CM3,rcp26,2006,268,Tmin ≥15.9°C,tmin
GFDL-CM3,rcp26,2007,275,Tmin ≥15.9°C,tmin
GFDL-CM3,rcp26,2008,278,Tmin ≥15.9°C,tmin
GFDL-CM3,rcp26,2009,270,Tmin ≥15.9°C,tmin
GFDL-CM3,rcp26,2010,252,Tmin ≥15.9°C,tmin
GFDL-CM3,rcp26,2011,280,Tmin ≥15.9°C,tmin
GFDL-CM3,rcp26,2012,287,Tmin ≥15.9°C,tmin
GFDL-CM3,rcp26,2013,270,Tmin ≥15.9°C,tmin
GFDL-CM3,rcp26,2014,249,Tmin ≥15.9°C,tmin
GFDL-CM3,rcp26,2015,289,Tmin ≥15.9°C,tmin
GFDL-CM3,rcp26,2016,279,Tmin ≥15.9°C,tmin
GFDL-CM3,rcp26,2017,274,Tmin ≥15.9°C,tmin
GFDL-CM3,rcp26,2018,262,Tmin ≥15.9°C,tmin
GFDL-CM3,rcp26,2019,284,Tmin ≥15.9°C,tmin
GFDL-CM3,rcp26,2020,278,Tmin ≥15.9°C,tmin
GFDL-CM3,rcp26,2021,289,Tmin ≥15.9°C,tmin
GFDL-CM3,rcp26,2022,289,Tmin ≥15.9°C,tmin
GFDL-CM3,rcp26,2023,291,Tmin ≥15.9°C,tmin
GFDL-CM3,rcp26,2024,263,Tmin ≥15.9°C,tmin
GFDL-CM3,rcp26,2025,286,Tmin ≥15.9°C,tmin
GFDL-CM3,rcp26,2026,279,Tmin ≥15.9°C,tmin
GFDL-CM3,rcp26,2027,287,Tmin ≥15.9°C,tmin
GFDL-CM3,rcp26,2028,280,Tmin ≥15.9°C,tmin
GFDL-CM3,rcp26,2029,287,Tmin ≥15.9°C,tmin
GFDL-CM3,rcp26,2030,286,Tmin ≥15.9°C,tmin
GFDL-CM3,rcp26,2031,277,Tmin ≥15.9°C,tmin
GFDL-CM3,rcp26,2032,285,Tmin ≥15.9°C,tmin
GFDL-CM3,rcp26,2033,285,Tmin ≥15.9°C,tmin
GFDL-CM3,rcp26,2034,289,Tmin ≥15.9°C,tmin
GFDL-CM3,rcp26,2035,300,Tmin ≥15.9°C,tmin
GFDL-CM3,rcp26,2036,299,Tmin ≥15.9°C,tmin
GFDL-ESM2G,rcp26,2006,252,Tmin ≥15.9°C,tmin
GFDL-ESM2G,rcp26,2007,252,Tmin ≥15.9°C,tmin
GFDL-ESM2G,rcp26,2008,259,Tmin ≥15.9°C,tmin
GFDL-ESM2G,rcp26,2009,282,Tmin ≥15.9°C,tmin
GFDL-ESM2G,rcp26,2010,276,Tmin ≥15.9°C,tmin
GFDL-ESM2G,rcp26,2011,263,Tmin ≥15.9°C,tmin
GFDL-ESM2G,rcp26,2012,243,Tmin ≥15.9°C,tmin
GFDL-ESM2G,rcp26,2013,260,Tmin ≥15.9°C,tmin
GFDL-ESM2G,rcp26,2014,242,Tmin ≥15.9°C,tmin
GFDL-ESM2G,rcp26,2015,274,Tmin ≥15.9°C,tmin
GFDL-ESM2G,rcp26,2016,273,Tmin ≥15.9°C,tmin
GFDL-ESM2G,rcp26,2017,266,Tmin ≥15.9°C,tmin
GFDL-ESM2G,rcp26,2018,282,Tmin ≥15.9°C,tmin
GFDL-ESM2G,rcp26,2019,265,Tmin ≥15.9°C,tmin
GFDL-ESM2G,rcp26,2020,284,Tmin ≥15.9°C,tmin
GFDL-ESM2G,rcp26,2021,265,Tmin ≥15.9°C,tmin
GFDL-ESM2G,rcp26,2022,260,Tmin ≥15.9°C,tmin
GFDL-ESM2G,rcp26,2023,271,Tmin ≥15.9°C,tmin
GFDL-ESM2G,rcp26,2024,250,Tmin ≥15.9°C,tmin
GFDL-ESM2G,rcp26,2025,267,Tmin ≥15.9°C,tmin
GFDL-ESM2G,rcp26,2026,244,Tmin ≥15.9°C,tmin
GFDL-ESM2G,rcp26,2027,250,Tmin ≥15.9°C,tmin
GFDL-ESM2G,rcp26,2028,259,Tmin ≥15.9°C,tmin
GFDL-ESM2G,rcp26,2029,260,Tmin ≥15.9°C,tmin
GFDL-ESM2G,rcp26,2030,277,Tmin ≥15.9°C,tmin
GFDL-ESM2G,rcp26,2031,274,Tmin ≥15.9°C,tmin
GFDL-ESM2G,rcp26,2032,261,Tmin ≥15.9°C,tmin
GFDL-ESM2G,rcp26,2033,263,Tmin ≥15.9°C,tmin
GFDL-ESM2G,rcp26,2034,255,Tmin ≥15.9°C,tmin
GFDL-ESM2G,rcp26,2035,251,Tmin ≥15.9°C,tmin
GFDL-ESM2G,rcp26,2036,260,Tmin ≥15.9°C,tmin
IPSL-CM5A-LR,rcp26,2006,255,Tmin ≥15.9°C,tmin
IPSL-CM5A-LR,rcp26,2007,247,Tmin ≥15.9°C,tmin
IPSL-CM5A-LR,rcp26,2008,279,Tmin ≥15.9°C,tmin
IPSL-CM5A-LR,rcp26,2009,268,Tmin ≥15.9°C,tmin
IPSL-CM5A-LR,rcp26,2010,271,Tmin ≥15.9°C,tmin
IPSL-CM5A-LR,rcp26,2011,269,Tmin ≥15.9°C,tmin
IPSL-CM5A-LR,rcp26,2012,282,Tmin ≥15.9°C,tmin
IPSL-CM5A-LR,rcp26,2013,261,Tmin ≥15.9°C,tmin
IPSL-CM5A-LR,rcp26,2014,270,Tmin ≥15.9°C,tmin
IPSL-CM5A-LR,rcp26,2015,268,Tmin ≥15.9°C,tmin
IPSL-CM5A-LR,rcp26,2016,271,Tmin ≥15.9°C,tmin
IPSL-CM5A-LR,rcp26,2017,256,Tmin ≥15.9°C,tmin
IPSL-CM5A-LR,rcp26,2018,275,Tmin ≥15.9°C,tmin
IPSL-CM5A-LR,rcp26,2019,287,Tmin ≥15.9°C,tmin
IPSL-CM5A-LR,rcp26,2020,275,Tmin ≥15.9°C,tmin
IPSL-CM5A-LR,rcp26,2021,272,Tmin ≥15.9°C,tmin
IPSL-CM5A-LR,rcp26,2022,273,Tmin ≥15.9°C,tmin
IPSL-CM5A-LR,rcp26,2023,262,Tmin ≥15.9°C,tmin
IPSL-CM5A-LR,rcp26,2024,279,Tmin ≥15.9°C,tmin
IPSL-CM5A-LR,rcp26,2025,296,Tmin ≥15.9°C,tmin
IPSL-CM5A-LR,rcp26,2026,294,Tmin ≥15.9°C,tmin
IPSL-CM5A-LR,rcp26,2027,295,Tmin ≥15.9°C,tmin
IPSL-CM5A-LR,rcp26,2028,274,Tmin ≥15.9°C,tmin
IPSL-CM5A-LR,rcp26,2029,289,Tmin ≥15.9°C,tmin
IPSL-CM5A-LR,rcp26,2030,288,Tmin ≥15.9°C,tmin
IPSL-CM5A-LR,rcp26,2031,274,Tmin ≥15.9°C,tmin
IPSL-CM5A-LR,rcp26,2032,275,Tmin ≥15.9°C,tmin
IPSL-CM5A-LR,rcp26,2033,290,Tmin ≥15.9°C,tmin
IPSL-CM5A-LR,rcp26,2034,308,Tmin ≥15.9°C,tmin
IPSL-CM5A-LR,rcp26,2035,291,Tmin ≥15.9°C,tmin
IPSL-CM5A-LR,rcp26,2036,278,Tmin ≥15.9°C,tmin
IPSL-CM5A-MR,rcp26,2006,248,Tmin ≥15.9°C,tmin
IPSL-CM5A-MR,rcp26,2007,246,Tmin ≥15.9°C,tmin
IPSL-CM5A-MR,rcp26,2008,268,Tmin ≥15.9°C,tmin
IPSL-CM5A-MR,rcp26,2009,269,Tmin ≥15.9°C,tmin
IPSL-CM5A-MR,rcp26,2010,291,Tmin ≥15.9°C,tmin
IPSL-CM5A-MR,rcp26,2011,294,Tmin ≥15.9°C,tmin
IPSL-CM5A-MR,rcp26,2012,274,Tmin ≥15.9°C,tmin
IPSL-CM5A-MR,rcp26,2013,263,Tmin ≥15.9°C,tmin
IPSL-CM5A-MR,rcp26,2014,267,Tmin ≥15.9°C,tmin
IPSL-CM5A-MR,rcp26,2015,275,Tmin ≥15.9°C,tmin
IPSL-CM5A-MR,rcp26,2016,273,Tmin ≥15.9°C,tmin
IPSL-CM5A-MR,rcp26,2017,286,Tmin ≥15.9°C,tmin
IPSL-CM5A-MR,rcp26,2018,256,Tmin ≥15.9°C,tmin
IPSL-CM5A-MR,rcp26,2019,271,Tmin ≥15.9°C,tmin
IPSL-CM5A-MR,rcp26,2020,261,Tmin ≥15.9°C,tmin
IPSL-CM5A-MR,rcp26,2021,258,Tmin ≥15.9°C,tmin
IPSL-CM5A-MR,rcp26,2022,266,Tmin ≥15.9°C,tmin
IPSL-CM5A-MR,rcp26,2023,287,Tmin ≥15.9°C,tmin
IPSL-CM5A-MR,rcp26,2024,279,Tmin ≥15.9°C,tmin
IPSL-CM5A-MR,rcp26,2025,267,Tmin ≥15.9°C,tmin
IPSL-CM5A-MR,rcp26,2026,266,Tmin ≥15.9°C,tmin
IPSL-CM5A-MR,rcp26,2027,278,Tmin ≥15.9°C,tmin
IPSL-CM5A-MR,rcp26,2028,283,Tmin ≥15.9°C,tmin
IPSL-CM5A-MR,rcp26,2029,282,Tmin ≥15.9°C,tmin
IPSL-CM5A-MR,rcp26,2030,271,Tmin ≥15.9°C,tmin
IPSL-CM5A-MR,rcp26,2031,287,Tmin ≥15.9°C,tmin
IPSL-CM5A-MR,rcp26,2032,270,Tmin ≥15.9°C,tmin
IPSL-CM5A-MR,rcp26,2033,276,Tmin ≥15.9°C,tmin
IPSL-CM5A-MR,rcp26,2034,283,Tmin ≥15.9°C,tmin
IPSL-CM5A-MR,rcp26,2035,271,Tmin ≥15.9°C,tmin
IPSL-CM5A-MR,rcp26,2036,271,Tmin ≥15.9°C,tmin
MIROC-ESM,rcp26,2006,270,Tmin ≥15.9°C,tmin
MIROC-ESM,rcp26,2007,274,Tmin ≥15.9°C,tmin
MIROC-ESM,rcp26,2008,254,Tmin ≥15.9°C,tmin
MIROC-ESM,rcp26,2009,269,Tmin ≥15.9°C,tmin
MIROC-ESM,rcp26,2010,251,Tmin ≥15.9°C,tmin
MIROC-ESM,rcp26,2011,249,Tmin ≥15.9°C,tmin
MIROC-ESM,rcp26,2012,279,Tmin ≥15.9°C,tmin
MIROC-ESM,rcp26,2013,294,Tmin ≥15.9°C,tmin
MIROC-ESM,rcp26,2014,250,Tmin ≥15.9°C,tmin
MIROC-ESM,rcp26,2015,247,Tmin ≥15.9°C,tmin
MIROC-ESM,rcp26,2016,271,Tmin ≥15.9°C,tmin
MIROC-ESM,rcp26,2017,274,Tmin ≥15.9°C,tmin
MIROC-ESM,rcp26,2018,261,Tmin ≥15.9°C,tmin
MIROC-ESM,rcp26,2019,285,Tmin ≥15.9°C,tmin
MIROC-ESM,rcp26,2020,277,Tmin ≥15.9°C,tmin
MIROC-ESM,rcp26,2021,296,Tmin ≥15.9°C,tmin
MIROC-ESM,rcp26,2022,292,Tmin ≥15.9°C,tmin
MIROC-ESM,rcp26,2023,294,Tmin ≥15.9°C,tmin
MIROC-ESM,rcp26,2024,304,Tmin ≥15.9°C,tmin
MIROC-ESM,rcp26,2025,291,Tmin ≥15.9°C,tmin
MIROC-ESM,rcp26,2026,288,Tmin ≥15.9°C,tmin
MIROC-ESM,rcp26,2027,291,Tmin ≥15.9°C,tmin
MIROC-ESM,rcp26,2028,283,Tmin ≥15.9°C,tmin
MIROC-ESM,rcp26,2029,298,Tmin ≥15.9°C,tmin
MIROC-ESM,rcp26,2030,317,Tmin ≥15.9°C,tmin
MIROC-ESM,rcp26,2031,275,Tmin ≥15.9°C,tmin
MIROC-ESM,rcp26,2032,301,Tmin ≥15.9°C,tmin
MIROC-ESM,rcp26,2033,283,Tmin ≥15.9°C,tmin
MIROC-ESM,rcp26,2034,298,Tmin ≥15.9°C,tmin
MIROC-ESM,rcp26,2035,294,Tmin ≥15.9°C,tmin
MIROC-ESM,rcp26,2036,309,Tmin ≥15.9°C,tmin
MIROC-ESM-CHEM,rcp26,2006,260,Tmin ≥15.9°C,tmin
MIROC-ESM-CHEM,rcp26,2007,263,Tmin ≥15.9°C,tmin
MIROC-ESM-CHEM,rcp26,2008,279,Tmin ≥15.9°C,tmin
MIROC-ESM-CHEM,rcp26,2009,283,Tmin ≥15.9°C,tmin
MIROC-ESM-CHEM,rcp26,2010,242,Tmin ≥15.9°C,tmin
MIROC-ESM-CHEM,rcp26,2011,264,Tmin ≥15.9°C,tmin
MIROC-ESM-CHEM,rcp26,2012,282,Tmin ≥15.9°C,tmin
MIROC-ESM-CHEM,rcp26,2013,271,Tmin ≥15.9°C,tmin
MIROC-ESM-CHEM,rcp26,2014,279,Tmin ≥15.9°C,tmin
MIROC-ESM-CHEM,rcp26,2015,296,Tmin ≥15.9°C,tmin
MIROC-ESM-CHEM,rcp26,2016,292,Tmin ≥15.9°C,tmin
MIROC-ESM-CHEM,rcp26,2017,297,Tmin ≥15.9°C,tmin
MIROC-ESM-CHEM,rcp26,2018,296,Tmin ≥15.9°C,tmin
MIROC-ESM-CHEM,rcp26,2019,293,Tmin ≥15.9°C,tmin
MIROC-ESM-CHEM,rcp26,2020,280,Tmin ≥15.9°C,tmin
MIROC-ESM-CHEM,rcp26,2021,294,Tmin ≥15.9°C,tmin
MIROC-ESM-CHEM,rcp26,2022,287,Tmin ≥15.9°C,tmin
MIROC-ESM-CHEM,rcp26,2023,296,Tmin ≥15.9°C,tmin
MIROC-ESM-CHEM,rcp26,2024,286,Tmin ≥15.9°C,tmin
MIROC-ESM-CHEM,rcp26,2025,280,Tmin ≥15.9°C,tmin
MIROC-ESM-CHEM,rcp26,2026,274,Tmin ≥15.9°C,tmin
MIROC-ESM-CHEM,rcp26,2027,291,Tmin ≥15.9°C,tmin
MIROC-ESM-CHEM,rcp26,2028,300,Tmin ≥15.9°C,tmin
MIROC-ESM-CHEM,rcp26,2029,294,Tmin ≥15.9°C,tmin
MIROC-ESM-CHEM,rcp26,2030,286,Tmin ≥15.9°C,tmin
MIROC-ESM-CHEM,rcp26,2031,286,Tmin ≥15.9°C,tmin
MIROC-ESM-CHEM,rcp26,2032,301,Tmin ≥15.9°C,tmin
MIROC-ESM-CHEM,rcp26,2033,293,Tmin ≥15.9°C,tmin
MIROC-ESM-CHEM,rcp26,2034,301,Tmin ≥15.9°C,tmin
MIROC-ESM-CHEM,rcp26,2035,301,Tmin ≥15.9°C,tmin
MIROC-ESM-CHEM,rcp26,2036,287,Tmin ≥15.9°C,tmin
MIROC5,rcp26,2006,260,Tmin ≥15.9°C,tmin
MIROC5,rcp26,2007,224,Tmin ≥15.9°C,tmin
MIROC5,rcp26,2008,269,Tmin ≥15.9°C,tmin
MIROC5,rcp26,2009,267,Tmin ≥15.9°C,tmin
MIROC5,rcp26,2010,268,Tmin ≥15.9°C,tmin
MIROC5,rcp26,2011,251,Tmin ≥15.9°C,tmin
MIROC5,rcp26,2012,285,Tmin ≥15.9°C,tmin
MIROC5,rcp26,2013,297,Tmin ≥15.9°C,tmin
MIROC5,rcp26,2014,277,Tmin ≥15.9°C,tmin
MIROC5,rcp26,2015,279,Tmin ≥15.9°C,tmin
MIROC5,rcp26,2016,290,Tmin ≥15.9°C,tmin
MIROC5,rcp26,2017,269,Tmin ≥15.9°C,tmin
MIROC5,rcp26,2018,245,Tmin ≥15.9°C,tmin
MIROC5,rcp26,2019,266,Tmin ≥15.9°C,tmin
MIROC5,rcp26,2020,260,Tmin ≥15.9°C,tmin
MIROC5,rcp26,2021,259,Tmin ≥15.9°C,tmin
MIROC5,rcp26,2022,294,Tmin ≥15.9°C,tmin
MIROC5,rcp26,2023,302,Tmin ≥15.9°C,tmin
MIROC5,rcp26,2024,263,Tmin ≥15.9°C,tmin
MIROC5,rcp26,2025,251,Tmin ≥15.9°C,tmin
MIROC5,rcp26,2026,278,Tmin ≥15.9°C,tmin
MIROC5,rcp26,2027,300,Tmin ≥15.9°C,tmin
MIROC5,rcp26,2028,265,Tmin ≥15.9°C,tmin
MIROC5,rcp26,2029,283,Tmin ≥15.9°C,tmin
MIROC5,rcp26,2030,280,Tmin ≥15.9°C,tmin
MIROC5,rcp26,2031,258,Tmin ≥15.9°C,tmin
MIROC5,rcp26,2032,276,Tmin ≥15.9°C,tmin
MIROC5,rcp26,2033,281,Tmin ≥15.9°C,tmin
MIROC5,rcp26,2034,268,Tmin ≥15.9°C,tmin
MIROC5,rcp26,2035,283,Tmin ≥15.9°C,tmin
MIROC5,rcp26,2036,320,Tmin ≥15.9°C,tmin
MPI-ESM-LR,rcp26,2006,245,Tmin ≥15.9°C,tmin
MPI-ESM-LR,rcp26,2007,273,Tmin ≥15.9°C,tmin
MPI-ESM-LR,rcp26,2008,293,Tmin ≥15.9°C,tmin
MPI-ESM-LR,rcp26,2009,248,Tmin ≥15.9°C,tmin
MPI-ESM-LR,rcp26,2010,287,Tmin ≥15.9°C,tmin
MPI-ESM-LR,rcp26,2011,264,Tmin ≥15.9°C,tmin
MPI-ESM-LR,rcp26,2012,264,Tmin ≥15.9°C,tmin
MPI-ESM-LR,rcp26,2013,259,Tmin ≥15.9°C,tmin
MPI-ESM-LR,rcp26,2014,294,Tmin ≥15.9°C,tmin
MPI-ESM-LR,rcp26,2015,308,Tmin ≥15.9°C,tmin
MPI-ESM-LR,rcp26,2016,256,Tmin ≥15.9°C,tmin
MPI-ESM-LR,rcp26,2017,264,Tmin ≥15.9°C,tmin
MPI-ESM-LR,rcp26,2018,285,Tmin ≥15.9°C,tmin
MPI-ESM-LR,rcp26,2019,265,Tmin ≥15.9°C,tmin
MPI-ESM-LR,rcp26,2020,269,Tmin ≥15.9°C,tmin
MPI-ESM-LR,rcp26,2021,283,Tmin ≥15.9°C,tmin
MPI-ESM-LR,rcp26,2022,255,Tmin ≥15.9°C,tmin
MPI-ESM-LR,rcp26,2023,267,Tmin ≥15.9°C,tmin
MPI-ESM-LR,rcp26,2024,268,Tmin ≥15.9°C,tmin
MPI-ESM-LR,rcp26,2025,265,Tmin ≥15.9°C,tmin
MPI-ESM-LR,rcp26,2026,279,Tmin ≥15.9°C,tmin
MPI-ESM-LR,rcp26,2027,288,Tmin ≥15.9°C,tmin
MPI-ESM-LR,rcp26,2028,282,Tmin ≥15.9°C,tmin
MPI-ESM-LR,rcp26,2029,282,Tmin ≥15.9°C,tmin
MPI-ESM-LR,rcp26,2030,289,Tmin ≥15.9°C,tmin
MPI-ESM-LR,rcp26,2031,296,Tmin ≥15.9°C,tmin
MPI-ESM-LR,rcp26,2032,297,Tmin ≥15.9°C,tmin
MPI-ESM-LR,rcp26,2033,269,Tmin ≥15.9°C,tmin
MPI-ESM-LR,rcp26,2034,248,Tmin ≥15.9°C,tmin
MPI-ESM-LR,rcp26,2035,277,Tmin ≥15.9°C,tmin
MPI-ESM-LR,rcp26,2036,297,Tmin ≥15.9°C,tmin
MPI-ESM-MR,rcp26,2006,277,Tmin ≥15.9°C,tmin
MPI-ESM-MR,rcp26,2007,302,Tmin ≥15.9°C,tmin
MPI-ESM-MR,rcp26,2008,282,Tmin ≥15.9°C,tmin
MPI-ESM-MR,rcp26,2009,261,Tmin ≥15.9°C,tmin
MPI-ESM-MR,rcp26,2010,263,Tmin ≥15.9°C,tmin
MPI-ESM-MR,rcp26,2011,265,Tmin ≥15.9°C,tmin
MPI-ESM-MR,rcp26,2012,262,Tmin ≥15.9°C,tmin
MPI-ESM-MR,rcp26,2013,276,Tmin ≥15.9°C,tmin
MPI-ESM-MR,rcp26,2014,291,Tmin ≥15.9°C,tmin
MPI-ESM-MR,rcp26,2015,273,Tmin ≥15.9°C,tmin
MPI-ESM-MR,rcp26,2016,300,Tmin ≥15.9°C,tmin
MPI-ESM-MR,rcp26,2017,270,Tmin ≥15.9°C,tmin
MPI-ESM-MR,rcp26,2018,279,Tmin ≥15.9°C,tmin
MPI-ESM-MR,rcp26,2019,303,Tmin ≥15.9°C,tmin
MPI-ESM-MR,rcp26,2020,304,Tmin ≥15.9°C,tmin
MPI-ESM-MR,rcp26,2021,278,Tmin ≥15.9°C,tmin
MPI-ESM-MR,rcp26,2022,280,Tmin ≥15.9°C,tmin
MPI-ESM-MR,rcp26,2023,278,Tmin ≥15.9°C,tmin
MPI-ESM-MR,rcp26,2024,283,Tmin ≥15.9°C,tmin
MPI-ESM-MR,rcp26,2025,256,Tmin ≥15.9°C,tmin
MPI-ESM-MR,rcp26,2026,296,Tmin ≥15.9°C,tmin
MPI-ESM-MR,rcp26,2027,294,Tmin ≥15.9°C,tmin
MPI-ESM-MR,rcp26,2028,285,Tmin ≥15.9°C,tmin
MPI-ESM-MR,rcp26,2029,270,Tmin ≥15.9°C,tmin
MPI-ESM-MR,rcp26,2030,280,Tmin ≥15.9°C,tmin
MPI-ESM-MR,rcp26,2031,274,Tmin ≥15.9°C,tmin
MPI-ESM-MR,rcp26,2032,265,Tmin ≥15.9°C,tmin
MPI-ESM-MR,rcp26,2033,266,Tmin ≥15.9°C,tmin
MPI-ESM-MR,rcp26,2034,272,Tmin ≥15.9°C,tmin
MPI-ESM-MR,rcp26,2035,266,Tmin ≥15.9°C,tmin
MPI-ESM-MR,rcp26,2036,280,Tmin ≥15.9°C,tmin
MRI-CGCM3,rcp26,2006,243,Tmin ≥15.9°C,tmin
MRI-CGCM3,rcp26,2007,275,Tmin ≥15.9°C,tmin
MRI-CGCM3,rcp26,2008,275,Tmin ≥15.9°C,tmin
MRI-CGCM3,rcp26,2009,254,Tmin ≥15.9°C,tmin
MRI-CGCM3,rcp26,2010,283,Tmin ≥15.9°C,tmin
MRI-CGCM3,rcp26,2011,272,Tmin ≥15.9°C,tmin
MRI-CGCM3,rcp26,2012,282,Tmin ≥15.9°C,tmin
MRI-CGCM3,rcp26,2013,270,Tmin ≥15.9°C,tmin
MRI-CGCM3,rcp26,2014,263,Tmin ≥15.9°C,tmin
MRI-CGCM3,rcp26,2015,268,Tmin ≥15.9°C,tmin
MRI-CGCM3,rcp26,2016,277,Tmin ≥15.9°C,tmin
MRI-CGCM3,rcp26,2017,270,Tmin ≥15.9°C,tmin
MRI-CGCM3,rcp26,2018,264,Tmin ≥15.9°C,tmin
MRI-CGCM3,rcp26,2019,276,Tmin ≥15.9°C,tmin
MRI-CGCM3,rcp26,2020,270,Tmin ≥15.9°C,tmin
MRI-CGCM3,rcp26,2021,263,Tmin ≥15.9°C,tmin
MRI-CGCM3,rcp26,2022,279,Tmin ≥15.9°C,tmin
MRI-CGCM3,rcp26,2023,267,Tmin ≥15.9°C,tmin
MRI-CGCM3,rcp26,2024,264,Tmin ≥15.9°C,tmin
MRI-CGCM3,rcp26,2025,271,Tmin ≥15.9°C,tmin
MRI-CGCM3,rcp26,2026,268,Tmin ≥15.9°C,tmin
MRI-CGCM3,rcp26,2027,268,Tmin ≥15.9°C,tmin
MRI-CGCM3,rcp26,2028,265,Tmin ≥15.9°C,tmin
MRI-CGCM3,rcp26,2029,290,Tmin ≥15.9°C,tmin
MRI-CGCM3,rcp26,2030,251,Tmin ≥15.9°C,tmin
MRI-CGCM3,rcp26,2031,271,Tmin ≥15.9°C,tmin
MRI-CGCM3,rcp26,2032,270,Tmin ≥15.9°C,tmin
MRI-CGCM3,rcp26,2033,253,Tmin ≥15.9°C,tmin
MRI-CGCM3,rcp26,2034,269,Tmin ≥15.9°C,tmin
MRI-CGCM3,rcp26,2035,260,Tmin ≥15.9°C,tmin
MRI-CGCM3,rcp26,2036,277,Tmin ≥15.9°C,tmin
NorESM1-M,rcp26,2006,264,Tmin ≥15.9°C,tmin
NorESM1-M,rcp26,2007,248,Tmin ≥15.9°C,tmin
NorESM1-M,rcp26,2008,253,Tmin ≥15.9°C,tmin
NorESM1-M,rcp26,2009,278,Tmin ≥15.9°C,tmin
NorESM1-M,rcp26,2010,267,Tmin ≥15.9°C,tmin
NorESM1-M,rcp26,2011,278,Tmin ≥15.9°C,tmin
NorESM1-M,rcp26,2012,254,Tmin ≥15.9°C,tmin
NorESM1-M,rcp26,2013,260,Tmin ≥15.9°C,tmin
NorESM1-M,rcp26,2014,267,Tmin ≥15.9°C,tmin
NorESM1-M,rcp26,2015,257,Tmin ≥15.9°C,tmin
NorESM1-M,rcp26,2016,274,Tmin ≥15.9°C,tmin
NorESM1-M,rcp26,2017,275,Tmin ≥15.9°C,tmin
NorESM1-M,rcp26,2018,288,Tmin ≥15.9°C,tmin
NorESM1-M,rcp26,2019,261,Tmin ≥15.9°C,tmin
NorESM1-M,rcp26,2020,288,Tmin ≥15.9°C,tmin
NorESM1-M,rcp26,2021,265,Tmin ≥15.9°C,tmin
NorESM1-M,rcp26,2022,278,Tmin ≥15.9°C,tmin
NorESM1-M,rcp26,2023,278,Tmin ≥15.9°C,tmin
NorESM1-M,rcp26,2024,269,Tmin ≥15.9°C,tmin
NorESM1-M,rcp26,2025,264,Tmin ≥15.9°C,tmin
NorESM1-M,rcp26,2026,260,Tmin ≥15.9°C,tmin
NorESM1-M,rcp26,2027,270,Tmin ≥15.9°C,tmin
NorESM1-M,rcp26,2028,282,Tmin ≥15.9°C,tmin
NorESM1-M,rcp26,2029,267,Tmin ≥15.9°C,tmin
NorESM1-M,rcp26,2030,261,Tmin ≥15.9°C,tmin
NorESM1-M,rcp26,2031,267,Tmin ≥15.9°C,tmin
NorESM1-M,rcp26,2032,262,Tmin ≥15.9°C,tmin
NorESM1-M,rcp26,2033,246,Tmin ≥15.9°C,tmin
NorESM1-M,rcp26,2034,270,Tmin ≥15.9°C,tmin
NorESM1-M,rcp26,2035,267,Tmin ≥15.9°C,tmin
NorESM1-M,rcp26,2036,268,Tmin ≥15.9°C,tmin
bcc-csm1-1,rcp26,2006,303,Tmin ≥15.9°C,tmin
bcc-csm1-1,rcp26,2007,262,Tmin ≥15.9°C,tmin
bcc-csm1-1,rcp26,2008,269,Tmin ≥15.9°C,tmin
bcc-csm1-1,rcp26,2009,286,Tmin ≥15.9°C,tmin
bcc-csm1-1,rcp26,2010,262,Tmin ≥15.9°C,tmin
bcc-csm1-1,rcp26,2011,281,Tmin ≥15.9°C,tmin
bcc-csm1-1,rcp26,2012,310,Tmin ≥15.9°C,tmin
bcc-csm1-1,rcp26,2013,264,Tmin ≥15.9°C,tmin
bcc-csm1-1,rcp26,2014,306,Tmin ≥15.9°C,tmin
bcc-csm1-1,rcp26,2015,261,Tmin ≥15.9°C,tmin
bcc-csm1-1,rcp26,2016,279,Tmin ≥15.9°C,tmin
bcc-csm1-1,rcp26,2017,291,Tmin ≥15.9°C,tmin
bcc-csm1-1,rcp26,2018,316,Tmin ≥15.9°C,tmin
bcc-csm1-1,rcp26,2019,291,Tmin ≥15.9°C,tmin
bcc-csm1-1,rcp26,2020,269,Tmin ≥15.9°C,tmin
bcc-csm1-1,rcp26,2021,293,Tmin ≥15.9°C,tmin
bcc-csm1-1,rcp26,2022,259,Tmin ≥15.9°C,tmin
bcc-csm1-1,rcp26,2023,304,Tmin ≥15.9°C,tmin
bcc-csm1-1,rcp26,2024,296,Tmin ≥15.9°C,tmin
bcc-csm1-1,rcp26,2025,302,Tmin ≥15.9°C,tmin
bcc-csm1-1,rcp26,2026,285,Tmin ≥15.9°C,tmin
bcc-csm1-1,rcp26,2027,289,Tmin ≥15.9°C,tmin
bcc-csm1-1,rcp26,2028,286,Tmin ≥15.9°C,tmin
bcc-csm1-1,rcp26,2029,299,Tmin ≥15.9°C,tmin
bcc-csm1-1,rcp26,2030,282,Tmin ≥15.9°C,tmin
bcc-csm1-1,rcp26,2031,288,Tmin ≥15.9°C,tmin
bcc-csm1-1,rcp26,2032,295,Tmin ≥15.9°C,tmin
bcc-csm1-1,rcp26,2033,343,Tmin ≥15.9°C,tmin
bcc-csm1-1,rcp26,2034,299,Tmin ≥15.9°C,tmin
bcc-csm1-1,rcp26,2035,315,Tmin ≥15.9°C,tmin
bcc-csm1-1,rcp26,2036,305,Tmin ≥15.9°C,tmin
bcc-csm1-1-m,rcp26,2006,271,Tmin ≥15.9°C,tmin
bcc-csm1-1-m,rcp26,2007,285,Tmin ≥15.9°C,tmin
bcc-csm1-1-m,rcp26,2008,292,Tmin ≥15.9°C,tmin
bcc-csm1-1-m,rcp26,2009,248,Tmin ≥15.9°C,tmin
bcc-csm1-1-m,rcp26,2010,261,Tmin ≥15.9°C,tmin
bcc-csm1-1-m,rcp26,2011,282,Tmin ≥15.9°C,tmin
bcc-csm1-1-m,rcp26,2012,268,Tmin ≥15.9°C,tmin
bcc-csm1-1-m,rcp26,2013,284,Tmin ≥15.9°C,tmin
bcc-csm1-1-m,rcp26,2014,285,Tmin ≥15.9°C,tmin
bcc-csm1-1-m,rcp26,2015,261,Tmin ≥15.9°C,tmin
bcc-csm1-1-m,rcp26,2016,290,Tmin ≥15.9°C,tmin
bcc-csm1-1-m,rcp26,2017,273,Tmin ≥15.9°C,tmin
bcc-csm1-1-m,rcp26,2018,305,Tmin ≥15.9°C,tmin
bcc-csm1-1-m,rcp26,2019,309,Tmin ≥15.9°C,tmin
bcc-csm1-1-m,rcp26,2020,260,Tmin ≥15.9°C,tmin
bcc-csm1-1-m,rcp26,2021,268,Tmin ≥15.9°C,tmin
bcc-csm1-1-m,rcp26,2022,285,Tmin ≥15.9°C,tmin
bcc-csm1-1-m,rcp26,2023,318,Tmin ≥15.9°C,tmin
bcc-csm1-1-m,rcp26,2024,285,Tmin ≥15.9°C,tmin
bcc-csm1-1-m,rcp26,2025,273,Tmin ≥15.9°C,tmin
bcc-csm1-1-m,rcp26,2026,277,Tmin ≥15.9°C,tmin
bcc-csm1-1-m,rcp26,2027,310,Tmin ≥15.9°C,tmin
bcc-csm1-1-m,rcp26,2028,296,Tmin ≥15.9°C,tmin
bcc-csm1-1-m,rcp26,2029,294,Tmin ≥15.9°C,tmin
bcc-csm1-1-m,rcp26,2030,300,Tmin ≥15.9°C,tmin
bcc-csm1-1-m,rcp26,2031,282,Tmin ≥15.9°C,tmin
bcc-csm1-1-m,rcp26,2032,321,Tmin ≥15.9°C,tmin
bcc-csm1-1-m,rcp26,2033,300,Tmin ≥15.9°C,tmin
bcc-csm1-1-m,rcp26,2034,298,Tmin ≥15.9°C,tmin
bcc-csm1-1-m,rcp26,2035,321,Tmin ≥15.9°C,tmin
bcc-csm1-1-m,rcp26,2036,277,Tmin ≥15.9°C,tmin
ACCESS1-0,rcp45,2006,270,Tmin ≥15.9°C,tmin
ACCESS1-0,rcp45,2007,279,Tmin ≥15.9°C,tmin
ACCESS1-0,rcp45,2008,278,Tmin ≥15.9°C,tmin
ACCESS1-0,rcp45,2009,270,Tmin ≥15.9°C,tmin
ACCESS1-0,rcp45,2010,282,Tmin ≥15.9°C,tmin
ACCESS1-0,rcp45,2011,275,Tmin ≥15.9°C,tmin
ACCESS1-0,rcp45,2012,292,Tmin ≥15.9°C,tmin
ACCESS1-0,rcp45,2013,274,Tmin ≥15.9°C,tmin
ACCESS1-0,rcp45,2014,269,Tmin ≥15.9°C,tmin
ACCESS1-0,rcp45,2015,265,Tmin ≥15.9°C,tmin
ACCESS1-0,rcp45,2016,282,Tmin ≥15.9°C,tmin
ACCESS1-0,rcp45,2017,273,Tmin ≥15.9°C,tmin
ACCESS1-0,rcp45,2018,264,Tmin ≥15.9°C,tmin
ACCESS1-0,rcp45,2019,268,Tmin ≥15.9°C,tmin
ACCESS1-0,rcp45,2020,275,Tmin ≥15.9°C,tmin
ACCESS1-0,rcp45,2021,282,Tmin ≥15.9°C,tmin
ACCESS1-0,rcp45,2022,292,Tmin ≥15.9°C,tmin
ACCESS1-0,rcp45,2023,280,Tmin ≥15.9°C,tmin
ACCESS1-0,rcp45,2024,272,Tmin ≥15.9°C,tmin
ACCESS1-0,rcp45,2025,286,Tmin ≥15.9°C,tmin
ACCESS1-0,rcp45,2026,283,Tmin ≥15.9°C,tmin
ACCESS1-0,rcp45,2027,284,Tmin ≥15.9°C,tmin
ACCESS1-0,rcp45,2028,275,Tmin ≥15.9°C,tmin
ACCESS1-0,rcp45,2029,275,Tmin ≥15.9°C,tmin
ACCESS1-0,rcp45,2030,274,Tmin ≥15.9°C,tmin
ACCESS1-0,rcp45,2031,288,Tmin ≥15.9°C,tmin
ACCESS1-0,rcp45,2032,320,Tmin ≥15.9°C,tmin
ACCESS1-0,rcp45,2033,296,Tmin ≥15.9°C,tmin
ACCESS1-0,rcp45,2034,284,Tmin ≥15.9°C,tmin
ACCESS1-0,rcp45,2035,282,Tmin ≥15.9°C,tmin
ACCESS1-0,rcp45,2036,297,Tmin ≥15.9°C,tmin
ACCESS1-3,rcp45,2006,251,Tmin ≥15.9°C,tmin
ACCESS1-3,rcp45,2007,257,Tmin ≥15.9°C,tmin
ACCESS1-3,rcp45,2008,240,Tmin ≥15.9°C,tmin
ACCESS1-3,rcp45,2009,261,Tmin ≥15.9°C,tmin
ACCESS1-3,rcp45,2010,270,Tmin ≥15.9°C,tmin
ACCESS1-3,rcp45,2011,259,Tmin ≥15.9°C,tmin
ACCESS1-3,rcp45,2012,249,Tmin ≥15.9°C,tmin
ACCESS1-3,rcp45,2013,271,Tmin ≥15.9°C,tmin
ACCESS1-3,rcp45,2014,280,Tmin ≥15.9°C,tmin
ACCESS1-3,rcp45,2015,295,Tmin ≥15.9°C,tmin
ACCESS1-3,rcp45,2016,275,Tmin ≥15.9°C,tmin
ACCESS1-3,rcp45,2017,258,Tmin ≥15.9°C,tmin
ACCESS1-3,rcp45,2018,279,Tmin ≥15.9°C,tmin
ACCESS1-3,rcp45,2019,276,Tmin ≥15.9°C,tmin
ACCESS1-3,rcp45,2020,273,Tmin ≥15.9°C,tmin
ACCESS1-3,rcp45,2021,260,Tmin ≥15.9°C,tmin
ACCESS1-3,rcp45,2022,279,Tmin ≥15.9°C,tmin
ACCESS1-3,rcp45,2023,272,Tmin ≥15.9°C,tmin
ACCESS1-3,rcp45,2024,276,Tmin ≥15.9°C,tmin
ACCESS1-3,rcp45,2025,283,Tmin ≥15.9°C,tmin
ACCESS1-3,rcp45,2026,270,Tmin ≥15.9°C,tmin
ACCESS1-3,rcp45,2027,293,Tmin ≥15.9°C,tmin
ACCESS1-3,rcp45,2028,309,Tmin ≥15.9°C,tmin
ACCESS1-3,rcp45,2029,286,Tmin ≥15.9°C,tmin
ACCESS1-3,rcp45,2030,300,Tmin ≥15.9°C,tmin
ACCESS1-3,rcp45,2031,269,Tmin ≥15.9°C,tmin
ACCESS1-3,rcp45,2032,266,Tmin ≥15.9°C,tmin
ACCESS1-3,rcp45,2033,301,Tmin ≥15.9°C,tmin
ACCESS1-3,rcp45,2034,276,Tmin ≥15.9°C,tmin
ACCESS1-3,rcp45,2035,271,Tmin ≥15.9°C,tmin
ACCESS1-3,rcp45,2036,263,Tmin ≥15.9°C,tmin
BNU-ESM,rcp45,2006,265,Tmin ≥15.9°C,tmin
BNU-ESM,rcp45,2007,275,Tmin ≥15.9°C,tmin
BNU-ESM,rcp45,2008,249,Tmin ≥15.9°C,tmin
BNU-ESM,rcp45,2009,261,Tmin ≥15.9°C,tmin
BNU-ESM,rcp45,2010,254,Tmin ≥15.9°C,tmin
BNU-ESM,rcp45,2011,279,Tmin ≥15.9°C,tmin
BNU-ESM,rcp45,2012,288,Tmin ≥15.9°C,tmin
BNU-ESM,rcp45,2013,278,Tmin ≥15.9°C,tmin
BNU-ESM,rcp45,2014,292,Tmin ≥15.9°C,tmin
BNU-ESM,rcp45,2015,272,Tmin ≥15.9°C,tmin
BNU-ESM,rcp45,2016,253,Tmin ≥15.9°C,tmin
BNU-ESM,rcp45,2017,277,Tmin ≥15.9°C,tmin
BNU-ESM,rcp45,2018,269,Tmin ≥15.9°C,tmin
BNU-ESM,rcp45,2019,262,Tmin ≥15.9°C,tmin
BNU-ESM,rcp45,2020,272,Tmin ≥15.9°C,tmin
BNU-ESM,rcp45,2021,272,Tmin ≥15.9°C,tmin
BNU-ESM,rcp45,2022,275,Tmin ≥15.9°C,tmin
BNU-ESM,rcp45,2023,274,Tmin ≥15.9°C,tmin
BNU-ESM,rcp45,2024,265,Tmin ≥15.9°C,tmin
BNU-ESM,rcp45,2025,282,Tmin ≥15.9°C,tmin
BNU-ESM,rcp45,2026,285,Tmin ≥15.9°C,tmin
BNU-ESM,rcp45,2027,288,Tmin ≥15.9°C,tmin
BNU-ESM,rcp45,2028,274,Tmin ≥15.9°C,tmin
BNU-ESM,rcp45,2029,274,Tmin ≥15.9°C,tmin
BNU-ESM,rcp45,2030,283,Tmin ≥15.9°C,tmin
BNU-ESM,rcp45,2031,274,Tmin ≥15.9°C,tmin
BNU-ESM,rcp45,2032,247,Tmin ≥15.9°C,tmin
BNU-ESM,rcp45,2033,268,Tmin ≥15.9°C,tmin
BNU-ESM,rcp45,2034,286,Tmin ≥15.9°C,tmin
BNU-ESM,rcp45,2035,289,Tmin ≥15.9°C,tmin
BNU-ESM,rcp45,2036,256,Tmin ≥15.9°C,tmin
CCSM4,rcp45,2006,259,Tmin ≥15.9°C,tmin
CCSM4,rcp45,2007,272,Tmin ≥15.9°C,tmin
CCSM4,rcp45,2008,264,Tmin ≥15.9°C,tmin
CCSM4,rcp45,2009,244,Tmin ≥15.9°C,tmin
CCSM4,rcp45,2010,258,Tmin ≥15.9°C,tmin
CCSM4,rcp45,2011,277,Tmin ≥15.9°C,tmin
CCSM4,rcp45,2012,264,Tmin ≥15.9°C,tmin
CCSM4,rcp45,2013,271,Tmin ≥15.9°C,tmin
CCSM4,rcp45,2014,235,Tmin ≥15.9°C,tmin
CCSM4,rcp45,2015,258,Tmin ≥15.9°C,tmin
CCSM4,rcp45,2016,287,Tmin ≥15.9°C,tmin
CCSM4,rcp45,2017,256,Tmin ≥15.9°C,tmin
CCSM4,rcp45,2018,273,Tmin ≥15.9°C,tmin
CCSM4,rcp45,2019,277,Tmin ≥15.9°C,tmin
CCSM4,rcp45,2020,251,Tmin ≥15.9°C,tmin
CCSM4,rcp45,2021,261,Tmin ≥15.9°C,tmin
CCSM4,rcp45,2022,287,Tmin ≥15.9°C,tmin
CCSM4,rcp45,2023,281,Tmin ≥15.9°C,tmin
CCSM4,rcp45,2024,269,Tmin ≥15.9°C,tmin
CCSM4,rcp45,2025,271,Tmin ≥15.9°C,tmin
CCSM4,rcp45,2026,255,Tmin ≥15.9°C,tmin
CCSM4,rcp45,2027,273,Tmin ≥15.9°C,tmin
CCSM4,rcp45,2028,250,Tmin ≥15.9°C,tmin
CCSM4,rcp45,2029,266,Tmin ≥15.9°C,tmin
CCSM4,rcp45,2030,295,Tmin ≥15.9°C,tmin
CCSM4,rcp45,2031,249,Tmin ≥15.9°C,tmin
CCSM4,rcp45,2032,274,Tmin ≥15.9°C,tmin
CCSM4,rcp45,2033,283,Tmin ≥15.9°C,tmin
CCSM4,rcp45,2034,296,Tmin ≥15.9°C,tmin
CCSM4,rcp45,2035,256,Tmin ≥15.9°C,tmin
CCSM4,rcp45,2036,307,Tmin ≥15.9°C,tmin
CESM1-BGC,rcp45,2006,265,Tmin ≥15.9°C,tmin
CESM1-BGC,rcp45,2007,274,Tmin ≥15.9°C,tmin
CESM1-BGC,rcp45,2008,271,Tmin ≥15.9°C,tmin
CESM1-BGC,rcp45,2009,268,Tmin ≥15.9°C,tmin
CESM1-BGC,rcp45,2010,242,Tmin ≥15.9°C,tmin
CESM1-BGC,rcp45,2011,259,Tmin ≥15.9°C,tmin
CESM1-BGC,rcp45,2012,275,Tmin ≥15.9°C,tmin
CESM1-BGC,rcp45,2013,258,Tmin ≥15.9°C,tmin
CESM1-BGC,rcp45,2014,253,Tmin ≥15.9°C,tmin
CESM1-BGC,rcp45,2015,295,Tmin ≥15.9°C,tmin
CESM1-BGC,rcp45,2016,272,Tmin ≥15.9°C,tmin
CESM1-BGC,rcp45,2017,269,Tmin ≥15.9°C,tmin
CESM1-BGC,rcp45,2018,284,Tmin ≥15.9°C,tmin
CESM1-BGC,rcp45,2019,279,Tmin ≥15.9°C,tmin
CESM1-BGC,rcp45,2020,294,Tmin ≥15.9°C,tmin
CESM1-BGC,rcp45,2021,286,Tmin ≥15.9°C,tmin
CESM1-BGC,rcp45,2022,255,Tmin ≥15.9°C,tmin
CESM1-BGC,rcp45,2023,248,Tmin ≥15.9°C,tmin
CESM1-BGC,rcp45,2024,287,Tmin ≥15.9°C,tmin
CESM1-BGC,rcp45,2025,262,Tmin ≥15.9°C,tmin
CESM1-BGC,rcp45,2026,284,Tmin ≥15.9°C,tmin
CESM1-BGC,rcp45,2027,285,Tmin ≥15.9°C,tmin
CESM1-BGC,rcp45,2028,259,Tmin ≥15.9°C,tmin
CESM1-BGC,rcp45,2029,279,Tmin ≥15.9°C,tmin
CESM1-BGC,rcp45,2030,270,Tmin ≥15.9°C,tmin
CESM1-BGC,rcp45,2031,266,Tmin ≥15.9°C,tmin
CESM1-BGC,rcp45,2032,295,Tmin ≥15.9°C,tmin
CESM1-BGC,rcp45,2033,264,Tmin ≥15.9°C,tmin
CESM1-BGC,rcp45,2034,266,Tmin ≥15.9°C,tmin
CESM1-BGC,rcp45,2035,256,Tmin ≥15.9°C,tmin
CESM1-BGC,rcp45,2036,263,Tmin ≥15.9°C,tmin
CESM1-CAM5,rcp45,2006,251,Tmin ≥15.9°C,tmin
CESM1-CAM5,rcp45,2007,269,Tmin ≥15.9°C,tmin
CESM1-CAM5,rcp45,2008,268,Tmin ≥15.9°C,tmin
CESM1-CAM5,rcp45,2009,277,Tmin ≥15.9°C,tmin
CESM1-CAM5,rcp45,2010,278,Tmin ≥15.9°C,tmin
CESM1-CAM5,rcp45,2011,266,Tmin ≥15.9°C,tmin
CESM1-CAM5,rcp45,2012,252,Tmin ≥15.9°C,tmin
CESM1-CAM5,rcp45,2013,257,Tmin ≥15.9°C,tmin
CESM1-CAM5,rcp45,2014,265,Tmin ≥15.9°C,tmin
CESM1-CAM5,rcp45,2015,271,Tmin ≥15.9°C,tmin
CESM1-CAM5,rcp45,2016,271,Tmin ≥15.9°C,tmin
CESM1-CAM5,rcp45,2017,249,Tmin ≥15.9°C,tmin
CESM1-CAM5,rcp45,2018,274,Tmin ≥15.9°C,tmin
CESM1-CAM5,rcp45,2019,262,Tmin ≥15.9°C,tmin
CESM1-CAM5,rcp45,2020,275,Tmin ≥15.9°C,tmin
CESM1-CAM5,rcp45,2021,288,Tmin ≥15.9°C,tmin
CESM1-CAM5,rcp45,2022,271,Tmin ≥15.9°C,tmin
CESM1-CAM5,rcp45,2023,266,Tmin ≥15.9°C,tmin
CESM1-CAM5,rcp45,2024,273,Tmin ≥15.9°C,tmin
CESM1-CAM5,rcp45,2025,281,Tmin ≥15.9°C,tmin
CESM1-CAM5,rcp45,2026,294,Tmin ≥15.9°C,tmin
CESM1-CAM5,rcp45,2027,270,Tmin ≥15.9°C,tmin
CESM1-CAM5,rcp45,2028,252,Tmin ≥15.9°C,tmin
CESM1-CAM5,rcp45,2029,269,Tmin ≥15.9°C,tmin
CESM1-CAM5,rcp45,2030,287,Tmin ≥15.9°C,tmin
CESM1-CAM5,rcp45,2031,284,Tmin ≥15.9°C,tmin
CESM1-CAM5,rcp45,2032,266,Tmin ≥15.9°C,tmin
CESM1-CAM5,rcp45,2033,286,Tmin ≥15.9°C,tmin
CESM1-CAM5,rcp45,2034,286,Tmin ≥15.9°C,tmin
CESM1-CAM5,rcp45,2035,299,Tmin ≥15.9°C,tmin
CESM1-CAM5,rcp45,2036,257,Tmin ≥15.9°C,tmin
CMCC-CM,rcp45,2006,255,Tmin ≥15.9°C,tmin
CMCC-CM,rcp45,2007,279,Tmin ≥15.9°C,tmin
CMCC-CM,rcp45,2008,262,Tmin ≥15.9°C,tmin
CMCC-CM,rcp45,2009,270,Tmin ≥15.9°C,tmin
CMCC-CM,rcp45,2010,267,Tmin ≥15.9°C,tmin
CMCC-CM,rcp45,2011,263,Tmin ≥15.9°C,tmin
CMCC-CM,rcp45,2012,274,Tmin ≥15.9°C,tmin
CMCC-CM,rcp45,2013,268,Tmin ≥15.9°C,tmin
CMCC-CM,rcp45,2014,265,Tmin ≥15.9°C,tmin
CMCC-CM,rcp45,2015,270,Tmin ≥15.9°C,tmin
CMCC-CM,rcp45,2016,279,Tmin ≥15.9°C,tmin
CMCC-CM,rcp45,2017,270,Tmin ≥15.9°C,tmin
CMCC-CM,rcp45,2018,277,Tmin ≥15.9°C,tmin
CMCC-CM,rcp45,2019,268,Tmin ≥15.9°C,tmin
CMCC-CM,rcp45,2020,265,Tmin ≥15.9°C,tmin
CMCC-CM,rcp45,2021,260,Tmin ≥15.9°C,tmin
CMCC-CM,rcp45,2022,262,Tmin ≥15.9°C,tmin
CMCC-CM,rcp45,2023,274,Tmin ≥15.9°C,tmin
CMCC-CM,rcp45,2024,260,Tmin ≥15.9°C,tmin
CMCC-CM,rcp45,2025,279,Tmin ≥15.9°C,tmin
CMCC-CM,rcp45,2026,301,Tmin ≥15.9°C,tmin
CMCC-CM,rcp45,2027,310,Tmin ≥15.9°C,tmin
CMCC-CM,rcp45,2028,297,Tmin ≥15.9°C,tmin
CMCC-CM,rcp45,2029,275,Tmin ≥15.9°C,tmin
CMCC-CM,rcp45,2030,293,Tmin ≥15.9°C,tmin
CMCC-CM,rcp45,2031,292,Tmin ≥15.9°C,tmin
CMCC-CM,rcp45,2032,276,Tmin ≥15.9°C,tmin
CMCC-CM,rcp45,2033,268,Tmin ≥15.9°C,tmin
CMCC-CM,rcp45,2034,275,Tmin ≥15.9°C,tmin
CMCC-CM,rcp45,2035,275,Tmin ≥15.9°C,tmin
CMCC-CM,rcp45,2036,277,Tmin ≥15.9°C,tmin
CMCC-CMS,rcp45,2006,271,Tmin ≥15.9°C,tmin
CMCC-CMS,rcp45,2007,261,Tmin ≥15.9°C,tmin
CMCC-CMS,rcp45,2008,254,Tmin ≥15.9°C,tmin
CMCC-CMS,rcp45,2009,239,Tmin ≥15.9°C,tmin
CMCC-CMS,rcp45,2010,277,Tmin ≥15.9°C,tmin
CMCC-CMS,rcp45,2011,289,Tmin ≥15.9°C,tmin
CMCC-CMS,rcp45,2012,255,Tmin ≥15.9°C,tmin
CMCC-CMS,rcp45,2013,287,Tmin ≥15.9°C,tmin
CMCC-CMS,rcp45,2014,279,Tmin ≥15.9°C,tmin
CMCC-CMS,rcp45,2015,260,Tmin ≥15.9°C,tmin
CMCC-CMS,rcp45,2016,283,Tmin ≥15.9°C,tmin
CMCC-CMS,rcp45,2017,290,Tmin ≥15.9°C,tmin
CMCC-CMS,rcp45,2018,267,Tmin ≥15.9°C,tmin
CMCC-CMS,rcp45,2019,281,Tmin ≥15.9°C,tmin
CMCC-CMS,rcp45,2020,297,Tmin ≥15.9°C,tmin
CMCC-CMS,rcp45,2021,265,Tmin ≥15.9°C,tmin
CMCC-CMS,rcp45,2022,248,Tmin ≥15.9°C,tmin
CMCC-CMS,rcp45,2023,263,Tmin ≥15.9°C,tmin
CMCC-CMS,rcp45,2024,291,Tmin ≥15.9°C,tmin
CMCC-CMS,rcp45,2025,270,Tmin ≥15.9°C,tmin
CMCC-CMS,rcp45,2026,277,Tmin ≥15.9°C,tmin
CMCC-CMS,rcp45,2027,293,Tmin ≥15.9°C,tmin
CMCC-CMS,rcp45,2028,282,Tmin ≥15.9°C,tmin
CMCC-CMS,rcp45,2029,276,Tmin ≥15.9°C,tmin
CMCC-CMS,rcp45,2030,262,Tmin ≥15.9°C,tmin
CMCC-CMS,rcp45,2031,274,Tmin ≥15.9°C,tmin
CMCC-CMS,rcp45,2032,261,Tmin ≥15.9°C,tmin
CMCC-CMS,rcp45,2033,317,Tmin ≥15.9°C,tmin
CMCC-CMS,rcp45,2034,269,Tmin ≥15.9°C,tmin
CMCC-CMS,rcp45,2035,280,Tmin ≥15.9°C,tmin
CMCC-CMS,rcp45,2036,295,Tmin ≥15.9°C,tmin
CNRM-CM5,rcp45,2006,257,Tmin ≥15.9°C,tmin
CNRM-CM5,rcp45,2007,263,Tmin ≥15.9°C,tmin
CNRM-CM5,rcp45,2008,277,Tmin ≥15.9°C,tmin
CNRM-CM5,rcp45,2009,276,Tmin ≥15.9°C,tmin
CNRM-CM5,rcp45,2010,253,Tmin ≥15.9°C,tmin
CNRM-CM5,rcp45,2011,272,Tmin ≥15.9°C,tmin
CNRM-CM5,rcp45,2012,243,Tmin ≥15.9°C,tmin
CNRM-CM5,rcp45,2013,251,Tmin ≥15.9°C,tmin
CNRM-CM5,rcp45,2014,262,Tmin ≥15.9°C,tmin
CNRM-CM5,rcp45,2015,269,Tmin ≥15.9°C,tmin
CNRM-CM5,rcp45,2016,287,Tmin ≥15.9°C,tmin
CNRM-CM5,rcp45,2017,270,Tmin ≥15.9°C,tmin
CNRM-CM5,rcp45,2018,273,Tmin ≥15.9°C,tmin
CNRM-CM5,rcp45,2019,271,Tmin ≥15.9°C,tmin
CNRM-CM5,rcp45,2020,307,Tmin ≥15.9°C,tmin
CNRM-CM5,rcp45,2021,291,Tmin ≥15.9°C,tmin
CNRM-CM5,rcp45,2022,267,Tmin ≥15.9°C,tmin
CNRM-CM5,rcp45,2023,260,Tmin ≥15.9°C,tmin
CNRM-CM5,rcp45,2024,259,Tmin ≥15.9°C,tmin
CNRM-CM5,rcp45,2025,246,Tmin ≥15.9°C,tmin
CNRM-CM5,rcp45,2026,277,Tmin ≥15.9°C,tmin
CNRM-CM5,rcp45,2027,277,Tmin ≥15.9°C,tmin
CNRM-CM5,rcp45,2028,284,Tmin ≥15.9°C,tmin
CNRM-CM5,rcp45,2029,265,Tmin ≥15.9°C,tmin
CNRM-CM5,rcp45,2030,268,Tmin ≥15.9°C,tmin
CNRM-CM5,rcp45,2031,291,Tmin ≥15.9°C,tmin
CNRM-CM5,rcp45,2032,278,Tmin ≥15.9°C,tmin
CNRM-CM5,rcp45,2033,258,Tmin ≥15.9°C,tmin
CNRM-CM5,rcp45,2034,283,Tmin ≥15.9°C,tmin
CNRM-CM5,rcp45,2035,276,Tmin ≥15.9°C,tmin
CNRM-CM5,rcp45,2036,266,Tmin ≥15.9°C,tmin
CSIRO-Mk3-6-0,rcp45,2006,280,Tmin ≥15.9°C,tmin
CSIRO-Mk3-6-0,rcp45,2007,281,Tmin ≥15.9°C,tmin
CSIRO-Mk3-6-0,rcp45,2008,304,Tmin ≥15.9°C,tmin
CSIRO-Mk3-6-0,rcp45,2009,276,Tmin ≥15.9°C,tmin
CSIRO-Mk3-6-0,rcp45,2010,286,Tmin ≥15.9°C,tmin
CSIRO-Mk3-6-0,rcp45,2011,276,Tmin ≥15.9°C,tmin
CSIRO-Mk3-6-0,rcp45,2012,249,Tmin ≥15.9°C,tmin
CSIRO-Mk3-6-0,rcp45,2013,267,Tmin ≥15.9°C,tmin
CSIRO-Mk3-6-0,rcp45,2014,297,Tmin ≥15.9°C,tmin
CSIRO-Mk3-6-0,rcp45,2015,276,Tmin ≥15.9°C,tmin
CSIRO-Mk3-6-0,rcp45,2016,261,Tmin ≥15.9°C,tmin
CSIRO-Mk3-6-0,rcp45,2017,281,Tmin ≥15.9°C,tmin
CSIRO-Mk3-6-0,rcp45,2018,282,Tmin ≥15.9°C,tmin
CSIRO-Mk3-6-0,rcp45,2019,288,Tmin ≥15.9°C,tmin
CSIRO-Mk3-6-0,rcp45,2020,275,Tmin ≥15.9°C,tmin
CSIRO-Mk3-6-0,rcp45,2021,266,Tmin ≥15.9°C,tmin
CSIRO-Mk3-6-0,rcp45,2022,271,Tmin ≥15.9°C,tmin
CSIRO-Mk3-6-0,rcp45,2023,275,Tmin ≥15.9°C,tmin
CSIRO-Mk3-6-0,rcp45,2024,270,Tmin ≥15.9°C,tmin
CSIRO-Mk3-6-0,rcp45,2025,258,Tmin ≥15.9°C,tmin
CSIRO-Mk3-6-0,rcp45,2026,282,Tmin ≥15.9°C,tmin
CSIRO-Mk3-6-0,rcp45,2027,281,Tmin ≥15.9°C,tmin
CSIRO-Mk3-6-0,rcp45,2028,276,Tmin ≥15.9°C,tmin
CSIRO-Mk3-6-0,rcp45,2029,270,Tmin ≥15.9°C,tmin
CSIRO-Mk3-6-0,rcp45,2030,294,Tmin ≥15.9°C,tmin
CSIRO-Mk3-6-0,rcp45,2031,304,Tmin ≥15.9°C,tmin
CSIRO-Mk3-6-0,rcp45,2032,305,Tmin ≥15.9°C,tmin
CSIRO-Mk3-6-0,rcp45,2033,291,Tmin ≥15.9°C,tmin
CSIRO-Mk3-6-0,rcp45,2034,274,Tmin ≥15.9°C,tmin
CSIRO-Mk3-6-0,rcp45,2035,275,Tmin ≥15.9°C,tmin
CSIRO-Mk3-6-0,rcp45,2036,300,Tmin ≥15.9°C,tmin
CanESM2,rcp45,2006,281,Tmin ≥15.9°C,tmin
CanESM2,rcp45,2007,273,Tmin ≥15.9°C,tmin
CanESM2,rcp45,2008,259,Tmin ≥15.9°C,tmin
CanESM2,rcp45,2009,252,Tmin ≥15.9°C,tmin
CanESM2,rcp45,2010,260,Tmin ≥15.9°C,tmin
CanESM2,rcp45,2011,257,Tmin ≥15.9°C,tmin
CanESM2,rcp45,2012,280,Tmin ≥15.9°C,tmin
CanESM2,rcp45,2013,243,Tmin ≥15.9°C,tmin
CanESM2,rcp45,2014,258,Tmin ≥15.9°C,tmin
CanESM2,rcp45,2015,265,Tmin ≥15.9°C,tmin
CanESM2,rcp45,2016,247,Tmin ≥15.9°C,tmin
CanESM2,rcp45,2017,280,Tmin ≥15.9°C,tmin
CanESM2,rcp45,2018,255,Tmin ≥15.9°C,tmin
CanESM2,rcp45,2019,275,Tmin ≥15.9°C,tmin
CanESM2,rcp45,2020,267,Tmin ≥15.9°C,tmin
CanESM2,rcp45,2021,263,Tmin ≥15.9°C,tmin
CanESM2,rcp45,2022,273,Tmin ≥15.9°C,tmin
CanESM2,rcp45,2023,281,Tmin ≥15.9°C,tmin
CanESM2,rcp45,2024,293,Tmin ≥15.9°C,tmin
CanESM2,rcp45,2025,279,Tmin ≥15.9°C,tmin
CanESM2,rcp45,2026,249,Tmin ≥15.9°C,tmin
CanESM2,rcp45,2027,267,Tmin ≥15.9°C,tmin
CanESM2,rcp45,2028,263,Tmin ≥15.9°C,tmin
CanESM2,rcp45,2029,268,Tmin ≥15.9°C,tmin
CanESM2,rcp45,2030,274,Tmin ≥15.9°C,tmin
CanESM2,rcp45,2031,280,Tmin ≥15.9°C,tmin
CanESM2,rcp45,2032,268,Tmin ≥15.9°C,tmin
CanESM2,rcp45,2033,299,Tmin ≥15.9°C,tmin
CanESM2,rcp45,2034,269,Tmin ≥15.9°C,tmin
CanESM2,rcp45,2035,270,Tmin ≥15.9°C,tmin
CanESM2,rcp45,2036,269,Tmin ≥15.9°C,tmin
FGOALS-g2,rcp45,2006,259,Tmin ≥15.9°C,tmin
FGOALS-g2,rcp45,2007,269,Tmin ≥15.9°C,tmin
FGOALS-g2,rcp45,2008,264,Tmin ≥15.9°C,tmin
FGOALS-g2,rcp45,2009,257,Tmin ≥15.9°C,tmin
FGOALS-g2,rcp45,2010,244,Tmin ≥15.9°C,tmin
FGOALS-g2,rcp45,2011,253,Tmin ≥15.9°C,tmin
FGOALS-g2,rcp45,2012,260,Tmin ≥15.9°C,tmin
FGOALS-g2,rcp45,2013,276,Tmin ≥15.9°C,tmin
FGOALS-g2,rcp45,2014,281,Tmin ≥15.9°C,tmin
FGOALS-g2,rcp45,2015,277,Tmin ≥15.9°C,tmin
FGOALS-g2,rcp45,2016,275,Tmin ≥15.9°C,tmin
FGOALS-g2,rcp45,2017,277,Tmin ≥15.9°C,tmin
FGOALS-g2,rcp45,2018,283,Tmin ≥15.9°C,tmin
FGOALS-g2,rcp45,2019,276,Tmin ≥15.9°C,tmin
FGOALS-g2,rcp45,2020,265,Tmin ≥15.9°C,tmin
FGOALS-g2,rcp45,2021,279,Tmin ≥15.9°C,tmin
FGOALS-g2,rcp45,2022,263,Tmin ≥15.9°C,tmin
FGOALS-g2,rcp45,2023,263,Tmin ≥15.9°C,tmin
FGOALS-g2,rcp45,2024,267,Tmin ≥15.9°C,tmin
FGOALS-g2,rcp45,2025,281,Tmin ≥15.9°C,tmin
FGOALS-g2,rcp45,2026,273,Tmin ≥15.9°C,tmin
FGOALS-g2,rcp45,2027,294,Tmin ≥15.9°C,tmin
FGOALS-g2,rcp45,2028,293,Tmin ≥15.9°C,tmin
FGOALS-g2,rcp45,2029,270,Tmin ≥15.9°C,tmin
FGOALS-g2,rcp45,2030,273,Tmin ≥15.9°C,tmin
FGOALS-g2,rcp45,2031,283,Tmin ≥15.9°C,tmin
FGOALS-g2,rcp45,2032,285,Tmin ≥15.9°C,tmin
FGOALS-g2,rcp45,2033,279,Tmin ≥15.9°C,tmin
FGOALS-g2,rcp45,2034,289,Tmin ≥15.9°C,tmin
FGOALS-g2,rcp45,2035,283,Tmin ≥15.9°C,tmin
FGOALS-g2,rcp45,2036,270,Tmin ≥15.9°C,tmin
GFDL-ESM2G,rcp45,2006,253,Tmin ≥15.9°C,tmin
GFDL-ESM2G,rcp45,2007,270,Tmin ≥15.9°C,tmin
GFDL-ESM2G,rcp45,2008,272,Tmin ≥15.9°C,tmin
GFDL-ESM2G,rcp45,2009,265,Tmin ≥15.9°C,tmin
GFDL-ESM2G,rcp45,2010,252,Tmin ≥15.9°C,tmin
GFDL-ESM2G,rcp45,2011,262,Tmin ≥15.9°C,tmin
GFDL-ESM2G,rcp45,2012,264,Tmin ≥15.9°C,tmin
GFDL-ESM2G,rcp45,2013,270,Tmin ≥15.9°C,tmin
GFDL-ESM2G,rcp45,2014,268,Tmin ≥15.9°C,tmin
GFDL-ESM2G,rcp45,2015,286,Tmin ≥15.9°C,tmin
GFDL-ESM2G,rcp45,2016,271,Tmin ≥15.9°C,tmin
GFDL-ESM2G,rcp45,2017,271,Tmin ≥15.9°C,tmin
GFDL-ESM2G,rcp45,2018,268,Tmin ≥15.9°C,tmin
GFDL-ESM2G,rcp45,2019,266,Tmin ≥15.9°C,tmin
GFDL-ESM2G,rcp45,2020,267,Tmin ≥15.9°C,tmin
GFDL-ESM2G,rcp45,2021,261,Tmin ≥15.9°C,tmin
GFDL-ESM2G,rcp45,2022,281,Tmin ≥15.9°C,tmin
GFDL-ESM2G,rcp45,2023,264,Tmin ≥15.9°C,tmin
GFDL-ESM2G,rcp45,2024,263,Tmin ≥15.9°C,tmin
GFDL-ESM2G,rcp45,2025,264,Tmin ≥15.9°C,tmin
GFDL-ESM2G,rcp45,2026,274,Tmin ≥15.9°C,tmin
GFDL-ESM2G,rcp45,2027,280,Tmin ≥15.9°C,tmin
GFDL-ESM2G,rcp45,2028,280,Tmin ≥15.9°C,tmin
GFDL-ESM2G,rcp45,2029,282,Tmin ≥15.9°C,tmin
GFDL-ESM2G,rcp45,2030,265,Tmin ≥15.9°C,tmin
GFDL-ESM2G,rcp45,2031,287,Tmin ≥15.9°C,tmin
GFDL-ESM2G,rcp45,2032,276,Tmin ≥15.9°C,tmin
GFDL-ESM2G,rcp45,2033,246,Tmin ≥15.9°C,tmin
GFDL-ESM2G,rcp45,2034,260,Tmin ≥15.9°C,tmin
GFDL-ESM2G,rcp45,2035,266,Tmin ≥15.9°C,tmin
GFDL-ESM2G,rcp45,2036,247,Tmin ≥15.9°C,tmin
GFDL-ESM2M,rcp45,2006,266,Tmin ≥15.9°C,tmin
GFDL-ESM2M,rcp45,2007,270,Tmin ≥15.9°C,tmin
GFDL-ESM2M,rcp45,2008,260,Tmin ≥15.9°C,tmin
GFDL-ESM2M,rcp45,2009,278,Tmin ≥15.9°C,tmin
GFDL-ESM2M,rcp45,2010,271,Tmin ≥15.9°C,tmin
GFDL-ESM2M,rcp45,2011,268,Tmin ≥15.9°C,tmin
GFDL-ESM2M,rcp45,2012,275,Tmin ≥15.9°C,tmin
GFDL-ESM2M,rcp45,2013,261,Tmin ≥15.9°C,tmin
GFDL-ESM2M,rcp45,2014,267,Tmin ≥15.9°C,tmin
GFDL-ESM2M,rcp45,2015,266,Tmin ≥15.9°C,tmin
GFDL-ESM2M,rcp45,2016,280,Tmin ≥15.9°C,tmin
GFDL-ESM2M,rcp45,2017,301,Tmin ≥15.9°C,tmin
GFDL-ESM2M,rcp45,2018,263,Tmin ≥15.9°C,tmin
GFDL-ESM2M,rcp45,2019,280,Tmin ≥15.9°C,tmin
GFDL-ESM2M,rcp45,2020,255,Tmin ≥15.9°C,tmin
GFDL-ESM2M,rcp45,2021,285,Tmin ≥15.9°C,tmin
GFDL-ESM2M,rcp45,2022,268,Tmin ≥15.9°C,tmin
GFDL-ESM2M,rcp45,2023,279,Tmin ≥15.9°C,tmin
GFDL-ESM2M,rcp45,2024,286,Tmin ≥15.9°C,tmin
GFDL-ESM2M,rcp45,2025,274,Tmin ≥15.9°C,tmin
GFDL-ESM2M,rcp45,2026,267,Tmin ≥15.9°C,tmin
GFDL-ESM2M,rcp45,2027,291,Tmin ≥15.9°C,tmin
GFDL-ESM2M,rcp45,2028,278,Tmin ≥15.9°C,tmin
GFDL-ESM2M,rcp45,2029,289,Tmin ≥15.9°C,tmin
GFDL-ESM2M,rcp45,2030,267,Tmin ≥15.9°C,tmin
GFDL-ESM2M,rcp45,2031,285,Tmin ≥15.9°C,tmin
GFDL-ESM2M,rcp45,2032,280,Tmin ≥15.9°C,tmin
GFDL-ESM2M,rcp45,2033,278,Tmin ≥15.9°C,tmin
GFDL-ESM2M,rcp45,2034,267,Tmin ≥15.9°C,tmin
GFDL-ESM2M,rcp45,2035,288,Tmin ≥15.9°C,tmin
GFDL-ESM2M,rcp45,2036,276,Tmin ≥15.9°C,tmin
IPSL-CM5A-LR,rcp45,2006,265,Tmin ≥15.9°C,tmin
IPSL-CM5A-LR,rcp45,2007,250,Tmin ≥15.9°C,tmin
IPSL-CM5A-LR,rcp45,2008,263,Tmin ≥15.9°C,tmin
IPSL-CM5A-LR,rcp45,2009,273,Tmin ≥15.9°C,tmin
IPSL-CM5A-LR,rcp45,2010,271,Tmin ≥15.9°C,tmin
IPSL-CM5A-LR,rcp45,2011,302,Tmin ≥15.9°C,tmin
IPSL-CM5A-LR,rcp45,2012,279,Tmin ≥15.9°C,tmin
IPSL-CM5A-LR,rcp45,2013,289,Tmin ≥15.9°C,tmin
IPSL-CM5A-LR,rcp45,2014,278,Tmin ≥15.9°C,tmin
IPSL-CM5A-LR,rcp45,2015,272,Tmin ≥15.9°C,tmin
IPSL-CM5A-LR,rcp45,2016,268,Tmin ≥15.9°C,tmin
IPSL-CM5A-LR,rcp45,2017,283,Tmin ≥15.9°C,tmin
IPSL-CM5A-LR,rcp45,2018,265,Tmin ≥15.9°C,tmin
IPSL-CM5A-LR,rcp45,2019,266,Tmin ≥15.9°C,tmin
IPSL-CM5A-LR,rcp45,2020,266,Tmin ≥15.9°C,tmin
IPSL-CM5A-LR,rcp45,2021,281,Tmin ≥15.9°C,tmin
IPSL-CM5A-LR,rcp45,2022,276,Tmin ≥15.9°C,tmin
IPSL-CM5A-LR,rcp45,2023,280,Tmin ≥15.9°C,tmin
IPSL-CM5A-LR,rcp45,2024,286,Tmin ≥15.9°C,tmin
IPSL-CM5A-LR,rcp45,2025,258,Tmin ≥15.9°C,tmin
IPSL-CM5A-LR,rcp45,2026,278,Tmin ≥15.9°C,tmin
IPSL-CM5A-LR,rcp45,2027,301,Tmin ≥15.9°C,tmin
IPSL-CM5A-LR,rcp45,2028,303,Tmin ≥15.9°C,tmin
IPSL-CM5A-LR,rcp45,2029,283,Tmin ≥15.9°C,tmin
IPSL-CM5A-LR,rcp45,2030,316,Tmin ≥15.9°C,tmin
IPSL-CM5A-LR,rcp45,2031,299,Tmin ≥15.9°C,tmin
IPSL-CM5A-LR,rcp45,2032,270,Tmin ≥15.9°C,tmin
IPSL-CM5A-LR,rcp45,2033,308,Tmin ≥15.9°C,tmin
IPSL-CM5A-LR,rcp45,2034,304,Tmin ≥15.9°C,tmin
IPSL-CM5A-LR,rcp45,2035,311,Tmin ≥15.9°C,tmin
IPSL-CM5A-LR,rcp45,2036,311,Tmin ≥15.9°C,tmin
IPSL-CM5A-MR,rcp45,2006,255,Tmin ≥15.9°C,tmin
IPSL-CM5A-MR,rcp45,2007,261,Tmin ≥15.9°C,tmin
IPSL-CM5A-MR,rcp45,2008,269,Tmin ≥15.9°C,tmin
IPSL-CM5A-MR,rcp45,2009,266,Tmin ≥15.9°C,tmin
IPSL-CM5A-MR,rcp45,2010,279,Tmin ≥15.9°C,tmin
IPSL-CM5A-MR,rcp45,2011,267,Tmin ≥15.9°C,tmin
IPSL-CM5A-MR,rcp45,2012,265,Tmin ≥15.9°C,tmin
IPSL-CM5A-MR,rcp45,2013,261,Tmin ≥15.9°C,tmin
IPSL-CM5A-MR,rcp45,2014,281,Tmin ≥15.9°C,tmin
IPSL-CM5A-MR,rcp45,2015,271,Tmin ≥15.9°C,tmin
IPSL-CM5A-MR,rcp45,2016,273,Tmin ≥15.9°C,tmin
IPSL-CM5A-MR,rcp45,2017,295,Tmin ≥15.9°C,tmin
IPSL-CM5A-MR,rcp45,2018,273,Tmin ≥15.9°C,tmin
IPSL-CM5A-MR,rcp45,2019,266,Tmin ≥15.9°C,tmin
IPSL-CM5A-MR,rcp45,2020,261,Tmin ≥15.9°C,tmin
IPSL-CM5A-MR,rcp45,2021,269,Tmin ≥15.9°C,tmin
IPSL-CM5A-MR,rcp45,2022,279,Tmin ≥15.9°C,tmin
IPSL-CM5A-MR,rcp45,2023,275,Tmin ≥15.9°C,tmin
IPSL-CM5A-MR,rcp45,2024,286,Tmin ≥15.9°C,tmin
IPSL-CM5A-MR,rcp45,2025,285,Tmin ≥15.9°C,tmin
IPSL-CM5A-MR,rcp45,2026,277,Tmin ≥15.9°C,tmin
IPSL-CM5A-MR,rcp45,2027,284,Tmin ≥15.9°C,tmin
IPSL-CM5A-MR,rcp45,2028,266,Tmin ≥15.9°C,tmin
IPSL-CM5A-MR,rcp45,2029,283,Tmin ≥15.9°C,tmin
IPSL-CM5A-MR,rcp45,2030,293,Tmin ≥15.9°C,tmin
IPSL-CM5A-MR,rcp45,2031,283,Tmin ≥15.9°C,tmin
IPSL-CM5A-MR,rcp45,2032,280,Tmin ≥15.9°C,tmin
IPSL-CM5A-MR,rcp45,2033,281,Tmin ≥15.9°C,tmin
IPSL-CM5A-MR,rcp45,2034,283,Tmin ≥15.9°C,tmin
IPSL-CM5A-MR,rcp45,2035,273,Tmin ≥15.9°C,tmin
IPSL-CM5A-MR,rcp45,2036,282,Tmin ≥15.9°C,tmin
IPSL-CM5B-LR,rcp45,2006,270,Tmin ≥15.9°C,tmin
IPSL-CM5B-LR,rcp45,2007,268,Tmin ≥15.9°C,tmin
IPSL-CM5B-LR,rcp45,2008,296,Tmin ≥15.9°C,tmin
IPSL-CM5B-LR,rcp45,2009,259,Tmin ≥15.9°C,tmin
IPSL-CM5B-LR,rcp45,2010,281,Tmin ≥15.9°C,tmin
IPSL-CM5B-LR,rcp45,2011,254,Tmin ≥15.9°C,tmin
IPSL-CM5B-LR,rcp45,2012,246,Tmin ≥15.9°C,tmin
IPSL-CM5B-LR,rcp45,2013,264,Tmin ≥15.9°C,tmin
IPSL-CM5B-LR,rcp45,2014,245,Tmin ≥15.9°C,tmin
IPSL-CM5B-LR,rcp45,2015,274,Tmin ≥15.9°C,tmin
IPSL-CM5B-LR,rcp45,2016,287,Tmin ≥15.9°C,tmin
IPSL-CM5B-LR,rcp45,2017,287,Tmin ≥15.9°C,tmin
IPSL-CM5B-LR,rcp45,2018,275,Tmin ≥15.9°C,tmin
IPSL-CM5B-LR,rcp45,2019,280,Tmin ≥15.9°C,tmin
IPSL-CM5B-LR,rcp45,2020,305,Tmin ≥15.9°C,tmin
IPSL-CM5B-LR,rcp45,2021,277,Tmin ≥15.9°C,tmin
IPSL-CM5B-LR,rcp45,2022,267,Tmin ≥15.9°C,tmin
IPSL-CM5B-LR,rcp45,2023,252,Tmin ≥15.9°C,tmin
IPSL-CM5B-LR,rcp45,2024,271,Tmin ≥15.9°C,tmin
IPSL-CM5B-LR,rcp45,2025,301,Tmin ≥15.9°C,tmin
IPSL-CM5B-LR,rcp45,2026,283,Tmin ≥15.9°C,tmin
IPSL-CM5B-LR,rcp45,2027,280,Tmin ≥15.9°C,tmin
IPSL-CM5B-LR,rcp45,2028,283,Tmin ≥15.9°C,tmin
IPSL-CM5B-LR,rcp45,2029,280,Tmin ≥15.9°C,tmin
IPSL-CM5B-LR,rcp45,2030,264,Tmin ≥15.9°C,tmin
IPSL-CM5B-LR,rcp45,2031,282,Tmin ≥15.9°C,tmin
IPSL-CM5B-LR,rcp45,2032,253,Tmin ≥15.9°C,tmin
IPSL-CM5B-LR,rcp45,2033,285,Tmin ≥15.9°C,tmin
IPSL-CM5B-LR,rcp45,2034,281,Tmin ≥15.9°C,tmin
IPSL-CM5B-LR,rcp45,2035,255,Tmin ≥15.9°C,tmin
IPSL-CM5B-LR,rcp45,2036,280,Tmin ≥15.9°C,tmin
MIROC-ESM,rcp45,2006,279,Tmin ≥15.9°C,tmin
MIROC-ESM,rcp45,2007,291,Tmin ≥15.9°C,tmin
MIROC-ESM,rcp45,2008,274,Tmin ≥15.9°C,tmin
MIROC-ESM,rcp45,2009,282,Tmin ≥15.9°C,tmin
MIROC-ESM,rcp45,2010,263,Tmin ≥15.9°C,tmin
MIROC-ESM,rcp45,2011,272,Tmin ≥15.9°C,tmin
MIROC-ESM,rcp45,2012,276,Tmin ≥15.9°C,tmin
MIROC-ESM,rcp45,2013,278,Tmin ≥15.9°C,tmin
MIROC-ESM,rcp45,2014,293,Tmin ≥15.9°C,tmin
MIROC-ESM,rcp45,2015,288,Tmin ≥15.9°C,tmin
MIROC-ESM,rcp45,2016,293,Tmin ≥15.9°C,tmin
MIROC-ESM,rcp45,2017,275,Tmin ≥15.9°C,tmin
MIROC-ESM,rcp45,2018,257,Tmin ≥15.9°C,tmin
MIROC-ESM,rcp45,2019,278,Tmin ≥15.9°C,tmin
MIROC-ESM,rcp45,2020,287,Tmin ≥15.9°C,tmin
MIROC-ESM,rcp45,2021,273,Tmin ≥15.9°C,tmin
MIROC-ESM,rcp45,2022,278,Tmin ≥15.9°C,tmin
MIROC-ESM,rcp45,2023,275,Tmin ≥15.9°C,tmin
MIROC-ESM,rcp45,2024,268,Tmin ≥15.9°C,tmin
MIROC-ESM,rcp45,2025,274,Tmin ≥15.9°C,tmin
MIROC-ESM,rcp45,2026,281,Tmin ≥15.9°C,tmin
MIROC-ESM,rcp45,2027,271,Tmin ≥15.9°C,tmin
MIROC-ESM,rcp45,2028,289,Tmin ≥15.9°C,tmin
MIROC-ESM,rcp45,2029,292,Tmin ≥15.9°C,tmin
MIROC-ESM,rcp45,2030,281,Tmin ≥15.9°C,tmin
MIROC-ESM,rcp45,2031,289,Tmin ≥15.9°C,tmin
MIROC-ESM,rcp45,2032,285,Tmin ≥15.9°C,tmin
MIROC-ESM,rcp45,2033,276,Tmin ≥15.9°C,tmin
MIROC-ESM,rcp45,2034,301,Tmin ≥15.9°C,tmin
MIROC-ESM,rcp45,2035,304,Tmin ≥15.9°C,tmin
MIROC-ESM,rcp45,2036,302,Tmin ≥15.9°C,tmin
MIROC-ESM-CHEM,rcp45,2006,284,Tmin ≥15.9°C,tmin
MIROC-ESM-CHEM,rcp45,2007,272,Tmin ≥15.9°C,tmin
MIROC-ESM-CHEM,rcp45,2008,276,Tmin ≥15.9°C,tmin
MIROC-ESM-CHEM,rcp45,2009,264,Tmin ≥15.9°C,tmin
MIROC-ESM-CHEM,rcp45,2010,263,Tmin ≥15.9°C,tmin
MIROC-ESM-CHEM,rcp45,2011,279,Tmin ≥15.9°C,tmin
MIROC-ESM-CHEM,rcp45,2012,271,Tmin ≥15.9°C,tmin
MIROC-ESM-CHEM,rcp45,2013,273,Tmin ≥15.9°C,tmin
MIROC-ESM-CHEM,rcp45,2014,275,Tmin ≥15.9°C,tmin
MIROC-ESM-CHEM,rcp45,2015,277,Tmin ≥15.9°C,tmin
MIROC-ESM-CHEM,rcp45,2016,279,Tmin ≥15.9°C,tmin
MIROC-ESM-CHEM,rcp45,2017,278,Tmin ≥15.9°C,tmin
MIROC-ESM-CHEM,rcp45,2018,269,Tmin ≥15.9°C,tmin
MIROC-ESM-CHEM,rcp45,2019,290,Tmin ≥15.9°C,tmin
MIROC-ESM-CHEM,rcp45,2020,277,Tmin ≥15.9°C,tmin
MIROC-ESM-CHEM,rcp45,2021,272,Tmin ≥15.9°C,tmin
MIROC-ESM-CHEM,rcp45,2022,286,Tmin ≥15.9°C,tmin
MIROC-ESM-CHEM,rcp45,2023,293,Tmin ≥15.9°C,tmin
MIROC-ESM-CHEM,rcp45,2024,275,Tmin ≥15.9°C,tmin
MIROC-ESM-CHEM,rcp45,2025,290,Tmin ≥15.9°C,tmin
MIROC-ESM-CHEM,rcp45,2026,266,Tmin ≥15.9°C,tmin
MIROC-ESM-CHEM,rcp45,2027,275,Tmin ≥15.9°C,tmin
MIROC-ESM-CHEM,rcp45,2028,270,Tmin ≥15.9°C,tmin
MIROC-ESM-CHEM,rcp45,2029,299,Tmin ≥15.9°C,tmin
MIROC-ESM-CHEM,rcp45,2030,280,Tmin ≥15.9°C,tmin
MIROC-ESM-CHEM,rcp45,2031,300,Tmin ≥15.9°C,tmin
MIROC-ESM-CHEM,rcp45,2032,278,Tmin ≥15.9°C,tmin
MIROC-ESM-CHEM,rcp45,2033,287,Tmin ≥15.9°C,tmin
MIROC-ESM-CHEM,rcp45,2034,295,Tmin ≥15.9°C,tmin
MIROC-ESM-CHEM,rcp45,2035,291,Tmin ≥15.9°C,tmin
MIROC-ESM-CHEM,rcp45,2036,289,Tmin ≥15.9°C,tmin
MIROC5,rcp45,2006,268,Tmin ≥15.9°C,tmin
MIROC5,rcp45,2007,266,Tmin ≥15.9°C,tmin
MIROC5,rcp45,2008,250,Tmin ≥15.9°C,tmin
MIROC5,rcp45,2009,284,Tmin ≥15.9°C,tmin
MIROC5,rcp45,2010,288,Tmin ≥15.9°C,tmin
MIROC5,rcp45,2011,256,Tmin ≥15.9°C,tmin
MIROC5,rcp45,2012,253,Tmin ≥15.9°C,tmin
MIROC5,rcp45,2013,280,Tmin ≥15.9°C,tmin
MIROC5,rcp45,2014,278,Tmin ≥15.9°C,tmin
MIROC5,rcp45,2015,287,Tmin ≥15.9°C,tmin
MIROC5,rcp45,2016,288,Tmin ≥15.9°C,tmin
MIROC5,rcp45,2017,267,Tmin ≥15.9°C,tmin
MIROC5,rcp45,2018,248,Tmin ≥15.9°C,tmin
MIROC5,rcp45,2019,242,Tmin ≥15.9°C,tmin
MIROC5,rcp45,2020,288,Tmin ≥15.9°C,tmin
MIROC5,rcp45,2021,284,Tmin ≥15.9°C,tmin
MIROC5,rcp45,2022,254,Tmin ≥15.9°C,tmin
MIROC5,rcp45,2023,260,Tmin ≥15.9°C,tmin
MIROC5,rcp45,2024,261,Tmin ≥15.9°C,tmin
MIROC5,rcp45,2025,302,Tmin ≥15.9°C,tmin
MIROC5,rcp45,2026,300,Tmin ≥15.9°C,tmin
MIROC5,rcp45,2027,280,Tmin ≥15.9°C,tmin
MIROC5,rcp45,2028,271,Tmin ≥15.9°C,tmin
MIROC5,rcp45,2029,246,Tmin ≥15.9°C,tmin
MIROC5,rcp45,2030,263,Tmin ≥15.9°C,tmin
MIROC5,rcp45,2031,304,Tmin ≥15.9°C,tmin
MIROC5,rcp45,2032,309,Tmin ≥15.9°C,tmin
MIROC5,rcp45,2033,295,Tmin ≥15.9°C,tmin
MIROC5,rcp45,2034,284,Tmin ≥15.9°C,tmin
MIROC5,rcp45,2035,262,Tmin ≥15.9°C,tmin
MIROC5,rcp45,2036,262,Tmin ≥15.9°C,tmin
MPI-ESM-LR,rcp45,2006,243,Tmin ≥15.9°C,tmin
MPI-ESM-LR,rcp45,2007,281,Tmin ≥15.9°C,tmin
MPI-ESM-LR,rcp45,2008,257,Tmin ≥15.9°C,tmin
MPI-ESM-LR,rcp45,2009,288,Tmin ≥15.9°C,tmin
MPI-ESM-LR,rcp45,2010,267,Tmin ≥15.9°C,tmin
MPI-ESM-LR,rcp45,2011,277,Tmin ≥15.9°C,tmin
MPI-ESM-LR,rcp45,2012,277,Tmin ≥15.9°C,tmin
MPI-ESM-LR,rcp45,2013,289,Tmin ≥15.9°C,tmin
MPI-ESM-LR,rcp45,2014,275,Tmin ≥15.9°C,tmin
MPI-ESM-LR,rcp45,2015,259,Tmin ≥15.9°C,tmin
MPI-ESM-LR,rcp45,2016,305,Tmin ≥15.9°C,tmin
MPI-ESM-LR,rcp45,2017,273,Tmin ≥15.9°C,tmin
MPI-ESM-LR,rcp45,2018,271,Tmin ≥15.9°C,tmin
MPI-ESM-LR,rcp45,2019,252,Tmin ≥15.9°C,tmin
MPI-ESM-LR,rcp45,2020,280,Tmin ≥15.9°C,tmin
MPI-ESM-LR,rcp45,2021,295,Tmin ≥15.9°C,tmin
MPI-ESM-LR,rcp45,2022,285,Tmin ≥15.9°C,tmin
MPI-ESM-LR,rcp45,2023,289,Tmin ≥15.9°C,tmin
MPI-ESM-LR,rcp45,2024,265,Tmin ≥15.9°C,tmin
MPI-ESM-LR,rcp45,2025,290,Tmin ≥15.9°C,tmin
MPI-ESM-LR,rcp45,2026,281,Tmin ≥15.9°C,tmin
MPI-ESM-LR,rcp45,2027,291,Tmin ≥15.9°C,tmin
MPI-ESM-LR,rcp45,2028,286,Tmin ≥15.9°C,tmin
MPI-ESM-LR,rcp45,2029,291,Tmin ≥15.9°C,tmin
MPI-ESM-LR,rcp45,2030,248,Tmin ≥15.9°C,tmin
MPI-ESM-LR,rcp45,2031,266,Tmin ≥15.9°C,tmin
MPI-ESM-LR,rcp45,2032,280,Tmin ≥15.9°C,tmin
MPI-ESM-LR,rcp45,2033,310,Tmin ≥15.9°C,tmin
MPI-ESM-LR,rcp45,2034,285,Tmin ≥15.9°C,tmin
MPI-ESM-LR,rcp45,2035,270,Tmin ≥15.9°C,tmin
MPI-ESM-LR,rcp45,2036,292,Tmin ≥15.9°C,tmin
MPI-ESM-MR,rcp45,2006,268,Tmin ≥15.9°C,tmin
MPI-ESM-MR,rcp45,2007,286,Tmin ≥15.9°C,tmin
MPI-ESM-MR,rcp45,2008,281,Tmin ≥15.9°C,tmin
MPI-ESM-MR,rcp45,2009,273,Tmin ≥15.9°C,tmin
MPI-ESM-MR,rcp45,2010,252,Tmin ≥15.9°C,tmin
MPI-ESM-MR,rcp45,2011,306,Tmin ≥15.9°C,tmin
MPI-ESM-MR,rcp45,2012,288,Tmin ≥15.9°C,tmin
MPI-ESM-MR,rcp45,2013,273,Tmin ≥15.9°C,tmin
MPI-ESM-MR,rcp45,2014,282,Tmin ≥15.9°C,tmin
MPI-ESM-MR,rcp45,2015,263,Tmin ≥15.9°C,tmin
MPI-ESM-MR,rcp45,2016,300,Tmin ≥15.9°C,tmin
MPI-ESM-MR,rcp45,2017,294,Tmin ≥15.9°C,tmin
MPI-ESM-MR,rcp45,2018,286,Tmin ≥15.9°C,tmin
MPI-ESM-MR,rcp45,2019,272,Tmin ≥15.9°C,tmin
MPI-ESM-MR,rcp45,2020,257,Tmin ≥15.9°C,tmin
MPI-ESM-MR,rcp45,2021,263,Tmin ≥15.9°C,tmin
MPI-ESM-MR,rcp45,2022,294,Tmin ≥15.9°C,tmin
MPI-ESM-MR,rcp45,2023,273,Tmin ≥15.9°C,tmin
MPI-ESM-MR,rcp45,2024,277,Tmin ≥15.9°C,tmin
MPI-ESM-MR,rcp45,2025,267,Tmin ≥15.9°C,tmin
MPI-ESM-MR,rcp45,2026,291,Tmin ≥15.9°C,tmin
MPI-ESM-MR,rcp45,2027,271,Tmin ≥15.9°C,tmin
MPI-ESM-MR,rcp45,2028,278,Tmin ≥15.9°C,tmin
MPI-ESM-MR,rcp45,2029,262,Tmin ≥15.9°C,tmin
MPI-ESM-MR,rcp45,2030,279,Tmin ≥15.9°C,tmin
MPI-ESM-MR,rcp45,2031,273,Tmin ≥15.9°C,tmin
MPI-ESM-MR,rcp45,2032,273,Tmin ≥15.9°C,tmin
MPI-ESM-MR,rcp45,2033,286,Tmin ≥15.9°C,tmin
MPI-ESM-MR,rcp45,2034,285,Tmin ≥15.9°C,tmin
MPI-ESM-MR,rcp45,2035,297,Tmin ≥15.9°C,tmin
MPI-ESM-MR,rcp45,2036,272,Tmin ≥15.9°C,tmin
MRI-CGCM3,rcp45,2006,264,Tmin ≥15.9°C,tmin
MRI-CGCM3,rcp45,2007,257,Tmin ≥15.9°C,tmin
MRI-CGCM3,rcp45,2008,267,Tmin ≥15.9°C,tmin
MRI-CGCM3,rcp45,2009,251,Tmin ≥15.9°C,tmin
MRI-CGCM3,rcp45,2010,270,Tmin ≥15.9°C,tmin
MRI-CGCM3,rcp45,2011,254,Tmin ≥15.9°C,tmin
MRI-CGCM3,rcp45,2012,257,Tmin ≥15.9°C,tmin
MRI-CGCM3,rcp45,2013,279,Tmin ≥15.9°C,tmin
MRI-CGCM3,rcp45,2014,274,Tmin ≥15.9°C,tmin
MRI-CGCM3,rcp45,2015,271,Tmin ≥15.9°C,tmin
MRI-CGCM3,rcp45,2016,273,Tmin ≥15.9°C,tmin
MRI-CGCM3,rcp45,2017,276,Tmin ≥15.9°C,tmin
MRI-CGCM3,rcp45,2018,268,Tmin ≥15.9°C,tmin
MRI-CGCM3,rcp45,2019,278,Tmin ≥15.9°C,tmin
MRI-CGCM3,rcp45,2020,261,Tmin ≥15.9°C,tmin
MRI-CGCM3,rcp45,2021,274,Tmin ≥15.9°C,tmin
MRI-CGCM3,rcp45,2022,272,Tmin ≥15.9°C,tmin
MRI-CGCM3,rcp45,2023,280,Tmin ≥15.9°C,tmin
MRI-CGCM3,rcp45,2024,272,Tmin ≥15.9°C,tmin
MRI-CGCM3,rcp45,2025,261,Tmin ≥15.9°C,tmin
MRI-CGCM3,rcp45,2026,277,Tmin ≥15.9°C,tmin
MRI-CGCM3,rcp45,2027,268,Tmin ≥15.9°C,tmin
MRI-CGCM3,rcp45,2028,271,Tmin ≥15.9°C,tmin
MRI-CGCM3,rcp45,2029,267,Tmin ≥15.9°C,tmin
MRI-CGCM3,rcp45,2030,281,Tmin ≥15.9°C,tmin
MRI-CGCM3,rcp45,2031,265,Tmin ≥15.9°C,tmin
MRI-CGCM3,rcp45,2032,279,Tmin ≥15.9°C,tmin
MRI-CGCM3,rcp45,2033,277,Tmin ≥15.9°C,tmin
MRI-CGCM3,rcp45,2034,298,Tmin ≥15.9°C,tmin
MRI-CGCM3,rcp45,2035,266,Tmin ≥15.9°C,tmin
MRI-CGCM3,rcp45,2036,280,Tmin ≥15.9°C,tmin
NorESM1-M,rcp45,2006,272,Tmin ≥15.9°C,tmin
NorESM1-M,rcp45,2007,277,Tmin ≥15.9°C,tmin
NorESM1-M,rcp45,2008,278,Tmin ≥15.9°C,tmin
NorESM1-M,rcp45,2009,257,Tmin ≥15.9°C,tmin
NorESM1-M,rcp45,2010,273,Tmin ≥15.9°C,tmin
NorESM1-M,rcp45,2011,273,Tmin ≥15.9°C,tmin
NorESM1-M,rcp45,2012,272,Tmin ≥15.9°C,tmin
NorESM1-M,rcp45,2013,277,Tmin ≥15.9°C,tmin
NorESM1-M,rcp45,2014,296,Tmin ≥15.9°C,tmin
NorESM1-M,rcp45,2015,266,Tmin ≥15.9°C,tmin
NorESM1-M,rcp45,2016,263,Tmin ≥15.9°C,tmin
NorESM1-M,rcp45,2017,257,Tmin ≥15.9°C,tmin
NorESM1-M,rcp45,2018,262,Tmin ≥15.9°C,tmin
NorESM1-M,rcp45,2019,279,Tmin ≥15.9°C,tmin
NorESM1-M,rcp45,2020,266,Tmin ≥15.9°C,tmin
NorESM1-M,rcp45,2021,261,Tmin ≥15.9°C,tmin
NorESM1-M,rcp45,2022,272,Tmin ≥15.9°C,tmin
NorESM1-M,rcp45,2023,264,Tmin ≥15.9°C,tmin
NorESM1-M,rcp45,2024,278,Tmin ≥15.9°C,tmin
NorESM1-M,rcp45,2025,268,Tmin ≥15.9°C,tmin
NorESM1-M,rcp45,2026,268,Tmin ≥15.9°C,tmin
NorESM1-M,rcp45,2027,262,Tmin ≥15.9°C,tmin
NorESM1-M,rcp45,2028,272,Tmin ≥15.9°C,tmin
NorESM1-M,rcp45,2029,279,Tmin ≥15.9°C,tmin
NorESM1-M,rcp45,2030,271,Tmin ≥15.9°C,tmin
NorESM1-M,rcp45,2031,283,Tmin ≥15.9°C,tmin
NorESM1-M,rcp45,2032,260,Tmin ≥15.9°C,tmin
NorESM1-M,rcp45,2033,292,Tmin ≥15.9°C,tmin
NorESM1-M,rcp45,2034,277,Tmin ≥15.9°C,tmin
NorESM1-M,rcp45,2035,282,Tmin ≥15.9°C,tmin
NorESM1-M,rcp45,2036,290,Tmin ≥15.9°C,tmin
bcc-csm1-1,rcp45,2006,276,Tmin ≥15.9°C,tmin
bcc-csm1-1,rcp45,2007,290,Tmin ≥15.9°C,tmin
bcc-csm1-1,rcp45,2008,300,Tmin ≥15.9°C,tmin
bcc-csm1-1,rcp45,2009,311,Tmin ≥15.9°C,tmin
bcc-csm1-1,rcp45,2010,279,Tmin ≥15.9°C,tmin
bcc-csm1-1,rcp45,2011,267,Tmin ≥15.9°C,tmin
bcc-csm1-1,rcp45,2012,265,Tmin ≥15.9°C,tmin
bcc-csm1-1,rcp45,2013,295,Tmin ≥15.9°C,tmin
bcc-csm1-1,rcp45,2014,279,Tmin ≥15.9°C,tmin
bcc-csm1-1,rcp45,2015,291,Tmin ≥15.9°C,tmin
bcc-csm1-1,rcp45,2016,269,Tmin ≥15.9°C,tmin
bcc-csm1-1,rcp45,2017,289,Tmin ≥15.9°C,tmin
bcc-csm1-1,rcp45,2018,302,Tmin ≥15.9°C,tmin
bcc-csm1-1,rcp45,2019,280,Tmin ≥15.9°C,tmin
bcc-csm1-1,rcp45,2020,278,Tmin ≥15.9°C,tmin
bcc-csm1-1,rcp45,2021,280,Tmin ≥15.9°C,tmin
bcc-csm1-1,rcp45,2022,287,Tmin ≥15.9°C,tmin
bcc-csm1-1,rcp45,2023,282,Tmin ≥15.9°C,tmin
bcc-csm1-1,rcp45,2024,314,Tmin ≥15.9°C,tmin
bcc-csm1-1,rcp45,2025,311,Tmin ≥15.9°C,tmin
bcc-csm1-1,rcp45,2026,306,Tmin ≥15.9°C,tmin
bcc-csm1-1,rcp45,2027,301,Tmin ≥15.9°C,tmin
bcc-csm1-1,rcp45,2028,251,Tmin ≥15.9°C,tmin
bcc-csm1-1,rcp45,2029,285,Tmin ≥15.9°C,tmin
bcc-csm1-1,rcp45,2030,297,Tmin ≥15.9°C,tmin
bcc-csm1-1,rcp45,2031,268,Tmin ≥15.9°C,tmin
bcc-csm1-1,rcp45,2032,321,Tmin ≥15.9°C,tmin
bcc-csm1-1,rcp45,2033,329,Tmin ≥15.9°C,tmin
bcc-csm1-1,rcp45,2034,283,Tmin ≥15.9°C,tmin
bcc-csm1-1,rcp45,2035,305,Tmin ≥15.9°C,tmin
bcc-csm1-1,rcp45,2036,278,Tmin ≥15.9°C,tmin
bcc-csm1-1-m,rcp45,2006,275,Tmin ≥15.9°C,tmin
bcc-csm1-1-m,rcp45,2007,252,Tmin ≥15.9°C,tmin
bcc-csm1-1-m,rcp45,2008,271,Tmin ≥15.9°C,tmin
bcc-csm1-1-m,rcp45,2009,288,Tmin ≥15.9°C,tmin
bcc-csm1-1-m,rcp45,2010,261,Tmin ≥15.9°C,tmin
bcc-csm1-1-m,rcp45,2011,268,Tmin ≥15.9°C,tmin
bcc-csm1-1-m,rcp45,2012,252,Tmin ≥15.9°C,tmin
bcc-csm1-1-m,rcp45,2013,253,Tmin ≥15.9°C,tmin
bcc-csm1-1-m,rcp45,2014,265,Tmin ≥15.9°C,tmin
bcc-csm1-1-m,rcp45,2015,272,Tmin ≥15.9°C,tmin
bcc-csm1-1-m,rcp45,2016,286,Tmin ≥15.9°C,tmin
bcc-csm1-1-m,rcp45,2017,294,Tmin ≥15.9°C,tmin
bcc-csm1-1-m,rcp45,2018,283,Tmin ≥15.9°C,tmin
bcc-csm1-1-m,rcp45,2019,272,Tmin ≥15.9°C,tmin
bcc-csm1-1-m,rcp45,2020,269,Tmin ≥15.9°C,tmin
bcc-csm1-1-m,rcp45,2021,254,Tmin ≥15.9°C,tmin
bcc-csm1-1-m,rcp45,2022,277,Tmin ≥15.9°C,tmin
bcc-csm1-1-m,rcp45,2023,273,Tmin ≥15.9°C,tmin
bcc-csm1-1-m,rcp45,2024,287,Tmin ≥15.9°C,tmin
bcc-csm1-1-m,rcp45,2025,301,Tmin ≥15.9°C,tmin
bcc-csm1-1-m,rcp45,2026,282,Tmin ≥15.9°C,tmin
bcc-csm1-1-m,rcp45,2027,284,Tmin ≥15.9°C,tmin
bcc-csm1-1-m,rcp45,2028,277,Tmin ≥15.9°C,tmin
bcc-csm1-1-m,rcp45,2029,271,Tmin ≥15.9°C,tmin
bcc-csm1-1-m,rcp45,2030,275,Tmin ≥15.9°C,tmin
bcc-csm1-1-m,rcp45,2031,276,Tmin ≥15.9°C,tmin
bcc-csm1-1-m,rcp45,2032,255,Tmin ≥15.9°C,tmin
bcc-csm1-1-m,rcp45,2033,288,Tmin ≥15.9°C,tmin
bcc-csm1-1-m,rcp45,2034,278,Tmin ≥15.9°C,tmin
bcc-csm1-1-m,rcp45,2035,295,Tmin ≥15.9°C,tmin
bcc-csm1-1-m,rcp45,2036,295,Tmin ≥15.9°C,tmin
inmcm4,rcp45,2006,252,Tmin ≥15.9°C,tmin
inmcm4,rcp45,2007,258,Tmin ≥15.9°C,tmin
inmcm4,rcp45,2008,244,Tmin ≥15.9°C,tmin
inmcm4,rcp45,2009,246,Tmin ≥15.9°C,tmin
inmcm4,rcp45,2010,268,Tmin ≥15.9°C,tmin
inmcm4,rcp45,2011,264,Tmin ≥15.9°C,tmin
inmcm4,rcp45,2012,259,Tmin ≥15.9°C,tmin
inmcm4,rcp45,2013,273,Tmin ≥15.9°C,tmin
inmcm4,rcp45,2014,265,Tmin ≥15.9°C,tmin
inmcm4,rcp45,2015,278,Tmin ≥15.9°C,tmin
inmcm4,rcp45,2016,273,Tmin ≥15.9°C,tmin
inmcm4,rcp45,2017,261,Tmin ≥15.9°C,tmin
inmcm4,rcp45,2018,247,Tmin ≥15.9°C,tmin
inmcm4,rcp45,2019,270,Tmin ≥15.9°C,tmin
inmcm4,rcp45,2020,256,Tmin ≥15.9°C,tmin
inmcm4,rcp45,2021,264,Tmin ≥15.9°C,tmin
inmcm4,rcp45,2022,266,Tmin ≥15.9°C,tmin
inmcm4,rcp45,2023,261,Tmin ≥15.9°C,tmin
inmcm4,rcp45,2024,257,Tmin ≥15.9°C,tmin
inmcm4,rcp45,2025,263,Tmin ≥15.9°C,tmin
inmcm4,rcp45,2026,256,Tmin ≥15.9°C,tmin
inmcm4,rcp45,2027,262,Tmin ≥15.9°C,tmin
inmcm4,rcp45,2028,261,Tmin ≥15.9°C,tmin
inmcm4,rcp45,2029,281,Tmin ≥15.9°C,tmin
inmcm4,rcp45,2030,272,Tmin ≥15.9°C,tmin
inmcm4,rcp45,2031,262,Tmin ≥15.9°C,tmin
inmcm4,rcp45,2032,260,Tmin ≥15.9°C,tmin
inmcm4,rcp45,2033,287,Tmin ≥15.9°C,tmin
inmcm4,rcp45,2034,257,Tmin ≥15.9°C,tmin
inmcm4,rcp45,2035,269,Tmin ≥15.9°C,tmin
inmcm4,rcp45,2036,259,Tmin ≥15.9°C,tmin
CCSM4,rcp60,2006,281,Tmin ≥15.9°C,tmin
CCSM4,rcp60,2007,280,Tmin ≥15.9°C,tmin
CCSM4,rcp60,2008,283,Tmin ≥15.9°C,tmin
CCSM4,rcp60,2009,276,Tmin ≥15.9°C,tmin
CCSM4,rcp60,2010,296,Tmin ≥15.9°C,tmin
CCSM4,rcp60,2011,280,Tmin ≥15.9°C,tmin
CCSM4,rcp60,2012,269,Tmin ≥15.9°C,tmin
CCSM4,rcp60,2013,277,Tmin ≥15.9°C,tmin
CCSM4,rcp60,2014,281,Tmin ≥15.9°C,tmin
CCSM4,rcp60,2015,252,Tmin ≥15.9°C,tmin
CCSM4,rcp60,2016,273,Tmin ≥15.9°C,tmin
CCSM4,rcp60,2017,278,Tmin ≥15.9°C,tmin
CCSM4,rcp60,2018,279,Tmin ≥15.9°C,tmin
CCSM4,rcp60,2019,271,Tmin ≥15.9°C,tmin
CCSM4,rcp60,2020,258,Tmin ≥15.9°C,tmin
CCSM4,rcp60,2021,254,Tmin ≥15.9°C,tmin
CCSM4,rcp60,2022,261,Tmin ≥15.9°C,tmin
CCSM4,rcp60,2023,258,Tmin ≥15.9°C,tmin
CCSM4,rcp60,2024,247,Tmin ≥15.9°C,tmin
CCSM4,rcp60,2025,248,Tmin ≥15.9°C,tmin
CCSM4,rcp60,2026,289,Tmin ≥15.9°C,tmin
CCSM4,rcp60,2027,279,Tmin ≥15.9°C,tmin
CCSM4,rcp60,2028,270,Tmin ≥15.9°C,tmin
CCSM4,rcp60,2029,271,Tmin ≥15.9°C,tmin
CCSM4,rcp60,2030,280,Tmin ≥15.9°C,tmin
CCSM4,rcp60,2031,279,Tmin ≥15.9°C,tmin
CCSM4,rcp60,2032,278,Tmin ≥15.9°C,tmin
CCSM4,rcp60,2033,291,Tmin ≥15.9°C,tmin
CCSM4,rcp60,2034,291,Tmin ≥15.9°C,tmin
CCSM4,rcp60,2035,287,Tmin ≥15.9°C,tmin
CCSM4,rcp60,2036,297,Tmin ≥15.9°C,tmin
CESM1-CAM5,rcp60,2006,268,Tmin ≥15.9°C,tmin
CESM1-CAM5,rcp60,2007,275,Tmin ≥15.9°C,tmin
CESM1-CAM5,rcp60,2008,241,Tmin ≥15.9°C,tmin
CESM1-CAM5,rcp60,2009,277,Tmin ≥15.9°C,tmin
CESM1-CAM5,rcp60,2010,305,Tmin ≥15.9°C,tmin
CESM1-CAM5,rcp60,2011,261,Tmin ≥15.9°C,tmin
CESM1-CAM5,rcp60,2012,276,Tmin ≥15.9°C,tmin
CESM1-CAM5,rcp60,2013,252,Tmin ≥15.9°C,tmin
CESM1-CAM5,rcp60,2014,256,Tmin ≥15.9°C,tmin
CESM1-CAM5,rcp60,2015,280,Tmin ≥15.9°C,tmin
CESM1-CAM5,rcp60,2016,288,Tmin ≥15.9°C,tmin
CESM1-CAM5,rcp60,2017,255,Tmin ≥15.9°C,tmin
CESM1-CAM5,rcp60,2018,260,Tmin ≥15.9°C,tmin
CESM1-CAM5,rcp60,2019,271,Tmin ≥15.9°C,tmin
CESM1-CAM5,rcp60,2020,258,Tmin ≥15.9°C,tmin
CESM1-CAM5,rcp60,2021,267,Tmin ≥15.9°C,tmin
CESM1-CAM5,rcp60,2022,265,Tmin ≥15.9°C,tmin
CESM1-CAM5,rcp60,2023,277,Tmin ≥15.9°C,tmin
CESM1-CAM5,rcp60,2024,303,Tmin ≥15.9°C,tmin
CESM1-CAM5,rcp60,2025,273,Tmin ≥15.9°C,tmin
CESM1-CAM5,rcp60,2026,272,Tmin ≥15.9°C,tmin
CESM1-CAM5,rcp60,2027,274,Tmin ≥15.9°C,tmin
CESM1-CAM5,rcp60,2028,292,Tmin ≥15.9°C,tmin
CESM1-CAM5,rcp60,2029,261,Tmin ≥15.9°C,tmin
CESM1-CAM5,rcp60,2030,267,Tmin ≥15.9°C,tmin
CESM1-CAM5,rcp60,2031,283,Tmin ≥15.9°C,tmin
CESM1-CAM5,rcp60,2032,286,Tmin ≥15.9°C,tmin
CESM1-CAM5,rcp60,2033,291,Tmin ≥15.9°C,tmin
CESM1-CAM5,rcp60,2034,285,Tmin ≥15.9°C,tmin
CESM1-CAM5,rcp60,2035,280,Tmin ≥15.9°C,tmin
CESM1-CAM5,rcp60,2036,280,Tmin ≥15.9°C,tmin
CSIRO-Mk3-6-0,rcp60,2006,257,Tmin ≥15.9°C,tmin
CSIRO-Mk3-6-0,rcp60,2007,270,Tmin ≥15.9°C,tmin
CSIRO-Mk3-6-0,rcp60,2008,281,Tmin ≥15.9°C,tmin
CSIRO-Mk3-6-0,rcp60,2009,251,Tmin ≥15.9°C,tmin
CSIRO-Mk3-6-0,rcp60,2010,271,Tmin ≥15.9°C,tmin
CSIRO-Mk3-6-0,rcp60,2011,269,Tmin ≥15.9°C,tmin
CSIRO-Mk3-6-0,rcp60,2012,291,Tmin ≥15.9°C,tmin
CSIRO-Mk3-6-0,rcp60,2013,282,Tmin ≥15.9°C,tmin
CSIRO-Mk3-6-0,rcp60,2014,251,Tmin ≥15.9°C,tmin
CSIRO-Mk3-6-0,rcp60,2015,231,Tmin ≥15.9°C,tmin
CSIRO-Mk3-6-0,rcp60,2016,259,Tmin ≥15.9°C,tmin
CSIRO-Mk3-6-0,rcp60,2017,270,Tmin ≥15.9°C,tmin
CSIRO-Mk3-6-0,rcp60,2018,269,Tmin ≥15.9°C,tmin
CSIRO-Mk3-6-0,rcp60,2019,274,Tmin ≥15.9°C,tmin
CSIRO-Mk3-6-0,rcp60,2020,266,Tmin ≥15.9°C,tmin
CSIRO-Mk3-6-0,rcp60,2021,271,Tmin ≥15.9°C,tmin
CSIRO-Mk3-6-0,rcp60,2022,269,Tmin ≥15.9°C,tmin
CSIRO-Mk3-6-0,rcp60,2023,280,Tmin ≥15.9°C,tmin
CSIRO-Mk3-6-0,rcp60,2024,277,Tmin ≥15.9°C,tmin
CSIRO-Mk3-6-0,rcp60,2025,274,Tmin ≥15.9°C,tmin
CSIRO-Mk3-6-0,rcp60,2026,270,Tmin ≥15.9°C,tmin
CSIRO-Mk3-6-0,rcp60,2027,295,Tmin ≥15.9°C,tmin
CSIRO-Mk3-6-0,rcp60,2028,277,Tmin ≥15.9°C,tmin
CSIRO-Mk3-6-0,rcp60,2029,299,Tmin ≥15.9°C,tmin
CSIRO-Mk3-6-0,rcp60,2030,279,Tmin ≥15.9°C,tmin
CSIRO-Mk3-6-0,rcp60,2031,273,Tmin ≥15.9°C,tmin
CSIRO-Mk3-6-0,rcp60,2032,270,Tmin ≥15.9°C,tmin
CSIRO-Mk3-6-0,rcp60,2033,283,Tmin ≥15.9°C,tmin
CSIRO-Mk3-6-0,rcp60,2034,291,Tmin ≥15.9°C,tmin
CSIRO-Mk3-6-0,rcp60,2035,262,Tmin ≥15.9°C,tmin
CSIRO-Mk3-6-0,rcp60,2036,284,Tmin ≥15.9°C,tmin
GFDL-CM3,rcp60,2006,280,Tmin ≥15.9°C,tmin
GFDL-CM3,rcp60,2007,292,Tmin ≥15.9°C,tmin
GFDL-CM3,rcp60,2008,264,Tmin ≥15.9°C,tmin
GFDL-CM3,rcp60,2009,270,Tmin ≥15.9°C,tmin
GFDL-CM3,rcp60,2010,265,Tmin ≥15.9°C,tmin
GFDL-CM3,rcp60,2011,276,Tmin ≥15.9°C,tmin
GFDL-CM3,rcp60,2012,290,Tmin ≥15.9°C,tmin
GFDL-CM3,rcp60,2013,285,Tmin ≥15.9°C,tmin
GFDL-CM3,rcp60,2014,265,Tmin ≥15.9°C,tmin
GFDL-CM3,rcp60,2015,274,Tmin ≥15.9°C,tmin
GFDL-CM3,rcp60,2016,268,Tmin ≥15.9°C,tmin
GFDL-CM3,rcp60,2017,287,Tmin ≥15.9°C,tmin
GFDL-CM3,rcp60,2018,287,Tmin ≥15.9°C,tmin
GFDL-CM3,rcp60,2019,283,Tmin ≥15.9°C,tmin
GFDL-CM3,rcp60,2020,295,Tmin ≥15.9°C,tmin
GFDL-CM3,rcp60,2021,289,Tmin ≥15.9°C,tmin
GFDL-CM3,rcp60,2022,281,Tmin ≥15.9°C,tmin
GFDL-CM3,rcp60,2023,284,Tmin ≥15.9°C,tmin
GFDL-CM3,rcp60,2024,282,Tmin ≥15.9°C,tmin
GFDL-CM3,rcp60,2025,284,Tmin ≥15.9°C,tmin
GFDL-CM3,rcp60,2026,289,Tmin ≥15.9°C,tmin
GFDL-CM3,rcp60,2027,306,Tmin ≥15.9°C,tmin
GFDL-CM3,rcp60,2028,275,Tmin ≥15.9°C,tmin
GFDL-CM3,rcp60,2029,281,Tmin ≥15.9°C,tmin
GFDL-CM3,rcp60,2030,282,Tmin ≥15.9°C,tmin
GFDL-CM3,rcp60,2031,289,Tmin ≥15.9°C,tmin
GFDL-CM3,rcp60,2032,294,Tmin ≥15.9°C,tmin
GFDL-CM3,rcp60,2033,269,Tmin ≥15.9°C,tmin
GFDL-CM3,rcp60,2034,298,Tmin ≥15.9°C,tmin
GFDL-CM3,rcp60,2035,288,Tmin ≥15.9°C,tmin
GFDL-CM3,rcp60,2036,285,Tmin ≥15.9°C,tmin
GFDL-ESM2G,rcp60,2006,262,Tmin ≥15.9°C,tmin
GFDL-ESM2G,rcp60,2007,250,Tmin ≥15.9°C,tmin
GFDL-ESM2G,rcp60,2008,284,Tmin ≥15.9°C,tmin
GFDL-ESM2G,rcp60,2009,245,Tmin ≥15.9°C,tmin
GFDL-ESM2G,rcp60,2010,284,Tmin ≥15.9°C,tmin
GFDL-ESM2G,rcp60,2011,274,Tmin ≥15.9°C,tmin
GFDL-ESM2G,rcp60,2012,272,Tmin ≥15.9°C,tmin
GFDL-ESM2G,rcp60,2013,273,Tmin ≥15.9°C,tmin
GFDL-ESM2G,rcp60,2014,284,Tmin ≥15.9°C,tmin
GFDL-ESM2G,rcp60,2015,271,Tmin ≥15.9°C,tmin
GFDL-ESM2G,rcp60,2016,269,Tmin ≥15.9°C,tmin
GFDL-ESM2G,rcp60,2017,272,Tmin ≥15.9°C,tmin
GFDL-ESM2G,rcp60,2018,251,Tmin ≥15.9°C,tmin
GFDL-ESM2G,rcp60,2019,260,Tmin ≥15.9°C,tmin
GFDL-ESM2G,rcp60,2020,262,Tmin ≥15.9°C,tmin
GFDL-ESM2G,rcp60,2021,265,Tmin ≥15.9°C,tmin
GFDL-ESM2G,rcp60,2022,256,Tmin ≥15.9°C,tmin
GFDL-ESM2G,rcp60,2023,287,Tmin ≥15.9°C,tmin
GFDL-ESM2G,rcp60,2024,256,Tmin ≥15.9°C,tmin
GFDL-ESM2G,rcp60,2025,282,Tmin ≥15.9°C,tmin
GFDL-ESM2G,rcp60,2026,258,Tmin ≥15.9°C,tmin
GFDL-ESM2G,rcp60,2027,264,Tmin ≥15.9°C,tmin
GFDL-ESM2G,rcp60,2028,259,Tmin ≥15.9°C,tmin
GFDL-ESM2G,rcp60,2029,241,Tmin ≥15.9°C,tmin
GFDL-ESM2G,rcp60,2030,293,Tmin ≥15.9°C,tmin
GFDL-ESM2G,rcp60,2031,282,Tmin ≥15.9°C,tmin
GFDL-ESM2G,rcp60,2032,264,Tmin ≥15.9°C,tmin
GFDL-ESM2G,rcp60,2033,269,Tmin ≥15.9°C,tmin
GFDL-ESM2G,rcp60,2034,274,Tmin ≥15.9°C,tmin
GFDL-ESM2G,rcp60,2035,266,Tmin ≥15.9°C,tmin
GFDL-ESM2G,rcp60,2036,279,Tmin ≥15.9°C,tmin
GFDL-ESM2M,rcp60,2006,262,Tmin ≥15.9°C,tmin
GFDL-ESM2M,rcp60,2007,265,Tmin ≥15.9°C,tmin
GFDL-ESM2M,rcp60,2008,283,Tmin ≥15.9°C,tmin
GFDL-ESM2M,rcp60,2009,266,Tmin ≥15.9°C,tmin
GFDL-ESM2M,rcp60,2010,270,Tmin ≥15.9°C,tmin
GFDL-ESM2M,rcp60,2011,251,Tmin ≥15.9°C,tmin
GFDL-ESM2M,rcp60,2012,274,Tmin ≥15.9°C,tmin
GFDL-ESM2M,rcp60,2013,272,Tmin ≥15.9°C,tmin
GFDL-ESM2M,rcp60,2014,280,Tmin ≥15.9°C,tmin
GFDL-ESM2M,rcp60,2015,285,Tmin ≥15.9°C,tmin
GFDL-ESM2M,rcp60,2016,278,Tmin ≥15.9°C,tmin
GFDL-ESM2M,rcp60,2017,278,Tmin ≥15.9°C,tmin
GFDL-ESM2M,rcp60,2018,289,Tmin ≥15.9°C,tmin
GFDL-ESM2M,rcp60,2019,272,Tmin ≥15.9°C,tmin
GFDL-ESM2M,rcp60,2020,284,Tmin ≥15.9°C,tmin
GFDL-ESM2M,rcp60,2021,264,Tmin ≥15.9°C,tmin
GFDL-ESM2M,rcp60,2022,251,Tmin ≥15.9°C,tmin
GFDL-ESM2M,rcp60,2023,275,Tmin ≥15.9°C,tmin
GFDL-ESM2M,rcp60,2024,293,Tmin ≥15.9°C,tmin
GFDL-ESM2M,rcp60,2025,292,Tmin ≥15.9°C,tmin
GFDL-ESM2M,rcp60,2026,277,Tmin ≥15.9°C,tmin
GFDL-ESM2M,rcp60,2027,297,Tmin ≥15.9°C,tmin
GFDL-ESM2M,rcp60,2028,297,Tmin ≥15.9°C,tmin
GFDL-ESM2M,rcp60,2029,283,Tmin ≥15.9°C,tmin
GFDL-ESM2M,rcp60,2030,264,Tmin ≥15.9°C,tmin
GFDL-ESM2M,rcp60,2031,275,Tmin ≥15.9°C,tmin
GFDL-ESM2M,rcp60,2032,260,Tmin ≥15.9°C,tmin
GFDL-ESM2M,rcp60,2033,270,Tmin ≥15.9°C,tmin
GFDL-ESM2M,rcp60,2034,286,Tmin ≥15.9°C,tmin
GFDL-ESM2M,rcp60,2035,286,Tmin ≥15.9°C,tmin
GFDL-ESM2M,rcp60,2036,275,Tmin ≥15.9°C,tmin
IPSL-CM5A-LR,rcp60,2006,259,Tmin ≥15.9°C,tmin
IPSL-CM5A-LR,rcp60,2007,266,Tmin ≥15.9°C,tmin
IPSL-CM5A-LR,rcp60,2008,264,Tmin ≥15.9°C,tmin
IPSL-CM5A-LR,rcp60,2009,266,Tmin ≥15.9°C,tmin
IPSL-CM5A-LR,rcp60,2010,270,Tmin ≥15.9°C,tmin
IPSL-CM5A-LR,rcp60,2011,266,Tmin ≥15.9°C,tmin
IPSL-CM5A-LR,rcp60,2012,269,Tmin ≥15.9°C,tmin
IPSL-CM5A-LR,rcp60,2013,247,Tmin ≥15.9°C,tmin
IPSL-CM5A-LR,rcp60,2014,267,Tmin ≥15.9°C,tmin
IPSL-CM5A-LR,rcp60,2015,270,Tmin ≥15.9°C,tmin
IPSL-CM5A-LR,rcp60,2016,277,Tmin ≥15.9°C,tmin
IPSL-CM5A-LR,rcp60,2017,272,Tmin ≥15.9°C,tmin
IPSL-CM5A-LR,rcp60,2018,275,Tmin ≥15.9°C,tmin
IPSL-CM5A-LR,rcp60,2019,281,Tmin ≥15.9°C,tmin
IPSL-CM5A-LR,rcp60,2020,269,Tmin ≥15.9°C,tmin
IPSL-CM5A-LR,rcp60,2021,280,Tmin ≥15.9°C,tmin
IPSL-CM5A-LR,rcp60,2022,266,Tmin ≥15.9°C,tmin
IPSL-CM5A-LR,rcp60,2023,286,Tmin ≥15.9°C,tmin
IPSL-CM5A-LR,rcp60,2024,296,Tmin ≥15.9°C,tmin
IPSL-CM5A-LR,rcp60,2025,272,Tmin ≥15.9°C,tmin
IPSL-CM5A-LR,rcp60,2026,298,Tmin ≥15.9°C,tmin
IPSL-CM5A-LR,rcp60,2027,299,Tmin ≥15.9°C,tmin
IPSL-CM5A-LR,rcp60,2028,279,Tmin ≥15.9°C,tmin
IPSL-CM5A-LR,rcp60,2029,262,Tmin ≥15.9°C,tmin
IPSL-CM5A-LR,rcp60,2030,294,Tmin ≥15.9°C,tmin
IPSL-CM5A-LR,rcp60,2031,269,Tmin ≥15.9°C,tmin
IPSL-CM5A-LR,rcp60,2032,269,Tmin ≥15.9°C,tmin
IPSL-CM5A-LR,rcp60,2033,284,Tmin ≥15.9°C,tmin
IPSL-CM5A-LR,rcp60,2034,299,Tmin ≥15.9°C,tmin
IPSL-CM5A-LR,rcp60,2035,268,Tmin ≥15.9°C,tmin
IPSL-CM5A-LR,rcp60,2036,285,Tmin ≥15.9°C,tmin
IPSL-CM5A-MR,rcp60,2006,268,Tmin ≥15.9°C,tmin
IPSL-CM5A-MR,rcp60,2007,276,Tmin ≥15.9°C,tmin
IPSL-CM5A-MR,rcp60,2008,300,Tmin ≥15.9°C,tmin
IPSL-CM5A-MR,rcp60,2009,291,Tmin ≥15.9°C,tmin
IPSL-CM5A-MR,rcp60,2010,274,Tmin ≥15.9°C,tmin
IPSL-CM5A-MR,rcp60,2011,251,Tmin ≥15.9°C,tmin
IPSL-CM5A-MR,rcp60,2012,263,Tmin ≥15.9°C,tmin
IPSL-CM5A-MR,rcp60,2013,267,Tmin ≥15.9°C,tmin
IPSL-CM5A-MR,rcp60,2014,263,Tmin ≥15.9°C,tmin
IPSL-CM5A-MR,rcp60,2015,284,Tmin ≥15.9°C,tmin
IPSL-CM5A-MR,rcp60,2016,293,Tmin ≥15.9°C,tmin
IPSL-CM5A-MR,rcp60,2017,287,Tmin ≥15.9°C,tmin
IPSL-CM5A-MR,rcp60,2018,270,Tmin ≥15.9°C,tmin
IPSL-CM5A-MR,rcp60,2019,264,Tmin ≥15.9°C,tmin
IPSL-CM5A-MR,rcp60,2020,264,Tmin ≥15.9°C,tmin
IPSL-CM5A-MR,rcp60,2021,260,Tmin ≥15.9°C,tmin
IPSL-CM5A-MR,rcp60,2022,282,Tmin ≥15.9°C,tmin
IPSL-CM5A-MR,rcp60,2023,269,Tmin ≥15.9°C,tmin
IPSL-CM5A-MR,rcp60,2024,291,Tmin ≥15.9°C,tmin
IPSL-CM5A-MR,rcp60,2025,266,Tmin ≥15.9°C,tmin
IPSL-CM5A-MR,rcp60,2026,285,Tmin ≥15.9°C,tmin
IPSL-CM5A-MR,rcp60,2027,279,Tmin ≥15.9°C,tmin
IPSL-CM5A-MR,rcp60,2028,269,Tmin ≥15.9°C,tmin
IPSL-CM5A-MR,rcp60,2029,277,Tmin ≥15.9°C,tmin
IPSL-CM5A-MR,rcp60,2030,280,Tmin ≥15.9°C,tmin
IPSL-CM5A-MR,rcp60,2031,274,Tmin ≥15.9°C,tmin
IPSL-CM5A-MR,rcp60,2032,274,Tmin ≥15.9°C,tmin
IPSL-CM5A-MR,rcp60,2033,269,Tmin ≥15.9°C,tmin
IPSL-CM5A-MR,rcp60,2034,298,Tmin ≥15.9°C,tmin
IPSL-CM5A-MR,rcp60,2035,277,Tmin ≥15.9°C,tmin
IPSL-CM5A-MR,rcp60,2036,283,Tmin ≥15.9°C,tmin
MIROC-ESM,rcp60,2006,277,Tmin ≥15.9°C,tmin
MIROC-ESM,rcp60,2007,270,Tmin ≥15.9°C,tmin
MIROC-ESM,rcp60,2008,275,Tmin ≥15.9°C,tmin
MIROC-ESM,rcp60,2009,265,Tmin ≥15.9°C,tmin
MIROC-ESM,rcp60,2010,263,Tmin ≥15.9°C,tmin
MIROC-ESM,rcp60,2011,282,Tmin ≥15.9°C,tmin
MIROC-ESM,rcp60,2012,259,Tmin ≥15.9°C,tmin
MIROC-ESM,rcp60,2013,267,Tmin ≥15.9°C,tmin
MIROC-ESM,rcp60,2014,284,Tmin ≥15.9°C,tmin
MIROC-ESM,rcp60,2015,281,Tmin ≥15.9°C,tmin
MIROC-ESM,rcp60,2016,271,Tmin ≥15.9°C,tmin
MIROC-ESM,rcp60,2017,271,Tmin ≥15.9°C,tmin
MIROC-ESM,rcp60,2018,296,Tmin ≥15.9°C,tmin
MIROC-ESM,rcp60,2019,290,Tmin ≥15.9°C,tmin
MIROC-ESM,rcp60,2020,256,Tmin ≥15.9°C,tmin
MIROC-ESM,rcp60,2021,286,Tmin ≥15.9°C,tmin
MIROC-ESM,rcp60,2022,273,Tmin ≥15.9°C,tmin
MIROC-ESM,rcp60,2023,287,Tmin ≥15.9°C,tmin
MIROC-ESM,rcp60,2024,299,Tmin ≥15.9°C,tmin
MIROC-ESM,rcp60,2025,290,Tmin ≥15.9°C,tmin
MIROC-ESM,rcp60,2026,293,Tmin ≥15.9°C,tmin
MIROC-ESM,rcp60,2027,297,Tmin ≥15.9°C,tmin
MIROC-ESM,rcp60,2028,278,Tmin ≥15.9°C,tmin
MIROC-ESM,rcp60,2029,277,Tmin ≥15.9°C,tmin
MIROC-ESM,rcp60,2030,278,Tmin ≥15.9°C,tmin
MIROC-ESM,rcp60,2031,272,Tmin ≥15.9°C,tmin
MIROC-ESM,rcp60,2032,299,Tmin ≥15.9°C,tmin
MIROC-ESM,rcp60,2033,287,Tmin ≥15.9°C,tmin
MIROC-ESM,rcp60,2034,282,Tmin ≥15.9°C,tmin
MIROC-ESM,rcp60,2035,285,Tmin ≥15.9°C,tmin
MIROC-ESM,rcp60,2036,287,Tmin ≥15.9°C,tmin
MIROC-ESM-CHEM,rcp60,2006,278,Tmin ≥15.9°C,tmin
MIROC-ESM-CHEM,rcp60,2007,257,Tmin ≥15.9°C,tmin
MIROC-ESM-CHEM,rcp60,2008,257,Tmin ≥15.9°C,tmin
MIROC-ESM-CHEM,rcp60,2009,271,Tmin ≥15.9°C,tmin
MIROC-ESM-CHEM,rcp60,2010,292,Tmin ≥15.9°C,tmin
MIROC-ESM-CHEM,rcp60,2011,262,Tmin ≥15.9°C,tmin
MIROC-ESM-CHEM,rcp60,2012,274,Tmin ≥15.9°C,tmin
MIROC-ESM-CHEM,rcp60,2013,267,Tmin ≥15.9°C,tmin
MIROC-ESM-CHEM,rcp60,2014,261,Tmin ≥15.9°C,tmin
MIROC-ESM-CHEM,rcp60,2015,278,Tmin ≥15.9°C,tmin
MIROC-ESM-CHEM,rcp60,2016,286,Tmin ≥15.9°C,tmin
MIROC-ESM-CHEM,rcp60,2017,290,Tmin ≥15.9°C,tmin
MIROC-ESM-CHEM,rcp60,2018,268,Tmin ≥15.9°C,tmin
MIROC-ESM-CHEM,rcp60,2019,277,Tmin ≥15.9°C,tmin
MIROC-ESM-CHEM,rcp60,2020,262,Tmin ≥15.9°C,tmin
MIROC-ESM-CHEM,rcp60,2021,285,Tmin ≥15.9°C,tmin
MIROC-ESM-CHEM,rcp60,2022,262,Tmin ≥15.9°C,tmin
MIROC-ESM-CHEM,rcp60,2023,296,Tmin ≥15.9°C,tmin
MIROC-ESM-CHEM,rcp60,2024,287,Tmin ≥15.9°C,tmin
MIROC-ESM-CHEM,rcp60,2025,288,Tmin ≥15.9°C,tmin
MIROC-ESM-CHEM,rcp60,2026,278,Tmin ≥15.9°C,tmin
MIROC-ESM-CHEM,rcp60,2027,294,Tmin ≥15.9°C,tmin
MIROC-ESM-CHEM,rcp60,2028,295,Tmin ≥15.9°C,tmin
MIROC-ESM-CHEM,rcp60,2029,285,Tmin ≥15.9°C,tmin
MIROC-ESM-CHEM,rcp60,2030,266,Tmin ≥15.9°C,tmin
MIROC-ESM-CHEM,rcp60,2031,283,Tmin ≥15.9°C,tmin
MIROC-ESM-CHEM,rcp60,2032,258,Tmin ≥15.9°C,tmin
MIROC-ESM-CHEM,rcp60,2033,278,Tmin ≥15.9°C,tmin
MIROC-ESM-CHEM,rcp60,2034,280,Tmin ≥15.9°C,tmin
MIROC-ESM-CHEM,rcp60,2035,287,Tmin ≥15.9°C,tmin
MIROC-ESM-CHEM,rcp60,2036,269,Tmin ≥15.9°C,tmin
MIROC5,rcp60,2006,266,Tmin ≥15.9°C,tmin
MIROC5,rcp60,2007,266,Tmin ≥15.9°C,tmin
MIROC5,rcp60,2008,262,Tmin ≥15.9°C,tmin
MIROC5,rcp60,2009,293,Tmin ≥15.9°C,tmin
MIROC5,rcp60,2010,241,Tmin ≥15.9°C,tmin
MIROC5,rcp60,2011,265,Tmin ≥15.9°C,tmin
MIROC5,rcp60,2012,284,Tmin ≥15.9°C,tmin
MIROC5,rcp60,2013,288,Tmin ≥15.9°C,tmin
MIROC5,rcp60,2014,267,Tmin ≥15.9°C,tmin
MIROC5,rcp60,2015,252,Tmin ≥15.9°C,tmin
MIROC5,rcp60,2016,254,Tmin ≥15.9°C,tmin
MIROC5,rcp60,2017,291,Tmin ≥15.9°C,tmin
MIROC5,rcp60,2018,273,Tmin ≥15.9°C,tmin
MIROC5,rcp60,2019,255,Tmin ≥15.9°C,tmin
MIROC5,rcp60,2020,270,Tmin ≥15.9°C,tmin
MIROC5,rcp60,2021,293,Tmin ≥15.9°C,tmin
MIROC5,rcp60,2022,295,Tmin ≥15.9°C,tmin
MIROC5,rcp60,2023,290,Tmin ≥15.9°C,tmin
MIROC5,rcp60,2024,272,Tmin ≥15.9°C,tmin
MIROC5,rcp60,2025,266,Tmin ≥15.9°C,tmin
MIROC5,rcp60,2026,271,Tmin ≥15.9°C,tmin
MIROC5,rcp60,2027,270,Tmin ≥15.9°C,tmin
MIROC5,rcp60,2028,293,Tmin ≥15.9°C,tmin
MIROC5,rcp60,2029,296,Tmin ≥15.9°C,tmin
MIROC5,rcp60,2030,254,Tmin ≥15.9°C,tmin
MIROC5,rcp60,2031,269,Tmin ≥15.9°C,tmin
MIROC5,rcp60,2032,255,Tmin ≥15.9°C,tmin
MIROC5,rcp60,2033,304,Tmin ≥15.9°C,tmin
MIROC5,rcp60,2034,300,Tmin ≥15.9°C,tmin
MIROC5,rcp60,2035,294,Tmin ≥15.9°C,tmin
MIROC5,rcp60,2036,278,Tmin ≥15.9°C,tmin
MRI-CGCM3,rcp60,2006,278,Tmin ≥15.9°C,tmin
MRI-CGCM3,rcp60,2007,257,Tmin ≥15.9°C,tmin
MRI-CGCM3,rcp60,2008,278,Tmin ≥15.9°C,tmin
MRI-CGCM3,rcp60,2009,267,Tmin ≥15.9°C,tmin
MRI-CGCM3,rcp60,2010,275,Tmin ≥15.9°C,tmin
MRI-CGCM3,rcp60,2011,267,Tmin ≥15.9°C,tmin
MRI-CGCM3,rcp60,2012,258,Tmin ≥15.9°C,tmin
MRI-CGCM3,rcp60,2013,260,Tmin ≥15.9°C,tmin
MRI-CGCM3,rcp60,2014,261,Tmin ≥15.9°C,tmin
MRI-CGCM3,rcp60,2015,269,Tmin ≥15.9°C,tmin
MRI-CGCM3,rcp60,2016,289,Tmin ≥15.9°C,tmin
MRI-CGCM3,rcp60,2017,262,Tmin ≥15.9°C,tmin
MRI-CGCM3,rcp60,2018,248,Tmin ≥15.9°C,tmin
MRI-CGCM3,rcp60,2019,262,Tmin ≥15.9°C,tmin
MRI-CGCM3,rcp60,2020,268,Tmin ≥15.9°C,tmin
MRI-CGCM3,rcp60,2021,276,Tmin ≥15.9°C,tmin
MRI-CGCM3,rcp60,2022,254,Tmin ≥15.9°C,tmin
MRI-CGCM3,rcp60,2023,278,Tmin ≥15.9°C,tmin
MRI-CGCM3,rcp60,2024,271,Tmin ≥15.9°C,tmin
MRI-CGCM3,rcp60,2025,265,Tmin ≥15.9°C,tmin
MRI-CGCM3,rcp60,2026,266,Tmin ≥15.9°C,tmin
MRI-CGCM3,rcp60,2027,261,Tmin ≥15.9°C,tmin
MRI-CGCM3,rcp60,2028,272,Tmin ≥15.9°C,tmin
MRI-CGCM3,rcp60,2029,264,Tmin ≥15.9°C,tmin
MRI-CGCM3,rcp60,2030,265,Tmin ≥15.9°C,tmin
MRI-CGCM3,rcp60,2031,277,Tmin ≥15.9°C,tmin
MRI-CGCM3,rcp60,2032,270,Tmin ≥15.9°C,tmin
MRI-CGCM3,rcp60,2033,278,Tmin ≥15.9°C,tmin
MRI-CGCM3,rcp60,2034,287,Tmin ≥15.9°C,tmin
MRI-CGCM3,rcp60,2035,272,Tmin ≥15.9°C,tmin
MRI-CGCM3,rcp60,2036,280,Tmin ≥15.9°C,tmin
NorESM1-M,rcp60,2006,248,Tmin ≥15.9°C,tmin
NorESM1-M,rcp60,2007,273,Tmin ≥15.9°C,tmin
NorESM1-M,rcp60,2008,264,Tmin ≥15.9°C,tmin
NorESM1-M,rcp60,2009,268,Tmin ≥15.9°C,tmin
NorESM1-M,rcp60,2010,270,Tmin ≥15.9°C,tmin
NorESM1-M,rcp60,2011,284,Tmin ≥15.9°C,tmin
NorESM1-M,rcp60,2012,279,Tmin ≥15.9°C,tmin
NorESM1-M,rcp60,2013,243,Tmin ≥15.9°C,tmin
NorESM1-M,rcp60,2014,242,Tmin ≥15.9°C,tmin
NorESM1-M,rcp60,2015,271,Tmin ≥15.9°C,tmin
NorESM1-M,rcp60,2016,253,Tmin ≥15.9°C,tmin
NorESM1-M,rcp60,2017,266,Tmin ≥15.9°C,tmin
NorESM1-M,rcp60,2018,281,Tmin ≥15.9°C,tmin
NorESM1-M,rcp60,2019,257,Tmin ≥15.9°C,tmin
NorESM1-M,rcp60,2020,258,Tmin ≥15.9°C,tmin
NorESM1-M,rcp60,2021,260,Tmin ≥15.9°C,tmin
NorESM1-M,rcp60,2022,258,Tmin ≥15.9°C,tmin
NorESM1-M,rcp60,2023,266,Tmin ≥15.9°C,tmin
NorESM1-M,rcp60,2024,286,Tmin ≥15.9°C,tmin
NorESM1-M,rcp60,2025,262,Tmin ≥15.9°C,tmin
NorESM1-M,rcp60,2026,280,Tmin ≥15.9°C,tmin
NorESM1-M,rcp60,2027,276,Tmin ≥15.9°C,tmin
NorESM1-M,rcp60,2028,257,Tmin ≥15.9°C,tmin
NorESM1-M,rcp60,2029,278,Tmin ≥15.9°C,tmin
NorESM1-M,rcp60,2030,296,Tmin ≥15.9°C,tmin
NorESM1-M,rcp60,2031,267,Tmin ≥15.9°C,tmin
NorESM1-M,rcp60,2032,266,Tmin ≥15.9°C,tmin
NorESM1-M,rcp60,2033,287,Tmin ≥15.9°C,tmin
NorESM1-M,rcp60,2034,277,Tmin ≥15.9°C,tmin
NorESM1-M,rcp60,2035,282,Tmin ≥15.9°C,tmin
NorESM1-M,rcp60,2036,264,Tmin ≥15.9°C,tmin
bcc-csm1-1,rcp60,2006,276,Tmin ≥15.9°C,tmin
bcc-csm1-1,rcp60,2007,285,Tmin ≥15.9°C,tmin
bcc-csm1-1,rcp60,2008,269,Tmin ≥15.9°C,tmin
bcc-csm1-1,rcp60,2009,291,Tmin ≥15.9°C,tmin
bcc-csm1-1,rcp60,2010,276,Tmin ≥15.9°C,tmin
bcc-csm1-1,rcp60,2011,314,Tmin ≥15.9°C,tmin
bcc-csm1-1,rcp60,2012,298,Tmin ≥15.9°C,tmin
bcc-csm1-1,rcp60,2013,289,Tmin ≥15.9°C,tmin
bcc-csm1-1,rcp60,2014,282,Tmin ≥15.9°C,tmin
bcc-csm1-1,rcp60,2015,303,Tmin ≥15.9°C,tmin
bcc-csm1-1,rcp60,2016,297,Tmin ≥15.9°C,tmin
bcc-csm1-1,rcp60,2017,272,Tmin ≥15.9°C,tmin
bcc-csm1-1,rcp60,2018,285,Tmin ≥15.9°C,tmin
bcc-csm1-1,rcp60,2019,236,Tmin ≥15.9°C,tmin
bcc-csm1-1,rcp60,2020,295,Tmin ≥15.9°C,tmin
bcc-csm1-1,rcp60,2021,283,Tmin ≥15.9°C,tmin
bcc-csm1-1,rcp60,2022,301,Tmin ≥15.9°C,tmin
bcc-csm1-1,rcp60,2023,268,Tmin ≥15.9°C,tmin
bcc-csm1-1,rcp60,2024,262,Tmin ≥15.9°C,tmin
bcc-csm1-1,rcp60,2025,277,Tmin ≥15.9°C,tmin
bcc-csm1-1,rcp60,2026,278,Tmin ≥15.9°C,tmin
bcc-csm1-1,rcp60,2027,279,Tmin ≥15.9°C,tmin
bcc-csm1-1,rcp60,2028,268,Tmin ≥15.9°C,tmin
bcc-csm1-1,rcp60,2029,293,Tmin ≥15.9°C,tmin
bcc-csm1-1,rcp60,2030,281,Tmin ≥15.9°C,tmin
bcc-csm1-1,rcp60,2031,304,Tmin ≥15.9°C,tmin
bcc-csm1-1,rcp60,2032,295,Tmin ≥15.9°C,tmin
bcc-csm1-1,rcp60,2033,263,Tmin ≥15.9°C,tmin
bcc-csm1-1,rcp60,2034,275,Tmin ≥15.9°C,tmin
bcc-csm1-1,rcp60,2035,294,Tmin ≥15.9°C,tmin
bcc-csm1-1,rcp60,2036,309,Tmin ≥15.9°C,tmin
bcc-csm1-1-m,rcp60,2006,281,Tmin ≥15.9°C,tmin
bcc-csm1-1-m,rcp60,2007,250,Tmin ≥15.9°C,tmin
bcc-csm1-1-m,rcp60,2008,259,Tmin ≥15.9°C,tmin
bcc-csm1-1-m,rcp60,2009,316,Tmin ≥15.9°C,tmin
bcc-csm1-1-m,rcp60,2010,260,Tmin ≥15.9°C,tmin
bcc-csm1-1-m,rcp60,2011,263,Tmin ≥15.9°C,tmin
bcc-csm1-1-m,rcp60,2012,273,Tmin ≥15.9°C,tmin
bcc-csm1-1-m,rcp60,2013,276,Tmin ≥15.9°C,tmin
bcc-csm1-1-m,rcp60,2014,287,Tmin ≥15.9°C,tmin
bcc-csm1-1-m,rcp60,2015,276,Tmin ≥15.9°C,tmin
bcc-csm1-1-m,rcp60,2016,283,Tmin ≥15.9°C,tmin
bcc-csm1-1-m,rcp60,2017,295,Tmin ≥15.9°C,tmin
bcc-csm1-1-m,rcp60,2018,260,Tmin ≥15.9°C,tmin
bcc-csm1-1-m,rcp60,2019,278,Tmin ≥15.9°C,tmin
bcc-csm1-1-m,rcp60,2020,268,Tmin ≥15.9°C,tmin
bcc-csm1-1-m,rcp60,2021,267,Tmin ≥15.9°C,tmin
bcc-csm1-1-m,rcp60,2022,281,Tmin ≥15.9°C,tmin
bcc-csm1-1-m,rcp60,2023,309,Tmin ≥15.9°C,tmin
bcc-csm1-1-m,rcp60,2024,279,Tmin ≥15.9°C,tmin
bcc-csm1-1-m,rcp60,2025,317,Tmin ≥15.9°C,tmin
bcc-csm1-1-m,rcp60,2026,280,Tmin ≥15.9°C,tmin
bcc-csm1-1-m,rcp60,2027,302,Tmin ≥15.9°C,tmin
bcc-csm1-1-m,rcp60,2028,256,Tmin ≥15.9°C,tmin
bcc-csm1-1-m,rcp60,2029,242,Tmin ≥15.9°C,tmin
bcc-csm1-1-m,rcp60,2030,260,Tmin ≥15.9°C,tmin
bcc-csm1-1-m,rcp60,2031,278,Tmin ≥15.9°C,tmin
bcc-csm1-1-m,rcp60,2032,265,Tmin ≥15.9°C,tmin
bcc-csm1-1-m,rcp60,2033,291,Tmin ≥15.9°C,tmin
bcc-csm1-1-m,rcp60,2034,300,Tmin ≥15.9°C,tmin
bcc-csm1-1-m,rcp60,2035,264,Tmin ≥15.9°C,tmin
bcc-csm1-1-m,rcp60,2036,267,Tmin ≥15.9°C,tmin
ACCESS1-0,rcp85,2006,258,Tmin ≥15.9°C,tmin
ACCESS1-0,rcp85,2007,283,Tmin ≥15.9°C,tmin
ACCESS1-0,rcp85,2008,284,Tmin ≥15.9°C,tmin
ACCESS1-0,rcp85,2009,282,Tmin ≥15.9°C,tmin
ACCESS1-0,rcp85,2010,261,Tmin ≥15.9°C,tmin
ACCESS1-0,rcp85,2011,259,Tmin ≥15.9°C,tmin
ACCESS1-0,rcp85,2012,279,Tmin ≥15.9°C,tmin
ACCESS1-0,rcp85,2013,263,Tmin ≥15.9°C,tmin
ACCESS1-0,rcp85,2014,275,Tmin ≥15.9°C,tmin
ACCESS1-0,rcp85,2015,285,Tmin ≥15.9°C,tmin
ACCESS1-0,rcp85,2016,259,Tmin ≥15.9°C,tmin
ACCESS1-0,rcp85,2017,278,Tmin ≥15.9°C,tmin
ACCESS1-0,rcp85,2018,269,Tmin ≥15.9°C,tmin
ACCESS1-0,rcp85,2019,261,Tmin ≥15.9°C,tmin
ACCESS1-0,rcp85,2020,276,Tmin ≥15.9°C,tmin
ACCESS1-0,rcp85,2021,267,Tmin ≥15.9°C,tmin
ACCESS1-0,rcp85,2022,263,Tmin ≥15.9°C,tmin
ACCESS1-0,rcp85,2023,287,Tmin ≥15.9°C,tmin
ACCESS1-0,rcp85,2024,284,Tmin ≥15.9°C,tmin
ACCESS1-0,rcp85,2025,276,Tmin ≥15.9°C,tmin
ACCESS1-0,rcp85,2026,272,Tmin ≥15.9°C,tmin
ACCESS1-0,rcp85,2027,284,Tmin ≥15.9°C,tmin
ACCESS1-0,rcp85,2028,291,Tmin ≥15.9°C,tmin
ACCESS1-0,rcp85,2029,296,Tmin ≥15.9°C,tmin
ACCESS1-0,rcp85,2030,300,Tmin ≥15.9°C,tmin
ACCESS1-0,rcp85,2031,283,Tmin ≥15.9°C,tmin
ACCESS1-0,rcp85,2032,267,Tmin ≥15.9°C,tmin
ACCESS1-0,rcp85,2033,296,Tmin ≥15.9°C,tmin
ACCESS1-0,rcp85,2034,276,Tmin ≥15.9°C,tmin
ACCESS1-0,rcp85,2035,279,Tmin ≥15.9°C,tmin
ACCESS1-0,rcp85,2036,291,Tmin ≥15.9°C,tmin
ACCESS1-3,rcp85,2006,257,Tmin ≥15.9°C,tmin
ACCESS1-3,rcp85,2007,263,Tmin ≥15.9°C,tmin
ACCESS1-3,rcp85,2008,275,Tmin ≥15.9°C,tmin
ACCESS1-3,rcp85,2009,270,Tmin ≥15.9°C,tmin
ACCESS1-3,rcp85,2010,240,Tmin ≥15.9°C,tmin
ACCESS1-3,rcp85,2011,254,Tmin ≥15.9°C,tmin
ACCESS1-3,rcp85,2012,265,Tmin ≥15.9°C,tmin
ACCESS1-3,rcp85,2013,272,Tmin ≥15.9°C,tmin
ACCESS1-3,rcp85,2014,265,Tmin ≥15.9°C,tmin
ACCESS1-3,rcp85,2015,261,Tmin ≥15.9°C,tmin
ACCESS1-3,rcp85,2016,266,Tmin ≥15.9°C,tmin
ACCESS1-3,rcp85,2017,272,Tmin ≥15.9°C,tmin
ACCESS1-3,rcp85,2018,244,Tmin ≥15.9°C,tmin
ACCESS1-3,rcp85,2019,256,Tmin ≥15.9°C,tmin
ACCESS1-3,rcp85,2020,280,Tmin ≥15.9°C,tmin
ACCESS1-3,rcp85,2021,278,Tmin ≥15.9°C,tmin
ACCESS1-3,rcp85,2022,284,Tmin ≥15.9°C,tmin
ACCESS1-3,rcp85,2023,273,Tmin ≥15.9°C,tmin
ACCESS1-3,rcp85,2024,288,Tmin ≥15.9°C,tmin
ACCESS1-3,rcp85,2025,272,Tmin ≥15.9°C,tmin
ACCESS1-3,rcp85,2026,278,Tmin ≥15.9°C,tmin
ACCESS1-3,rcp85,2027,265,Tmin ≥15.9°C,tmin
ACCESS1-3,rcp85,2028,259,Tmin ≥15.9°C,tmin
ACCESS1-3,rcp85,2029,268,Tmin ≥15.9°C,tmin
ACCESS1-3,rcp85,2030,292,Tmin ≥15.9°C,tmin
ACCESS1-3,rcp85,2031,288,Tmin ≥15.9°C,tmin
ACCESS1-3,rcp85,2032,275,Tmin ≥15.9°C,tmin
ACCESS1-3,rcp85,2033,296,Tmin ≥15.9°C,tmin
ACCESS1-3,rcp85,2034,259,Tmin ≥15.9°C,tmin
ACCESS1-3,rcp85,2035,282,Tmin ≥15.9°C,tmin
ACCESS1-3,rcp85,2036,287,Tmin ≥15.9°C,tmin
BNU-ESM,rcp85,2006,255,Tmin ≥15.9°C,tmin
BNU-ESM,rcp85,2007,265,Tmin ≥15.9°C,tmin
BNU-ESM,rcp85,2008,268,Tmin ≥15.9°C,tmin
BNU-ESM,rcp85,2009,266,Tmin ≥15.9°C,tmin
BNU-ESM,rcp85,2010,282,Tmin ≥15.9°C,tmin
BNU-ESM,rcp85,2011,270,Tmin ≥15.9°C,tmin
BNU-ESM,rcp85,2012,249,Tmin ≥15.9°C,tmin
BNU-ESM,rcp85,2013,253,Tmin ≥15.9°C,tmin
BNU-ESM,rcp85,2014,271,Tmin ≥15.9°C,tmin
BNU-ESM,rcp85,2015,243,Tmin ≥15.9°C,tmin
BNU-ESM,rcp85,2016,265,Tmin ≥15.9°C,tmin
BNU-ESM,rcp85,2017,266,Tmin ≥15.9°C,tmin
BNU-ESM,rcp85,2018,303,Tmin ≥15.9°C,tmin
BNU-ESM,rcp85,2019,275,Tmin ≥15.9°C,tmin
BNU-ESM,rcp85,2020,259,Tmin ≥15.9°C,tmin
BNU-ESM,rcp85,2021,270,Tmin ≥15.9°C,tmin
BNU-ESM,rcp85,2022,267,Tmin ≥15.9°C,tmin
BNU-ESM,rcp85,2023,259,Tmin ≥15.9°C,tmin
BNU-ESM,rcp85,2024,265,Tmin ≥15.9°C,tmin
BNU-ESM,rcp85,2025,282,Tmin ≥15.9°C,tmin
BNU-ESM,rcp85,2026,265,Tmin ≥15.9°C,tmin
BNU-ESM,rcp85,2027,291,Tmin ≥15.9°C,tmin
BNU-ESM,rcp85,2028,297,Tmin ≥15.9°C,tmin
BNU-ESM,rcp85,2029,276,Tmin ≥15.9°C,tmin
BNU-ESM,rcp85,2030,306,Tmin ≥15.9°C,tmin
BNU-ESM,rcp85,2031,292,Tmin ≥15.9°C,tmin
BNU-ESM,rcp85,2032,295,Tmin ≥15.9°C,tmin
BNU-ESM,rcp85,2033,280,Tmin ≥15.9°C,tmin
BNU-ESM,rcp85,2034,283,Tmin ≥15.9°C,tmin
BNU-ESM,rcp85,2035,267,Tmin ≥15.9°C,tmin
BNU-ESM,rcp85,2036,280,Tmin ≥15.9°C,tmin
CCSM4,rcp85,2006,263,Tmin ≥15.9°C,tmin
CCSM4,rcp85,2007,264,Tmin ≥15.9°C,tmin
CCSM4,rcp85,2008,265,Tmin ≥15.9°C,tmin
CCSM4,rcp85,2009,276,Tmin ≥15.9°C,tmin
CCSM4,rcp85,2010,280,Tmin ≥15.9°C,tmin
CCSM4,rcp85,2011,266,Tmin ≥15.9°C,tmin
CCSM4,rcp85,2012,267,Tmin ≥15.9°C,tmin
CCSM4,rcp85,2013,277,Tmin ≥15.9°C,tmin
CCSM4,rcp85,2014,264,Tmin ≥15.9°C,tmin
CCSM4,rcp85,2015,267,Tmin ≥15.9°C,tmin
CCSM4,rcp85,2016,280,Tmin ≥15.9°C,tmin
CCSM4,rcp85,2017,272,Tmin ≥15.9°C,tmin
CCSM4,rcp85,2018,268,Tmin ≥15.9°C,tmin
CCSM4,rcp85,2019,281,Tmin ≥15.9°C,tmin
CCSM4,rcp85,2020,278,Tmin ≥15.9°C,tmin
CCSM4,rcp85,2021,259,Tmin ≥15.9°C,tmin
CCSM4,rcp85,2022,266,Tmin ≥15.9°C,tmin
CCSM4,rcp85,2023,263,Tmin ≥15.9°C,tmin
CCSM4,rcp85,2024,265,Tmin ≥15.9°C,tmin
CCSM4,rcp85,2025,281,Tmin ≥15.9°C,tmin
CCSM4,rcp85,2026,291,Tmin ≥15.9°C,tmin
CCSM4,rcp85,2027,270,Tmin ≥15.9°C,tmin
CCSM4,rcp85,2028,267,Tmin ≥15.9°C,tmin
CCSM4,rcp85,2029,268,Tmin ≥15.9°C,tmin
CCSM4,rcp85,2030,291,Tmin ≥15.9°C,tmin
CCSM4,rcp85,2031,265,Tmin ≥15.9°C,tmin
CCSM4,rcp85,2032,258,Tmin ≥15.9°C,tmin
CCSM4,rcp85,2033,280,Tmin ≥15.9°C,tmin
CCSM4,rcp85,2034,274,Tmin ≥15.9°C,tmin
CCSM4,rcp85,2035,263,Tmin ≥15.9°C,tmin
CCSM4,rcp85,2036,272,Tmin ≥15.9°C,tmin
CESM1-BGC,rcp85,2006,285,Tmin ≥15.9°C,tmin
CESM1-BGC,rcp85,2007,277,Tmin ≥15.9°C,tmin
CESM1-BGC,rcp85,2008,287,Tmin ≥15.9°C,tmin
CESM1-BGC,rcp85,2009,273,Tmin ≥15.9°C,tmin
CESM1-BGC,rcp85,2010,250,Tmin ≥15.9°C,tmin
CESM1-BGC,rcp85,2011,277,Tmin ≥15.9°C,tmin
CESM1-BGC,rcp85,2012,289,Tmin ≥15.9°C,tmin
CESM1-BGC,rcp85,2013,283,Tmin ≥15.9°C,tmin
CESM1-BGC,rcp85,2014,260,Tmin ≥15.9°C,tmin
CESM1-BGC,rcp85,2015,269,Tmin ≥15.9°C,tmin
CESM1-BGC,rcp85,2016,280,Tmin ≥15.9°C,tmin
CESM1-BGC,rcp85,2017,265,Tmin ≥15.9°C,tmin
CESM1-BGC,rcp85,2018,265,Tmin ≥15.9°C,tmin
CESM1-BGC,rcp85,2019,288,Tmin ≥15.9°C,tmin
CESM1-BGC,rcp85,2020,268,Tmin ≥15.9°C,tmin
CESM1-BGC,rcp85,2021,263,Tmin ≥15.9°C,tmin
CESM1-BGC,rcp85,2022,307,Tmin ≥15.9°C,tmin
CESM1-BGC,rcp85,2023,299,Tmin ≥15.9°C,tmin
CESM1-BGC,rcp85,2024,262,Tmin ≥15.9°C,tmin
CESM1-BGC,rcp85,2025,274,Tmin ≥15.9°C,tmin
CESM1-BGC,rcp85,2026,271,Tmin ≥15.9°C,tmin
CESM1-BGC,rcp85,2027,270,Tmin ≥15.9°C,tmin
CESM1-BGC,rcp85,2028,273,Tmin ≥15.9°C,tmin
CESM1-BGC,rcp85,2029,277,Tmin ≥15.9°C,tmin
CESM1-BGC,rcp85,2030,274,Tmin ≥15.9°C,tmin
CESM1-BGC,rcp85,2031,275,Tmin ≥15.9°C,tmin
CESM1-BGC,rcp85,2032,278,Tmin ≥15.9°C,tmin
CESM1-BGC,rcp85,2033,272,Tmin ≥15.9°C,tmin
CESM1-BGC,rcp85,2034,290,Tmin ≥15.9°C,tmin
CESM1-BGC,rcp85,2035,282,Tmin ≥15.9°C,tmin
CESM1-BGC,rcp85,2036,263,Tmin ≥15.9°C,tmin
CESM1-CAM5,rcp85,2006,259,Tmin ≥15.9°C,tmin
CESM1-CAM5,rcp85,2007,273,Tmin ≥15.9°C,tmin
CESM1-CAM5,rcp85,2008,266,Tmin ≥15.9°C,tmin
CESM1-CAM5,rcp85,2009,270,Tmin ≥15.9°C,tmin
CESM1-CAM5,rcp85,2010,281,Tmin ≥15.9°C,tmin
CESM1-CAM5,rcp85,2011,262,Tmin ≥15.9°C,tmin
CESM1-CAM5,rcp85,2012,278,Tmin ≥15.9°C,tmin
CESM1-CAM5,rcp85,2013,253,Tmin ≥15.9°C,tmin
CESM1-CAM5,rcp85,2014,256,Tmin ≥15.9°C,tmin
CESM1-CAM5,rcp85,2015,276,Tmin ≥15.9°C,tmin
CESM1-CAM5,rcp85,2016,274,Tmin ≥15.9°C,tmin
CESM1-CAM5,rcp85,2017,269,Tmin ≥15.9°C,tmin
CESM1-CAM5,rcp85,2018,260,Tmin ≥15.9°C,tmin
CESM1-CAM5,rcp85,2019,285,Tmin ≥15.9°C,tmin
CESM1-CAM5,rcp85,2020,294,Tmin ≥15.9°C,tmin
CESM1-CAM5,rcp85,2021,284,Tmin ≥15.9°C,tmin
CESM1-CAM5,rcp85,2022,276,Tmin ≥15.9°C,tmin
CESM1-CAM5,rcp85,2023,269,Tmin ≥15.9°C,tmin
CESM1-CAM5,rcp85,2024,271,Tmin ≥15.9°C,tmin
CESM1-CAM5,rcp85,2025,275,Tmin ≥15.9°C,tmin
CESM1-CAM5,rcp85,2026,287,Tmin ≥15.9°C,tmin
CESM1-CAM5,rcp85,2027,306,Tmin ≥15.9°C,tmin
CESM1-CAM5,rcp85,2028,278,Tmin ≥15.9°C,tmin
CESM1-CAM5,rcp85,2029,280,Tmin ≥15.9°C,tmin
CESM1-CAM5,rcp85,2030,307,Tmin ≥15.9°C,tmin
CESM1-CAM5,rcp85,2031,294,Tmin ≥15.9°C,tmin
CESM1-CAM5,rcp85,2032,271,Tmin ≥15.9°C,tmin
CESM1-CAM5,rcp85,2033,272,Tmin ≥15.9°C,tmin
CESM1-CAM5,rcp85,2034,299,Tmin ≥15.9°C,tmin
CESM1-CAM5,rcp85,2035,273,Tmin ≥15.9°C,tmin
CESM1-CAM5,rcp85,2036,270,Tmin ≥15.9°C,tmin
CMCC-CESM,rcp85,2006,296,Tmin ≥15.9°C,tmin
CMCC-CESM,rcp85,2007,286,Tmin ≥15.9°C,tmin
CMCC-CESM,rcp85,2008,254,Tmin ≥15.9°C,tmin
CMCC-CESM,rcp85,2009,254,Tmin ≥15.9°C,tmin
CMCC-CESM,rcp85,2010,284,Tmin ≥15.9°C,tmin
CMCC-CESM,rcp85,2011,273,Tmin ≥15.9°C,tmin
CMCC-CESM,rcp85,2012,274,Tmin ≥15.9°C,tmin
CMCC-CESM,rcp85,2013,260,Tmin ≥15.9°C,tmin
CMCC-CESM,rcp85,2014,310,Tmin ≥15.9°C,tmin
CMCC-CESM,rcp85,2015,262,Tmin ≥15.9°C,tmin
CMCC-CESM,rcp85,2016,263,Tmin ≥15.9°C,tmin
CMCC-CESM,rcp85,2017,272,Tmin ≥15.9°C,tmin
CMCC-CESM,rcp85,2018,286,Tmin ≥15.9°C,tmin
CMCC-CESM,rcp85,2019,265,Tmin ≥15.9°C,tmin
CMCC-CESM,rcp85,2020,271,Tmin ≥15.9°C,tmin
CMCC-CESM,rcp85,2021,267,Tmin ≥15.9°C,tmin
CMCC-CESM,rcp85,2022,278,Tmin ≥15.9°C,tmin
CMCC-CESM,rcp85,2023,288,Tmin ≥15.9°C,tmin
CMCC-CESM,rcp85,2024,269,Tmin ≥15.9°C,tmin
CMCC-CESM,rcp85,2025,264,Tmin ≥15.9°C,tmin
CMCC-CESM,rcp85,2026,271,Tmin ≥15.9°C,tmin
CMCC-CESM,rcp85,2027,283,Tmin ≥15.9°C,tmin
CMCC-CESM,rcp85,2028,247,Tmin ≥15.9°C,tmin
CMCC-CESM,rcp85,2029,269,Tmin ≥15.9°C,tmin
CMCC-CESM,rcp85,2030,301,Tmin ≥15.9°C,tmin
CMCC-CESM,rcp85,2031,254,Tmin ≥15.9°C,tmin
CMCC-CESM,rcp85,2032,272,Tmin ≥15.9°C,tmin
CMCC-CESM,rcp85,2033,280,Tmin ≥15.9°C,tmin
CMCC-CESM,rcp85,2034,306,Tmin ≥15.9°C,tmin
CMCC-CESM,rcp85,2035,286,Tmin ≥15.9°C,tmin
CMCC-CESM,rcp85,2036,278,Tmin ≥15.9°C,tmin
CMCC-CM,rcp85,2006,266,Tmin ≥15.9°C,tmin
CMCC-CM,rcp85,2007,283,Tmin ≥15.9°C,tmin
CMCC-CM,rcp85,2008,281,Tmin ≥15.9°C,tmin
CMCC-CM,rcp85,2009,274,Tmin ≥15.9°C,tmin
CMCC-CM,rcp85,2010,267,Tmin ≥15.9°C,tmin
CMCC-CM,rcp85,2011,288,Tmin ≥15.9°C,tmin
CMCC-CM,rcp85,2012,280,Tmin ≥15.9°C,tmin
CMCC-CM,rcp85,2013,283,Tmin ≥15.9°C,tmin
CMCC-CM,rcp85,2014,277,Tmin ≥15.9°C,tmin
CMCC-CM,rcp85,2015,284,Tmin ≥15.9°C,tmin
CMCC-CM,rcp85,2016,261,Tmin ≥15.9°C,tmin
CMCC-CM,rcp85,2017,291,Tmin ≥15.9°C,tmin
CMCC-CM,rcp85,2018,285,Tmin ≥15.9°C,tmin
CMCC-CM,rcp85,2019,298,Tmin ≥15.9°C,tmin
CMCC-CM,rcp85,2020,318,Tmin ≥15.9°C,tmin
CMCC-CM,rcp85,2021,278,Tmin ≥15.9°C,tmin
CMCC-CM,rcp85,2022,290,Tmin ≥15.9°C,tmin
CMCC-CM,rcp85,2023,294,Tmin ≥15.9°C,tmin
CMCC-CM,rcp85,2024,308,Tmin ≥15.9°C,tmin
CMCC-CM,rcp85,2025,265,Tmin ≥15.9°C,tmin
CMCC-CM,rcp85,2026,300,Tmin ≥15.9°C,tmin
CMCC-CM,rcp85,2027,279,Tmin ≥15.9°C,tmin
CMCC-CM,rcp85,2028,271,Tmin ≥15.9°C,tmin
CMCC-CM,rcp85,2029,287,Tmin ≥15.9°C,tmin
CMCC-CM,rcp85,2030,272,Tmin ≥15.9°C,tmin
CMCC-CM,rcp85,2031,280,Tmin ≥15.9°C,tmin
CMCC-CM,rcp85,2032,289,Tmin ≥15.9°C,tmin
CMCC-CM,rcp85,2033,281,Tmin ≥15.9°C,tmin
CMCC-CM,rcp85,2034,275,Tmin ≥15.9°C,tmin
CMCC-CM,rcp85,2035,294,Tmin ≥15.9°C,tmin
CMCC-CM,rcp85,2036,290,Tmin ≥15.9°C,tmin
CNRM-CM5,rcp85,2006,233,Tmin ≥15.9°C,tmin
CNRM-CM5,rcp85,2007,274,Tmin ≥15.9°C,tmin
CNRM-CM5,rcp85,2008,266,Tmin ≥15.9°C,tmin
CNRM-CM5,rcp85,2009,270,Tmin ≥15.9°C,tmin
CNRM-CM5,rcp85,2010,266,Tmin ≥15.9°C,tmin
CNRM-CM5,rcp85,2011,269,Tmin ≥15.9°C,tmin
CNRM-CM5,rcp85,2012,269,Tmin ≥15.9°C,tmin
CNRM-CM5,rcp85,2013,267,Tmin ≥15.9°C,tmin
CNRM-CM5,rcp85,2014,267,Tmin ≥15.9°C,tmin
CNRM-CM5,rcp85,2015,249,Tmin ≥15.9°C,tmin
CNRM-CM5,rcp85,2016,278,Tmin ≥15.9°C,tmin
CNRM-CM5,rcp85,2017,266,Tmin ≥15.9°C,tmin
CNRM-CM5,rcp85,2018,259,Tmin ≥15.9°C,tmin
CNRM-CM5,rcp85,2019,281,Tmin ≥15.9°C,tmin
CNRM-CM5,rcp85,2020,284,Tmin ≥15.9°C,tmin
CNRM-CM5,rcp85,2021,269,Tmin ≥15.9°C,tmin
CNRM-CM5,rcp85,2022,240,Tmin ≥15.9°C,tmin
CNRM-CM5,rcp85,2023,260,Tmin ≥15.9°C,tmin
CNRM-CM5,rcp85,2024,273,Tmin ≥15.9°C,tmin
CNRM-CM5,rcp85,2025,265,Tmin ≥15.9°C,tmin
CNRM-CM5,rcp85,2026,272,Tmin ≥15.9°C,tmin
CNRM-CM5,rcp85,2027,280,Tmin ≥15.9°C,tmin
CNRM-CM5,rcp85,2028,291,Tmin ≥15.9°C,tmin
CNRM-CM5,rcp85,2029,281,Tmin ≥15.9°C,tmin
CNRM-CM5,rcp85,2030,290,Tmin ≥15.9°C,tmin
CNRM-CM5,rcp85,2031,272,Tmin ≥15.9°C,tmin
CNRM-CM5,rcp85,2032,276,Tmin ≥15.9°C,tmin
CNRM-CM5,rcp85,2033,279,Tmin ≥15.9°C,tmin
CNRM-CM5,rcp85,2034,290,Tmin ≥15.9°C,tmin
CNRM-CM5,rcp85,2035,253,Tmin ≥15.9°C,tmin
CNRM-CM5,rcp85,2036,258,Tmin ≥15.9°C,tmin
CSIRO-Mk3-6-0,rcp85,2006,256,Tmin ≥15.9°C,tmin
CSIRO-Mk3-6-0,rcp85,2007,241,Tmin ≥15.9°C,tmin
CSIRO-Mk3-6-0,rcp85,2008,284,Tmin ≥15.9°C,tmin
CSIRO-Mk3-6-0,rcp85,2009,302,Tmin ≥15.9°C,tmin
CSIRO-Mk3-6-0,rcp85,2010,283,Tmin ≥15.9°C,tmin
CSIRO-Mk3-6-0,rcp85,2011,290,Tmin ≥15.9°C,tmin
CSIRO-Mk3-6-0,rcp85,2012,280,Tmin ≥15.9°C,tmin
CSIRO-Mk3-6-0,rcp85,2013,278,Tmin ≥15.9°C,tmin
CSIRO-Mk3-6-0,rcp85,2014,279,Tmin ≥15.9°C,tmin
CSIRO-Mk3-6-0,rcp85,2015,269,Tmin ≥15.9°C,tmin
CSIRO-Mk3-6-0,rcp85,2016,246,Tmin ≥15.9°C,tmin
CSIRO-Mk3-6-0,rcp85,2017,271,Tmin ≥15.9°C,tmin
CSIRO-Mk3-6-0,rcp85,2018,295,Tmin ≥15.9°C,tmin
CSIRO-Mk3-6-0,rcp85,2019,301,Tmin ≥15.9°C,tmin
CSIRO-Mk3-6-0,rcp85,2020,269,Tmin ≥15.9°C,tmin
CSIRO-Mk3-6-0,rcp85,2021,289,Tmin ≥15.9°C,tmin
CSIRO-Mk3-6-0,rcp85,2022,286,Tmin ≥15.9°C,tmin
CSIRO-Mk3-6-0,rcp85,2023,266,Tmin ≥15.9°C,tmin
CSIRO-Mk3-6-0,rcp85,2024,273,Tmin ≥15.9°C,tmin
CSIRO-Mk3-6-0,rcp85,2025,288,Tmin ≥15.9°C,tmin
CSIRO-Mk3-6-0,rcp85,2026,294,Tmin ≥15.9°C,tmin
CSIRO-Mk3-6-0,rcp85,2027,295,Tmin ≥15.9°C,tmin
CSIRO-Mk3-6-0,rcp85,2028,308,Tmin ≥15.9°C,tmin
CSIRO-Mk3-6-0,rcp85,2029,269,Tmin ≥15.9°C,tmin
CSIRO-Mk3-6-0,rcp85,2030,285,Tmin ≥15.9°C,tmin
CSIRO-Mk3-6-0,rcp85,2031,281,Tmin ≥15.9°C,tmin
CSIRO-Mk3-6-0,rcp85,2032,293,Tmin ≥15.9°C,tmin
CSIRO-Mk3-6-0,rcp85,2033,285,Tmin ≥15.9°C,tmin
CSIRO-Mk3-6-0,rcp85,2034,319,Tmin ≥15.9°C,tmin
CSIRO-Mk3-6-0,rcp85,2035,271,Tmin ≥15.9°C,tmin
CSIRO-Mk3-6-0,rcp85,2036,273,Tmin ≥15.9°C,tmin
CanESM2,rcp85,2006,251,Tmin ≥15.9°C,tmin
CanESM2,rcp85,2007,278,Tmin ≥15.9°C,tmin
CanESM2,rcp85,2008,297,Tmin ≥15.9°C,tmin
CanESM2,rcp85,2009,259,Tmin ≥15.9°C,tmin
CanESM2,rcp85,2010,274,Tmin ≥15.9°C,tmin
CanESM2,rcp85,2011,282,Tmin ≥15.9°C,tmin
CanESM2,rcp85,2012,260,Tmin ≥15.9°C,tmin
CanESM2,rcp85,2013,266,Tmin ≥15.9°C,tmin
CanESM2,rcp85,2014,307,Tmin ≥15.9°C,tmin
CanESM2,rcp85,2015,275,Tmin ≥15.9°C,tmin
CanESM2,rcp85,2016,291,Tmin ≥15.9°C,tmin
CanESM2,rcp85,2017,261,Tmin ≥15.9°C,tmin
CanESM2,rcp85,2018,250,Tmin ≥15.9°C,tmin
CanESM2,rcp85,2019,274,Tmin ≥15.9°C,tmin
CanESM2,rcp85,2020,267,Tmin ≥15.9°C,tmin
CanESM2,rcp85,2021,266,Tmin ≥15.9°C,tmin
CanESM2,rcp85,2022,309,Tmin ≥15.9°C,tmin
CanESM2,rcp85,2023,287,Tmin ≥15.9°C,tmin
CanESM2,rcp85,2024,282,Tmin ≥15.9°C,tmin
CanESM2,rcp85,2025,280,Tmin ≥15.9°C,tmin
CanESM2,rcp85,2026,292,Tmin ≥15.9°C,tmin
CanESM2,rcp85,2027,296,Tmin ≥15.9°C,tmin
CanESM2,rcp85,2028,297,Tmin ≥15.9°C,tmin
CanESM2,rcp85,2029,276,Tmin ≥15.9°C,tmin
CanESM2,rcp85,2030,266,Tmin ≥15.9°C,tmin
CanESM2,rcp85,2031,262,Tmin ≥15.9°C,tmin
CanESM2,rcp85,2032,292,Tmin ≥15.9°C,tmin
CanESM2,rcp85,2033,265,Tmin ≥15.9°C,tmin
CanESM2,rcp85,2034,279,Tmin ≥15.9°C,tmin
CanESM2,rcp85,2035,299,Tmin ≥15.9°C,tmin
CanESM2,rcp85,2036,291,Tmin ≥15.9°C,tmin
EC-EARTH,rcp85,2006,295,Tmin ≥15.9°C,tmin
EC-EARTH,rcp85,2007,282,Tmin ≥15.9°C,tmin
EC-EARTH,rcp85,2008,296,Tmin ≥15.9°C,tmin
EC-EARTH,rcp85,2009,263,Tmin ≥15.9°C,tmin
EC-EARTH,rcp85,2010,271,Tmin ≥15.9°C,tmin
EC-EARTH,rcp85,2011,287,Tmin ≥15.9°C,tmin
EC-EARTH,rcp85,2012,274,Tmin ≥15.9°C,tmin
EC-EARTH,rcp85,2013,283,Tmin ≥15.9°C,tmin
EC-EARTH,rcp85,2014,266,Tmin ≥15.9°C,tmin
EC-EARTH,rcp85,2015,281,Tmin ≥15.9°C,tmin
EC-EARTH,rcp85,2016,270,Tmin ≥15.9°C,tmin
EC-EARTH,rcp85,2017,277,Tmin ≥15.9°C,tmin
EC-EARTH,rcp85,2018,291,Tmin ≥15.9°C,tmin
EC-EARTH,rcp85,2019,284,Tmin ≥15.9°C,tmin
EC-EARTH,rcp85,2020,276,Tmin ≥15.9°C,tmin
EC-EARTH,rcp85,2021,285,Tmin ≥15.9°C,tmin
EC-EARTH,rcp85,2022,286,Tmin ≥15.9°C,tmin
EC-EARTH,rcp85,2023,272,Tmin ≥15.9°C,tmin
EC-EARTH,rcp85,2024,286,Tmin ≥15.9°C,tmin
EC-EARTH,rcp85,2025,279,Tmin ≥15.9°C,tmin
EC-EARTH,rcp85,2026,266,Tmin ≥15.9°C,tmin
EC-EARTH,rcp85,2027,284,Tmin ≥15.9°C,tmin
EC-EARTH,rcp85,2028,280,Tmin ≥15.9°C,tmin
EC-EARTH,rcp85,2029,287,Tmin ≥15.9°C,tmin
EC-EARTH,rcp85,2030,274,Tmin ≥15.9°C,tmin
EC-EARTH,rcp85,2031,308,Tmin ≥15.9°C,tmin
EC-EARTH,rcp85,2032,280,Tmin ≥15.9°C,tmin
EC-EARTH,rcp85,2033,287,Tmin ≥15.9°C,tmin
EC-EARTH,rcp85,2034,282,Tmin ≥15.9°C,tmin
EC-EARTH,rcp85,2035,286,Tmin ≥15.9°C,tmin
EC-EARTH,rcp85,2036,274,Tmin ≥15.9°C,tmin
FGOALS-g2,rcp85,2006,271,Tmin ≥15.9°C,tmin
FGOALS-g2,rcp85,2007,260,Tmin ≥15.9°C,tmin
FGOALS-g2,rcp85,2008,262,Tmin ≥15.9°C,tmin
FGOALS-g2,rcp85,2009,263,Tmin ≥15.9°C,tmin
FGOALS-g2,rcp85,2010,285,Tmin ≥15.9°C,tmin
FGOALS-g2,rcp85,2011,278,Tmin ≥15.9°C,tmin
FGOALS-g2,rcp85,2012,274,Tmin ≥15.9°C,tmin
FGOALS-g2,rcp85,2013,280,Tmin ≥15.9°C,tmin
FGOALS-g2,rcp85,2014,279,Tmin ≥15.9°C,tmin
FGOALS-g2,rcp85,2015,280,Tmin ≥15.9°C,tmin
FGOALS-g2,rcp85,2016,272,Tmin ≥15.9°C,tmin
FGOALS-g2,rcp85,2017,266,Tmin ≥15.9°C,tmin
FGOALS-g2,rcp85,2018,278,Tmin ≥15.9°C,tmin
FGOALS-g2,rcp85,2019,294,Tmin ≥15.9°C,tmin
FGOALS-g2,rcp85,2020,283,Tmin ≥15.9°C,tmin
FGOALS-g2,rcp85,2021,275,Tmin ≥15.9°C,tmin
FGOALS-g2,rcp85,2022,273,Tmin ≥15.9°C,tmin
FGOALS-g2,rcp85,2023,279,Tmin ≥15.9°C,tmin
FGOALS-g2,rcp85,2024,297,Tmin ≥15.9°C,tmin
FGOALS-g2,rcp85,2025,294,Tmin ≥15.9°C,tmin
FGOALS-g2,rcp85,2026,293,Tmin ≥15.9°C,tmin
FGOALS-g2,rcp85,2027,287,Tmin ≥15.9°C,tmin
FGOALS-g2,rcp85,2028,270,Tmin ≥15.9°C,tmin
FGOALS-g2,rcp85,2029,273,Tmin ≥15.9°C,tmin
FGOALS-g2,rcp85,2030,277,Tmin ≥15.9°C,tmin
FGOALS-g2,rcp85,2031,274,Tmin ≥15.9°C,tmin
FGOALS-g2,rcp85,2032,271,Tmin ≥15.9°C,tmin
FGOALS-g2,rcp85,2033,290,Tmin ≥15.9°C,tmin
FGOALS-g2,rcp85,2034,274,Tmin ≥15.9°C,tmin
FGOALS-g2,rcp85,2035,289,Tmin ≥15.9°C,tmin
FGOALS-g2,rcp85,2036,302,Tmin ≥15.9°C,tmin
GFDL-CM3,rcp85,2006,277,Tmin ≥15.9°C,tmin
GFDL-CM3,rcp85,2007,271,Tmin ≥15.9°C,tmin
GFDL-CM3,rcp85,2008,274,Tmin ≥15.9°C,tmin
GFDL-CM3,rcp85,2009,269,Tmin ≥15.9°C,tmin
GFDL-CM3,rcp85,2010,260,Tmin ≥15.9°C,tmin
GFDL-CM3,rcp85,2011,285,Tmin ≥15.9°C,tmin
GFDL-CM3,rcp85,2012,277,Tmin ≥15.9°C,tmin
GFDL-CM3,rcp85,2013,262,Tmin ≥15.9°C,tmin
GFDL-CM3,rcp85,2014,267,Tmin ≥15.9°C,tmin
GFDL-CM3,rcp85,2015,262,Tmin ≥15.9°C,tmin
GFDL-CM3,rcp85,2016,301,Tmin ≥15.9°C,tmin
GFDL-CM3,rcp85,2017,269,Tmin ≥15.9°C,tmin
GFDL-CM3,rcp85,2018,282,Tmin ≥15.9°C,tmin
GFDL-CM3,rcp85,2019,287,Tmin ≥15.9°C,tmin
GFDL-CM3,rcp85,2020,284,Tmin ≥15.9°C,tmin
GFDL-CM3,rcp85,2021,266,Tmin ≥15.9°C,tmin
GFDL-CM3,rcp85,2022,301,Tmin ≥15.9°C,tmin
GFDL-CM3,rcp85,2023,283,Tmin ≥15.9°C,tmin
GFDL-CM3,rcp85,2024,288,Tmin ≥15.9°C,tmin
GFDL-CM3,rcp85,2025,296,Tmin ≥15.9°C,tmin
GFDL-CM3,rcp85,2026,282,Tmin ≥15.9°C,tmin
GFDL-CM3,rcp85,2027,295,Tmin ≥15.9°C,tmin
GFDL-CM3,rcp85,2028,282,Tmin ≥15.9°C,tmin
GFDL-CM3,rcp85,2029,291,Tmin ≥15.9°C,tmin
GFDL-CM3,rcp85,2030,301,Tmin ≥15.9°C,tmin
GFDL-CM3,rcp85,2031,284,Tmin ≥15.9°C,tmin
GFDL-CM3,rcp85,2032,309,Tmin ≥15.9°C,tmin
GFDL-CM3,rcp85,2033,313,Tmin ≥15.9°C,tmin
GFDL-CM3,rcp85,2034,279,Tmin ≥15.9°C,tmin
GFDL-CM3,rcp85,2035,288,Tmin ≥15.9°C,tmin
GFDL-CM3,rcp85,2036,296,Tmin ≥15.9°C,tmin
GFDL-ESM2G,rcp85,2006,266,Tmin ≥15.9°C,tmin
GFDL-ESM2G,rcp85,2007,281,Tmin ≥15.9°C,tmin
GFDL-ESM2G,rcp85,2008,276,Tmin ≥15.9°C,tmin
GFDL-ESM2G,rcp85,2009,269,Tmin ≥15.9°C,tmin
GFDL-ESM2G,rcp85,2010,263,Tmin ≥15.9°C,tmin
GFDL-ESM2G,rcp85,2011,280,Tmin ≥15.9°C,tmin
GFDL-ESM2G,rcp85,2012,253,Tmin ≥15.9°C,tmin
GFDL-ESM2G,rcp85,2013,247,Tmin ≥15.9°C,tmin
GFDL-ESM2G,rcp85,2014,277,Tmin ≥15.9°C,tmin
GFDL-ESM2G,rcp85,2015,258,Tmin ≥15.9°C,tmin
GFDL-ESM2G,rcp85,2016,275,Tmin ≥15.9°C,tmin
GFDL-ESM2G,rcp85,2017,264,Tmin ≥15.9°C,tmin
GFDL-ESM2G,rcp85,2018,270,Tmin ≥15.9°C,tmin
GFDL-ESM2G,rcp85,2019,274,Tmin ≥15.9°C,tmin
GFDL-ESM2G,rcp85,2020,260,Tmin ≥15.9°C,tmin
GFDL-ESM2G,rcp85,2021,267,Tmin ≥15.9°C,tmin
GFDL-ESM2G,rcp85,2022,261,Tmin ≥15.9°C,tmin
GFDL-ESM2G,rcp85,2023,265,Tmin ≥15.9°C,tmin
GFDL-ESM2G,rcp85,2024,283,Tmin ≥15.9°C,tmin
GFDL-ESM2G,rcp85,2025,288,Tmin ≥15.9°C,tmin
GFDL-ESM2G,rcp85,2026,251,Tmin ≥15.9°C,tmin
GFDL-ESM2G,rcp85,2027,278,Tmin ≥15.9°C,tmin
GFDL-ESM2G,rcp85,2028,273,Tmin ≥15.9°C,tmin
GFDL-ESM2G,rcp85,2029,260,Tmin ≥15.9°C,tmin
GFDL-ESM2G,rcp85,2030,258,Tmin ≥15.9°C,tmin
GFDL-ESM2G,rcp85,2031,274,Tmin ≥15.9°C,tmin
GFDL-ESM2G,rcp85,2032,277,Tmin ≥15.9°C,tmin
GFDL-ESM2G,rcp85,2033,254,Tmin ≥15.9°C,tmin
GFDL-ESM2G,rcp85,2034,285,Tmin ≥15.9°C,tmin
GFDL-ESM2G,rcp85,2035,289,Tmin ≥15.9°C,tmin
GFDL-ESM2G,rcp85,2036,283,Tmin ≥15.9°C,tmin
GFDL-ESM2M,rcp85,2006,265,Tmin ≥15.9°C,tmin
GFDL-ESM2M,rcp85,2007,270,Tmin ≥15.9°C,tmin
GFDL-ESM2M,rcp85,2008,281,Tmin ≥15.9°C,tmin
GFDL-ESM2M,rcp85,2009,260,Tmin ≥15.9°C,tmin
GFDL-ESM2M,rcp85,2010,275,Tmin ≥15.9°C,tmin
GFDL-ESM2M,rcp85,2011,263,Tmin ≥15.9°C,tmin
GFDL-ESM2M,rcp85,2012,274,Tmin ≥15.9°C,tmin
GFDL-ESM2M,rcp85,2013,269,Tmin ≥15.9°C,tmin
GFDL-ESM2M,rcp85,2014,281,Tmin ≥15.9°C,tmin
GFDL-ESM2M,rcp85,2015,268,Tmin ≥15.9°C,tmin
GFDL-ESM2M,rcp85,2016,267,Tmin ≥15.9°C,tmin
GFDL-ESM2M,rcp85,2017,288,Tmin ≥15.9°C,tmin
GFDL-ESM2M,rcp85,2018,282,Tmin ≥15.9°C,tmin
GFDL-ESM2M,rcp85,2019,279,Tmin ≥15.9°C,tmin
GFDL-ESM2M,rcp85,2020,267,Tmin ≥15.9°C,tmin
GFDL-ESM2M,rcp85,2021,262,Tmin ≥15.9°C,tmin
GFDL-ESM2M,rcp85,2022,277,Tmin ≥15.9°C,tmin
GFDL-ESM2M,rcp85,2023,255,Tmin ≥15.9°C,tmin
GFDL-ESM2M,rcp85,2024,274,Tmin ≥15.9°C,tmin
GFDL-ESM2M,rcp85,2025,286,Tmin ≥15.9°C,tmin
GFDL-ESM2M,rcp85,2026,274,Tmin ≥15.9°C,tmin
GFDL-ESM2M,rcp85,2027,268,Tmin ≥15.9°C,tmin
GFDL-ESM2M,rcp85,2028,280,Tmin ≥15.9°C,tmin
GFDL-ESM2M,rcp85,2029,276,Tmin ≥15.9°C,tmin
GFDL-ESM2M,rcp85,2030,264,Tmin ≥15.9°C,tmin
GFDL-ESM2M,rcp85,2031,298,Tmin ≥15.9°C,tmin
GFDL-ESM2M,rcp85,2032,279,Tmin ≥15.9°C,tmin
GFDL-ESM2M,rcp85,2033,291,Tmin ≥15.9°C,tmin
GFDL-ESM2M,rcp85,2034,286,Tmin ≥15.9°C,tmin
GFDL-ESM2M,rcp85,2035,278,Tmin ≥15.9°C,tmin
GFDL-ESM2M,rcp85,2036,300,Tmin ≥15.9°C,tmin
IPSL-CM5A-LR,rcp85,2006,259,Tmin ≥15.9°C,tmin
IPSL-CM5A-LR,rcp85,2007,253,Tmin ≥15.9°C,tmin
IPSL-CM5A-LR,rcp85,2008,251,Tmin ≥15.9°C,tmin
IPSL-CM5A-LR,rcp85,2009,252,Tmin ≥15.9°C,tmin
IPSL-CM5A-LR,rcp85,2010,281,Tmin ≥15.9°C,tmin
IPSL-CM5A-LR,rcp85,2011,282,Tmin ≥15.9°C,tmin
IPSL-CM5A-LR,rcp85,2012,293,Tmin ≥15.9°C,tmin
IPSL-CM5A-LR,rcp85,2013,301,Tmin ≥15.9°C,tmin
IPSL-CM5A-LR,rcp85,2014,276,Tmin ≥15.9°C,tmin
IPSL-CM5A-LR,rcp85,2015,244,Tmin ≥15.9°C,tmin
IPSL-CM5A-LR,rcp85,2016,256,Tmin ≥15.9°C,tmin
IPSL-CM5A-LR,rcp85,2017,263,Tmin ≥15.9°C,tmin
IPSL-CM5A-LR,rcp85,2018,258,Tmin ≥15.9°C,tmin
IPSL-CM5A-LR,rcp85,2019,263,Tmin ≥15.9°C,tmin
IPSL-CM5A-LR,rcp85,2020,278,Tmin ≥15.9°C,tmin
IPSL-CM5A-LR,rcp85,2021,275,Tmin ≥15.9°C,tmin
IPSL-CM5A-LR,rcp85,2022,277,Tmin ≥15.9°C,tmin
IPSL-CM5A-LR,rcp85,2023,292,Tmin ≥15.9°C,tmin
IPSL-CM5A-LR,rcp85,2024,280,Tmin ≥15.9°C,tmin
IPSL-CM5A-LR,rcp85,2025,279,Tmin ≥15.9°C,tmin
IPSL-CM5A-LR,rcp85,2026,275,Tmin ≥15.9°C,tmin
IPSL-CM5A-LR,rcp85,2027,282,Tmin ≥15.9°C,tmin
IPSL-CM5A-LR,rcp85,2028,300,Tmin ≥15.9°C,tmin
IPSL-CM5A-LR,rcp85,2029,293,Tmin ≥15.9°C,tmin
IPSL-CM5A-LR,rcp85,2030,282,Tmin ≥15.9°C,tmin
IPSL-CM5A-LR,rcp85,2031,272,Tmin ≥15.9°C,tmin
IPSL-CM5A-LR,rcp85,2032,293,Tmin ≥15.9°C,tmin
IPSL-CM5A-LR,rcp85,2033,291,Tmin ≥15.9°C,tmin
IPSL-CM5A-LR,rcp85,2034,300,Tmin ≥15.9°C,tmin
IPSL-CM5A-LR,rcp85,2035,291,Tmin ≥15.9°C,tmin
IPSL-CM5A-LR,rcp85,2036,291,Tmin ≥15.9°C,tmin
IPSL-CM5A-MR,rcp85,2006,272,Tmin ≥15.9°C,tmin
IPSL-CM5A-MR,rcp85,2007,252,Tmin ≥15.9°C,tmin
IPSL-CM5A-MR,rcp85,2008,284,Tmin ≥15.9°C,tmin
IPSL-CM5A-MR,rcp85,2009,288,Tmin ≥15.9°C,tmin
IPSL-CM5A-MR,rcp85,2010,267,Tmin ≥15.9°C,tmin
IPSL-CM5A-MR,rcp85,2011,260,Tmin ≥15.9°C,tmin
IPSL-CM5A-MR,rcp85,2012,262,Tmin ≥15.9°C,tmin
IPSL-CM5A-MR,rcp85,2013,285,Tmin ≥15.9°C,tmin
IPSL-CM5A-MR,rcp85,2014,293,Tmin ≥15.9°C,tmin
IPSL-CM5A-MR,rcp85,2015,261,Tmin ≥15.9°C,tmin
IPSL-CM5A-MR,rcp85,2016,255,Tmin ≥15.9°C,tmin
IPSL-CM5A-MR,rcp85,2017,273,Tmin ≥15.9°C,tmin
IPSL-CM5A-MR,rcp85,2018,286,Tmin ≥15.9°C,tmin
IPSL-CM5A-MR,rcp85,2019,277,Tmin ≥15.9°C,tmin
IPSL-CM5A-MR,rcp85,2020,294,Tmin ≥15.9°C,tmin
IPSL-CM5A-MR,rcp85,2021,274,Tmin ≥15.9°C,tmin
IPSL-CM5A-MR,rcp85,2022,275,Tmin ≥15.9°C,tmin
IPSL-CM5A-MR,rcp85,2023,262,Tmin ≥15.9°C,tmin
IPSL-CM5A-MR,rcp85,2024,274,Tmin ≥15.9°C,tmin
IPSL-CM5A-MR,rcp85,2025,267,Tmin ≥15.9°C,tmin
IPSL-CM5A-MR,rcp85,2026,271,Tmin ≥15.9°C,tmin
IPSL-CM5A-MR,rcp85,2027,280,Tmin ≥15.9°C,tmin
IPSL-CM5A-MR,rcp85,2028,283,Tmin ≥15.9°C,tmin
IPSL-CM5A-MR,rcp85,2029,259,Tmin ≥15.9°C,tmin
IPSL-CM5A-MR,rcp85,2030,287,Tmin ≥15.9°C,tmin
IPSL-CM5A-MR,rcp85,2031,265,Tmin ≥15.9°C,tmin
IPSL-CM5A-MR,rcp85,2032,286,Tmin ≥15.9°C,tmin
IPSL-CM5A-MR,rcp85,2033,277,Tmin ≥15.9°C,tmin
IPSL-CM5A-MR,rcp85,2034,267,Tmin ≥15.9°C,tmin
IPSL-CM5A-MR,rcp85,2035,262,Tmin ≥15.9°C,tmin
IPSL-CM5A-MR,rcp85,2036,277,Tmin ≥15.9°C,tmin
IPSL-CM5B-LR,rcp85,2006,276,Tmin ≥15.9°C,tmin
IPSL-CM5B-LR,rcp85,2007,283,Tmin ≥15.9°C,tmin
IPSL-CM5B-LR,rcp85,2008,268,Tmin ≥15.9°C,tmin
IPSL-CM5B-LR,rcp85,2009,275,Tmin ≥15.9°C,tmin
IPSL-CM5B-LR,rcp85,2010,259,Tmin ≥15.9°C,tmin
IPSL-CM5B-LR,rcp85,2011,247,Tmin ≥15.9°C,tmin
IPSL-CM5B-LR,rcp85,2012,273,Tmin ≥15.9°C,tmin
IPSL-CM5B-LR,rcp85,2013,279,Tmin ≥15.9°C,tmin
IPSL-CM5B-LR,rcp85,2014,257,Tmin ≥15.9°C,tmin
IPSL-CM5B-LR,rcp85,2015,271,Tmin ≥15.9°C,tmin
IPSL-CM5B-LR,rcp85,2016,250,Tmin ≥15.9°C,tmin
IPSL-CM5B-LR,rcp85,2017,267,Tmin ≥15.9°C,tmin
IPSL-CM5B-LR,rcp85,2018,255,Tmin ≥15.9°C,tmin
IPSL-CM5B-LR,rcp85,2019,257,Tmin ≥15.9°C,tmin
IPSL-CM5B-LR,rcp85,2020,273,Tmin ≥15.9°C,tmin
IPSL-CM5B-LR,rcp85,2021,280,Tmin ≥15.9°C,tmin
IPSL-CM5B-LR,rcp85,2022,287,Tmin ≥15.9°C,tmin
IPSL-CM5B-LR,rcp85,2023,297,Tmin ≥15.9°C,tmin
IPSL-CM5B-LR,rcp85,2024,274,Tmin ≥15.9°C,tmin
IPSL-CM5B-LR,rcp85,2025,274,Tmin ≥15.9°C,tmin
IPSL-CM5B-LR,rcp85,2026,271,Tmin ≥15.9°C,tmin
IPSL-CM5B-LR,rcp85,2027,274,Tmin ≥15.9°C,tmin
IPSL-CM5B-LR,rcp85,2028,284,Tmin ≥15.9°C,tmin
IPSL-CM5B-LR,rcp85,2029,287,Tmin ≥15.9°C,tmin
IPSL-CM5B-LR,rcp85,2030,281,Tmin ≥15.9°C,tmin
IPSL-CM5B-LR,rcp85,2031,278,Tmin ≥15.9°C,tmin
IPSL-CM5B-LR,rcp85,2032,257,Tmin ≥15.9°C,tmin
IPSL-CM5B-LR,rcp85,2033,280,Tmin ≥15.9°C,tmin
IPSL-CM5B-LR,rcp85,2034,261,Tmin ≥15.9°C,tmin
IPSL-CM5B-LR,rcp85,2035,288,Tmin ≥15.9°C,tmin
IPSL-CM5B-LR,rcp85,2036,299,Tmin ≥15.9°C,tmin
MIROC-ESM,rcp85,2006,270,Tmin ≥15.9°C,tmin
MIROC-ESM,rcp85,2007,236,Tmin ≥15.9°C,tmin
MIROC-ESM,rcp85,2008,282,Tmin ≥15.9°C,tmin
MIROC-ESM,rcp85,2009,273,Tmin ≥15.9°C,tmin
MIROC-ESM,rcp85,2010,284,Tmin ≥15.9°C,tmin
MIROC-ESM,rcp85,2011,273,Tmin ≥15.9°C,tmin
MIROC-ESM,rcp85,2012,274,Tmin ≥15.9°C,tmin
MIROC-ESM,rcp85,2013,274,Tmin ≥15.9°C,tmin
MIROC-ESM,rcp85,2014,281,Tmin ≥15.9°C,tmin
MIROC-ESM,rcp85,2015,277,Tmin ≥15.9°C,tmin
MIROC-ESM,rcp85,2016,270,Tmin ≥15.9°C,tmin
MIROC-ESM,rcp85,2017,281,Tmin ≥15.9°C,tmin
MIROC-ESM,rcp85,2018,274,Tmin ≥15.9°C,tmin
MIROC-ESM,rcp85,2019,273,Tmin ≥15.9°C,tmin
MIROC-ESM,rcp85,2020,281,Tmin ≥15.9°C,tmin
MIROC-ESM,rcp85,2021,293,Tmin ≥15.9°C,tmin
MIROC-ESM,rcp85,2022,274,Tmin ≥15.9°C,tmin
MIROC-ESM,rcp85,2023,278,Tmin ≥15.9°C,tmin
MIROC-ESM,rcp85,2024,289,Tmin ≥15.9°C,tmin
MIROC-ESM,rcp85,2025,293,Tmin ≥15.9°C,tmin
MIROC-ESM,rcp85,2026,300,Tmin ≥15.9°C,tmin
MIROC-ESM,rcp85,2027,314,Tmin ≥15.9°C,tmin
MIROC-ESM,rcp85,2028,284,Tmin ≥15.9°C,tmin
MIROC-ESM,rcp85,2029,300,Tmin ≥15.9°C,tmin
MIROC-ESM,rcp85,2030,288,Tmin ≥15.9°C,tmin
MIROC-ESM,rcp85,2031,289,Tmin ≥15.9°C,tmin
MIROC-ESM,rcp85,2032,288,Tmin ≥15.9°C,tmin
MIROC-ESM,rcp85,2033,287,Tmin ≥15.9°C,tmin
MIROC-ESM,rcp85,2034,292,Tmin ≥15.9°C,tmin
MIROC-ESM,rcp85,2035,298,Tmin ≥15.9°C,tmin
MIROC-ESM,rcp85,2036,300,Tmin ≥15.9°C,tmin
MIROC-ESM-CHEM,rcp85,2006,263,Tmin ≥15.9°C,tmin
MIROC-ESM-CHEM,rcp85,2007,254,Tmin ≥15.9°C,tmin
MIROC-ESM-CHEM,rcp85,2008,281,Tmin ≥15.9°C,tmin
MIROC-ESM-CHEM,rcp85,2009,256,Tmin ≥15.9°C,tmin
MIROC-ESM-CHEM,rcp85,2010,264,Tmin ≥15.9°C,tmin
MIROC-ESM-CHEM,rcp85,2011,273,Tmin ≥15.9°C,tmin
MIROC-ESM-CHEM,rcp85,2012,266,Tmin ≥15.9°C,tmin
MIROC-ESM-CHEM,rcp85,2013,284,Tmin ≥15.9°C,tmin
MIROC-ESM-CHEM,rcp85,2014,288,Tmin ≥15.9°C,tmin
MIROC-ESM-CHEM,rcp85,2015,287,Tmin ≥15.9°C,tmin
MIROC-ESM-CHEM,rcp85,2016,273,Tmin ≥15.9°C,tmin
MIROC-ESM-CHEM,rcp85,2017,270,Tmin ≥15.9°C,tmin
MIROC-ESM-CHEM,rcp85,2018,261,Tmin ≥15.9°C,tmin
MIROC-ESM-CHEM,rcp85,2019,261,Tmin ≥15.9°C,tmin
MIROC-ESM-CHEM,rcp85,2020,287,Tmin ≥15.9°C,tmin
MIROC-ESM-CHEM,rcp85,2021,283,Tmin ≥15.9°C,tmin
MIROC-ESM-CHEM,rcp85,2022,272,Tmin ≥15.9°C,tmin
MIROC-ESM-CHEM,rcp85,2023,290,Tmin ≥15.9°C,tmin
MIROC-ESM-CHEM,rcp85,2024,298,Tmin ≥15.9°C,tmin
MIROC-ESM-CHEM,rcp85,2025,283,Tmin ≥15.9°C,tmin
MIROC-ESM-CHEM,rcp85,2026,287,Tmin ≥15.9°C,tmin
MIROC-ESM-CHEM,rcp85,2027,273,Tmin ≥15.9°C,tmin
MIROC-ESM-CHEM,rcp85,2028,299,Tmin ≥15.9°C,tmin
MIROC-ESM-CHEM,rcp85,2029,289,Tmin ≥15.9°C,tmin
MIROC-ESM-CHEM,rcp85,2030,274,Tmin ≥15.9°C,tmin
MIROC-ESM-CHEM,rcp85,2031,281,Tmin ≥15.9°C,tmin
MIROC-ESM-CHEM,rcp85,2032,288,Tmin ≥15.9°C,tmin
MIROC-ESM-CHEM,rcp85,2033,287,Tmin ≥15.9°C,tmin
MIROC-ESM-CHEM,rcp85,2034,281,Tmin ≥15.9°C,tmin
MIROC-ESM-CHEM,rcp85,2035,295,Tmin ≥15.9°C,tmin
MIROC-ESM-CHEM,rcp85,2036,299,Tmin ≥15.9°C,tmin
MIROC5,rcp85,2006,259,Tmin ≥15.9°C,tmin
MIROC5,rcp85,2007,275,Tmin ≥15.9°C,tmin
MIROC5,rcp85,2008,280,Tmin ≥15.9°C,tmin
MIROC5,rcp85,2009,274,Tmin ≥15.9°C,tmin
MIROC5,rcp85,2010,279,Tmin ≥15.9°C,tmin
MIROC5,rcp85,2011,273,Tmin ≥15.9°C,tmin
MIROC5,rcp85,2012,261,Tmin ≥15.9°C,tmin
MIROC5,rcp85,2013,300,Tmin ≥15.9°C,tmin
MIROC5,rcp85,2014,275,Tmin ≥15.9°C,tmin
MIROC5,rcp85,2015,256,Tmin ≥15.9°C,tmin
MIROC5,rcp85,2016,250,Tmin ≥15.9°C,tmin
MIROC5,rcp85,2017,253,Tmin ≥15.9°C,tmin
MIROC5,rcp85,2018,278,Tmin ≥15.9°C,tmin
MIROC5,rcp85,2019,299,Tmin ≥15.9°C,tmin
MIROC5,rcp85,2020,264,Tmin ≥15.9°C,tmin
MIROC5,rcp85,2021,267,Tmin ≥15.9°C,tmin
MIROC5,rcp85,2022,279,Tmin ≥15.9°C,tmin
MIROC5,rcp85,2023,304,Tmin ≥15.9°C,tmin
MIROC5,rcp85,2024,320,Tmin ≥15.9°C,tmin
MIROC5,rcp85,2025,265,Tmin ≥15.9°C,tmin
MIROC5,rcp85,2026,261,Tmin ≥15.9°C,tmin
MIROC5,rcp85,2027,275,Tmin ≥15.9°C,tmin
MIROC5,rcp85,2028,283,Tmin ≥15.9°C,tmin
MIROC5,rcp85,2029,313,Tmin ≥15.9°C,tmin
MIROC5,rcp85,2030,281,Tmin ≥15.9°C,tmin
MIROC5,rcp85,2031,266,Tmin ≥15.9°C,tmin
MIROC5,rcp85,2032,268,Tmin ≥15.9°C,tmin
MIROC5,rcp85,2033,308,Tmin ≥15.9°C,tmin
MIROC5,rcp85,2034,276,Tmin ≥15.9°C,tmin
MIROC5,rcp85,2035,293,Tmin ≥15.9°C,tmin
MIROC5,rcp85,2036,247,Tmin ≥15.9°C,tmin
MPI-ESM-LR,rcp85,2006,265,Tmin ≥15.9°C,tmin
MPI-ESM-LR,rcp85,2007,272,Tmin ≥15.9°C,tmin
MPI-ESM-LR,rcp85,2008,242,Tmin ≥15.9°C,tmin
MPI-ESM-LR,rcp85,2009,265,Tmin ≥15.9°C,tmin
MPI-ESM-LR,rcp85,2010,255,Tmin ≥15.9°C,tmin
MPI-ESM-LR,rcp85,2011,277,Tmin ≥15.9°C,tmin
MPI-ESM-LR,rcp85,2012,282,Tmin ≥15.9°C,tmin
MPI-ESM-LR,rcp85,2013,275,Tmin ≥15.9°C,tmin
MPI-ESM-LR,rcp85,2014,292,Tmin ≥15.9°C,tmin
MPI-ESM-LR,rcp85,2015,270,Tmin ≥15.9°C,tmin
MPI-ESM-LR,rcp85,2016,305,Tmin ≥15.9°C,tmin
MPI-ESM-LR,rcp85,2017,269,Tmin ≥15.9°C,tmin
MPI-ESM-LR,rcp85,2018,274,Tmin ≥15.9°C,tmin
MPI-ESM-LR,rcp85,2019,265,Tmin ≥15.9°C,tmin
MPI-ESM-LR,rcp85,2020,271,Tmin ≥15.9°C,tmin
MPI-ESM-LR,rcp85,2021,306,Tmin ≥15.9°C,tmin
MPI-ESM-LR,rcp85,2022,282,Tmin ≥15.9°C,tmin
MPI-ESM-LR,rcp85,2023,267,Tmin ≥15.9°C,tmin
MPI-ESM-LR,rcp85,2024,294,Tmin ≥15.9°C,tmin
MPI-ESM-LR,rcp85,2025,284,Tmin ≥15.9°C,tmin
MPI-ESM-LR,rcp85,2026,296,Tmin ≥15.9°C,tmin
MPI-ESM-LR,rcp85,2027,291,Tmin ≥15.9°C,tmin
MPI-ESM-LR,rcp85,2028,292,Tmin ≥15.9°C,tmin
MPI-ESM-LR,rcp85,2029,290,Tmin ≥15.9°C,tmin
MPI-ESM-LR,rcp85,2030,298,Tmin ≥15.9°C,tmin
MPI-ESM-LR,rcp85,2031,281,Tmin ≥15.9°C,tmin
MPI-ESM-LR,rcp85,2032,273,Tmin ≥15.9°C,tmin
MPI-ESM-LR,rcp85,2033,274,Tmin ≥15.9°C,tmin
MPI-ESM-LR,rcp85,2034,320,Tmin ≥15.9°C,tmin
MPI-ESM-LR,rcp85,2035,297,Tmin ≥15.9°C,tmin
MPI-ESM-LR,rcp85,2036,305,Tmin ≥15.9°C,tmin
MPI-ESM-MR,rcp85,2006,281,Tmin ≥15.9°C,tmin
MPI-ESM-MR,rcp85,2007,284,Tmin ≥15.9°C,tmin
MPI-ESM-MR,rcp85,2008,278,Tmin ≥15.9°C,tmin
MPI-ESM-MR,rcp85,2009,257,Tmin ≥15.9°C,tmin
MPI-ESM-MR,rcp85,2010,279,Tmin ≥15.9°C,tmin
MPI-ESM-MR,rcp85,2011,262,Tmin ≥15.9°C,tmin
MPI-ESM-MR,rcp85,2012,278,Tmin ≥15.9°C,tmin
MPI-ESM-MR,rcp85,2013,289,Tmin ≥15.9°C,tmin
MPI-ESM-MR,rcp85,2014,319,Tmin ≥15.9°C,tmin
MPI-ESM-MR,rcp85,2015,277,Tmin ≥15.9°C,tmin
MPI-ESM-MR,rcp85,2016,269,Tmin ≥15.9°C,tmin
MPI-ESM-MR,rcp85,2017,325,Tmin ≥15.9°C,tmin
MPI-ESM-MR,rcp85,2018,284,Tmin ≥15.9°C,tmin
MPI-ESM-MR,rcp85,2019,264,Tmin ≥15.9°C,tmin
MPI-ESM-MR,rcp85,2020,287,Tmin ≥15.9°C,tmin
MPI-ESM-MR,rcp85,2021,308,Tmin ≥15.9°C,tmin
MPI-ESM-MR,rcp85,2022,297,Tmin ≥15.9°C,tmin
MPI-ESM-MR,rcp85,2023,284,Tmin ≥15.9°C,tmin
MPI-ESM-MR,rcp85,2024,298,Tmin ≥15.9°C,tmin
MPI-ESM-MR,rcp85,2025,284,Tmin ≥15.9°C,tmin
MPI-ESM-MR,rcp85,2026,282,Tmin ≥15.9°C,tmin
MPI-ESM-MR,rcp85,2027,270,Tmin ≥15.9°C,tmin
MPI-ESM-MR,rcp85,2028,283,Tmin ≥15.9°C,tmin
MPI-ESM-MR,rcp85,2029,292,Tmin ≥15.9°C,tmin
MPI-ESM-MR,rcp85,2030,322,Tmin ≥15.9°C,tmin
MPI-ESM-MR,rcp85,2031,304,Tmin ≥15.9°C,tmin
MPI-ESM-MR,rcp85,2032,297,Tmin ≥15.9°C,tmin
MPI-ESM-MR,rcp85,2033,284,Tmin ≥15.9°C,tmin
MPI-ESM-MR,rcp85,2034,314,Tmin ≥15.9°C,tmin
MPI-ESM-MR,rcp85,2035,265,Tmin ≥15.9°C,tmin
MPI-ESM-MR,rcp85,2036,305,Tmin ≥15.9°C,tmin
MRI-CGCM3,rcp85,2006,259,Tmin ≥15.9°C,tmin
MRI-CGCM3,rcp85,2007,256,Tmin ≥15.9°C,tmin
MRI-CGCM3,rcp85,2008,270,Tmin ≥15.9°C,tmin
MRI-CGCM3,rcp85,2009,252,Tmin ≥15.9°C,tmin
MRI-CGCM3,rcp85,2010,281,Tmin ≥15.9°C,tmin
MRI-CGCM3,rcp85,2011,257,Tmin ≥15.9°C,tmin
MRI-CGCM3,rcp85,2012,253,Tmin ≥15.9°C,tmin
MRI-CGCM3,rcp85,2013,250,Tmin ≥15.9°C,tmin
MRI-CGCM3,rcp85,2014,264,Tmin ≥15.9°C,tmin
MRI-CGCM3,rcp85,2015,264,Tmin ≥15.9°C,tmin
MRI-CGCM3,rcp85,2016,265,Tmin ≥15.9°C,tmin
MRI-CGCM3,rcp85,2017,262,Tmin ≥15.9°C,tmin
MRI-CGCM3,rcp85,2018,271,Tmin ≥15.9°C,tmin
MRI-CGCM3,rcp85,2019,265,Tmin ≥15.9°C,tmin
MRI-CGCM3,rcp85,2020,266,Tmin ≥15.9°C,tmin
MRI-CGCM3,rcp85,2021,279,Tmin ≥15.9°C,tmin
MRI-CGCM3,rcp85,2022,261,Tmin ≥15.9°C,tmin
MRI-CGCM3,rcp85,2023,265,Tmin ≥15.9°C,tmin
MRI-CGCM3,rcp85,2024,278,Tmin ≥15.9°C,tmin
MRI-CGCM3,rcp85,2025,285,Tmin ≥15.9°C,tmin
MRI-CGCM3,rcp85,2026,268,Tmin ≥15.9°C,tmin
MRI-CGCM3,rcp85,2027,270,Tmin ≥15.9°C,tmin
MRI-CGCM3,rcp85,2028,257,Tmin ≥15.9°C,tmin
MRI-CGCM3,rcp85,2029,283,Tmin ≥15.9°C,tmin
MRI-CGCM3,rcp85,2030,281,Tmin ≥15.9°C,tmin
MRI-CGCM3,rcp85,2031,277,Tmin ≥15.9°C,tmin
MRI-CGCM3,rcp85,2032,268,Tmin ≥15.9°C,tmin
MRI-CGCM3,rcp85,2033,292,Tmin ≥15.9°C,tmin
MRI-CGCM3,rcp85,2034,288,Tmin ≥15.9°C,tmin
MRI-CGCM3,rcp85,2035,265,Tmin ≥15.9°C,tmin
MRI-CGCM3,rcp85,2036,289,Tmin ≥15.9°C,tmin
MRI-ESM1,rcp85,2006,257,Tmin ≥15.9°C,tmin
MRI-ESM1,rcp85,2007,259,Tmin ≥15.9°C,tmin
MRI-ESM1,rcp85,2008,284,Tmin ≥15.9°C,tmin
MRI-ESM1,rcp85,2009,253,Tmin ≥15.9°C,tmin
MRI-ESM1,rcp85,2010,259,Tmin ≥15.9°C,tmin
MRI-ESM1,rcp85,2011,284,Tmin ≥15.9°C,tmin
MRI-ESM1,rcp85,2012,273,Tmin ≥15.9°C,tmin
MRI-ESM1,rcp85,2013,265,Tmin ≥15.9°C,tmin
MRI-ESM1,rcp85,2014,262,Tmin ≥15.9°C,tmin
MRI-ESM1,rcp85,2015,263,Tmin ≥15.9°C,tmin
MRI-ESM1,rcp85,2016,256,Tmin ≥15.9°C,tmin
MRI-ESM1,rcp85,2017,281,Tmin ≥15.9°C,tmin
MRI-ESM1,rcp85,2018,299,Tmin ≥15.9°C,tmin
MRI-ESM1,rcp85,2019,269,Tmin ≥15.9°C,tmin
MRI-ESM1,rcp85,2020,287,Tmin ≥15.9°C,tmin
MRI-ESM1,rcp85,2021,253,Tmin ≥15.9°C,tmin
MRI-ESM1,rcp85,2022,274,Tmin ≥15.9°C,tmin
MRI-ESM1,rcp85,2023,285,Tmin ≥15.9°C,tmin
MRI-ESM1,rcp85,2024,279,Tmin ≥15.9°C,tmin
MRI-ESM1,rcp85,2025,281,Tmin ≥15.9°C,tmin
MRI-ESM1,rcp85,2026,285,Tmin ≥15.9°C,tmin
MRI-ESM1,rcp85,2027,288,Tmin ≥15.9°C,tmin
MRI-ESM1,rcp85,2028,283,Tmin ≥15.9°C,tmin
MRI-ESM1,rcp85,2029,286,Tmin ≥15.9°C,tmin
MRI-ESM1,rcp85,2030,272,Tmin ≥15.9°C,tmin
MRI-ESM1,rcp85,2031,276,Tmin ≥15.9°C,tmin
MRI-ESM1,rcp85,2032,292,Tmin ≥15.9°C,tmin
MRI-ESM1,rcp85,2033,278,Tmin ≥15.9°C,tmin
MRI-ESM1,rcp85,2034,272,Tmin ≥15.9°C,tmin
MRI-ESM1,rcp85,2035,277,Tmin ≥15.9°C,tmin
MRI-ESM1,rcp85,2036,277,Tmin ≥15.9°C,tmin
NorESM1-M,rcp85,2006,272,Tmin ≥15.9°C,tmin
NorESM1-M,rcp85,2007,274,Tmin ≥15.9°C,tmin
NorESM1-M,rcp85,2008,253,Tmin ≥15.9°C,tmin
NorESM1-M,rcp85,2009,252,Tmin ≥15.9°C,tmin
NorESM1-M,rcp85,2010,277,Tmin ≥15.9°C,tmin
NorESM1-M,rcp85,2011,270,Tmin ≥15.9°C,tmin
NorESM1-M,rcp85,2012,259,Tmin ≥15.9°C,tmin
NorESM1-M,rcp85,2013,261,Tmin ≥15.9°C,tmin
NorESM1-M,rcp85,2014,274,Tmin ≥15.9°C,tmin
NorESM1-M,rcp85,2015,253,Tmin ≥15.9°C,tmin
NorESM1-M,rcp85,2016,268,Tmin ≥15.9°C,tmin
NorESM1-M,rcp85,2017,281,Tmin ≥15.9°C,tmin
NorESM1-M,rcp85,2018,270,Tmin ≥15.9°C,tmin
NorESM1-M,rcp85,2019,264,Tmin ≥15.9°C,tmin
NorESM1-M,rcp85,2020,275,Tmin ≥15.9°C,tmin
NorESM1-M,rcp85,2021,291,Tmin ≥15.9°C,tmin
NorESM1-M,rcp85,2022,307,Tmin ≥15.9°C,tmin
NorESM1-M,rcp85,2023,269,Tmin ≥15.9°C,tmin
NorESM1-M,rcp85,2024,275,Tmin ≥15.9°C,tmin
NorESM1-M,rcp85,2025,279,Tmin ≥15.9°C,tmin
NorESM1-M,rcp85,2026,274,Tmin ≥15.9°C,tmin
NorESM1-M,rcp85,2027,289,Tmin ≥15.9°C,tmin
NorESM1-M,rcp85,2028,284,Tmin ≥15.9°C,tmin
NorESM1-M,rcp85,2029,268,Tmin ≥15.9°C,tmin
NorESM1-M,rcp85,2030,261,Tmin ≥15.9°C,tmin
NorESM1-M,rcp85,2031,279,Tmin ≥15.9°C,tmin
NorESM1-M,rcp85,2032,274,Tmin ≥15.9°C,tmin
NorESM1-M,rcp85,2033,282,Tmin ≥15.9°C,tmin
NorESM1-M,rcp85,2034,275,Tmin ≥15.9°C,tmin
NorESM1-M,rcp85,2035,291,Tmin ≥15.9°C,tmin
NorESM1-M,rcp85,2036,284,Tmin ≥15.9°C,tmin
bcc-csm1-1,rcp85,2006,269,Tmin ≥15.9°C,tmin
bcc-csm1-1,rcp85,2007,285,Tmin ≥15.9°C,tmin
bcc-csm1-1,rcp85,2008,326,Tmin ≥15.9°C,tmin
bcc-csm1-1,rcp85,2009,290,Tmin ≥15.9°C,tmin
bcc-csm1-1,rcp85,2010,271,Tmin ≥15.9°C,tmin
bcc-csm1-1,rcp85,2011,278,Tmin ≥15.9°C,tmin
bcc-csm1-1,rcp85,2012,263,Tmin ≥15.9°C,tmin
bcc-csm1-1,rcp85,2013,286,Tmin ≥15.9°C,tmin
bcc-csm1-1,rcp85,2014,248,Tmin ≥15.9°C,tmin
bcc-csm1-1,rcp85,2015,296,Tmin ≥15.9°C,tmin
bcc-csm1-1,rcp85,2016,298,Tmin ≥15.9°C,tmin
bcc-csm1-1,rcp85,2017,281,Tmin ≥15.9°C,tmin
bcc-csm1-1,rcp85,2018,262,Tmin ≥15.9°C,tmin
bcc-csm1-1,rcp85,2019,299,Tmin ≥15.9°C,tmin
bcc-csm1-1,rcp85,2020,262,Tmin ≥15.9°C,tmin
bcc-csm1-1,rcp85,2021,278,Tmin ≥15.9°C,tmin
bcc-csm1-1,rcp85,2022,301,Tmin ≥15.9°C,tmin
bcc-csm1-1,rcp85,2023,284,Tmin ≥15.9°C,tmin
bcc-csm1-1,rcp85,2024,258,Tmin ≥15.9°C,tmin
bcc-csm1-1,rcp85,2025,275,Tmin ≥15.9°C,tmin
bcc-csm1-1,rcp85,2026,291,Tmin ≥15.9°C,tmin
bcc-csm1-1,rcp85,2027,241,Tmin ≥15.9°C,tmin
bcc-csm1-1,rcp85,2028,283,Tmin ≥15.9°C,tmin
bcc-csm1-1,rcp85,2029,289,Tmin ≥15.9°C,tmin
bcc-csm1-1,rcp85,2030,326,Tmin ≥15.9°C,tmin
bcc-csm1-1,rcp85,2031,319,Tmin ≥15.9°C,tmin
bcc-csm1-1,rcp85,2032,276,Tmin ≥15.9°C,tmin
bcc-csm1-1,rcp85,2033,322,Tmin ≥15.9°C,tmin
bcc-csm1-1,rcp85,2034,263,Tmin ≥15.9°C,tmin
bcc-csm1-1,rcp85,2035,268,Tmin ≥15.9°C,tmin
bcc-csm1-1,rcp85,2036,256,Tmin ≥15.9°C,tmin
bcc-csm1-1-m,rcp85,2006,281,Tmin ≥15.9°C,tmin
bcc-csm1-1-m,rcp85,2007,273,Tmin ≥15.9°C,tmin
bcc-csm1-1-m,rcp85,2008,289,Tmin ≥15.9°C,tmin
bcc-csm1-1-m,rcp85,2009,269,Tmin ≥15.9°C,tmin
bcc-csm1-1-m,rcp85,2010,277,Tmin ≥15.9°C,tmin
bcc-csm1-1-m,rcp85,2011,238,Tmin ≥15.9°C,tmin
bcc-csm1-1-m,rcp85,2012,274,Tmin ≥15.9°C,tmin
bcc-csm1-1-m,rcp85,2013,260,Tmin ≥15.9°C,tmin
bcc-csm1-1-m,rcp85,2014,270,Tmin ≥15.9°C,tmin
bcc-csm1-1-m,rcp85,2015,264,Tmin ≥15.9°C,tmin
bcc-csm1-1-m,rcp85,2016,267,Tmin ≥15.9°C,tmin
bcc-csm1-1-m,rcp85,2017,288,Tmin ≥15.9°C,tmin
bcc-csm1-1-m,rcp85,2018,250,Tmin ≥15.9°C,tmin
bcc-csm1-1-m,rcp85,2019,266,Tmin ≥15.9°C,tmin
bcc-csm1-1-m,rcp85,2020,273,Tmin ≥15.9°C,tmin
bcc-csm1-1-m,rcp85,2021,287,Tmin ≥15.9°C,tmin
bcc-csm1-1-m,rcp85,2022,287,Tmin ≥15.9°C,tmin
bcc-csm1-1-m,rcp85,2023,273,Tmin ≥15.9°C,tmin
bcc-csm1-1-m,rcp85,2024,275,Tmin ≥15.9°C,tmin
bcc-csm1-1-m,rcp85,2025,291,Tmin ≥15.9°C,tmin
bcc-csm1-1-m,rcp85,2026,316,Tmin ≥15.9°C,tmin
bcc-csm1-1-m,rcp85,2027,258,Tmin ≥15.9°C,tmin
bcc-csm1-1-m,rcp85,2028,252,Tmin ≥15.9°C,tmin
bcc-csm1-1-m,rcp85,2029,256,Tmin ≥15.9°C,tmin
bcc-csm1-1-m,rcp85,2030,306,Tmin ≥15.9°C,tmin
bcc-csm1-1-m,rcp85,2031,276,Tmin ≥15.9°C,tmin
bcc-csm1-1-m,rcp85,2032,320,Tmin ≥15.9°C,tmin
bcc-csm1-1-m,rcp85,2033,276,Tmin ≥15.9°C,tmin
bcc-csm1-1-m,rcp85,2034,262,Tmin ≥15.9°C,tmin
bcc-csm1-1-m,rcp85,2035,257,Tmin ≥15.9°C,tmin
bcc-csm1-1-m,rcp85,2036,296,Tmin ≥15.9°C,tmin
inmcm4,rcp85,2006,281,Tmin ≥15.9°C,tmin
inmcm4,rcp85,2007,281,Tmin ≥15.9°C,tmin
inmcm4,rcp85,2008,265,Tmin ≥15.9°C,tmin
inmcm4,rcp85,2009,241,Tmin ≥15.9°C,tmin
inmcm4,rcp85,2010,268,Tmin ≥15.9°C,tmin
inmcm4,rcp85,2011,261,Tmin ≥15.9°C,tmin
inmcm4,rcp85,2012,257,Tmin ≥15.9°C,tmin
inmcm4,rcp85,2013,252,Tmin ≥15.9°C,tmin
inmcm4,rcp85,2014,261,Tmin ≥15.9°C,tmin
inmcm4,rcp85,2015,280,Tmin ≥15.9°C,tmin
inmcm4,rcp85,2016,260,Tmin ≥15.9°C,tmin
inmcm4,rcp85,2017,261,Tmin ≥15.9°C,tmin
inmcm4,rcp85,2018,259,Tmin ≥15.9°C,tmin
inmcm4,rcp85,2019,286,Tmin ≥15.9°C,tmin
inmcm4,rcp85,2020,277,Tmin ≥15.9°C,tmin
inmcm4,rcp85,2021,276,Tmin ≥15.9°C,tmin
inmcm4,rcp85,2022,269,Tmin ≥15.9°C,tmin
inmcm4,rcp85,2023,269,Tmin ≥15.9°C,tmin
inmcm4,rcp85,2024,269,Tmin ≥15.9°C,tmin
inmcm4,rcp85,2025,281,Tmin ≥15.9°C,tmin
inmcm4,rcp85,2026,254,Tmin ≥15.9°C,tmin
inmcm4,rcp85,2027,269,Tmin ≥15.9°C,tmin
inmcm4,rcp85,2028,278,Tmin ≥15.9°C,tmin
inmcm4,rcp85,2029,262,Tmin ≥15.9°C,tmin
inmcm4,rcp85,2030,285,Tmin ≥15.9°C,tmin
inmcm4,rcp85,2031,261,Tmin ≥15.9°C,tmin
inmcm4,rcp85,2032,229,Tmin ≥15.9°C,tmin
inmcm4,rcp85,2033,279,Tmin ≥15.9°C,tmin
inmcm4,rcp85,2034,276,Tmin ≥15.9°C,tmin
inmcm4,rcp85,2035,266,Tmin ≥15.9°C,tmin
inmcm4,rcp85,2036,271,Tmin ≥15.9°C,tmin
