model,scenario,year,gen_count
ACCESS1-0,historical,2004,7.512385846153846
ACCESS1-0,historical,2005,7.394875538461538
ACCESS1-3,historical,2004,6.920466923076923
ACCESS1-3,historical,2005,7.345233999999999
bcc-csm1-1-m,historical,2004,6.736341076923076
bcc-csm1-1-m,historical,2005,7.603168769230769
bcc-csm1-1,historical,2004,7.1633303076923065
bcc-csm1-1,historical,2005,7.909693384615384
BNU-ESM,historical,2004,7.463159692307692
BNU-ESM,historical,2005,6.8998919999999995
CanESM2,historical,2004,7.439276
CanESM2,historical,2005,7.470424153846154
CCSM4,historical,2004,7.520021538461538
CCSM4,historical,2005,7.1583939999999995
CESM1-BGC,historical,2004,6.588470307692307
CESM1-BGC,historical,2005,7.165758000000001
CESM1-CAM5,historical,2004,6.906614
CESM1-CAM5,historical,2005,6.374803692307693
CMCC-CESM,historical,2004,6.73557876923077
CMCC-CESM,historical,2005,6.875053846153846
CMCC-CMS,historical,2004,6.790954461538461
CMCC-CMS,historical,2005,8.177380461538462
CMCC-CM,historical,2004,6.778180153846154
CMCC-CM,historical,2005,6.996480461538462
CNRM-CM5,historical,2004,7.3837019999999995
CNRM-CM5,historical,2005,7.644887846153846
CSIRO-Mk3-6-0,historical,2004,6.85259876923077
CSIRO-Mk3-6-0,historical,2005,7.7017099999999985
EC-EARTH,historical,2004,7.37682
EC-EARTH,historical,2005,7.574072153846154
FGOALS-g2,historical,2004,7.296269999999998
FGOALS-g2,historical,2005,7.13241323076923
GFDL-CM3,historical,2004,7.45117923076923
GFDL-CM3,historical,2005,7.535734615384615
GFDL-ESM2G,historical,2004,7.3875698461538475
GFDL-ESM2G,historical,2005,7.209726615384615
GFDL-ESM2M,historical,2004,7.751747846153846
GFDL-ESM2M,historical,2005,6.8372139999999995
HadGEM2-AO,historical,2004,7.485112923076922
HadGEM2-AO,historical,2005,7.294370615384614
HadGEM2-CC,historical,2004,6.574955384615384
HadGEM2-CC,historical,2005,7.014070615384615
HadGEM2-ES,historical,2004,6.942864153846153
HadGEM2-ES,historical,2005,6.956225846153846
inmcm4,historical,2004,7.468020769230769
inmcm4,historical,2005,6.9137833846153836
IPSL-CM5A-LR,historical,2004,7.072969846153845
IPSL-CM5A-LR,historical,2005,7.218360307692307
IPSL-CM5A-MR,historical,2004,7.379697846153847
IPSL-CM5A-MR,historical,2005,7.180645999999999
IPSL-CM5B-LR,historical,2004,7.573721076923078
IPSL-CM5B-LR,historical,2005,7.435355846153847
MIROC-ESM-CHEM,historical,2004,6.94924876923077
MIROC-ESM-CHEM,historical,2005,7.102909846153845
MIROC-ESM,historical,2004,6.825934615384615
MIROC-ESM,historical,2005,7.256871538461539
MIROC5,historical,2004,7.464204923076924
MIROC5,historical,2005,7.37671523076923
MPI-ESM-LR,historical,2004,7.432199076923077
MPI-ESM-LR,historical,2005,7.07822476923077
MPI-ESM-MR,historical,2004,7.361865076923076
MPI-ESM-MR,historical,2005,7.712049538461538
MRI-CGCM3,historical,2004,7.443451384615384
MRI-CGCM3,historical,2005,6.962869384615384
MRI-ESM1,historical,2004,6.965172307692308
MRI-ESM1,historical,2005,6.970128307692307
NorESM1-M,historical,2004,7.619360615384615
NorESM1-M,historical,2005,7.237214615384616
bcc-csm1-1-m,rcp26,2006,7.191157538461537
bcc-csm1-1-m,rcp26,2007,7.305777692307693
bcc-csm1-1-m,rcp26,2008,7.892615538461539
bcc-csm1-1-m,rcp26,2009,6.93453923076923
bcc-csm1-1-m,rcp26,2010,7.086656923076924
bcc-csm1-1-m,rcp26,2011,7.713049384615385
bcc-csm1-1-m,rcp26,2012,7.435993076923077
bcc-csm1-1-m,rcp26,2013,7.723663692307692
bcc-csm1-1-m,rcp26,2014,8.081233384615384
bcc-csm1-1-m,rcp26,2015,7.022649846153846
bcc-csm1-1-m,rcp26,2016,7.824250461538462
bcc-csm1-1-m,rcp26,2017,7.67265723076923
bcc-csm1-1-m,rcp26,2018,7.925736
bcc-csm1-1-m,rcp26,2019,8.098442153846152
bcc-csm1-1-m,rcp26,2020,6.865373999999999
bcc-csm1-1-m,rcp26,2021,7.473266769230769
bcc-csm1-1-m,rcp26,2022,8.010598
bcc-csm1-1-m,rcp26,2023,8.458930461538461
bcc-csm1-1-m,rcp26,2024,7.804514307692307
bcc-csm1-1-m,rcp26,2025,7.311775230769229
bcc-csm1-1-m,rcp26,2026,7.6458689230769235
bcc-csm1-1-m,rcp26,2027,8.370343538461539
bcc-csm1-1-m,rcp26,2028,7.981595538461538
bcc-csm1-1-m,rcp26,2029,8.004266153846155
bcc-csm1-1-m,rcp26,2030,7.730034307692307
bcc-csm1-1-m,rcp26,2031,7.715459692307691
bcc-csm1-1-m,rcp26,2032,8.371682153846153
bcc-csm1-1-m,rcp26,2033,8.075765692307693
bcc-csm1-1-m,rcp26,2034,8.350934461538461
bcc-csm1-1-m,rcp26,2035,8.794117538461538
bcc-csm1-1-m,rcp26,2036,7.628241692307693
bcc-csm1-1,rcp26,2006,8.139997076923077
bcc-csm1-1,rcp26,2007,7.065066769230769
bcc-csm1-1,rcp26,2008,7.583800307692307
bcc-csm1-1,rcp26,2009,8.050374
bcc-csm1-1,rcp26,2010,7.611758615384614
bcc-csm1-1,rcp26,2011,7.379472923076923
bcc-csm1-1,rcp26,2012,8.087386769230768
bcc-csm1-1,rcp26,2013,7.07056923076923
bcc-csm1-1,rcp26,2014,7.970230461538463
bcc-csm1-1,rcp26,2015,7.65649553846154
bcc-csm1-1,rcp26,2016,7.719046153846155
bcc-csm1-1,rcp26,2017,7.575954461538461
bcc-csm1-1,rcp26,2018,8.443213692307692
bcc-csm1-1,rcp26,2019,7.968882923076923
bcc-csm1-1,rcp26,2020,7.45728523076923
bcc-csm1-1,rcp26,2021,7.9140483076923065
bcc-csm1-1,rcp26,2022,7.695847846153845
bcc-csm1-1,rcp26,2023,8.187094153846154
bcc-csm1-1,rcp26,2024,8.107592461538463
bcc-csm1-1,rcp26,2025,8.228380769230768
bcc-csm1-1,rcp26,2026,7.930662153846153
bcc-csm1-1,rcp26,2027,8.010081538461538
bcc-csm1-1,rcp26,2028,8.246004153846155
bcc-csm1-1,rcp26,2029,7.926210307692307
bcc-csm1-1,rcp26,2030,7.5894063076923075
bcc-csm1-1,rcp26,2031,7.593072461538461
bcc-csm1-1,rcp26,2032,8.124574153846154
bcc-csm1-1,rcp26,2033,8.999552923076923
bcc-csm1-1,rcp26,2034,8.386196307692307
bcc-csm1-1,rcp26,2035,8.306462
bcc-csm1-1,rcp26,2036,8.039498461538463
BNU-ESM,rcp26,2006,7.459842461538461
BNU-ESM,rcp26,2007,7.562164307692307
BNU-ESM,rcp26,2008,7.785978461538463
BNU-ESM,rcp26,2009,7.621924615384616
BNU-ESM,rcp26,2010,7.159479076923075
BNU-ESM,rcp26,2011,7.254906461538461
BNU-ESM,rcp26,2012,7.431113538461538
BNU-ESM,rcp26,2013,7.147256769230769
BNU-ESM,rcp26,2014,7.31036476923077
BNU-ESM,rcp26,2015,7.433000769230769
BNU-ESM,rcp26,2016,7.489944153846154
BNU-ESM,rcp26,2017,7.57719123076923
BNU-ESM,rcp26,2018,7.223213076923076
BNU-ESM,rcp26,2019,7.762770153846153
BNU-ESM,rcp26,2020,7.204812769230769
BNU-ESM,rcp26,2021,7.79028476923077
BNU-ESM,rcp26,2022,7.314363692307692
BNU-ESM,rcp26,2023,7.326980615384614
BNU-ESM,rcp26,2024,7.374427538461537
BNU-ESM,rcp26,2025,8.062678
BNU-ESM,rcp26,2026,7.830559384615386
BNU-ESM,rcp26,2027,7.831942307692308
BNU-ESM,rcp26,2028,7.569561076923078
BNU-ESM,rcp26,2029,7.780642769230769
BNU-ESM,rcp26,2030,7.614787230769231
BNU-ESM,rcp26,2031,7.617883692307692
BNU-ESM,rcp26,2032,7.566885999999999
BNU-ESM,rcp26,2033,8.216339692307693
BNU-ESM,rcp26,2034,7.6527607692307695
BNU-ESM,rcp26,2035,7.410405846153846
BNU-ESM,rcp26,2036,8.175725846153847
CanESM2,rcp26,2006,7.636345846153845
CanESM2,rcp26,2007,7.601489384615385
CanESM2,rcp26,2008,7.700365692307692
CanESM2,rcp26,2009,7.769326923076923
CanESM2,rcp26,2010,7.689213076923076
CanESM2,rcp26,2011,7.410482
CanESM2,rcp26,2012,7.784128923076924
CanESM2,rcp26,2013,7.722292461538461
CanESM2,rcp26,2014,7.327714
CanESM2,rcp26,2015,7.17474
CanESM2,rcp26,2016,7.6748626153846145
CanESM2,rcp26,2017,8.043523076923076
CanESM2,rcp26,2018,8.223069076923077
CanESM2,rcp26,2019,8.408417538461538
CanESM2,rcp26,2020,7.9872032307692304
CanESM2,rcp26,2021,7.763465999999999
CanESM2,rcp26,2022,7.876820923076922
CanESM2,rcp26,2023,8.271583384615385
CanESM2,rcp26,2024,8.121153076923077
CanESM2,rcp26,2025,8.04634523076923
CanESM2,rcp26,2026,8.031953692307692
CanESM2,rcp26,2027,7.7522301538461535
CanESM2,rcp26,2028,7.975149384615385
CanESM2,rcp26,2029,8.168935846153847
CanESM2,rcp26,2030,8.490816923076922
CanESM2,rcp26,2031,8.352072615384616
CanESM2,rcp26,2032,8.156144615384616
CanESM2,rcp26,2033,7.895327692307692
CanESM2,rcp26,2034,8.412526461538462
CanESM2,rcp26,2035,8.161992153846153
CanESM2,rcp26,2036,8.176134307692308
CCSM4,rcp26,2006,7.400476153846154
CCSM4,rcp26,2007,7.4590253846153844
CCSM4,rcp26,2008,6.758268153846153
CCSM4,rcp26,2009,7.039327538461537
CCSM4,rcp26,2010,7.297447230769232
CCSM4,rcp26,2011,7.706307692307693
CCSM4,rcp26,2012,7.376155076923077
CCSM4,rcp26,2013,7.399765999999998
CCSM4,rcp26,2014,7.486994307692307
CCSM4,rcp26,2015,6.932492615384614
CCSM4,rcp26,2016,7.181760923076922
CCSM4,rcp26,2017,7.342170923076922
CCSM4,rcp26,2018,7.2376727692307705
CCSM4,rcp26,2019,7.581318153846153
CCSM4,rcp26,2020,7.420704615384615
CCSM4,rcp26,2021,7.474839230769231
CCSM4,rcp26,2022,7.6083067692307695
CCSM4,rcp26,2023,7.529208461538461
CCSM4,rcp26,2024,7.648472923076923
CCSM4,rcp26,2025,7.822008461538461
CCSM4,rcp26,2026,7.2340072307692305
CCSM4,rcp26,2027,7.828056307692308
CCSM4,rcp26,2028,7.373889076923077
CCSM4,rcp26,2029,7.523846461538462
CCSM4,rcp26,2030,7.821683538461538
CCSM4,rcp26,2031,7.586574307692308
CCSM4,rcp26,2032,7.481551846153847
CCSM4,rcp26,2033,7.280223076923078
CCSM4,rcp26,2034,7.182106769230769
CCSM4,rcp26,2035,7.741011384615384
CCSM4,rcp26,2036,7.741713538461537
CESM1-CAM5,rcp26,2006,6.990765846153845
CESM1-CAM5,rcp26,2007,7.1222647692307675
CESM1-CAM5,rcp26,2008,6.97733846153846
CESM1-CAM5,rcp26,2009,7.499091384615384
CESM1-CAM5,rcp26,2010,7.446106307692308
CESM1-CAM5,rcp26,2011,7.402419076923077
CESM1-CAM5,rcp26,2012,7.226247230769231
CESM1-CAM5,rcp26,2013,7.164887846153845
CESM1-CAM5,rcp26,2014,7.989748923076923
CESM1-CAM5,rcp26,2015,8.063090923076922
CESM1-CAM5,rcp26,2016,7.82985323076923
CESM1-CAM5,rcp26,2017,7.290339076923077
CESM1-CAM5,rcp26,2018,6.523999076923077
CESM1-CAM5,rcp26,2019,7.693656
CESM1-CAM5,rcp26,2020,7.860167384615385
CESM1-CAM5,rcp26,2021,7.571035692307691
CESM1-CAM5,rcp26,2022,7.346346923076923
CESM1-CAM5,rcp26,2023,7.180078923076923
CESM1-CAM5,rcp26,2024,7.5831532307692315
CESM1-CAM5,rcp26,2025,7.759679692307692
CESM1-CAM5,rcp26,2026,7.672677692307692
CESM1-CAM5,rcp26,2027,7.472932769230769
CESM1-CAM5,rcp26,2028,7.3170832307692315
CESM1-CAM5,rcp26,2029,7.673754615384616
CESM1-CAM5,rcp26,2030,7.785184615384615
CESM1-CAM5,rcp26,2031,7.409947692307693
CESM1-CAM5,rcp26,2032,7.430772
CESM1-CAM5,rcp26,2033,7.551170461538462
CESM1-CAM5,rcp26,2034,7.607746153846153
CESM1-CAM5,rcp26,2035,7.988453846153846
CESM1-CAM5,rcp26,2036,7.793176615384615
CNRM-CM5,rcp26,2006,7.167461076923076
CNRM-CM5,rcp26,2007,7.175123846153846
CNRM-CM5,rcp26,2008,7.250651076923075
CNRM-CM5,rcp26,2009,6.957689846153847
CNRM-CM5,rcp26,2010,7.445899076923077
CNRM-CM5,rcp26,2011,7.096537999999999
CNRM-CM5,rcp26,2012,7.790474769230769
CNRM-CM5,rcp26,2013,7.378091384615384
CNRM-CM5,rcp26,2014,7.205930153846153
CNRM-CM5,rcp26,2015,6.894627076923078
CNRM-CM5,rcp26,2016,7.409383692307692
CNRM-CM5,rcp26,2017,7.058824153846154
CNRM-CM5,rcp26,2018,7.190813846153845
CNRM-CM5,rcp26,2019,6.850262153846153
CNRM-CM5,rcp26,2020,6.942739076923076
CNRM-CM5,rcp26,2021,7.111225384615384
CNRM-CM5,rcp26,2022,7.298006615384616
CNRM-CM5,rcp26,2023,7.4478690769230775
CNRM-CM5,rcp26,2024,7.047958307692307
CNRM-CM5,rcp26,2025,7.49698723076923
CNRM-CM5,rcp26,2026,7.272746153846153
CNRM-CM5,rcp26,2027,7.604584153846154
CNRM-CM5,rcp26,2028,7.416037076923077
CNRM-CM5,rcp26,2029,7.411861384615384
CNRM-CM5,rcp26,2030,7.686867846153845
CNRM-CM5,rcp26,2031,7.583526461538462
CNRM-CM5,rcp26,2032,7.331978769230768
CNRM-CM5,rcp26,2033,7.806835692307692
CNRM-CM5,rcp26,2034,7.534863384615384
CNRM-CM5,rcp26,2035,7.063201538461539
CNRM-CM5,rcp26,2036,8.158550153846154
CSIRO-Mk3-6-0,rcp26,2006,7.30245230769231
CSIRO-Mk3-6-0,rcp26,2007,7.163266461538462
CSIRO-Mk3-6-0,rcp26,2008,6.962328769230768
CSIRO-Mk3-6-0,rcp26,2009,7.57420923076923
CSIRO-Mk3-6-0,rcp26,2010,6.539948
CSIRO-Mk3-6-0,rcp26,2011,7.552724461538461
CSIRO-Mk3-6-0,rcp26,2012,8.25484523076923
CSIRO-Mk3-6-0,rcp26,2013,7.924208615384615
CSIRO-Mk3-6-0,rcp26,2014,7.625084923076923
CSIRO-Mk3-6-0,rcp26,2015,7.8719061538461546
CSIRO-Mk3-6-0,rcp26,2016,7.224101076923076
CSIRO-Mk3-6-0,rcp26,2017,8.35940646153846
CSIRO-Mk3-6-0,rcp26,2018,7.700928769230769
CSIRO-Mk3-6-0,rcp26,2019,7.746963384615385
CSIRO-Mk3-6-0,rcp26,2020,8.277903846153846
CSIRO-Mk3-6-0,rcp26,2021,7.325649846153845
CSIRO-Mk3-6-0,rcp26,2022,7.740208153846154
CSIRO-Mk3-6-0,rcp26,2023,8.504088153846153
CSIRO-Mk3-6-0,rcp26,2024,8.364690769230767
CSIRO-Mk3-6-0,rcp26,2025,7.79596769230769
CSIRO-Mk3-6-0,rcp26,2026,7.0020056923076925
CSIRO-Mk3-6-0,rcp26,2027,7.705874153846153
CSIRO-Mk3-6-0,rcp26,2028,8.616734153846153
CSIRO-Mk3-6-0,rcp26,2029,8.011793538461538
CSIRO-Mk3-6-0,rcp26,2030,7.389185846153846
CSIRO-Mk3-6-0,rcp26,2031,8.111223230769232
CSIRO-Mk3-6-0,rcp26,2032,8.030823692307692
CSIRO-Mk3-6-0,rcp26,2033,8.56739153846154
CSIRO-Mk3-6-0,rcp26,2034,8.324983384615384
CSIRO-Mk3-6-0,rcp26,2035,8.139234615384616
CSIRO-Mk3-6-0,rcp26,2036,7.488907692307692
FGOALS-g2,rcp26,2006,7.073633846153845
FGOALS-g2,rcp26,2007,7.1979890769230765
FGOALS-g2,rcp26,2008,7.2424159999999995
FGOALS-g2,rcp26,2009,7.035462615384615
FGOALS-g2,rcp26,2010,7.340281692307693
FGOALS-g2,rcp26,2011,6.637746000000001
FGOALS-g2,rcp26,2012,7.378107384615385
FGOALS-g2,rcp26,2013,7.37859246153846
FGOALS-g2,rcp26,2014,7.684039692307692
FGOALS-g2,rcp26,2015,7.55935246153846
FGOALS-g2,rcp26,2016,7.039003538461538
FGOALS-g2,rcp26,2017,7.056239076923076
FGOALS-g2,rcp26,2018,7.216478923076922
FGOALS-g2,rcp26,2019,7.534546923076923
FGOALS-g2,rcp26,2020,7.05357123076923
FGOALS-g2,rcp26,2021,7.2369650769230764
FGOALS-g2,rcp26,2022,7.08258723076923
FGOALS-g2,rcp26,2023,7.692292307692307
FGOALS-g2,rcp26,2024,7.470655538461538
FGOALS-g2,rcp26,2025,7.536981076923075
FGOALS-g2,rcp26,2026,7.267032615384616
FGOALS-g2,rcp26,2027,7.67946723076923
FGOALS-g2,rcp26,2028,7.350772153846153
FGOALS-g2,rcp26,2029,7.0691915384615385
FGOALS-g2,rcp26,2030,7.815528615384614
FGOALS-g2,rcp26,2031,7.894701538461539
FGOALS-g2,rcp26,2032,7.450567538461538
FGOALS-g2,rcp26,2033,7.045560307692307
FGOALS-g2,rcp26,2034,7.595468307692307
FGOALS-g2,rcp26,2035,7.584928615384615
FGOALS-g2,rcp26,2036,7.196687384615385
GFDL-CM3,rcp26,2006,7.232087846153845
GFDL-CM3,rcp26,2007,7.326401846153845
GFDL-CM3,rcp26,2008,7.4832741538461525
GFDL-CM3,rcp26,2009,7.210620769230769
GFDL-CM3,rcp26,2010,7.281266461538461
GFDL-CM3,rcp26,2011,7.690806
GFDL-CM3,rcp26,2012,7.942281076923076
GFDL-CM3,rcp26,2013,7.551786153846154
GFDL-CM3,rcp26,2014,7.116320769230768
GFDL-CM3,rcp26,2015,8.164045692307694
GFDL-CM3,rcp26,2016,7.7573
GFDL-CM3,rcp26,2017,7.660286000000001
GFDL-CM3,rcp26,2018,7.429130769230769
GFDL-CM3,rcp26,2019,7.846307230769231
GFDL-CM3,rcp26,2020,7.484841538461539
GFDL-CM3,rcp26,2021,7.654322769230769
GFDL-CM3,rcp26,2022,7.88164
GFDL-CM3,rcp26,2023,7.875594307692308
GFDL-CM3,rcp26,2024,7.540749076923077
GFDL-CM3,rcp26,2025,7.9304363076923075
GFDL-CM3,rcp26,2026,7.706327384615385
GFDL-CM3,rcp26,2027,8.053578
GFDL-CM3,rcp26,2028,7.674362923076923
GFDL-CM3,rcp26,2029,7.933062
GFDL-CM3,rcp26,2030,8.022862153846154
GFDL-CM3,rcp26,2031,7.8684847692307684
GFDL-CM3,rcp26,2032,7.9943378461538455
GFDL-CM3,rcp26,2033,8.254842153846154
GFDL-CM3,rcp26,2034,7.99017
GFDL-CM3,rcp26,2035,8.172506615384615
GFDL-CM3,rcp26,2036,8.411337384615384
GFDL-ESM2G,rcp26,2006,7.202920923076924
GFDL-ESM2G,rcp26,2007,6.713399076923077
GFDL-ESM2G,rcp26,2008,7.381897230769232
GFDL-ESM2G,rcp26,2009,7.371674769230768
GFDL-ESM2G,rcp26,2010,7.681808153846155
GFDL-ESM2G,rcp26,2011,7.4057759999999995
GFDL-ESM2G,rcp26,2012,7.131523230769229
GFDL-ESM2G,rcp26,2013,7.087918307692307
GFDL-ESM2G,rcp26,2014,6.928634923076922
GFDL-ESM2G,rcp26,2015,7.589847230769231
GFDL-ESM2G,rcp26,2016,7.344903538461538
GFDL-ESM2G,rcp26,2017,7.150302923076923
GFDL-ESM2G,rcp26,2018,7.285396153846153
GFDL-ESM2G,rcp26,2019,7.273341846153846
GFDL-ESM2G,rcp26,2020,7.724432
GFDL-ESM2G,rcp26,2021,7.417943692307691
GFDL-ESM2G,rcp26,2022,6.958027230769231
GFDL-ESM2G,rcp26,2023,7.782149692307692
GFDL-ESM2G,rcp26,2024,7.144854307692309
GFDL-ESM2G,rcp26,2025,7.2264736923076915
GFDL-ESM2G,rcp26,2026,6.800801538461537
GFDL-ESM2G,rcp26,2027,7.398923384615384
GFDL-ESM2G,rcp26,2028,6.963028
GFDL-ESM2G,rcp26,2029,7.015710615384616
GFDL-ESM2G,rcp26,2030,7.4057910769230775
GFDL-ESM2G,rcp26,2031,7.803609846153846
GFDL-ESM2G,rcp26,2032,7.663804923076924
GFDL-ESM2G,rcp26,2033,7.7172990769230765
GFDL-ESM2G,rcp26,2034,7.08380923076923
GFDL-ESM2G,rcp26,2035,7.294008461538461
GFDL-ESM2G,rcp26,2036,7.500293846153846
HadGEM2-AO,rcp26,2006,6.826347692307692
HadGEM2-AO,rcp26,2007,7.134753692307692
HadGEM2-AO,rcp26,2008,7.135654153846153
HadGEM2-AO,rcp26,2009,6.988848923076923
HadGEM2-AO,rcp26,2010,6.939436923076923
HadGEM2-AO,rcp26,2011,7.215466461538461
HadGEM2-AO,rcp26,2012,6.790614615384616
HadGEM2-AO,rcp26,2013,7.103520923076923
HadGEM2-AO,rcp26,2014,7.086214
HadGEM2-AO,rcp26,2015,6.7784823076923075
HadGEM2-AO,rcp26,2016,7.513601846153846
HadGEM2-AO,rcp26,2017,7.015947846153845
HadGEM2-AO,rcp26,2018,7.6085301538461545
HadGEM2-AO,rcp26,2019,7.263124307692307
HadGEM2-AO,rcp26,2020,7.443691076923077
HadGEM2-AO,rcp26,2021,7.510119076923077
HadGEM2-AO,rcp26,2022,7.091937846153846
HadGEM2-AO,rcp26,2023,6.5912595384615384
HadGEM2-AO,rcp26,2024,7.187353846153847
HadGEM2-AO,rcp26,2025,7.577761692307691
HadGEM2-AO,rcp26,2026,7.872658307692308
HadGEM2-AO,rcp26,2027,7.411404769230769
HadGEM2-AO,rcp26,2028,7.409054923076923
HadGEM2-AO,rcp26,2029,7.332314615384616
HadGEM2-AO,rcp26,2030,7.509070153846154
HadGEM2-AO,rcp26,2031,7.318560000000001
HadGEM2-AO,rcp26,2032,7.252727538461539
HadGEM2-AO,rcp26,2033,7.638356307692307
HadGEM2-AO,rcp26,2034,7.568683384615384
HadGEM2-AO,rcp26,2035,7.48097923076923
HadGEM2-AO,rcp26,2036,7.131288461538461
HadGEM2-ES,rcp26,2006,7.372473384615385
HadGEM2-ES,rcp26,2007,7.541201384615384
HadGEM2-ES,rcp26,2008,6.998812769230767
HadGEM2-ES,rcp26,2009,7.697450153846153
HadGEM2-ES,rcp26,2010,6.9466329230769235
HadGEM2-ES,rcp26,2011,7.401797692307692
HadGEM2-ES,rcp26,2012,7.449644153846152
HadGEM2-ES,rcp26,2013,7.409247538461537
HadGEM2-ES,rcp26,2014,7.2237
HadGEM2-ES,rcp26,2015,7.375583384615384
HadGEM2-ES,rcp26,2016,6.852004615384615
HadGEM2-ES,rcp26,2017,7.635126923076924
HadGEM2-ES,rcp26,2018,7.984878153846154
HadGEM2-ES,rcp26,2019,7.573399692307693
HadGEM2-ES,rcp26,2020,7.523236461538461
HadGEM2-ES,rcp26,2021,7.767854153846153
HadGEM2-ES,rcp26,2022,7.845534461538462
HadGEM2-ES,rcp26,2023,7.9937844615384614
HadGEM2-ES,rcp26,2024,8.200973384615384
HadGEM2-ES,rcp26,2025,7.909422153846154
HadGEM2-ES,rcp26,2026,8.075800769230769
HadGEM2-ES,rcp26,2027,7.8174107692307695
HadGEM2-ES,rcp26,2028,7.586247076923077
HadGEM2-ES,rcp26,2029,7.522711230769231
HadGEM2-ES,rcp26,2030,7.8651296923076925
HadGEM2-ES,rcp26,2031,7.978762923076923
HadGEM2-ES,rcp26,2032,8.464869384615385
HadGEM2-ES,rcp26,2033,7.749924
HadGEM2-ES,rcp26,2034,7.9517743076923075
HadGEM2-ES,rcp26,2035,8.24481476923077
HadGEM2-ES,rcp26,2036,8.174397538461537
IPSL-CM5A-LR,rcp26,2006,7.026024461538461
IPSL-CM5A-LR,rcp26,2007,6.956581076923077
IPSL-CM5A-LR,rcp26,2008,7.647437999999999
IPSL-CM5A-LR,rcp26,2009,7.723664461538462
IPSL-CM5A-LR,rcp26,2010,7.510499538461539
IPSL-CM5A-LR,rcp26,2011,7.30412
IPSL-CM5A-LR,rcp26,2012,7.688034769230769
IPSL-CM5A-LR,rcp26,2013,7.232191076923076
IPSL-CM5A-LR,rcp26,2014,7.550523384615386
IPSL-CM5A-LR,rcp26,2015,7.566018615384615
IPSL-CM5A-LR,rcp26,2016,7.550649692307691
IPSL-CM5A-LR,rcp26,2017,7.328357076923077
IPSL-CM5A-LR,rcp26,2018,7.587097076923076
IPSL-CM5A-LR,rcp26,2019,7.709895692307692
IPSL-CM5A-LR,rcp26,2020,7.86235
IPSL-CM5A-LR,rcp26,2021,7.69125523076923
IPSL-CM5A-LR,rcp26,2022,7.570844769230768
IPSL-CM5A-LR,rcp26,2023,7.64613276923077
IPSL-CM5A-LR,rcp26,2024,7.439755999999999
IPSL-CM5A-LR,rcp26,2025,8.113708615384615
IPSL-CM5A-LR,rcp26,2026,8.103421846153847
IPSL-CM5A-LR,rcp26,2027,8.015745846153846
IPSL-CM5A-LR,rcp26,2028,7.6546910769230765
IPSL-CM5A-LR,rcp26,2029,7.588224769230769
IPSL-CM5A-LR,rcp26,2030,7.907210461538462
IPSL-CM5A-LR,rcp26,2031,7.764818153846154
IPSL-CM5A-LR,rcp26,2032,7.77317923076923
IPSL-CM5A-LR,rcp26,2033,8.196085692307692
IPSL-CM5A-LR,rcp26,2034,8.162608461538461
IPSL-CM5A-LR,rcp26,2035,7.90784046153846
IPSL-CM5A-LR,rcp26,2036,7.933468
IPSL-CM5A-MR,rcp26,2006,7.131163846153846
IPSL-CM5A-MR,rcp26,2007,6.787318769230769
IPSL-CM5A-MR,rcp26,2008,7.5417450769230765
IPSL-CM5A-MR,rcp26,2009,7.559840153846154
IPSL-CM5A-MR,rcp26,2010,7.721756615384614
IPSL-CM5A-MR,rcp26,2011,7.996172615384614
IPSL-CM5A-MR,rcp26,2012,7.619540923076924
IPSL-CM5A-MR,rcp26,2013,7.3248546153846155
IPSL-CM5A-MR,rcp26,2014,7.499865230769231
IPSL-CM5A-MR,rcp26,2015,7.635912615384617
IPSL-CM5A-MR,rcp26,2016,7.785889076923077
IPSL-CM5A-MR,rcp26,2017,8.004562153846152
IPSL-CM5A-MR,rcp26,2018,7.0779303076923075
IPSL-CM5A-MR,rcp26,2019,7.532750153846154
IPSL-CM5A-MR,rcp26,2020,7.213253692307693
IPSL-CM5A-MR,rcp26,2021,7.2768253846153845
IPSL-CM5A-MR,rcp26,2022,7.467336307692307
IPSL-CM5A-MR,rcp26,2023,7.796623538461539
IPSL-CM5A-MR,rcp26,2024,7.612487384615385
IPSL-CM5A-MR,rcp26,2025,7.3682250769230775
IPSL-CM5A-MR,rcp26,2026,7.688952615384615
IPSL-CM5A-MR,rcp26,2027,7.75646
IPSL-CM5A-MR,rcp26,2028,7.832441230769231
IPSL-CM5A-MR,rcp26,2029,7.9267607692307696
IPSL-CM5A-MR,rcp26,2030,7.675411384615384
IPSL-CM5A-MR,rcp26,2031,7.88795353846154
IPSL-CM5A-MR,rcp26,2032,7.756364
IPSL-CM5A-MR,rcp26,2033,7.535399076923077
IPSL-CM5A-MR,rcp26,2034,7.9560975384615364
IPSL-CM5A-MR,rcp26,2035,7.756336307692307
IPSL-CM5A-MR,rcp26,2036,7.56293076923077
MIROC-ESM-CHEM,rcp26,2006,6.800796461538462
MIROC-ESM-CHEM,rcp26,2007,7.369098923076923
MIROC-ESM-CHEM,rcp26,2008,7.313258307692307
MIROC-ESM-CHEM,rcp26,2009,7.728894769230769
MIROC-ESM-CHEM,rcp26,2010,7.140199384615385
MIROC-ESM-CHEM,rcp26,2011,7.315319384615385
MIROC-ESM-CHEM,rcp26,2012,7.564747538461537
MIROC-ESM-CHEM,rcp26,2013,7.6227719999999985
MIROC-ESM-CHEM,rcp26,2014,7.825616461538462
MIROC-ESM-CHEM,rcp26,2015,7.614152923076924
MIROC-ESM-CHEM,rcp26,2016,8.14718846153846
MIROC-ESM-CHEM,rcp26,2017,8.000036153846153
MIROC-ESM-CHEM,rcp26,2018,8.102546923076922
MIROC-ESM-CHEM,rcp26,2019,8.012005076923076
MIROC-ESM-CHEM,rcp26,2020,7.572974307692306
MIROC-ESM-CHEM,rcp26,2021,7.923624153846154
MIROC-ESM-CHEM,rcp26,2022,7.8497533846153855
MIROC-ESM-CHEM,rcp26,2023,8.276414615384615
MIROC-ESM-CHEM,rcp26,2024,8.027146615384616
MIROC-ESM-CHEM,rcp26,2025,8.076157076923076
MIROC-ESM-CHEM,rcp26,2026,7.782694307692307
MIROC-ESM-CHEM,rcp26,2027,8.135846461538462
MIROC-ESM-CHEM,rcp26,2028,8.473139538461538
MIROC-ESM-CHEM,rcp26,2029,8.295414615384615
MIROC-ESM-CHEM,rcp26,2030,8.003631230769232
MIROC-ESM-CHEM,rcp26,2031,8.113613076923077
MIROC-ESM-CHEM,rcp26,2032,8.406886769230768
MIROC-ESM-CHEM,rcp26,2033,8.188863076923077
MIROC-ESM-CHEM,rcp26,2034,8.234804615384615
MIROC-ESM-CHEM,rcp26,2035,8.366294153846153
MIROC-ESM-CHEM,rcp26,2036,8.03085876923077
MIROC-ESM,rcp26,2006,7.266894307692307
MIROC-ESM,rcp26,2007,7.594267538461539
MIROC-ESM,rcp26,2008,7.257155999999999
MIROC-ESM,rcp26,2009,7.32926276923077
MIROC-ESM,rcp26,2010,7.022307230769231
MIROC-ESM,rcp26,2011,7.029324461538461
MIROC-ESM,rcp26,2012,7.622684461538461
MIROC-ESM,rcp26,2013,7.6778516923076925
MIROC-ESM,rcp26,2014,7.079314769230768
MIROC-ESM,rcp26,2015,7.093957076923076
MIROC-ESM,rcp26,2016,7.439354
MIROC-ESM,rcp26,2017,7.846511538461539
MIROC-ESM,rcp26,2018,7.83167076923077
MIROC-ESM,rcp26,2019,7.491855384615385
MIROC-ESM,rcp26,2020,7.8522909230769224
MIROC-ESM,rcp26,2021,7.686410769230768
MIROC-ESM,rcp26,2022,7.852648615384616
MIROC-ESM,rcp26,2023,8.163573384615386
MIROC-ESM,rcp26,2024,8.165029538461537
MIROC-ESM,rcp26,2025,8.06452846153846
MIROC-ESM,rcp26,2026,7.683653230769231
MIROC-ESM,rcp26,2027,7.877285846153847
MIROC-ESM,rcp26,2028,7.98142676923077
MIROC-ESM,rcp26,2029,7.998911692307692
MIROC-ESM,rcp26,2030,8.34447753846154
MIROC-ESM,rcp26,2031,8.016106307692308
MIROC-ESM,rcp26,2032,8.324174769230769
MIROC-ESM,rcp26,2033,7.910022307692308
MIROC-ESM,rcp26,2034,8.16606276923077
MIROC-ESM,rcp26,2035,8.234528
MIROC-ESM,rcp26,2036,8.559233384615384
MIROC5,rcp26,2006,7.234400615384614
MIROC5,rcp26,2007,6.615781076923077
MIROC5,rcp26,2008,7.36607
MIROC5,rcp26,2009,7.158743538461538
MIROC5,rcp26,2010,7.227587846153846
MIROC5,rcp26,2011,7.009299076923075
MIROC5,rcp26,2012,7.545011692307692
MIROC5,rcp26,2013,7.37800246153846
MIROC5,rcp26,2014,7.614939230769231
MIROC5,rcp26,2015,7.572226769230768
MIROC5,rcp26,2016,7.798517692307692
MIROC5,rcp26,2017,7.341436
MIROC5,rcp26,2018,6.997165076923077
MIROC5,rcp26,2019,7.001687076923076
MIROC5,rcp26,2020,6.866358153846153
MIROC5,rcp26,2021,7.102521076923076
MIROC5,rcp26,2022,7.898079384615386
MIROC5,rcp26,2023,7.825686769230769
MIROC5,rcp26,2024,7.586061230769231
MIROC5,rcp26,2025,7.195186
MIROC5,rcp26,2026,7.329463384615385
MIROC5,rcp26,2027,7.78675476923077
MIROC5,rcp26,2028,7.710738307692306
MIROC5,rcp26,2029,7.876188461538463
MIROC5,rcp26,2030,7.395674153846155
MIROC5,rcp26,2031,7.081188769230769
MIROC5,rcp26,2032,7.228591692307693
MIROC5,rcp26,2033,7.546654153846154
MIROC5,rcp26,2034,7.243313692307692
MIROC5,rcp26,2035,7.8676661538461525
MIROC5,rcp26,2036,8.607196461538463
MPI-ESM-LR,rcp26,2006,7.0661256923076925
MPI-ESM-LR,rcp26,2007,7.424541692307693
MPI-ESM-LR,rcp26,2008,7.781555076923077
MPI-ESM-LR,rcp26,2009,6.582052307692307
MPI-ESM-LR,rcp26,2010,7.55824123076923
MPI-ESM-LR,rcp26,2011,7.569118923076924
MPI-ESM-LR,rcp26,2012,7.312416615384616
MPI-ESM-LR,rcp26,2013,7.198606615384615
MPI-ESM-LR,rcp26,2014,7.727627076923077
MPI-ESM-LR,rcp26,2015,8.493681230769232
MPI-ESM-LR,rcp26,2016,7.312403076923077
MPI-ESM-LR,rcp26,2017,6.9448258461538455
MPI-ESM-LR,rcp26,2018,7.809152
MPI-ESM-LR,rcp26,2019,6.732216307692307
MPI-ESM-LR,rcp26,2020,7.558258153846154
MPI-ESM-LR,rcp26,2021,7.594222307692307
MPI-ESM-LR,rcp26,2022,7.100722769230769
MPI-ESM-LR,rcp26,2023,7.641214923076922
MPI-ESM-LR,rcp26,2024,7.712499384615385
MPI-ESM-LR,rcp26,2025,7.793957538461538
MPI-ESM-LR,rcp26,2026,7.936479538461538
MPI-ESM-LR,rcp26,2027,8.079411384615387
MPI-ESM-LR,rcp26,2028,7.714727384615385
MPI-ESM-LR,rcp26,2029,7.8658586153846155
MPI-ESM-LR,rcp26,2030,8.101975076923075
MPI-ESM-LR,rcp26,2031,7.768066461538462
MPI-ESM-LR,rcp26,2032,8.252913692307692
MPI-ESM-LR,rcp26,2033,7.290830153846154
MPI-ESM-LR,rcp26,2034,7.304287846153845
MPI-ESM-LR,rcp26,2035,7.43014723076923
MPI-ESM-LR,rcp26,2036,7.937963076923076
MPI-ESM-MR,rcp26,2006,7.888670615384615
MPI-ESM-MR,rcp26,2007,8.424727230769232
MPI-ESM-MR,rcp26,2008,7.903072461538462
MPI-ESM-MR,rcp26,2009,7.425322307692308
MPI-ESM-MR,rcp26,2010,7.244003384615385
MPI-ESM-MR,rcp26,2011,7.493849999999999
MPI-ESM-MR,rcp26,2012,7.303264
MPI-ESM-MR,rcp26,2013,7.7054406153846156
MPI-ESM-MR,rcp26,2014,8.24081923076923
MPI-ESM-MR,rcp26,2015,7.7972047692307695
MPI-ESM-MR,rcp26,2016,8.437139076923078
MPI-ESM-MR,rcp26,2017,7.514056307692307
MPI-ESM-MR,rcp26,2018,7.956799846153846
MPI-ESM-MR,rcp26,2019,7.763096307692308
MPI-ESM-MR,rcp26,2020,8.500267384615384
MPI-ESM-MR,rcp26,2021,7.857100769230769
MPI-ESM-MR,rcp26,2022,7.811033538461539
MPI-ESM-MR,rcp26,2023,7.575958153846154
MPI-ESM-MR,rcp26,2024,7.78162523076923
MPI-ESM-MR,rcp26,2025,7.290438615384615
MPI-ESM-MR,rcp26,2026,8.364977230769231
MPI-ESM-MR,rcp26,2027,8.299173230769231
MPI-ESM-MR,rcp26,2028,8.02422246153846
MPI-ESM-MR,rcp26,2029,7.716050923076923
MPI-ESM-MR,rcp26,2030,7.877185999999999
MPI-ESM-MR,rcp26,2031,7.885503692307693
MPI-ESM-MR,rcp26,2032,7.783851384615385
MPI-ESM-MR,rcp26,2033,7.763172000000001
MPI-ESM-MR,rcp26,2034,8.145294153846153
MPI-ESM-MR,rcp26,2035,7.482837076923078
MPI-ESM-MR,rcp26,2036,8.227268307692308
MRI-CGCM3,rcp26,2006,6.817580615384615
MRI-CGCM3,rcp26,2007,7.1410944615384615
MRI-CGCM3,rcp26,2008,7.1550315384615395
MRI-CGCM3,rcp26,2009,6.831935692307693
MRI-CGCM3,rcp26,2010,7.372379538461538
MRI-CGCM3,rcp26,2011,7.016458461538462
MRI-CGCM3,rcp26,2012,7.327071538461538
MRI-CGCM3,rcp26,2013,7.458883230769231
MRI-CGCM3,rcp26,2014,7.2343
MRI-CGCM3,rcp26,2015,7.568709846153846
MRI-CGCM3,rcp26,2016,7.3237686153846155
MRI-CGCM3,rcp26,2017,7.394532307692308
MRI-CGCM3,rcp26,2018,7.350789230769231
MRI-CGCM3,rcp26,2019,7.590683538461539
MRI-CGCM3,rcp26,2020,7.316543384615383
MRI-CGCM3,rcp26,2021,7.279560615384615
MRI-CGCM3,rcp26,2022,7.422390615384615
MRI-CGCM3,rcp26,2023,7.177229846153845
MRI-CGCM3,rcp26,2024,7.152512769230769
MRI-CGCM3,rcp26,2025,7.195366307692308
MRI-CGCM3,rcp26,2026,7.394714153846153
MRI-CGCM3,rcp26,2027,7.366257999999999
MRI-CGCM3,rcp26,2028,7.2377323076923075
MRI-CGCM3,rcp26,2029,7.624644615384616
MRI-CGCM3,rcp26,2030,7.237902461538461
MRI-CGCM3,rcp26,2031,7.237070615384615
MRI-CGCM3,rcp26,2032,7.221177076923077
MRI-CGCM3,rcp26,2033,6.925539846153845
MRI-CGCM3,rcp26,2034,7.449171384615385
MRI-CGCM3,rcp26,2035,7.369520769230769
MRI-CGCM3,rcp26,2036,7.473384769230769
NorESM1-M,rcp26,2006,7.286796000000001
NorESM1-M,rcp26,2007,6.898116461538462
NorESM1-M,rcp26,2008,6.908141076923076
NorESM1-M,rcp26,2009,7.685768461538461
NorESM1-M,rcp26,2010,7.50466
NorESM1-M,rcp26,2011,7.601345846153847
NorESM1-M,rcp26,2012,7.015717230769231
NorESM1-M,rcp26,2013,7.260087076923076
NorESM1-M,rcp26,2014,7.6853676923076915
NorESM1-M,rcp26,2015,7.216965538461538
NorESM1-M,rcp26,2016,7.736617538461539
NorESM1-M,rcp26,2017,7.635286307692309
NorESM1-M,rcp26,2018,7.809118
NorESM1-M,rcp26,2019,7.412944923076922
NorESM1-M,rcp26,2020,7.560647076923076
NorESM1-M,rcp26,2021,7.565393076923076
NorESM1-M,rcp26,2022,7.457119076923076
NorESM1-M,rcp26,2023,7.761455384615385
NorESM1-M,rcp26,2024,7.564587076923075
NorESM1-M,rcp26,2025,7.441203692307693
NorESM1-M,rcp26,2026,7.364720307692307
NorESM1-M,rcp26,2027,7.696940153846153
NorESM1-M,rcp26,2028,7.9831101538461535
NorESM1-M,rcp26,2029,7.352393076923078
NorESM1-M,rcp26,2030,7.184142307692307
NorESM1-M,rcp26,2031,7.289507230769232
NorESM1-M,rcp26,2032,7.447827076923078
NorESM1-M,rcp26,2033,7.310225538461538
NorESM1-M,rcp26,2034,7.289047692307691
NorESM1-M,rcp26,2035,7.7201330769230765
NorESM1-M,rcp26,2036,8.136933846153845
ACCESS1-0,rcp45,2006,7.248911384615385
ACCESS1-0,rcp45,2007,7.463847538461539
ACCESS1-0,rcp45,2008,7.737799692307693
ACCESS1-0,rcp45,2009,7.374969846153846
ACCESS1-0,rcp45,2010,7.9737933846153854
ACCESS1-0,rcp45,2011,7.116131076923077
ACCESS1-0,rcp45,2012,8.123843384615384
ACCESS1-0,rcp45,2013,7.663540153846153
ACCESS1-0,rcp45,2014,7.636594461538461
ACCESS1-0,rcp45,2015,7.3390650769230765
ACCESS1-0,rcp45,2016,8.264473538461539
ACCESS1-0,rcp45,2017,7.771304307692307
ACCESS1-0,rcp45,2018,7.034897384615384
ACCESS1-0,rcp45,2019,7.703970615384615
ACCESS1-0,rcp45,2020,7.622990769230769
ACCESS1-0,rcp45,2021,7.824158923076923
ACCESS1-0,rcp45,2022,7.677581999999999
ACCESS1-0,rcp45,2023,7.654283230769231
ACCESS1-0,rcp45,2024,7.632311538461539
ACCESS1-0,rcp45,2025,7.728321999999999
ACCESS1-0,rcp45,2026,7.551684615384616
ACCESS1-0,rcp45,2027,7.71737523076923
ACCESS1-0,rcp45,2028,7.429891846153845
ACCESS1-0,rcp45,2029,7.548035692307693
ACCESS1-0,rcp45,2030,7.717759692307691
ACCESS1-0,rcp45,2031,8.173116923076924
ACCESS1-0,rcp45,2032,8.316123076923077
ACCESS1-0,rcp45,2033,8.428350615384614
ACCESS1-0,rcp45,2034,7.866652
ACCESS1-0,rcp45,2035,8.161787076923076
ACCESS1-0,rcp45,2036,7.990723846153847
ACCESS1-3,rcp45,2006,6.991132923076923
ACCESS1-3,rcp45,2007,6.861431538461539
ACCESS1-3,rcp45,2008,6.762147384615385
ACCESS1-3,rcp45,2009,7.014224461538461
ACCESS1-3,rcp45,2010,7.327167538461539
ACCESS1-3,rcp45,2011,6.6390815384615385
ACCESS1-3,rcp45,2012,6.959836615384615
ACCESS1-3,rcp45,2013,7.527787692307692
ACCESS1-3,rcp45,2014,7.2908539999999995
ACCESS1-3,rcp45,2015,7.513224923076923
ACCESS1-3,rcp45,2016,7.137786461538462
ACCESS1-3,rcp45,2017,7.29087123076923
ACCESS1-3,rcp45,2018,7.501772615384614
ACCESS1-3,rcp45,2019,7.447215692307692
ACCESS1-3,rcp45,2020,7.297092
ACCESS1-3,rcp45,2021,6.94920646153846
ACCESS1-3,rcp45,2022,7.27421476923077
ACCESS1-3,rcp45,2023,7.438883846153845
ACCESS1-3,rcp45,2024,6.988532
ACCESS1-3,rcp45,2025,7.659813692307692
ACCESS1-3,rcp45,2026,7.047554923076922
ACCESS1-3,rcp45,2027,7.8154243076923064
ACCESS1-3,rcp45,2028,7.833080307692309
ACCESS1-3,rcp45,2029,7.3988429230769235
ACCESS1-3,rcp45,2030,7.775386769230769
ACCESS1-3,rcp45,2031,7.632787384615385
ACCESS1-3,rcp45,2032,7.0542803076923075
ACCESS1-3,rcp45,2033,7.792953384615386
ACCESS1-3,rcp45,2034,7.292745999999999
ACCESS1-3,rcp45,2035,7.205036615384615
ACCESS1-3,rcp45,2036,7.10034446153846
bcc-csm1-1-m,rcp45,2006,7.66651123076923
bcc-csm1-1-m,rcp45,2007,6.882277538461538
bcc-csm1-1-m,rcp45,2008,7.831023076923077
bcc-csm1-1-m,rcp45,2009,7.468754153846152
bcc-csm1-1-m,rcp45,2010,6.834659538461538
bcc-csm1-1-m,rcp45,2011,7.301077692307692
bcc-csm1-1-m,rcp45,2012,7.1988336923076925
bcc-csm1-1-m,rcp45,2013,6.999183076923077
bcc-csm1-1-m,rcp45,2014,7.48923323076923
bcc-csm1-1-m,rcp45,2015,7.455363692307692
bcc-csm1-1-m,rcp45,2016,7.693253230769231
bcc-csm1-1-m,rcp45,2017,8.071149692307692
bcc-csm1-1-m,rcp45,2018,7.9994527692307695
bcc-csm1-1-m,rcp45,2019,7.493343230769231
bcc-csm1-1-m,rcp45,2020,7.374930615384615
bcc-csm1-1-m,rcp45,2021,6.992964923076922
bcc-csm1-1-m,rcp45,2022,7.674981230769232
bcc-csm1-1-m,rcp45,2023,7.825843384615384
bcc-csm1-1-m,rcp45,2024,7.954588461538462
bcc-csm1-1-m,rcp45,2025,8.050891230769231
bcc-csm1-1-m,rcp45,2026,7.908266
bcc-csm1-1-m,rcp45,2027,7.485918153846154
bcc-csm1-1-m,rcp45,2028,7.83142553846154
bcc-csm1-1-m,rcp45,2029,7.440355538461539
bcc-csm1-1-m,rcp45,2030,7.380928615384614
bcc-csm1-1-m,rcp45,2031,7.5870426153846156
bcc-csm1-1-m,rcp45,2032,7.58709723076923
bcc-csm1-1-m,rcp45,2033,7.912618307692307
bcc-csm1-1-m,rcp45,2034,7.3162706153846155
bcc-csm1-1-m,rcp45,2035,8.130815846153846
bcc-csm1-1-m,rcp45,2036,7.793604615384616
bcc-csm1-1,rcp45,2006,7.531969692307691
bcc-csm1-1,rcp45,2007,8.030074461538462
bcc-csm1-1,rcp45,2008,8.156080000000001
bcc-csm1-1,rcp45,2009,8.254411384615384
bcc-csm1-1,rcp45,2010,7.586438153846154
bcc-csm1-1,rcp45,2011,7.784125692307691
bcc-csm1-1,rcp45,2012,7.114273692307691
bcc-csm1-1,rcp45,2013,8.020219384615384
bcc-csm1-1,rcp45,2014,8.031137692307691
bcc-csm1-1,rcp45,2015,7.860862615384615
bcc-csm1-1,rcp45,2016,7.396383846153846
bcc-csm1-1,rcp45,2017,7.709723846153846
bcc-csm1-1,rcp45,2018,7.838628461538462
bcc-csm1-1,rcp45,2019,8.000514615384615
bcc-csm1-1,rcp45,2020,7.46533723076923
bcc-csm1-1,rcp45,2021,7.61817046153846
bcc-csm1-1,rcp45,2022,8.007360153846152
bcc-csm1-1,rcp45,2023,7.932265692307693
bcc-csm1-1,rcp45,2024,8.240163538461537
bcc-csm1-1,rcp45,2025,7.960835538461538
bcc-csm1-1,rcp45,2026,7.965360307692308
bcc-csm1-1,rcp45,2027,8.210877692307692
bcc-csm1-1,rcp45,2028,7.135945384615384
bcc-csm1-1,rcp45,2029,7.193554461538462
bcc-csm1-1,rcp45,2030,7.815514
bcc-csm1-1,rcp45,2031,7.288818
bcc-csm1-1,rcp45,2032,8.724815076923077
bcc-csm1-1,rcp45,2033,8.26930523076923
bcc-csm1-1,rcp45,2034,7.658186461538462
bcc-csm1-1,rcp45,2035,8.451707076923077
bcc-csm1-1,rcp45,2036,7.63765523076923
BNU-ESM,rcp45,2006,7.174444
BNU-ESM,rcp45,2007,7.540575076923076
BNU-ESM,rcp45,2008,7.234385692307693
BNU-ESM,rcp45,2009,6.983311538461539
BNU-ESM,rcp45,2010,6.933055076923077
BNU-ESM,rcp45,2011,7.606291076923077
BNU-ESM,rcp45,2012,7.43287723076923
BNU-ESM,rcp45,2013,7.563439230769232
BNU-ESM,rcp45,2014,7.851104461538461
BNU-ESM,rcp45,2015,7.644892307692307
BNU-ESM,rcp45,2016,7.227417692307692
BNU-ESM,rcp45,2017,7.78687323076923
BNU-ESM,rcp45,2018,7.379488461538461
BNU-ESM,rcp45,2019,7.6419535384615385
BNU-ESM,rcp45,2020,7.491119999999999
BNU-ESM,rcp45,2021,7.232697076923077
BNU-ESM,rcp45,2022,7.295528923076924
BNU-ESM,rcp45,2023,7.439325846153845
BNU-ESM,rcp45,2024,7.203076923076923
BNU-ESM,rcp45,2025,7.732632307692307
BNU-ESM,rcp45,2026,7.5775475384615385
BNU-ESM,rcp45,2027,7.871249692307692
BNU-ESM,rcp45,2028,7.7454867692307685
BNU-ESM,rcp45,2029,7.907345846153845
BNU-ESM,rcp45,2030,7.725168923076923
BNU-ESM,rcp45,2031,7.443230153846153
BNU-ESM,rcp45,2032,7.480638153846154
BNU-ESM,rcp45,2033,7.291346461538462
BNU-ESM,rcp45,2034,7.855580923076923
BNU-ESM,rcp45,2035,7.985905692307693
BNU-ESM,rcp45,2036,7.105881076923077
CanESM2,rcp45,2006,7.883099999999999
CanESM2,rcp45,2007,7.471570000000001
CanESM2,rcp45,2008,7.127457538461538
CanESM2,rcp45,2009,6.920749076923077
CanESM2,rcp45,2010,7.5058573846153855
CanESM2,rcp45,2011,7.712071384615385
CanESM2,rcp45,2012,8.018263999999999
CanESM2,rcp45,2013,6.967341076923076
CanESM2,rcp45,2014,6.993224615384615
CanESM2,rcp45,2015,7.5440393846153855
CanESM2,rcp45,2016,6.87014523076923
CanESM2,rcp45,2017,7.303389846153847
CanESM2,rcp45,2018,7.360770615384614
CanESM2,rcp45,2019,7.389098
CanESM2,rcp45,2020,7.584625538461539
CanESM2,rcp45,2021,7.552347538461538
CanESM2,rcp45,2022,7.712448615384615
CanESM2,rcp45,2023,7.406163692307692
CanESM2,rcp45,2024,7.870813384615383
CanESM2,rcp45,2025,7.417709692307692
CanESM2,rcp45,2026,7.387172153846154
CanESM2,rcp45,2027,7.626755846153848
CanESM2,rcp45,2028,7.721780153846154
CanESM2,rcp45,2029,7.966400153846153
CanESM2,rcp45,2030,7.809317538461539
CanESM2,rcp45,2031,7.882283846153846
CanESM2,rcp45,2032,7.837633538461539
CanESM2,rcp45,2033,8.112740769230768
CanESM2,rcp45,2034,8.015881076923076
CanESM2,rcp45,2035,7.549283384615385
CanESM2,rcp45,2036,7.751754769230769
CCSM4,rcp45,2006,7.086410615384614
CCSM4,rcp45,2007,7.382166153846153
CCSM4,rcp45,2008,7.142346923076922
CCSM4,rcp45,2009,6.924077692307692
CCSM4,rcp45,2010,7.426569846153845
CCSM4,rcp45,2011,7.125112
CCSM4,rcp45,2012,6.752761384615384
CCSM4,rcp45,2013,7.27168676923077
CCSM4,rcp45,2014,6.876096153846153
CCSM4,rcp45,2015,7.371618923076922
CCSM4,rcp45,2016,7.819067538461539
CCSM4,rcp45,2017,7.015326923076922
CCSM4,rcp45,2018,7.398484307692306
CCSM4,rcp45,2019,7.298333846153845
CCSM4,rcp45,2020,7.004938153846154
CCSM4,rcp45,2021,7.0069923076923075
CCSM4,rcp45,2022,7.945852769230769
CCSM4,rcp45,2023,7.536616
CCSM4,rcp45,2024,7.275054
CCSM4,rcp45,2025,7.396613076923077
CCSM4,rcp45,2026,7.189064461538463
CCSM4,rcp45,2027,7.462993384615385
CCSM4,rcp45,2028,6.97456523076923
CCSM4,rcp45,2029,7.030465846153845
CCSM4,rcp45,2030,7.786133076923077
CCSM4,rcp45,2031,6.7245441538461534
CCSM4,rcp45,2032,7.367379692307693
CCSM4,rcp45,2033,7.360179076923076
CCSM4,rcp45,2034,7.947509076923077
CCSM4,rcp45,2035,7.423036923076923
CCSM4,rcp45,2036,7.944646615384616
CESM1-BGC,rcp45,2006,7.541393538461538
CESM1-BGC,rcp45,2007,7.414958307692308
CESM1-BGC,rcp45,2008,7.253500307692306
CESM1-BGC,rcp45,2009,7.136183076923078
CESM1-BGC,rcp45,2010,6.949921692307692
CESM1-BGC,rcp45,2011,7.2158521538461535
CESM1-BGC,rcp45,2012,7.712528307692308
CESM1-BGC,rcp45,2013,6.912566923076922
CESM1-BGC,rcp45,2014,6.908487384615384
CESM1-BGC,rcp45,2015,7.787258615384616
CESM1-BGC,rcp45,2016,7.522291999999999
CESM1-BGC,rcp45,2017,7.294847538461538
CESM1-BGC,rcp45,2018,7.972928
CESM1-BGC,rcp45,2019,7.648332769230769
CESM1-BGC,rcp45,2020,7.91881076923077
CESM1-BGC,rcp45,2021,7.71055323076923
CESM1-BGC,rcp45,2022,7.4348635384615385
CESM1-BGC,rcp45,2023,7.23765723076923
CESM1-BGC,rcp45,2024,7.627742461538461
CESM1-BGC,rcp45,2025,7.228184
CESM1-BGC,rcp45,2026,7.593495692307691
CESM1-BGC,rcp45,2027,7.667344461538462
CESM1-BGC,rcp45,2028,7.1311613846153845
CESM1-BGC,rcp45,2029,7.604508000000001
CESM1-BGC,rcp45,2030,7.291823076923076
CESM1-BGC,rcp45,2031,7.1454886153846155
CESM1-BGC,rcp45,2032,7.982585384615385
CESM1-BGC,rcp45,2033,7.688606615384616
CESM1-BGC,rcp45,2034,7.13081123076923
CESM1-BGC,rcp45,2035,6.934162615384615
CESM1-BGC,rcp45,2036,7.354854769230769
CESM1-CAM5,rcp45,2006,6.791827076923077
CESM1-CAM5,rcp45,2007,7.27138523076923
CESM1-CAM5,rcp45,2008,7.077147692307692
CESM1-CAM5,rcp45,2009,7.216077384615384
CESM1-CAM5,rcp45,2010,7.335110153846154
CESM1-CAM5,rcp45,2011,7.3584352307692305
CESM1-CAM5,rcp45,2012,6.7251213846153854
CESM1-CAM5,rcp45,2013,6.824779076923076
CESM1-CAM5,rcp45,2014,7.143104
CESM1-CAM5,rcp45,2015,7.365684307692306
CESM1-CAM5,rcp45,2016,7.131423999999999
CESM1-CAM5,rcp45,2017,6.857746461538462
CESM1-CAM5,rcp45,2018,7.505123230769231
CESM1-CAM5,rcp45,2019,6.930322
CESM1-CAM5,rcp45,2020,7.361162769230769
CESM1-CAM5,rcp45,2021,7.560438
CESM1-CAM5,rcp45,2022,7.55764923076923
CESM1-CAM5,rcp45,2023,7.048727384615385
CESM1-CAM5,rcp45,2024,7.438229384615384
CESM1-CAM5,rcp45,2025,7.584377846153847
CESM1-CAM5,rcp45,2026,7.545654615384614
CESM1-CAM5,rcp45,2027,6.9938280000000015
CESM1-CAM5,rcp45,2028,7.213218769230768
CESM1-CAM5,rcp45,2029,7.6952983076923065
CESM1-CAM5,rcp45,2030,7.872796461538461
CESM1-CAM5,rcp45,2031,7.6469647692307685
CESM1-CAM5,rcp45,2032,7.199274923076922
CESM1-CAM5,rcp45,2033,7.922008307692308
CESM1-CAM5,rcp45,2034,7.864776153846153
CESM1-CAM5,rcp45,2035,7.876796615384614
CESM1-CAM5,rcp45,2036,7.585130769230769
CMCC-CMS,rcp45,2006,7.398862307692308
CMCC-CMS,rcp45,2007,6.936669230769232
CMCC-CMS,rcp45,2008,6.844028461538461
CMCC-CMS,rcp45,2009,6.425863846153846
CMCC-CMS,rcp45,2010,8.035758307692308
CMCC-CMS,rcp45,2011,7.754003692307692
CMCC-CMS,rcp45,2012,7.289903538461539
CMCC-CMS,rcp45,2013,7.876882461538461
CMCC-CMS,rcp45,2014,7.642568000000001
CMCC-CMS,rcp45,2015,7.069219384615384
CMCC-CMS,rcp45,2016,8.142585692307692
CMCC-CMS,rcp45,2017,7.840788307692307
CMCC-CMS,rcp45,2018,7.783154615384616
CMCC-CMS,rcp45,2019,7.73376923076923
CMCC-CMS,rcp45,2020,7.9872218461538464
CMCC-CMS,rcp45,2021,7.848739538461537
CMCC-CMS,rcp45,2022,7.101902307692309
CMCC-CMS,rcp45,2023,6.949411384615384
CMCC-CMS,rcp45,2024,7.9624179999999996
CMCC-CMS,rcp45,2025,7.634488461538461
CMCC-CMS,rcp45,2026,7.704351999999999
CMCC-CMS,rcp45,2027,7.87684723076923
CMCC-CMS,rcp45,2028,7.639863384615384
CMCC-CMS,rcp45,2029,7.319397692307692
CMCC-CMS,rcp45,2030,7.793082153846154
CMCC-CMS,rcp45,2031,7.747808307692307
CMCC-CMS,rcp45,2032,7.208937846153847
CMCC-CMS,rcp45,2033,8.719528769230768
CMCC-CMS,rcp45,2034,7.622506153846152
CMCC-CMS,rcp45,2035,7.755510461538462
CMCC-CMS,rcp45,2036,8.585466307692307
CMCC-CM,rcp45,2006,6.994831076923076
CMCC-CM,rcp45,2007,7.239725692307693
CMCC-CM,rcp45,2008,7.1856906153846145
CMCC-CM,rcp45,2009,7.0370796923076915
CMCC-CM,rcp45,2010,7.1348295384615374
CMCC-CM,rcp45,2011,6.897931076923076
CMCC-CM,rcp45,2012,7.196716153846154
CMCC-CM,rcp45,2013,7.108319846153846
CMCC-CM,rcp45,2014,7.099656307692308
CMCC-CM,rcp45,2015,7.155011384615385
CMCC-CM,rcp45,2016,7.423799846153846
CMCC-CM,rcp45,2017,7.358887692307692
CMCC-CM,rcp45,2018,7.32130276923077
CMCC-CM,rcp45,2019,7.514340923076922
CMCC-CM,rcp45,2020,7.155512923076922
CMCC-CM,rcp45,2021,7.099414923076924
CMCC-CM,rcp45,2022,7.025200615384615
CMCC-CM,rcp45,2023,7.362180461538462
CMCC-CM,rcp45,2024,7.152919230769229
CMCC-CM,rcp45,2025,7.209380615384615
CMCC-CM,rcp45,2026,7.743307230769231
CMCC-CM,rcp45,2027,7.7672099999999995
CMCC-CM,rcp45,2028,7.631021692307693
CMCC-CM,rcp45,2029,7.712217846153846
CMCC-CM,rcp45,2030,7.484102461538461
CMCC-CM,rcp45,2031,7.518097384615384
CMCC-CM,rcp45,2032,7.216025384615383
CMCC-CM,rcp45,2033,7.437134461538461
CMCC-CM,rcp45,2034,7.3745987692307695
CMCC-CM,rcp45,2035,7.356430153846153
CMCC-CM,rcp45,2036,7.639894615384616
CNRM-CM5,rcp45,2006,6.79866523076923
CNRM-CM5,rcp45,2007,7.016202000000001
CNRM-CM5,rcp45,2008,7.529322923076923
CNRM-CM5,rcp45,2009,7.3651159999999996
CNRM-CM5,rcp45,2010,7.027055384615384
CNRM-CM5,rcp45,2011,7.382302461538462
CNRM-CM5,rcp45,2012,7.047893692307692
CNRM-CM5,rcp45,2013,7.031808769230769
CNRM-CM5,rcp45,2014,7.469098923076922
CNRM-CM5,rcp45,2015,7.395170615384615
CNRM-CM5,rcp45,2016,7.395859230769231
CNRM-CM5,rcp45,2017,7.222096461538462
CNRM-CM5,rcp45,2018,6.859372153846153
CNRM-CM5,rcp45,2019,7.197795999999999
CNRM-CM5,rcp45,2020,7.817329692307692
CNRM-CM5,rcp45,2021,7.555552153846152
CNRM-CM5,rcp45,2022,7.107129846153846
CNRM-CM5,rcp45,2023,7.056953846153846
CNRM-CM5,rcp45,2024,7.0279630769230765
CNRM-CM5,rcp45,2025,7.1829216923076915
CNRM-CM5,rcp45,2026,7.428124307692307
CNRM-CM5,rcp45,2027,7.422829076923077
CNRM-CM5,rcp45,2028,7.819523230769231
CNRM-CM5,rcp45,2029,7.347114461538462
CNRM-CM5,rcp45,2030,7.390327076923078
CNRM-CM5,rcp45,2031,7.730773846153847
CNRM-CM5,rcp45,2032,7.518895846153847
CNRM-CM5,rcp45,2033,7.202147076923077
CNRM-CM5,rcp45,2034,7.457541076923078
CNRM-CM5,rcp45,2035,7.592695692307692
CNRM-CM5,rcp45,2036,7.356
CSIRO-Mk3-6-0,rcp45,2006,7.676250769230769
CSIRO-Mk3-6-0,rcp45,2007,7.8947058461538475
CSIRO-Mk3-6-0,rcp45,2008,8.265494615384615
CSIRO-Mk3-6-0,rcp45,2009,7.568381692307692
CSIRO-Mk3-6-0,rcp45,2010,7.893347230769231
CSIRO-Mk3-6-0,rcp45,2011,7.751486307692307
CSIRO-Mk3-6-0,rcp45,2012,6.793917230769232
CSIRO-Mk3-6-0,rcp45,2013,7.372696615384616
CSIRO-Mk3-6-0,rcp45,2014,8.22328123076923
CSIRO-Mk3-6-0,rcp45,2015,7.166451230769229
CSIRO-Mk3-6-0,rcp45,2016,7.163614615384616
CSIRO-Mk3-6-0,rcp45,2017,7.793899692307692
CSIRO-Mk3-6-0,rcp45,2018,7.988044615384615
CSIRO-Mk3-6-0,rcp45,2019,7.638650307692307
CSIRO-Mk3-6-0,rcp45,2020,7.537338
CSIRO-Mk3-6-0,rcp45,2021,7.173209384615386
CSIRO-Mk3-6-0,rcp45,2022,7.787037846153846
CSIRO-Mk3-6-0,rcp45,2023,7.185699384615384
CSIRO-Mk3-6-0,rcp45,2024,7.40859276923077
CSIRO-Mk3-6-0,rcp45,2025,7.546106153846154
CSIRO-Mk3-6-0,rcp45,2026,7.10107723076923
CSIRO-Mk3-6-0,rcp45,2027,7.4179896923076925
CSIRO-Mk3-6-0,rcp45,2028,7.650339384615384
CSIRO-Mk3-6-0,rcp45,2029,6.861872461538462
CSIRO-Mk3-6-0,rcp45,2030,8.137516923076923
CSIRO-Mk3-6-0,rcp45,2031,7.891622461538461
CSIRO-Mk3-6-0,rcp45,2032,7.920630153846154
CSIRO-Mk3-6-0,rcp45,2033,8.233555230769232
CSIRO-Mk3-6-0,rcp45,2034,7.63408
CSIRO-Mk3-6-0,rcp45,2035,7.44091523076923
CSIRO-Mk3-6-0,rcp45,2036,8.265666
FGOALS-g2,rcp45,2006,7.117980923076922
FGOALS-g2,rcp45,2007,7.461932307692307
FGOALS-g2,rcp45,2008,7.070733846153846
FGOALS-g2,rcp45,2009,7.18070923076923
FGOALS-g2,rcp45,2010,6.9289675384615395
FGOALS-g2,rcp45,2011,7.314496307692307
FGOALS-g2,rcp45,2012,7.218332769230769
FGOALS-g2,rcp45,2013,7.537560615384615
FGOALS-g2,rcp45,2014,7.676046615384616
FGOALS-g2,rcp45,2015,7.670853538461539
FGOALS-g2,rcp45,2016,7.216946307692307
FGOALS-g2,rcp45,2017,7.516664769230768
FGOALS-g2,rcp45,2018,8.070748615384616
FGOALS-g2,rcp45,2019,8.04137646153846
FGOALS-g2,rcp45,2020,7.4552992307692305
FGOALS-g2,rcp45,2021,7.2702261538461554
FGOALS-g2,rcp45,2022,7.339568923076924
FGOALS-g2,rcp45,2023,7.393155692307692
FGOALS-g2,rcp45,2024,7.253690307692307
FGOALS-g2,rcp45,2025,7.429963384615385
FGOALS-g2,rcp45,2026,7.8307815384615385
FGOALS-g2,rcp45,2027,7.817614
FGOALS-g2,rcp45,2028,7.816349538461538
FGOALS-g2,rcp45,2029,7.200122153846153
FGOALS-g2,rcp45,2030,7.556733076923077
FGOALS-g2,rcp45,2031,7.599231692307693
FGOALS-g2,rcp45,2032,7.749886461538462
FGOALS-g2,rcp45,2033,7.477888461538461
FGOALS-g2,rcp45,2034,7.741233692307693
FGOALS-g2,rcp45,2035,8.123367538461538
FGOALS-g2,rcp45,2036,7.670642153846153
GFDL-ESM2G,rcp45,2006,7.388574307692307
GFDL-ESM2G,rcp45,2007,7.346800307692307
GFDL-ESM2G,rcp45,2008,7.251797692307692
GFDL-ESM2G,rcp45,2009,7.308304769230769
GFDL-ESM2G,rcp45,2010,7.105147538461539
GFDL-ESM2G,rcp45,2011,7.144750153846154
GFDL-ESM2G,rcp45,2012,7.346556307692308
GFDL-ESM2G,rcp45,2013,7.483118769230768
GFDL-ESM2G,rcp45,2014,7.434957538461538
GFDL-ESM2G,rcp45,2015,7.741020153846155
GFDL-ESM2G,rcp45,2016,7.665698
GFDL-ESM2G,rcp45,2017,7.482537846153845
GFDL-ESM2G,rcp45,2018,7.049340461538461
GFDL-ESM2G,rcp45,2019,7.0218324615384615
GFDL-ESM2G,rcp45,2020,7.528614615384615
GFDL-ESM2G,rcp45,2021,7.4765813846153835
GFDL-ESM2G,rcp45,2022,7.939124153846155
GFDL-ESM2G,rcp45,2023,7.323558769230768
GFDL-ESM2G,rcp45,2024,7.378352615384616
GFDL-ESM2G,rcp45,2025,7.375213846153845
GFDL-ESM2G,rcp45,2026,7.534039692307692
GFDL-ESM2G,rcp45,2027,7.465817076923077
GFDL-ESM2G,rcp45,2028,7.596683692307693
GFDL-ESM2G,rcp45,2029,7.5717652307692305
GFDL-ESM2G,rcp45,2030,7.438071692307692
GFDL-ESM2G,rcp45,2031,7.631907538461539
GFDL-ESM2G,rcp45,2032,7.764750923076922
GFDL-ESM2G,rcp45,2033,6.946553076923077
GFDL-ESM2G,rcp45,2034,7.100170769230769
GFDL-ESM2G,rcp45,2035,7.310664923076923
GFDL-ESM2G,rcp45,2036,7.209247692307692
GFDL-ESM2M,rcp45,2006,7.207999230769229
GFDL-ESM2M,rcp45,2007,7.414769692307691
GFDL-ESM2M,rcp45,2008,7.063075846153845
GFDL-ESM2M,rcp45,2009,7.102886153846154
GFDL-ESM2M,rcp45,2010,7.077876153846155
GFDL-ESM2M,rcp45,2011,7.168633076923077
GFDL-ESM2M,rcp45,2012,7.377919692307691
GFDL-ESM2M,rcp45,2013,7.255402153846155
GFDL-ESM2M,rcp45,2014,7.603519692307692
GFDL-ESM2M,rcp45,2015,7.147988461538461
GFDL-ESM2M,rcp45,2016,7.560410153846154
GFDL-ESM2M,rcp45,2017,8.109725846153845
GFDL-ESM2M,rcp45,2018,7.471601230769232
GFDL-ESM2M,rcp45,2019,7.555586153846153
GFDL-ESM2M,rcp45,2020,7.133001999999999
GFDL-ESM2M,rcp45,2021,7.82788923076923
GFDL-ESM2M,rcp45,2022,7.212778615384615
GFDL-ESM2M,rcp45,2023,7.490738461538461
GFDL-ESM2M,rcp45,2024,7.623752461538461
GFDL-ESM2M,rcp45,2025,7.245077538461539
GFDL-ESM2M,rcp45,2026,7.721292153846153
GFDL-ESM2M,rcp45,2027,7.4837289230769235
GFDL-ESM2M,rcp45,2028,7.432544307692308
GFDL-ESM2M,rcp45,2029,8.002762615384615
GFDL-ESM2M,rcp45,2030,7.505179692307692
GFDL-ESM2M,rcp45,2031,7.82078323076923
GFDL-ESM2M,rcp45,2032,7.771485538461538
GFDL-ESM2M,rcp45,2033,7.866585384615385
GFDL-ESM2M,rcp45,2034,7.618858307692307
GFDL-ESM2M,rcp45,2035,7.652581230769232
GFDL-ESM2M,rcp45,2036,7.395717846153846
HadGEM2-AO,rcp45,2006,7.24945123076923
HadGEM2-AO,rcp45,2007,7.339876000000001
HadGEM2-AO,rcp45,2008,7.493372307692306
HadGEM2-AO,rcp45,2009,7.353588307692308
HadGEM2-AO,rcp45,2010,7.7214583076923065
HadGEM2-AO,rcp45,2011,7.4318895384615375
HadGEM2-AO,rcp45,2012,7.062293692307691
HadGEM2-AO,rcp45,2013,7.48837476923077
HadGEM2-AO,rcp45,2014,7.471768
HadGEM2-AO,rcp45,2015,7.2598547692307696
HadGEM2-AO,rcp45,2016,7.340769076923077
HadGEM2-AO,rcp45,2017,7.228362461538461
HadGEM2-AO,rcp45,2018,7.504863384615385
HadGEM2-AO,rcp45,2019,7.460490769230768
HadGEM2-AO,rcp45,2020,7.678320923076923
HadGEM2-AO,rcp45,2021,7.179508153846154
HadGEM2-AO,rcp45,2022,7.360390615384615
HadGEM2-AO,rcp45,2023,7.779594769230769
HadGEM2-AO,rcp45,2024,7.958327384615385
HadGEM2-AO,rcp45,2025,7.422816615384615
HadGEM2-AO,rcp45,2026,7.519426153846155
HadGEM2-AO,rcp45,2027,7.521249692307691
HadGEM2-AO,rcp45,2028,7.8348615384615385
HadGEM2-AO,rcp45,2029,7.710609538461537
HadGEM2-AO,rcp45,2030,7.2832296923076925
HadGEM2-AO,rcp45,2031,7.486294615384614
HadGEM2-AO,rcp45,2032,8.226032153846155
HadGEM2-AO,rcp45,2033,7.570224923076922
HadGEM2-AO,rcp45,2034,8.181402307692307
HadGEM2-AO,rcp45,2035,7.603259384615384
HadGEM2-AO,rcp45,2036,8.135980769230768
HadGEM2-CC,rcp45,2006,6.990676153846154
HadGEM2-CC,rcp45,2007,6.749702307692307
HadGEM2-CC,rcp45,2008,6.836899384615384
HadGEM2-CC,rcp45,2009,7.001732
HadGEM2-CC,rcp45,2010,7.466498615384615
HadGEM2-CC,rcp45,2011,7.525476307692308
HadGEM2-CC,rcp45,2012,7.493730153846155
HadGEM2-CC,rcp45,2013,7.11182076923077
HadGEM2-CC,rcp45,2014,7.588290153846154
HadGEM2-CC,rcp45,2015,7.885761230769232
HadGEM2-CC,rcp45,2016,7.461898923076923
HadGEM2-CC,rcp45,2017,7.540462615384615
HadGEM2-CC,rcp45,2018,7.476662461538462
HadGEM2-CC,rcp45,2019,7.598903076923078
HadGEM2-CC,rcp45,2020,7.667295846153846
HadGEM2-CC,rcp45,2021,7.2957860000000005
HadGEM2-CC,rcp45,2022,7.278714307692308
HadGEM2-CC,rcp45,2023,7.155872615384616
HadGEM2-CC,rcp45,2024,7.886114307692307
HadGEM2-CC,rcp45,2025,8.183805538461538
HadGEM2-CC,rcp45,2026,7.511885846153846
HadGEM2-CC,rcp45,2027,7.813133538461538
HadGEM2-CC,rcp45,2028,8.08064723076923
HadGEM2-CC,rcp45,2029,7.844015076923077
HadGEM2-CC,rcp45,2030,7.491406153846153
HadGEM2-CC,rcp45,2031,8.007163384615383
HadGEM2-CC,rcp45,2032,7.863007692307693
HadGEM2-CC,rcp45,2033,7.784594769230769
HadGEM2-CC,rcp45,2034,7.54485076923077
HadGEM2-CC,rcp45,2035,7.461104153846152
HadGEM2-CC,rcp45,2036,8.110869692307693
HadGEM2-ES,rcp45,2006,7.065743692307691
HadGEM2-ES,rcp45,2007,7.946309692307692
HadGEM2-ES,rcp45,2008,7.536948923076922
HadGEM2-ES,rcp45,2009,7.71905676923077
HadGEM2-ES,rcp45,2010,7.300627076923077
HadGEM2-ES,rcp45,2011,7.423060615384615
HadGEM2-ES,rcp45,2012,7.190600923076922
HadGEM2-ES,rcp45,2013,7.348500461538462
HadGEM2-ES,rcp45,2014,7.55045369230769
HadGEM2-ES,rcp45,2015,7.745306307692307
HadGEM2-ES,rcp45,2016,7.489569692307692
HadGEM2-ES,rcp45,2017,7.704081230769231
HadGEM2-ES,rcp45,2018,7.851476923076923
HadGEM2-ES,rcp45,2019,7.77088
HadGEM2-ES,rcp45,2020,7.424273230769232
HadGEM2-ES,rcp45,2021,7.724801692307693
HadGEM2-ES,rcp45,2022,7.792569076923077
HadGEM2-ES,rcp45,2023,8.131882307692308
HadGEM2-ES,rcp45,2024,7.898393076923077
HadGEM2-ES,rcp45,2025,7.7828427692307685
HadGEM2-ES,rcp45,2026,7.5388990769230775
HadGEM2-ES,rcp45,2027,7.410197846153846
HadGEM2-ES,rcp45,2028,7.878095846153847
HadGEM2-ES,rcp45,2029,7.713568461538461
HadGEM2-ES,rcp45,2030,8.065322153846154
HadGEM2-ES,rcp45,2031,7.348912615384614
HadGEM2-ES,rcp45,2032,7.713507230769231
HadGEM2-ES,rcp45,2033,8.34761323076923
HadGEM2-ES,rcp45,2034,7.801185846153847
HadGEM2-ES,rcp45,2035,8.122734615384616
HadGEM2-ES,rcp45,2036,7.784720615384615
inmcm4,rcp45,2006,7.21009923076923
inmcm4,rcp45,2007,6.9599727692307685
inmcm4,rcp45,2008,6.659395846153846
inmcm4,rcp45,2009,7.1358753846153835
inmcm4,rcp45,2010,7.221820461538461
inmcm4,rcp45,2011,7.358543384615385
inmcm4,rcp45,2012,7.019236923076922
inmcm4,rcp45,2013,7.029253846153845
inmcm4,rcp45,2014,6.905472461538461
inmcm4,rcp45,2015,7.729629076923078
inmcm4,rcp45,2016,7.470383692307692
inmcm4,rcp45,2017,6.884423076923077
inmcm4,rcp45,2018,6.564987384615384
inmcm4,rcp45,2019,7.29411676923077
inmcm4,rcp45,2020,7.099214
inmcm4,rcp45,2021,7.279359538461537
inmcm4,rcp45,2022,7.266384769230769
inmcm4,rcp45,2023,6.891115538461538
inmcm4,rcp45,2024,7.299880461538462
inmcm4,rcp45,2025,7.335159999999999
inmcm4,rcp45,2026,7.148081230769231
inmcm4,rcp45,2027,7.133081846153846
inmcm4,rcp45,2028,7.330019846153846
inmcm4,rcp45,2029,7.60712876923077
inmcm4,rcp45,2030,7.476578153846153
inmcm4,rcp45,2031,7.235308769230769
inmcm4,rcp45,2032,6.929796461538461
inmcm4,rcp45,2033,7.638459538461537
inmcm4,rcp45,2034,7.293555076923077
inmcm4,rcp45,2035,7.619178615384615
inmcm4,rcp45,2036,7.202194307692308
IPSL-CM5A-LR,rcp45,2006,7.293024769230769
IPSL-CM5A-LR,rcp45,2007,7.190353999999999
IPSL-CM5A-LR,rcp45,2008,7.250792769230768
IPSL-CM5A-LR,rcp45,2009,7.291377692307692
IPSL-CM5A-LR,rcp45,2010,7.477022615384615
IPSL-CM5A-LR,rcp45,2011,7.896481384615384
IPSL-CM5A-LR,rcp45,2012,7.101460923076923
IPSL-CM5A-LR,rcp45,2013,7.652191692307693
IPSL-CM5A-LR,rcp45,2014,7.702299538461538
IPSL-CM5A-LR,rcp45,2015,7.477684307692307
IPSL-CM5A-LR,rcp45,2016,7.431905384615385
IPSL-CM5A-LR,rcp45,2017,7.627827230769231
IPSL-CM5A-LR,rcp45,2018,7.442624153846155
IPSL-CM5A-LR,rcp45,2019,7.370073846153846
IPSL-CM5A-LR,rcp45,2020,7.3496289230769225
IPSL-CM5A-LR,rcp45,2021,7.768107538461539
IPSL-CM5A-LR,rcp45,2022,7.62638
IPSL-CM5A-LR,rcp45,2023,8.076727230769231
IPSL-CM5A-LR,rcp45,2024,7.626922307692308
IPSL-CM5A-LR,rcp45,2025,7.315731538461538
IPSL-CM5A-LR,rcp45,2026,7.7859261538461535
IPSL-CM5A-LR,rcp45,2027,8.051809384615385
IPSL-CM5A-LR,rcp45,2028,8.099646769230768
IPSL-CM5A-LR,rcp45,2029,7.76412723076923
IPSL-CM5A-LR,rcp45,2030,8.361955384615385
IPSL-CM5A-LR,rcp45,2031,8.263016
IPSL-CM5A-LR,rcp45,2032,7.707074769230768
IPSL-CM5A-LR,rcp45,2033,8.146271846153846
IPSL-CM5A-LR,rcp45,2034,8.323699538461538
IPSL-CM5A-LR,rcp45,2035,8.044611076923077
IPSL-CM5A-LR,rcp45,2036,8.380148153846154
IPSL-CM5A-MR,rcp45,2006,7.361543230769231
IPSL-CM5A-MR,rcp45,2007,7.463655538461538
IPSL-CM5A-MR,rcp45,2008,7.300267538461538
IPSL-CM5A-MR,rcp45,2009,7.375602307692307
IPSL-CM5A-MR,rcp45,2010,7.337411384615384
IPSL-CM5A-MR,rcp45,2011,7.632213999999999
IPSL-CM5A-MR,rcp45,2012,7.344392461538461
IPSL-CM5A-MR,rcp45,2013,7.230908615384615
IPSL-CM5A-MR,rcp45,2014,7.614687076923077
IPSL-CM5A-MR,rcp45,2015,7.534449846153846
IPSL-CM5A-MR,rcp45,2016,7.188618
IPSL-CM5A-MR,rcp45,2017,7.909740153846153
IPSL-CM5A-MR,rcp45,2018,7.623524615384616
IPSL-CM5A-MR,rcp45,2019,7.445196461538462
IPSL-CM5A-MR,rcp45,2020,7.584635076923077
IPSL-CM5A-MR,rcp45,2021,7.794189692307691
IPSL-CM5A-MR,rcp45,2022,7.766077692307692
IPSL-CM5A-MR,rcp45,2023,7.471357538461538
IPSL-CM5A-MR,rcp45,2024,7.484137846153845
IPSL-CM5A-MR,rcp45,2025,7.967850615384616
IPSL-CM5A-MR,rcp45,2026,7.863323384615385
IPSL-CM5A-MR,rcp45,2027,7.755784307692306
IPSL-CM5A-MR,rcp45,2028,7.411508461538461
IPSL-CM5A-MR,rcp45,2029,7.521833384615385
IPSL-CM5A-MR,rcp45,2030,8.084444
IPSL-CM5A-MR,rcp45,2031,7.9811423076923065
IPSL-CM5A-MR,rcp45,2032,7.9476847692307695
IPSL-CM5A-MR,rcp45,2033,7.647049692307692
IPSL-CM5A-MR,rcp45,2034,8.238069692307691
IPSL-CM5A-MR,rcp45,2035,7.6090898461538465
IPSL-CM5A-MR,rcp45,2036,7.900811692307691
IPSL-CM5B-LR,rcp45,2006,7.063483076923076
IPSL-CM5B-LR,rcp45,2007,7.142910307692308
IPSL-CM5B-LR,rcp45,2008,8.20071476923077
IPSL-CM5B-LR,rcp45,2009,7.189209076923077
IPSL-CM5B-LR,rcp45,2010,7.435782615384616
IPSL-CM5B-LR,rcp45,2011,6.894088461538461
IPSL-CM5B-LR,rcp45,2012,6.891874153846153
IPSL-CM5B-LR,rcp45,2013,7.2085873846153845
IPSL-CM5B-LR,rcp45,2014,7.006609230769231
IPSL-CM5B-LR,rcp45,2015,7.4394698461538455
IPSL-CM5B-LR,rcp45,2016,7.496040923076923
IPSL-CM5B-LR,rcp45,2017,7.501121384615384
IPSL-CM5B-LR,rcp45,2018,7.232060153846152
IPSL-CM5B-LR,rcp45,2019,7.195099846153846
IPSL-CM5B-LR,rcp45,2020,7.8330558461538455
IPSL-CM5B-LR,rcp45,2021,7.373028153846154
IPSL-CM5B-LR,rcp45,2022,7.320865846153846
IPSL-CM5B-LR,rcp45,2023,6.978240153846154
IPSL-CM5B-LR,rcp45,2024,7.369603076923077
IPSL-CM5B-LR,rcp45,2025,7.558713846153846
IPSL-CM5B-LR,rcp45,2026,7.515427076923076
IPSL-CM5B-LR,rcp45,2027,7.7798641538461535
IPSL-CM5B-LR,rcp45,2028,7.544422307692307
IPSL-CM5B-LR,rcp45,2029,7.649929230769231
IPSL-CM5B-LR,rcp45,2030,7.443152923076923
IPSL-CM5B-LR,rcp45,2031,7.538799076923077
IPSL-CM5B-LR,rcp45,2032,7.2628358461538465
IPSL-CM5B-LR,rcp45,2033,7.401725846153847
IPSL-CM5B-LR,rcp45,2034,7.642453846153845
IPSL-CM5B-LR,rcp45,2035,7.307345846153845
IPSL-CM5B-LR,rcp45,2036,7.839328461538462
MIROC-ESM-CHEM,rcp45,2006,7.379181230769231
MIROC-ESM-CHEM,rcp45,2007,7.320520307692308
MIROC-ESM-CHEM,rcp45,2008,7.574530461538462
MIROC-ESM-CHEM,rcp45,2009,7.333506615384616
MIROC-ESM-CHEM,rcp45,2010,7.441216
MIROC-ESM-CHEM,rcp45,2011,7.541629846153846
MIROC-ESM-CHEM,rcp45,2012,7.738537384615384
MIROC-ESM-CHEM,rcp45,2013,7.5973056923076925
MIROC-ESM-CHEM,rcp45,2014,7.623076153846154
MIROC-ESM-CHEM,rcp45,2015,7.653117230769231
MIROC-ESM-CHEM,rcp45,2016,7.510908153846153
MIROC-ESM-CHEM,rcp45,2017,7.523418461538461
MIROC-ESM-CHEM,rcp45,2018,7.183883692307693
MIROC-ESM-CHEM,rcp45,2019,7.616730923076922
MIROC-ESM-CHEM,rcp45,2020,7.564837692307691
MIROC-ESM-CHEM,rcp45,2021,7.605402923076922
MIROC-ESM-CHEM,rcp45,2022,7.724058769230768
MIROC-ESM-CHEM,rcp45,2023,7.52908276923077
MIROC-ESM-CHEM,rcp45,2024,7.92846723076923
MIROC-ESM-CHEM,rcp45,2025,7.671335384615385
MIROC-ESM-CHEM,rcp45,2026,7.638164
MIROC-ESM-CHEM,rcp45,2027,7.749845846153846
MIROC-ESM-CHEM,rcp45,2028,7.679549538461538
MIROC-ESM-CHEM,rcp45,2029,7.805580307692307
MIROC-ESM-CHEM,rcp45,2030,8.082776615384615
MIROC-ESM-CHEM,rcp45,2031,7.887161384615384
MIROC-ESM-CHEM,rcp45,2032,7.567950769230769
MIROC-ESM-CHEM,rcp45,2033,8.001940153846153
MIROC-ESM-CHEM,rcp45,2034,8.215600307692307
MIROC-ESM-CHEM,rcp45,2035,7.703151538461537
MIROC-ESM-CHEM,rcp45,2036,7.628583538461539
MIROC-ESM,rcp45,2006,7.781481384615384
MIROC-ESM,rcp45,2007,7.589624923076923
MIROC-ESM,rcp45,2008,7.187128153846153
MIROC-ESM,rcp45,2009,7.628863538461538
MIROC-ESM,rcp45,2010,6.900859846153846
MIROC-ESM,rcp45,2011,7.485036307692307
MIROC-ESM,rcp45,2012,7.651041538461538
MIROC-ESM,rcp45,2013,7.453309846153847
MIROC-ESM,rcp45,2014,7.729308
MIROC-ESM,rcp45,2015,7.880090615384615
MIROC-ESM,rcp45,2016,7.41718246153846
MIROC-ESM,rcp45,2017,7.609467846153846
MIROC-ESM,rcp45,2018,7.300291846153846
MIROC-ESM,rcp45,2019,7.448543076923077
MIROC-ESM,rcp45,2020,7.978827384615385
MIROC-ESM,rcp45,2021,7.643568307692306
MIROC-ESM,rcp45,2022,7.995664923076922
MIROC-ESM,rcp45,2023,7.763738153846154
MIROC-ESM,rcp45,2024,7.751057076923077
MIROC-ESM,rcp45,2025,7.831001384615384
MIROC-ESM,rcp45,2026,7.983100923076923
MIROC-ESM,rcp45,2027,8.070678461538462
MIROC-ESM,rcp45,2028,8.093677692307692
MIROC-ESM,rcp45,2029,8.216724307692306
MIROC-ESM,rcp45,2030,7.932275538461539
MIROC-ESM,rcp45,2031,8.096182461538461
MIROC-ESM,rcp45,2032,8.462649384615384
MIROC-ESM,rcp45,2033,8.015587384615383
MIROC-ESM,rcp45,2034,8.356220307692308
MIROC-ESM,rcp45,2035,8.467483076923076
MIROC-ESM,rcp45,2036,8.334467230769231
MIROC5,rcp45,2006,7.061429076923078
MIROC5,rcp45,2007,6.812341384615384
MIROC5,rcp45,2008,6.944877230769231
MIROC5,rcp45,2009,7.334554153846153
MIROC5,rcp45,2010,7.793916769230769
MIROC5,rcp45,2011,7.150331230769231
MIROC5,rcp45,2012,7.256817076923077
MIROC5,rcp45,2013,7.357378769230769
MIROC5,rcp45,2014,7.1179636923076925
MIROC5,rcp45,2015,7.406927846153846
MIROC5,rcp45,2016,7.830966923076924
MIROC5,rcp45,2017,7.185969076923077
MIROC5,rcp45,2018,6.945922153846152
MIROC5,rcp45,2019,6.962865384615384
MIROC5,rcp45,2020,7.880853999999999
MIROC5,rcp45,2021,7.94985723076923
MIROC5,rcp45,2022,6.76076523076923
MIROC5,rcp45,2023,6.596682461538462
MIROC5,rcp45,2024,7.40422476923077
MIROC5,rcp45,2025,8.404325538461539
MIROC5,rcp45,2026,7.629412461538461
MIROC5,rcp45,2027,7.643778153846154
MIROC5,rcp45,2028,7.3513687692307705
MIROC5,rcp45,2029,6.627793846153846
MIROC5,rcp45,2030,7.316690461538461
MIROC5,rcp45,2031,8.108354307692307
MIROC5,rcp45,2032,8.491437076923077
MIROC5,rcp45,2033,8.283718615384615
MIROC5,rcp45,2034,7.6730821538461536
MIROC5,rcp45,2035,7.1446633846153835
MIROC5,rcp45,2036,7.749661076923077
MPI-ESM-LR,rcp45,2006,6.931674769230769
MPI-ESM-LR,rcp45,2007,7.364312461538462
MPI-ESM-LR,rcp45,2008,7.141267538461538
MPI-ESM-LR,rcp45,2009,7.539459692307692
MPI-ESM-LR,rcp45,2010,7.4524416923076915
MPI-ESM-LR,rcp45,2011,7.750518307692308
MPI-ESM-LR,rcp45,2012,7.497266
MPI-ESM-LR,rcp45,2013,7.607665846153846
MPI-ESM-LR,rcp45,2014,7.340871999999999
MPI-ESM-LR,rcp45,2015,7.098571692307691
MPI-ESM-LR,rcp45,2016,7.997001846153846
MPI-ESM-LR,rcp45,2017,7.876965999999999
MPI-ESM-LR,rcp45,2018,7.205370153846154
MPI-ESM-LR,rcp45,2019,6.66591676923077
MPI-ESM-LR,rcp45,2020,7.342628923076924
MPI-ESM-LR,rcp45,2021,7.592973846153846
MPI-ESM-LR,rcp45,2022,7.580178153846153
MPI-ESM-LR,rcp45,2023,7.622041692307693
MPI-ESM-LR,rcp45,2024,7.452012615384614
MPI-ESM-LR,rcp45,2025,7.998973538461539
MPI-ESM-LR,rcp45,2026,7.288952307692307
MPI-ESM-LR,rcp45,2027,7.533387692307692
MPI-ESM-LR,rcp45,2028,7.592577692307692
MPI-ESM-LR,rcp45,2029,7.633573999999999
MPI-ESM-LR,rcp45,2030,6.923638
MPI-ESM-LR,rcp45,2031,7.227866307692309
MPI-ESM-LR,rcp45,2032,7.93166246153846
MPI-ESM-LR,rcp45,2033,8.587553692307692
MPI-ESM-LR,rcp45,2034,7.961796923076924
MPI-ESM-LR,rcp45,2035,7.344868307692307
MPI-ESM-LR,rcp45,2036,7.780795230769232
MPI-ESM-MR,rcp45,2006,7.429495076923077
MPI-ESM-MR,rcp45,2007,7.868856307692307
MPI-ESM-MR,rcp45,2008,7.610961846153845
MPI-ESM-MR,rcp45,2009,7.406259692307692
MPI-ESM-MR,rcp45,2010,7.059035384615384
MPI-ESM-MR,rcp45,2011,7.8079293846153845
MPI-ESM-MR,rcp45,2012,8.262767076923078
MPI-ESM-MR,rcp45,2013,7.464413384615384
MPI-ESM-MR,rcp45,2014,7.63939276923077
MPI-ESM-MR,rcp45,2015,7.356773846153845
MPI-ESM-MR,rcp45,2016,8.13526446153846
MPI-ESM-MR,rcp45,2017,7.653955076923076
MPI-ESM-MR,rcp45,2018,7.934887076923077
MPI-ESM-MR,rcp45,2019,7.5320058461538455
MPI-ESM-MR,rcp45,2020,7.475600307692307
MPI-ESM-MR,rcp45,2021,7.538006923076923
MPI-ESM-MR,rcp45,2022,7.934598769230769
MPI-ESM-MR,rcp45,2023,7.8128192307692315
MPI-ESM-MR,rcp45,2024,7.4338078461538455
MPI-ESM-MR,rcp45,2025,7.525743846153847
MPI-ESM-MR,rcp45,2026,8.48104123076923
MPI-ESM-MR,rcp45,2027,7.733142769230768
MPI-ESM-MR,rcp45,2028,7.799610153846155
MPI-ESM-MR,rcp45,2029,7.845758
MPI-ESM-MR,rcp45,2030,7.731631076923077
MPI-ESM-MR,rcp45,2031,7.5750487692307695
MPI-ESM-MR,rcp45,2032,7.908031230769232
MPI-ESM-MR,rcp45,2033,7.993007076923077
MPI-ESM-MR,rcp45,2034,8.039442769230769
MPI-ESM-MR,rcp45,2035,7.758911076923077
MPI-ESM-MR,rcp45,2036,7.221321692307692
MRI-CGCM3,rcp45,2006,7.091367846153846
MRI-CGCM3,rcp45,2007,7.094032000000001
MRI-CGCM3,rcp45,2008,7.149044307692308
MRI-CGCM3,rcp45,2009,6.739856769230769
MRI-CGCM3,rcp45,2010,7.087058307692308
MRI-CGCM3,rcp45,2011,6.902319538461539
MRI-CGCM3,rcp45,2012,7.093321999999999
MRI-CGCM3,rcp45,2013,7.359052307692307
MRI-CGCM3,rcp45,2014,7.099154769230769
MRI-CGCM3,rcp45,2015,6.9866867692307695
MRI-CGCM3,rcp45,2016,7.364021384615385
MRI-CGCM3,rcp45,2017,7.2601295384615385
MRI-CGCM3,rcp45,2018,6.961051384615384
MRI-CGCM3,rcp45,2019,7.289183076923077
MRI-CGCM3,rcp45,2020,7.2061776923076915
MRI-CGCM3,rcp45,2021,7.399248
MRI-CGCM3,rcp45,2022,7.479158769230769
MRI-CGCM3,rcp45,2023,7.228651999999999
MRI-CGCM3,rcp45,2024,7.227196461538462
MRI-CGCM3,rcp45,2025,7.282711384615384
MRI-CGCM3,rcp45,2026,7.214185076923076
MRI-CGCM3,rcp45,2027,7.178476307692308
MRI-CGCM3,rcp45,2028,7.340978615384615
MRI-CGCM3,rcp45,2029,6.921735076923076
MRI-CGCM3,rcp45,2030,7.33714123076923
MRI-CGCM3,rcp45,2031,7.092921999999999
MRI-CGCM3,rcp45,2032,7.3586772307692305
MRI-CGCM3,rcp45,2033,7.385156923076923
MRI-CGCM3,rcp45,2034,7.726141692307691
MRI-CGCM3,rcp45,2035,7.124756923076922
MRI-CGCM3,rcp45,2036,7.6420375384615395
NorESM1-M,rcp45,2006,7.655041384615385
NorESM1-M,rcp45,2007,7.499182461538462
NorESM1-M,rcp45,2008,7.4028955384615385
NorESM1-M,rcp45,2009,7.231328615384617
NorESM1-M,rcp45,2010,7.67904923076923
NorESM1-M,rcp45,2011,7.052111384615383
NorESM1-M,rcp45,2012,7.0634253846153845
NorESM1-M,rcp45,2013,7.365081384615384
NorESM1-M,rcp45,2014,7.756722307692307
NorESM1-M,rcp45,2015,7.34608276923077
NorESM1-M,rcp45,2016,7.167105076923077
NorESM1-M,rcp45,2017,7.629884769230769
NorESM1-M,rcp45,2018,7.280750923076921
NorESM1-M,rcp45,2019,7.999506769230769
NorESM1-M,rcp45,2020,7.744642923076923
NorESM1-M,rcp45,2021,7.443849538461539
NorESM1-M,rcp45,2022,7.3493443076923075
NorESM1-M,rcp45,2023,7.417317846153847
NorESM1-M,rcp45,2024,7.604352307692308
NorESM1-M,rcp45,2025,7.635887076923077
NorESM1-M,rcp45,2026,7.533938769230769
NorESM1-M,rcp45,2027,7.188530769230769
NorESM1-M,rcp45,2028,7.644394153846154
NorESM1-M,rcp45,2029,7.847303076923076
NorESM1-M,rcp45,2030,7.585106923076922
NorESM1-M,rcp45,2031,7.665346769230769
NorESM1-M,rcp45,2032,7.479540307692307
NorESM1-M,rcp45,2033,7.7766984615384604
NorESM1-M,rcp45,2034,7.868379384615383
NorESM1-M,rcp45,2035,8.251424153846154
NorESM1-M,rcp45,2036,8.214231384615386
bcc-csm1-1-m,rcp60,2006,7.30469
bcc-csm1-1-m,rcp60,2007,6.531397692307691
bcc-csm1-1-m,rcp60,2008,7.106297538461538
bcc-csm1-1-m,rcp60,2009,8.476456769230769
bcc-csm1-1-m,rcp60,2010,7.425698615384615
bcc-csm1-1-m,rcp60,2011,7.441857384615385
bcc-csm1-1-m,rcp60,2012,7.6058104615384625
bcc-csm1-1-m,rcp60,2013,7.194843692307691
bcc-csm1-1-m,rcp60,2014,7.546122461538461
bcc-csm1-1-m,rcp60,2015,7.478482615384616
bcc-csm1-1-m,rcp60,2016,7.559020615384616
bcc-csm1-1-m,rcp60,2017,7.765438769230769
bcc-csm1-1-m,rcp60,2018,6.822952153846154
bcc-csm1-1-m,rcp60,2019,7.591933846153846
bcc-csm1-1-m,rcp60,2020,7.513987384615385
bcc-csm1-1-m,rcp60,2021,7.126063692307691
bcc-csm1-1-m,rcp60,2022,7.876964923076923
bcc-csm1-1-m,rcp60,2023,8.440586153846153
bcc-csm1-1-m,rcp60,2024,8.141264615384616
bcc-csm1-1-m,rcp60,2025,8.096901076923077
bcc-csm1-1-m,rcp60,2026,7.661706000000001
bcc-csm1-1-m,rcp60,2027,7.926284
bcc-csm1-1-m,rcp60,2028,7.034499230769231
bcc-csm1-1-m,rcp60,2029,6.799615076923076
bcc-csm1-1-m,rcp60,2030,6.585902769230768
bcc-csm1-1-m,rcp60,2031,7.696664615384616
bcc-csm1-1-m,rcp60,2032,7.352756
bcc-csm1-1-m,rcp60,2033,7.863291538461539
bcc-csm1-1-m,rcp60,2034,7.386998307692307
bcc-csm1-1-m,rcp60,2035,7.621582769230769
bcc-csm1-1-m,rcp60,2036,7.746252
bcc-csm1-1,rcp60,2006,7.976292769230769
bcc-csm1-1,rcp60,2007,7.635897230769229
bcc-csm1-1,rcp60,2008,7.518397384615385
bcc-csm1-1,rcp60,2009,7.881480153846153
bcc-csm1-1,rcp60,2010,7.467721384615383
bcc-csm1-1,rcp60,2011,7.8330572307692306
bcc-csm1-1,rcp60,2012,7.667999538461538
bcc-csm1-1,rcp60,2013,7.955745076923077
bcc-csm1-1,rcp60,2014,7.672889076923076
bcc-csm1-1,rcp60,2015,7.841329384615383
bcc-csm1-1,rcp60,2016,7.849656000000001
bcc-csm1-1,rcp60,2017,7.076305538461537
bcc-csm1-1,rcp60,2018,7.1992027692307685
bcc-csm1-1,rcp60,2019,6.9193609230769235
bcc-csm1-1,rcp60,2020,7.7585204615384615
bcc-csm1-1,rcp60,2021,7.2132415384615385
bcc-csm1-1,rcp60,2022,8.030294615384616
bcc-csm1-1,rcp60,2023,7.775340923076923
bcc-csm1-1,rcp60,2024,7.573859692307692
bcc-csm1-1,rcp60,2025,7.732507076923076
bcc-csm1-1,rcp60,2026,7.571125230769232
bcc-csm1-1,rcp60,2027,7.475281538461538
bcc-csm1-1,rcp60,2028,7.636625538461538
bcc-csm1-1,rcp60,2029,7.3964116923076935
bcc-csm1-1,rcp60,2030,7.533459692307692
bcc-csm1-1,rcp60,2031,7.765620923076923
bcc-csm1-1,rcp60,2032,7.943735846153846
bcc-csm1-1,rcp60,2033,7.618522461538461
bcc-csm1-1,rcp60,2034,7.052759692307691
bcc-csm1-1,rcp60,2035,7.605766461538462
bcc-csm1-1,rcp60,2036,8.19058753846154
CCSM4,rcp60,2006,7.444780153846152
CCSM4,rcp60,2007,7.863904153846153
CCSM4,rcp60,2008,7.438330307692307
CCSM4,rcp60,2009,7.232299076923076
CCSM4,rcp60,2010,7.992023846153845
CCSM4,rcp60,2011,7.395739384615386
CCSM4,rcp60,2012,7.075745384615385
CCSM4,rcp60,2013,7.63750923076923
CCSM4,rcp60,2014,7.3033870769230775
CCSM4,rcp60,2015,6.998792923076923
CCSM4,rcp60,2016,7.129831692307692
CCSM4,rcp60,2017,7.351892923076924
CCSM4,rcp60,2018,7.2307912307692295
CCSM4,rcp60,2019,7.0121692307692305
CCSM4,rcp60,2020,7.07475323076923
CCSM4,rcp60,2021,7.336599846153846
CCSM4,rcp60,2022,7.611737230769231
CCSM4,rcp60,2023,6.970468615384616
CCSM4,rcp60,2024,6.906478461538462
CCSM4,rcp60,2025,7.00006476923077
CCSM4,rcp60,2026,7.813000923076923
CCSM4,rcp60,2027,7.6320046153846155
CCSM4,rcp60,2028,7.716783076923078
CCSM4,rcp60,2029,7.315422615384615
CCSM4,rcp60,2030,7.817857076923076
CCSM4,rcp60,2031,7.335949692307692
CCSM4,rcp60,2032,7.857104307692308
CCSM4,rcp60,2033,7.7538835384615385
CCSM4,rcp60,2034,7.775723999999999
CCSM4,rcp60,2035,7.703380153846155
CCSM4,rcp60,2036,7.967430307692308
CESM1-CAM5,rcp60,2006,7.087605076923077
CESM1-CAM5,rcp60,2007,7.3787213846153845
CESM1-CAM5,rcp60,2008,6.687928153846154
CESM1-CAM5,rcp60,2009,7.268375692307692
CESM1-CAM5,rcp60,2010,8.023503230769231
CESM1-CAM5,rcp60,2011,7.279754615384616
CESM1-CAM5,rcp60,2012,7.182573692307692
CESM1-CAM5,rcp60,2013,6.915447538461539
CESM1-CAM5,rcp60,2014,6.818501692307691
CESM1-CAM5,rcp60,2015,7.610609538461539
CESM1-CAM5,rcp60,2016,7.680328307692308
CESM1-CAM5,rcp60,2017,7.010180615384615
CESM1-CAM5,rcp60,2018,7.132890307692308
CESM1-CAM5,rcp60,2019,7.2550416923076915
CESM1-CAM5,rcp60,2020,7.161021846153845
CESM1-CAM5,rcp60,2021,7.151880615384615
CESM1-CAM5,rcp60,2022,6.958600615384614
CESM1-CAM5,rcp60,2023,7.357657076923077
CESM1-CAM5,rcp60,2024,7.725675538461537
CESM1-CAM5,rcp60,2025,7.099971384615386
CESM1-CAM5,rcp60,2026,7.142619538461538
CESM1-CAM5,rcp60,2027,7.404849692307692
CESM1-CAM5,rcp60,2028,7.62918
CESM1-CAM5,rcp60,2029,7.186715384615384
CESM1-CAM5,rcp60,2030,7.240903846153846
CESM1-CAM5,rcp60,2031,7.355297384615384
CESM1-CAM5,rcp60,2032,7.454984153846154
CESM1-CAM5,rcp60,2033,7.689968923076923
CESM1-CAM5,rcp60,2034,7.494568923076923
CESM1-CAM5,rcp60,2035,7.465639999999999
CESM1-CAM5,rcp60,2036,7.593874769230768
CSIRO-Mk3-6-0,rcp60,2006,7.107632153846154
CSIRO-Mk3-6-0,rcp60,2007,7.040525076923077
CSIRO-Mk3-6-0,rcp60,2008,7.813044307692308
CSIRO-Mk3-6-0,rcp60,2009,6.957566615384614
CSIRO-Mk3-6-0,rcp60,2010,7.543790769230769
CSIRO-Mk3-6-0,rcp60,2011,7.309523384615384
CSIRO-Mk3-6-0,rcp60,2012,8.102955846153845
CSIRO-Mk3-6-0,rcp60,2013,7.89947353846154
CSIRO-Mk3-6-0,rcp60,2014,6.995777692307692
CSIRO-Mk3-6-0,rcp60,2015,5.718889076923077
CSIRO-Mk3-6-0,rcp60,2016,7.363176461538461
CSIRO-Mk3-6-0,rcp60,2017,7.491016461538461
CSIRO-Mk3-6-0,rcp60,2018,7.693005076923075
CSIRO-Mk3-6-0,rcp60,2019,7.291655846153846
CSIRO-Mk3-6-0,rcp60,2020,6.917571538461537
CSIRO-Mk3-6-0,rcp60,2021,7.394713384615385
CSIRO-Mk3-6-0,rcp60,2022,7.582704923076923
CSIRO-Mk3-6-0,rcp60,2023,7.7178084615384615
CSIRO-Mk3-6-0,rcp60,2024,7.772565846153845
CSIRO-Mk3-6-0,rcp60,2025,7.578814769230768
CSIRO-Mk3-6-0,rcp60,2026,7.283476769230769
CSIRO-Mk3-6-0,rcp60,2027,8.06077
CSIRO-Mk3-6-0,rcp60,2028,7.328679384615384
CSIRO-Mk3-6-0,rcp60,2029,7.598440923076923
CSIRO-Mk3-6-0,rcp60,2030,7.601115230769231
CSIRO-Mk3-6-0,rcp60,2031,7.590907076923077
CSIRO-Mk3-6-0,rcp60,2032,7.561962461538461
CSIRO-Mk3-6-0,rcp60,2033,7.131869538461539
CSIRO-Mk3-6-0,rcp60,2034,7.860747692307694
CSIRO-Mk3-6-0,rcp60,2035,6.96448923076923
CSIRO-Mk3-6-0,rcp60,2036,7.459537692307692
GFDL-CM3,rcp60,2006,7.63585846153846
GFDL-CM3,rcp60,2007,7.768196461538461
GFDL-CM3,rcp60,2008,7.395817846153847
GFDL-CM3,rcp60,2009,7.554930307692308
GFDL-CM3,rcp60,2010,7.116210000000001
GFDL-CM3,rcp60,2011,7.6351770769230765
GFDL-CM3,rcp60,2012,7.765863230769231
GFDL-CM3,rcp60,2013,7.651832461538461
GFDL-CM3,rcp60,2014,7.61989923076923
GFDL-CM3,rcp60,2015,7.350630461538461
GFDL-CM3,rcp60,2016,7.309622461538462
GFDL-CM3,rcp60,2017,7.559855538461539
GFDL-CM3,rcp60,2018,7.891659384615385
GFDL-CM3,rcp60,2019,7.6070681538461535
GFDL-CM3,rcp60,2020,7.706252615384615
GFDL-CM3,rcp60,2021,8.022581846153846
GFDL-CM3,rcp60,2022,7.658289076923077
GFDL-CM3,rcp60,2023,7.983564769230769
GFDL-CM3,rcp60,2024,7.278933538461539
GFDL-CM3,rcp60,2025,7.748689384615384
GFDL-CM3,rcp60,2026,7.580111538461539
GFDL-CM3,rcp60,2027,7.94634723076923
GFDL-CM3,rcp60,2028,7.555141076923077
GFDL-CM3,rcp60,2029,7.933857846153846
GFDL-CM3,rcp60,2030,7.836078307692308
GFDL-CM3,rcp60,2031,7.858080153846155
GFDL-CM3,rcp60,2032,7.8818249230769215
GFDL-CM3,rcp60,2033,7.229910153846154
GFDL-CM3,rcp60,2034,8.002717076923075
GFDL-CM3,rcp60,2035,8.050634615384615
GFDL-CM3,rcp60,2036,7.523551230769232
GFDL-ESM2G,rcp60,2006,7.7502243076923065
GFDL-ESM2G,rcp60,2007,6.716452923076924
GFDL-ESM2G,rcp60,2008,7.620734153846154
GFDL-ESM2G,rcp60,2009,6.665189384615383
GFDL-ESM2G,rcp60,2010,7.718521692307692
GFDL-ESM2G,rcp60,2011,7.350188153846153
GFDL-ESM2G,rcp60,2012,7.247099384615384
GFDL-ESM2G,rcp60,2013,7.655432153846154
GFDL-ESM2G,rcp60,2014,7.728632923076923
GFDL-ESM2G,rcp60,2015,7.603340153846153
GFDL-ESM2G,rcp60,2016,7.540718461538463
GFDL-ESM2G,rcp60,2017,7.683647230769231
GFDL-ESM2G,rcp60,2018,6.970448307692307
GFDL-ESM2G,rcp60,2019,7.423999846153845
GFDL-ESM2G,rcp60,2020,7.1099524615384615
GFDL-ESM2G,rcp60,2021,7.1072633846153845
GFDL-ESM2G,rcp60,2022,6.805165384615385
GFDL-ESM2G,rcp60,2023,7.660193384615384
GFDL-ESM2G,rcp60,2024,7.173371538461538
GFDL-ESM2G,rcp60,2025,7.341255846153847
GFDL-ESM2G,rcp60,2026,6.966323846153846
GFDL-ESM2G,rcp60,2027,7.358575230769231
GFDL-ESM2G,rcp60,2028,7.216142461538461
GFDL-ESM2G,rcp60,2029,7.053739384615384
GFDL-ESM2G,rcp60,2030,7.781740307692307
GFDL-ESM2G,rcp60,2031,7.370224615384615
GFDL-ESM2G,rcp60,2032,7.113770307692307
GFDL-ESM2G,rcp60,2033,7.424365538461538
GFDL-ESM2G,rcp60,2034,7.531963692307692
GFDL-ESM2G,rcp60,2035,7.231646153846155
GFDL-ESM2G,rcp60,2036,7.284575230769231
GFDL-ESM2M,rcp60,2006,7.167405230769229
GFDL-ESM2M,rcp60,2007,7.147810307692309
GFDL-ESM2M,rcp60,2008,7.541092923076923
GFDL-ESM2M,rcp60,2009,7.359624923076923
GFDL-ESM2M,rcp60,2010,7.364616615384615
GFDL-ESM2M,rcp60,2011,6.904264307692307
GFDL-ESM2M,rcp60,2012,7.403704923076923
GFDL-ESM2M,rcp60,2013,7.308867538461539
GFDL-ESM2M,rcp60,2014,7.598190153846153
GFDL-ESM2M,rcp60,2015,7.491723230769231
GFDL-ESM2M,rcp60,2016,7.339079076923075
GFDL-ESM2M,rcp60,2017,7.7597246153846156
GFDL-ESM2M,rcp60,2018,7.381021230769231
GFDL-ESM2M,rcp60,2019,7.391992615384616
GFDL-ESM2M,rcp60,2020,7.206977076923079
GFDL-ESM2M,rcp60,2021,7.071250615384615
GFDL-ESM2M,rcp60,2022,6.770481076923078
GFDL-ESM2M,rcp60,2023,7.607378615384615
GFDL-ESM2M,rcp60,2024,7.897909846153845
GFDL-ESM2M,rcp60,2025,7.91243046153846
GFDL-ESM2M,rcp60,2026,7.316989692307692
GFDL-ESM2M,rcp60,2027,7.878560923076923
GFDL-ESM2M,rcp60,2028,8.279255846153845
GFDL-ESM2M,rcp60,2029,7.671667692307693
GFDL-ESM2M,rcp60,2030,7.06291123076923
GFDL-ESM2M,rcp60,2031,7.222473999999999
GFDL-ESM2M,rcp60,2032,7.654438000000001
GFDL-ESM2M,rcp60,2033,7.272794461538461
GFDL-ESM2M,rcp60,2034,7.352217230769231
GFDL-ESM2M,rcp60,2035,7.9873418461538455
GFDL-ESM2M,rcp60,2036,7.649925846153846
HadGEM2-AO,rcp60,2006,6.949337384615385
HadGEM2-AO,rcp60,2007,7.078418461538461
HadGEM2-AO,rcp60,2008,7.151681384615384
HadGEM2-AO,rcp60,2009,6.983727230769231
HadGEM2-AO,rcp60,2010,6.630327230769231
HadGEM2-AO,rcp60,2011,6.789353999999999
HadGEM2-AO,rcp60,2012,7.091541230769231
HadGEM2-AO,rcp60,2013,6.402951846153846
HadGEM2-AO,rcp60,2014,6.987895230769231
HadGEM2-AO,rcp60,2015,7.196826769230769
HadGEM2-AO,rcp60,2016,7.401340307692308
HadGEM2-AO,rcp60,2017,7.509264307692307
HadGEM2-AO,rcp60,2018,7.582182923076923
HadGEM2-AO,rcp60,2019,7.113872153846154
HadGEM2-AO,rcp60,2020,7.07832476923077
HadGEM2-AO,rcp60,2021,6.294806769230769
HadGEM2-AO,rcp60,2022,6.709429846153846
HadGEM2-AO,rcp60,2023,7.048873846153846
HadGEM2-AO,rcp60,2024,6.965574307692308
HadGEM2-AO,rcp60,2025,7.563970923076922
HadGEM2-AO,rcp60,2026,7.274611538461538
HadGEM2-AO,rcp60,2027,7.137810923076922
HadGEM2-AO,rcp60,2028,6.961140153846153
HadGEM2-AO,rcp60,2029,7.237823999999999
HadGEM2-AO,rcp60,2030,7.144406307692307
HadGEM2-AO,rcp60,2031,7.042374307692308
HadGEM2-AO,rcp60,2032,7.602840615384616
HadGEM2-AO,rcp60,2033,7.514380769230769
HadGEM2-AO,rcp60,2034,7.222024769230769
HadGEM2-AO,rcp60,2035,7.358566923076922
HadGEM2-AO,rcp60,2036,7.280941846153845
HadGEM2-ES,rcp60,2006,7.555483692307691
HadGEM2-ES,rcp60,2007,7.798016615384614
HadGEM2-ES,rcp60,2008,7.632382307692308
HadGEM2-ES,rcp60,2009,7.172333692307693
HadGEM2-ES,rcp60,2010,7.270038461538461
HadGEM2-ES,rcp60,2011,7.676006615384615
HadGEM2-ES,rcp60,2012,7.7710430769230765
HadGEM2-ES,rcp60,2013,7.830127538461538
HadGEM2-ES,rcp60,2014,7.630305384615386
HadGEM2-ES,rcp60,2015,7.6207087692307685
HadGEM2-ES,rcp60,2016,7.661550923076923
HadGEM2-ES,rcp60,2017,7.012902923076922
HadGEM2-ES,rcp60,2018,7.327549230769231
HadGEM2-ES,rcp60,2019,8.139732153846154
HadGEM2-ES,rcp60,2020,7.267998307692307
HadGEM2-ES,rcp60,2021,7.808678153846152
HadGEM2-ES,rcp60,2022,7.7391243076923075
HadGEM2-ES,rcp60,2023,8.118859076923078
HadGEM2-ES,rcp60,2024,7.615114307692308
HadGEM2-ES,rcp60,2025,7.012082923076922
HadGEM2-ES,rcp60,2026,7.785715384615385
HadGEM2-ES,rcp60,2027,7.7390912307692314
HadGEM2-ES,rcp60,2028,7.694165230769229
HadGEM2-ES,rcp60,2029,7.55175876923077
HadGEM2-ES,rcp60,2030,7.876385999999999
HadGEM2-ES,rcp60,2031,7.6983978461538465
HadGEM2-ES,rcp60,2032,8.167926615384616
HadGEM2-ES,rcp60,2033,7.634849692307692
HadGEM2-ES,rcp60,2034,7.882822461538462
HadGEM2-ES,rcp60,2035,7.52714476923077
HadGEM2-ES,rcp60,2036,7.39747123076923
IPSL-CM5A-LR,rcp60,2006,7.160225846153847
IPSL-CM5A-LR,rcp60,2007,7.423976615384615
IPSL-CM5A-LR,rcp60,2008,7.384429230769229
IPSL-CM5A-LR,rcp60,2009,7.364031692307693
IPSL-CM5A-LR,rcp60,2010,7.348082307692309
IPSL-CM5A-LR,rcp60,2011,7.620774307692308
IPSL-CM5A-LR,rcp60,2012,7.3655884615384615
IPSL-CM5A-LR,rcp60,2013,6.888733384615384
IPSL-CM5A-LR,rcp60,2014,7.174468461538463
IPSL-CM5A-LR,rcp60,2015,7.33363676923077
IPSL-CM5A-LR,rcp60,2016,7.532729999999999
IPSL-CM5A-LR,rcp60,2017,7.569038615384616
IPSL-CM5A-LR,rcp60,2018,7.64410953846154
IPSL-CM5A-LR,rcp60,2019,7.45084076923077
IPSL-CM5A-LR,rcp60,2020,7.410094153846154
IPSL-CM5A-LR,rcp60,2021,7.816124615384615
IPSL-CM5A-LR,rcp60,2022,7.656281076923077
IPSL-CM5A-LR,rcp60,2023,7.871095076923075
IPSL-CM5A-LR,rcp60,2024,7.658910615384616
IPSL-CM5A-LR,rcp60,2025,7.5259121538461535
IPSL-CM5A-LR,rcp60,2026,8.192165076923079
IPSL-CM5A-LR,rcp60,2027,7.776451230769231
IPSL-CM5A-LR,rcp60,2028,7.837367076923076
IPSL-CM5A-LR,rcp60,2029,7.386803076923077
IPSL-CM5A-LR,rcp60,2030,7.746052923076923
IPSL-CM5A-LR,rcp60,2031,7.303434769230768
IPSL-CM5A-LR,rcp60,2032,7.734429076923076
IPSL-CM5A-LR,rcp60,2033,7.8533247692307695
IPSL-CM5A-LR,rcp60,2034,7.946900153846154
IPSL-CM5A-LR,rcp60,2035,7.690570153846154
IPSL-CM5A-LR,rcp60,2036,7.250352153846154
IPSL-CM5A-MR,rcp60,2006,7.501699538461538
IPSL-CM5A-MR,rcp60,2007,6.9822830769230775
IPSL-CM5A-MR,rcp60,2008,7.748523076923077
IPSL-CM5A-MR,rcp60,2009,7.698464923076923
IPSL-CM5A-MR,rcp60,2010,7.59295246153846
IPSL-CM5A-MR,rcp60,2011,7.262482769230769
IPSL-CM5A-MR,rcp60,2012,7.331030769230769
IPSL-CM5A-MR,rcp60,2013,7.684851846153846
IPSL-CM5A-MR,rcp60,2014,7.562886
IPSL-CM5A-MR,rcp60,2015,7.800549230769231
IPSL-CM5A-MR,rcp60,2016,8.127602923076923
IPSL-CM5A-MR,rcp60,2017,7.793168
IPSL-CM5A-MR,rcp60,2018,7.416883230769232
IPSL-CM5A-MR,rcp60,2019,7.205555076923077
IPSL-CM5A-MR,rcp60,2020,7.296407692307691
IPSL-CM5A-MR,rcp60,2021,7.252199846153847
IPSL-CM5A-MR,rcp60,2022,7.617055538461538
IPSL-CM5A-MR,rcp60,2023,7.514455076923078
IPSL-CM5A-MR,rcp60,2024,8.141716615384615
IPSL-CM5A-MR,rcp60,2025,7.086794
IPSL-CM5A-MR,rcp60,2026,7.523052307692308
IPSL-CM5A-MR,rcp60,2027,7.573372307692308
IPSL-CM5A-MR,rcp60,2028,7.399489076923076
IPSL-CM5A-MR,rcp60,2029,7.760874
IPSL-CM5A-MR,rcp60,2030,7.737211538461539
IPSL-CM5A-MR,rcp60,2031,7.585489230769231
IPSL-CM5A-MR,rcp60,2032,7.208420461538463
IPSL-CM5A-MR,rcp60,2033,7.471830307692308
IPSL-CM5A-MR,rcp60,2034,8.00073646153846
IPSL-CM5A-MR,rcp60,2035,7.897144000000001
IPSL-CM5A-MR,rcp60,2036,7.861052923076923
MIROC-ESM-CHEM,rcp60,2006,7.554630307692307
MIROC-ESM-CHEM,rcp60,2007,7.356822461538462
MIROC-ESM-CHEM,rcp60,2008,7.158129692307691
MIROC-ESM-CHEM,rcp60,2009,7.423981846153846
MIROC-ESM-CHEM,rcp60,2010,7.696752769230769
MIROC-ESM-CHEM,rcp60,2011,7.341893384615385
MIROC-ESM-CHEM,rcp60,2012,7.416547692307692
MIROC-ESM-CHEM,rcp60,2013,7.236913076923078
MIROC-ESM-CHEM,rcp60,2014,7.094235692307692
MIROC-ESM-CHEM,rcp60,2015,7.667875846153847
MIROC-ESM-CHEM,rcp60,2016,7.574027846153846
MIROC-ESM-CHEM,rcp60,2017,7.775757076923076
MIROC-ESM-CHEM,rcp60,2018,7.555746461538462
MIROC-ESM-CHEM,rcp60,2019,7.672167538461539
MIROC-ESM-CHEM,rcp60,2020,7.703095692307692
MIROC-ESM-CHEM,rcp60,2021,7.592364153846154
MIROC-ESM-CHEM,rcp60,2022,7.559430153846154
MIROC-ESM-CHEM,rcp60,2023,7.680825999999999
MIROC-ESM-CHEM,rcp60,2024,7.4862646153846155
MIROC-ESM-CHEM,rcp60,2025,7.900175692307691
MIROC-ESM-CHEM,rcp60,2026,7.751555846153846
MIROC-ESM-CHEM,rcp60,2027,7.751112615384616
MIROC-ESM-CHEM,rcp60,2028,8.113472307692307
MIROC-ESM-CHEM,rcp60,2029,7.803850923076923
MIROC-ESM-CHEM,rcp60,2030,7.63606876923077
MIROC-ESM-CHEM,rcp60,2031,7.572811846153846
MIROC-ESM-CHEM,rcp60,2032,7.644855384615383
MIROC-ESM-CHEM,rcp60,2033,7.4301984615384615
MIROC-ESM-CHEM,rcp60,2034,7.276314307692307
MIROC-ESM-CHEM,rcp60,2035,7.466645384615384
MIROC-ESM-CHEM,rcp60,2036,6.963108153846153
MIROC-ESM,rcp60,2006,7.266335538461538
MIROC-ESM,rcp60,2007,6.718173846153847
MIROC-ESM,rcp60,2008,7.262568923076922
MIROC-ESM,rcp60,2009,7.125654615384616
MIROC-ESM,rcp60,2010,6.953605846153845
MIROC-ESM,rcp60,2011,7.7159070769230755
MIROC-ESM,rcp60,2012,7.069778
MIROC-ESM,rcp60,2013,7.400487692307691
MIROC-ESM,rcp60,2014,7.436972000000001
MIROC-ESM,rcp60,2015,7.231910615384615
MIROC-ESM,rcp60,2016,7.099816769230769
MIROC-ESM,rcp60,2017,7.800855384615384
MIROC-ESM,rcp60,2018,7.965752153846155
MIROC-ESM,rcp60,2019,7.784672
MIROC-ESM,rcp60,2020,7.461432153846154
MIROC-ESM,rcp60,2021,7.743333538461538
MIROC-ESM,rcp60,2022,7.003536923076923
MIROC-ESM,rcp60,2023,7.888774615384615
MIROC-ESM,rcp60,2024,8.045307692307691
MIROC-ESM,rcp60,2025,7.582887538461539
MIROC-ESM,rcp60,2026,7.455187692307692
MIROC-ESM,rcp60,2027,8.077232307692308
MIROC-ESM,rcp60,2028,7.677796307692308
MIROC-ESM,rcp60,2029,7.6498015384615385
MIROC-ESM,rcp60,2030,7.430454769230768
MIROC-ESM,rcp60,2031,7.385782153846153
MIROC-ESM,rcp60,2032,8.111826461538461
MIROC-ESM,rcp60,2033,7.813057692307691
MIROC-ESM,rcp60,2034,7.606718307692308
MIROC-ESM,rcp60,2035,7.575658153846154
MIROC-ESM,rcp60,2036,7.880938615384615
MIROC5,rcp60,2006,7.133405076923076
MIROC5,rcp60,2007,6.969278615384615
MIROC5,rcp60,2008,7.187433076923076
MIROC5,rcp60,2009,7.538355999999999
MIROC5,rcp60,2010,6.895918615384615
MIROC5,rcp60,2011,6.958202769230769
MIROC5,rcp60,2012,7.542387384615384
MIROC5,rcp60,2013,7.746929846153846
MIROC5,rcp60,2014,7.400552153846154
MIROC5,rcp60,2015,6.875752923076924
MIROC5,rcp60,2016,6.711077846153846
MIROC5,rcp60,2017,7.595232769230768
MIROC5,rcp60,2018,7.612690307692308
MIROC5,rcp60,2019,7.236747384615383
MIROC5,rcp60,2020,7.353372461538462
MIROC5,rcp60,2021,7.93821723076923
MIROC5,rcp60,2022,7.70057723076923
MIROC5,rcp60,2023,7.440482153846154
MIROC5,rcp60,2024,7.1872895384615365
MIROC5,rcp60,2025,7.030111538461539
MIROC5,rcp60,2026,6.983094153846154
MIROC5,rcp60,2027,7.360228923076923
MIROC5,rcp60,2028,7.909392461538459
MIROC5,rcp60,2029,7.872229846153846
MIROC5,rcp60,2030,7.289454153846154
MIROC5,rcp60,2031,7.434482615384615
MIROC5,rcp60,2032,7.463244307692308
MIROC5,rcp60,2033,8.09679676923077
MIROC5,rcp60,2034,7.998991999999999
MIROC5,rcp60,2035,7.580983230769231
MIROC5,rcp60,2036,6.9783332307692305
MRI-CGCM3,rcp60,2006,7.2329701538461535
MRI-CGCM3,rcp60,2007,7.032848615384616
MRI-CGCM3,rcp60,2008,7.498294153846154
MRI-CGCM3,rcp60,2009,7.3034972307692305
MRI-CGCM3,rcp60,2010,7.38768323076923
MRI-CGCM3,rcp60,2011,7.134515230769231
MRI-CGCM3,rcp60,2012,7.049110923076923
MRI-CGCM3,rcp60,2013,6.703241846153847
MRI-CGCM3,rcp60,2014,7.294437692307692
MRI-CGCM3,rcp60,2015,7.103845384615385
MRI-CGCM3,rcp60,2016,7.426966307692307
MRI-CGCM3,rcp60,2017,7.343816923076923
MRI-CGCM3,rcp60,2018,7.0063836923076925
MRI-CGCM3,rcp60,2019,7.1232116923076925
MRI-CGCM3,rcp60,2020,7.229273076923077
MRI-CGCM3,rcp60,2021,7.167907076923076
MRI-CGCM3,rcp60,2022,7.243591538461539
MRI-CGCM3,rcp60,2023,7.495569538461537
MRI-CGCM3,rcp60,2024,7.2950332307692305
MRI-CGCM3,rcp60,2025,7.0187015384615385
MRI-CGCM3,rcp60,2026,7.2588955384615375
MRI-CGCM3,rcp60,2027,7.146790923076923
MRI-CGCM3,rcp60,2028,7.478334769230769
MRI-CGCM3,rcp60,2029,7.319469384615385
MRI-CGCM3,rcp60,2030,7.081723999999999
MRI-CGCM3,rcp60,2031,7.262431846153845
MRI-CGCM3,rcp60,2032,7.485197076923077
MRI-CGCM3,rcp60,2033,7.4794758461538455
MRI-CGCM3,rcp60,2034,7.4568579999999995
MRI-CGCM3,rcp60,2035,7.204532307692308
MRI-CGCM3,rcp60,2036,7.196120615384615
NorESM1-M,rcp60,2006,7.3082333846153835
NorESM1-M,rcp60,2007,7.191842307692308
NorESM1-M,rcp60,2008,7.581432
NorESM1-M,rcp60,2009,7.780196307692307
NorESM1-M,rcp60,2010,7.4836121538461535
NorESM1-M,rcp60,2011,7.798044461538462
NorESM1-M,rcp60,2012,7.11647523076923
NorESM1-M,rcp60,2013,6.652457692307692
NorESM1-M,rcp60,2014,7.2939803076923075
NorESM1-M,rcp60,2015,7.880124615384614
NorESM1-M,rcp60,2016,7.016210461538462
NorESM1-M,rcp60,2017,7.308848153846154
NorESM1-M,rcp60,2018,7.269296307692307
NorESM1-M,rcp60,2019,7.239170615384616
NorESM1-M,rcp60,2020,6.535463999999999
NorESM1-M,rcp60,2021,7.553548461538463
NorESM1-M,rcp60,2022,7.367396461538462
NorESM1-M,rcp60,2023,7.4918636923076924
NorESM1-M,rcp60,2024,7.678584461538462
NorESM1-M,rcp60,2025,7.500869230769232
NorESM1-M,rcp60,2026,7.63765323076923
NorESM1-M,rcp60,2027,7.618431846153846
NorESM1-M,rcp60,2028,7.146774615384616
NorESM1-M,rcp60,2029,7.543588461538462
NorESM1-M,rcp60,2030,7.849525692307691
NorESM1-M,rcp60,2031,7.522931692307693
NorESM1-M,rcp60,2032,6.907212307692307
NorESM1-M,rcp60,2033,7.710669538461539
NorESM1-M,rcp60,2034,7.775011538461538
NorESM1-M,rcp60,2035,7.665229384615386
NorESM1-M,rcp60,2036,7.218696153846154
ACCESS1-0,rcp85,2006,7.2816318461538465
ACCESS1-0,rcp85,2007,7.80450923076923
ACCESS1-0,rcp85,2008,7.829224769230768
ACCESS1-0,rcp85,2009,7.662114307692307
ACCESS1-0,rcp85,2010,7.195255230769231
ACCESS1-0,rcp85,2011,6.6891595384615385
ACCESS1-0,rcp85,2012,7.734527692307691
ACCESS1-0,rcp85,2013,7.238686307692308
ACCESS1-0,rcp85,2014,7.846593230769231
ACCESS1-0,rcp85,2015,7.735572615384615
ACCESS1-0,rcp85,2016,7.173706461538462
ACCESS1-0,rcp85,2017,7.414784307692308
ACCESS1-0,rcp85,2018,7.368705230769232
ACCESS1-0,rcp85,2019,6.906683076923076
ACCESS1-0,rcp85,2020,7.267012153846154
ACCESS1-0,rcp85,2021,7.532741538461539
ACCESS1-0,rcp85,2022,6.996302307692307
ACCESS1-0,rcp85,2023,7.784376
ACCESS1-0,rcp85,2024,8.016738615384616
ACCESS1-0,rcp85,2025,7.490871384615384
ACCESS1-0,rcp85,2026,7.696569538461539
ACCESS1-0,rcp85,2027,7.774677692307693
ACCESS1-0,rcp85,2028,7.845080153846154
ACCESS1-0,rcp85,2029,7.985311538461538
ACCESS1-0,rcp85,2030,7.758135076923077
ACCESS1-0,rcp85,2031,7.900938615384615
ACCESS1-0,rcp85,2032,7.017403230769231
ACCESS1-0,rcp85,2033,7.578171538461538
ACCESS1-0,rcp85,2034,7.511167538461538
ACCESS1-0,rcp85,2035,7.603753846153847
ACCESS1-0,rcp85,2036,7.394991999999999
ACCESS1-3,rcp85,2006,6.824509692307693
ACCESS1-3,rcp85,2007,7.034523076923076
ACCESS1-3,rcp85,2008,7.481674
ACCESS1-3,rcp85,2009,7.097225538461538
ACCESS1-3,rcp85,2010,6.69772
ACCESS1-3,rcp85,2011,6.98304123076923
ACCESS1-3,rcp85,2012,7.009837846153846
ACCESS1-3,rcp85,2013,7.4386846153846164
ACCESS1-3,rcp85,2014,7.091064615384614
ACCESS1-3,rcp85,2015,6.799644307692309
ACCESS1-3,rcp85,2016,7.19626876923077
ACCESS1-3,rcp85,2017,7.519009692307693
ACCESS1-3,rcp85,2018,6.755593999999999
ACCESS1-3,rcp85,2019,6.806920307692308
ACCESS1-3,rcp85,2020,7.291718153846153
ACCESS1-3,rcp85,2021,7.397073692307692
ACCESS1-3,rcp85,2022,7.820307384615385
ACCESS1-3,rcp85,2023,7.351850461538463
ACCESS1-3,rcp85,2024,7.9419636923076915
ACCESS1-3,rcp85,2025,7.572245538461539
ACCESS1-3,rcp85,2026,7.460566615384615
ACCESS1-3,rcp85,2027,7.258255384615385
ACCESS1-3,rcp85,2028,7.110788615384616
ACCESS1-3,rcp85,2029,7.449175230769232
ACCESS1-3,rcp85,2030,7.713209999999999
ACCESS1-3,rcp85,2031,7.718392923076924
ACCESS1-3,rcp85,2032,7.608822307692308
ACCESS1-3,rcp85,2033,7.569735538461539
ACCESS1-3,rcp85,2034,7.358052
ACCESS1-3,rcp85,2035,7.394426461538463
ACCESS1-3,rcp85,2036,7.30958276923077
bcc-csm1-1-m,rcp85,2006,7.435170923076924
bcc-csm1-1-m,rcp85,2007,7.248224923076923
bcc-csm1-1-m,rcp85,2008,7.821951384615384
bcc-csm1-1-m,rcp85,2009,6.953213076923077
bcc-csm1-1-m,rcp85,2010,7.864346615384615
bcc-csm1-1-m,rcp85,2011,6.865611384615384
bcc-csm1-1-m,rcp85,2012,7.511465538461538
bcc-csm1-1-m,rcp85,2013,7.2459349230769226
bcc-csm1-1-m,rcp85,2014,7.64782476923077
bcc-csm1-1-m,rcp85,2015,7.390942615384615
bcc-csm1-1-m,rcp85,2016,7.438015076923076
bcc-csm1-1-m,rcp85,2017,8.07284446153846
bcc-csm1-1-m,rcp85,2018,7.395849999999999
bcc-csm1-1-m,rcp85,2019,7.5748341538461545
bcc-csm1-1-m,rcp85,2020,7.295668769230769
bcc-csm1-1-m,rcp85,2021,8.088168153846153
bcc-csm1-1-m,rcp85,2022,7.267547846153845
bcc-csm1-1-m,rcp85,2023,7.516986
bcc-csm1-1-m,rcp85,2024,7.410162769230769
bcc-csm1-1-m,rcp85,2025,7.7861333846153835
bcc-csm1-1-m,rcp85,2026,8.425971230769232
bcc-csm1-1-m,rcp85,2027,7.381540923076923
bcc-csm1-1-m,rcp85,2028,7.151438923076923
bcc-csm1-1-m,rcp85,2029,7.003751230769231
bcc-csm1-1-m,rcp85,2030,8.155083846153847
bcc-csm1-1-m,rcp85,2031,7.967124307692307
bcc-csm1-1-m,rcp85,2032,8.704537384615385
bcc-csm1-1-m,rcp85,2033,7.68131323076923
bcc-csm1-1-m,rcp85,2034,7.106247230769231
bcc-csm1-1-m,rcp85,2035,7.362148
bcc-csm1-1-m,rcp85,2036,7.86331923076923
bcc-csm1-1,rcp85,2006,7.15295446153846
bcc-csm1-1,rcp85,2007,7.85757723076923
bcc-csm1-1,rcp85,2008,8.470314153846154
bcc-csm1-1,rcp85,2009,7.981300769230768
bcc-csm1-1,rcp85,2010,7.482144461538462
bcc-csm1-1,rcp85,2011,7.464502769230768
bcc-csm1-1,rcp85,2012,7.006739846153846
bcc-csm1-1,rcp85,2013,7.412489230769231
bcc-csm1-1,rcp85,2014,6.809784000000001
bcc-csm1-1,rcp85,2015,8.264847230769231
bcc-csm1-1,rcp85,2016,7.941414615384615
bcc-csm1-1,rcp85,2017,7.858491384615385
bcc-csm1-1,rcp85,2018,7.098851999999999
bcc-csm1-1,rcp85,2019,7.943031538461538
bcc-csm1-1,rcp85,2020,7.182445076923076
bcc-csm1-1,rcp85,2021,7.483767846153846
bcc-csm1-1,rcp85,2022,7.793072153846154
bcc-csm1-1,rcp85,2023,7.0598829230769224
bcc-csm1-1,rcp85,2024,7.144699538461538
bcc-csm1-1,rcp85,2025,7.191547384615385
bcc-csm1-1,rcp85,2026,7.579933538461538
bcc-csm1-1,rcp85,2027,6.837503076923078
bcc-csm1-1,rcp85,2028,7.372802461538461
bcc-csm1-1,rcp85,2029,8.054616153846155
bcc-csm1-1,rcp85,2030,8.295793076923076
bcc-csm1-1,rcp85,2031,7.873439076923076
bcc-csm1-1,rcp85,2032,7.6318952307692305
bcc-csm1-1,rcp85,2033,8.14157153846154
bcc-csm1-1,rcp85,2034,7.50049923076923
bcc-csm1-1,rcp85,2035,7.213775999999999
bcc-csm1-1,rcp85,2036,7.2895443076923065
BNU-ESM,rcp85,2006,7.062337076923076
BNU-ESM,rcp85,2007,7.291369538461538
BNU-ESM,rcp85,2008,7.168914615384615
BNU-ESM,rcp85,2009,7.29776246153846
BNU-ESM,rcp85,2010,7.650762923076923
BNU-ESM,rcp85,2011,7.13968123076923
BNU-ESM,rcp85,2012,6.786573384615384
BNU-ESM,rcp85,2013,7.309362461538461
BNU-ESM,rcp85,2014,7.461993384615385
BNU-ESM,rcp85,2015,6.941349538461537
BNU-ESM,rcp85,2016,7.209827538461538
BNU-ESM,rcp85,2017,7.303737846153846
BNU-ESM,rcp85,2018,7.736335384615385
BNU-ESM,rcp85,2019,7.118233538461539
BNU-ESM,rcp85,2020,6.914422615384616
BNU-ESM,rcp85,2021,7.183500307692308
BNU-ESM,rcp85,2022,7.442103846153847
BNU-ESM,rcp85,2023,7.341378
BNU-ESM,rcp85,2024,7.333373384615384
BNU-ESM,rcp85,2025,7.731954615384614
BNU-ESM,rcp85,2026,7.487531692307692
BNU-ESM,rcp85,2027,8.204478769230768
BNU-ESM,rcp85,2028,7.989723538461539
BNU-ESM,rcp85,2029,7.675902769230768
BNU-ESM,rcp85,2030,7.9230515384615385
BNU-ESM,rcp85,2031,7.844788769230769
BNU-ESM,rcp85,2032,7.829008
BNU-ESM,rcp85,2033,7.453534153846152
BNU-ESM,rcp85,2034,7.684146923076923
BNU-ESM,rcp85,2035,7.521649076923077
BNU-ESM,rcp85,2036,7.393169538461538
CanESM2,rcp85,2006,7.359923076923075
CanESM2,rcp85,2007,7.490053076923076
CanESM2,rcp85,2008,7.938854461538462
CanESM2,rcp85,2009,7.192304923076923
CanESM2,rcp85,2010,7.585192153846152
CanESM2,rcp85,2011,7.705694923076923
CanESM2,rcp85,2012,6.825413999999999
CanESM2,rcp85,2013,7.612941846153848
CanESM2,rcp85,2014,8.181493846153847
CanESM2,rcp85,2015,7.878410923076923
CanESM2,rcp85,2016,7.858298307692308
CanESM2,rcp85,2017,7.4846886153846155
CanESM2,rcp85,2018,7.479121692307691
CanESM2,rcp85,2019,7.389019384615385
CanESM2,rcp85,2020,7.375101384615384
CanESM2,rcp85,2021,7.452502615384615
CanESM2,rcp85,2022,8.154904461538461
CanESM2,rcp85,2023,8.129313384615385
CanESM2,rcp85,2024,7.829962461538461
CanESM2,rcp85,2025,7.868146461538459
CanESM2,rcp85,2026,7.612525846153845
CanESM2,rcp85,2027,8.270297538461538
CanESM2,rcp85,2028,8.27262569230769
CanESM2,rcp85,2029,7.164204615384616
CanESM2,rcp85,2030,7.397660153846153
CanESM2,rcp85,2031,7.428363384615385
CanESM2,rcp85,2032,8.226030615384616
CanESM2,rcp85,2033,7.4439924615384605
CanESM2,rcp85,2034,7.60359123076923
CanESM2,rcp85,2035,8.321674923076923
CanESM2,rcp85,2036,7.808191692307692
CCSM4,rcp85,2006,7.364497384615385
CCSM4,rcp85,2007,7.246808
CCSM4,rcp85,2008,7.219174615384615
CCSM4,rcp85,2009,7.335120307692308
CCSM4,rcp85,2010,7.754159846153847
CCSM4,rcp85,2011,7.241946923076924
CCSM4,rcp85,2012,7.330660615384615
CCSM4,rcp85,2013,7.399892461538461
CCSM4,rcp85,2014,6.948580000000001
CCSM4,rcp85,2015,7.188621076923076
CCSM4,rcp85,2016,7.555293384615385
CCSM4,rcp85,2017,7.471600615384615
CCSM4,rcp85,2018,6.987530769230768
CCSM4,rcp85,2019,7.840555999999999
CCSM4,rcp85,2020,7.719372
CCSM4,rcp85,2021,6.620822461538463
CCSM4,rcp85,2022,6.911871692307692
CCSM4,rcp85,2023,7.355692923076923
CCSM4,rcp85,2024,7.534310461538462
CCSM4,rcp85,2025,7.587895692307693
CCSM4,rcp85,2026,7.6839664615384615
CCSM4,rcp85,2027,7.253138153846154
CCSM4,rcp85,2028,7.2239475384615375
CCSM4,rcp85,2029,7.338148923076923
CCSM4,rcp85,2030,7.923628461538462
CCSM4,rcp85,2031,7.407622307692307
CCSM4,rcp85,2032,7.2210280000000004
CCSM4,rcp85,2033,7.75748723076923
CCSM4,rcp85,2034,7.632172923076923
CCSM4,rcp85,2035,7.041457076923076
CCSM4,rcp85,2036,7.2150627692307685
CESM1-BGC,rcp85,2006,7.860487999999999
CESM1-BGC,rcp85,2007,7.586870461538462
CESM1-BGC,rcp85,2008,7.276921999999999
CESM1-BGC,rcp85,2009,7.129305076923077
CESM1-BGC,rcp85,2010,6.903054307692308
CESM1-BGC,rcp85,2011,7.540632
CESM1-BGC,rcp85,2012,7.706612153846154
CESM1-BGC,rcp85,2013,7.49144123076923
CESM1-BGC,rcp85,2014,6.764048
CESM1-BGC,rcp85,2015,7.534937538461538
CESM1-BGC,rcp85,2016,7.319557999999999
CESM1-BGC,rcp85,2017,7.41798846153846
CESM1-BGC,rcp85,2018,7.006698153846154
CESM1-BGC,rcp85,2019,7.432859384615385
CESM1-BGC,rcp85,2020,7.043766769230769
CESM1-BGC,rcp85,2021,7.089643076923077
CESM1-BGC,rcp85,2022,8.297001384615385
CESM1-BGC,rcp85,2023,7.457204615384614
CESM1-BGC,rcp85,2024,7.163612923076923
CESM1-BGC,rcp85,2025,7.737091538461539
CESM1-BGC,rcp85,2026,7.128571076923078
CESM1-BGC,rcp85,2027,7.330546461538462
CESM1-BGC,rcp85,2028,7.956438153846152
CESM1-BGC,rcp85,2029,7.233067846153846
CESM1-BGC,rcp85,2030,7.622627999999999
CESM1-BGC,rcp85,2031,7.3956458461538475
CESM1-BGC,rcp85,2032,7.187030461538461
CESM1-BGC,rcp85,2033,7.252219538461538
CESM1-BGC,rcp85,2034,7.8242449230769235
CESM1-BGC,rcp85,2035,7.8556247692307695
CESM1-BGC,rcp85,2036,7.466353538461538
CESM1-CAM5,rcp85,2006,6.937933538461538
CESM1-CAM5,rcp85,2007,7.290780769230769
CESM1-CAM5,rcp85,2008,7.010470769230769
CESM1-CAM5,rcp85,2009,6.962863692307693
CESM1-CAM5,rcp85,2010,7.674962
CESM1-CAM5,rcp85,2011,7.372547384615384
CESM1-CAM5,rcp85,2012,7.282384153846153
CESM1-CAM5,rcp85,2013,6.955239692307693
CESM1-CAM5,rcp85,2014,7.259383692307693
CESM1-CAM5,rcp85,2015,7.671635230769231
CESM1-CAM5,rcp85,2016,7.477836307692308
CESM1-CAM5,rcp85,2017,7.364841076923077
CESM1-CAM5,rcp85,2018,7.098956615384615
CESM1-CAM5,rcp85,2019,7.308164
CESM1-CAM5,rcp85,2020,7.441155384615385
CESM1-CAM5,rcp85,2021,7.761241384615384
CESM1-CAM5,rcp85,2022,7.083353230769231
CESM1-CAM5,rcp85,2023,7.472176307692308
CESM1-CAM5,rcp85,2024,7.589505384615385
CESM1-CAM5,rcp85,2025,7.2099249230769225
CESM1-CAM5,rcp85,2026,7.526450923076922
CESM1-CAM5,rcp85,2027,7.537089999999999
CESM1-CAM5,rcp85,2028,7.407591538461538
CESM1-CAM5,rcp85,2029,7.7064946153846146
CESM1-CAM5,rcp85,2030,7.990617846153845
CESM1-CAM5,rcp85,2031,7.743264769230769
CESM1-CAM5,rcp85,2032,7.424167230769229
CESM1-CAM5,rcp85,2033,7.390557692307692
CESM1-CAM5,rcp85,2034,7.868204153846155
CESM1-CAM5,rcp85,2035,7.500073538461539
CESM1-CAM5,rcp85,2036,7.218071692307691
CMCC-CESM,rcp85,2006,8.095280307692306
CMCC-CESM,rcp85,2007,7.447104923076921
CMCC-CESM,rcp85,2008,6.786667384615385
CMCC-CESM,rcp85,2009,6.696525846153846
CMCC-CESM,rcp85,2010,7.929966153846156
CMCC-CESM,rcp85,2011,7.378268
CMCC-CESM,rcp85,2012,7.363032461538461
CMCC-CESM,rcp85,2013,7.207869692307692
CMCC-CESM,rcp85,2014,8.283616923076924
CMCC-CESM,rcp85,2015,6.954624000000001
CMCC-CESM,rcp85,2016,7.3874960000000005
CMCC-CESM,rcp85,2017,7.102394769230769
CMCC-CESM,rcp85,2018,7.754446000000001
CMCC-CESM,rcp85,2019,6.836261076923077
CMCC-CESM,rcp85,2020,7.589181846153845
CMCC-CESM,rcp85,2021,7.382096153846154
CMCC-CESM,rcp85,2022,7.617264307692307
CMCC-CESM,rcp85,2023,7.9440138461538465
CMCC-CESM,rcp85,2024,7.5600467692307705
CMCC-CESM,rcp85,2025,6.876151999999999
CMCC-CESM,rcp85,2026,7.8037846153846155
CMCC-CESM,rcp85,2027,7.42325476923077
CMCC-CESM,rcp85,2028,6.372693538461538
CMCC-CESM,rcp85,2029,7.2666387692307675
CMCC-CESM,rcp85,2030,8.219841076923077
CMCC-CESM,rcp85,2031,6.662678769230769
CMCC-CESM,rcp85,2032,6.989275538461538
CMCC-CESM,rcp85,2033,7.899308615384616
CMCC-CESM,rcp85,2034,7.5275356923076915
CMCC-CESM,rcp85,2035,7.591921076923077
CMCC-CESM,rcp85,2036,7.367141999999999
CMCC-CM,rcp85,2006,7.020617538461538
CMCC-CM,rcp85,2007,7.17277723076923
CMCC-CM,rcp85,2008,7.279263538461538
CMCC-CM,rcp85,2009,7.108898923076922
CMCC-CM,rcp85,2010,7.269356769230768
CMCC-CM,rcp85,2011,7.493689384615385
CMCC-CM,rcp85,2012,7.143581230769231
CMCC-CM,rcp85,2013,7.325924153846154
CMCC-CM,rcp85,2014,7.602639384615384
CMCC-CM,rcp85,2015,7.495638923076924
CMCC-CM,rcp85,2016,7.335305538461538
CMCC-CM,rcp85,2017,7.3328092307692305
CMCC-CM,rcp85,2018,7.505850307692308
CMCC-CM,rcp85,2019,7.509236923076921
CMCC-CM,rcp85,2020,7.4334395384615375
CMCC-CM,rcp85,2021,7.470618307692306
CMCC-CM,rcp85,2022,7.421323846153846
CMCC-CM,rcp85,2023,7.442602923076922
CMCC-CM,rcp85,2024,8.000709538461539
CMCC-CM,rcp85,2025,7.044026615384615
CMCC-CM,rcp85,2026,7.571863846153845
CMCC-CM,rcp85,2027,7.4284649230769215
CMCC-CM,rcp85,2028,7.693829846153847
CMCC-CM,rcp85,2029,7.476834923076923
CMCC-CM,rcp85,2030,7.438899692307691
CMCC-CM,rcp85,2031,7.515744307692308
CMCC-CM,rcp85,2032,7.551414307692307
CMCC-CM,rcp85,2033,7.5682815384615365
CMCC-CM,rcp85,2034,7.56789876923077
CMCC-CM,rcp85,2035,7.61779076923077
CMCC-CM,rcp85,2036,7.847049230769231
CNRM-CM5,rcp85,2006,6.67296676923077
CNRM-CM5,rcp85,2007,7.206259999999999
CNRM-CM5,rcp85,2008,7.023076923076923
CNRM-CM5,rcp85,2009,7.318827384615385
CNRM-CM5,rcp85,2010,7.291334615384614
CNRM-CM5,rcp85,2011,7.166003384615384
CNRM-CM5,rcp85,2012,7.256944153846153
CNRM-CM5,rcp85,2013,7.092050923076923
CNRM-CM5,rcp85,2014,7.271388307692308
CNRM-CM5,rcp85,2015,7.019792307692307
CNRM-CM5,rcp85,2016,7.626754461538462
CNRM-CM5,rcp85,2017,7.253227384615384
CNRM-CM5,rcp85,2018,7.2272510769230776
CNRM-CM5,rcp85,2019,7.478303538461538
CNRM-CM5,rcp85,2020,7.629933692307692
CNRM-CM5,rcp85,2021,7.217087846153845
CNRM-CM5,rcp85,2022,6.994746923076922
CNRM-CM5,rcp85,2023,7.029357846153846
CNRM-CM5,rcp85,2024,7.115635384615384
CNRM-CM5,rcp85,2025,7.025622461538461
CNRM-CM5,rcp85,2026,7.269145076923077
CNRM-CM5,rcp85,2027,7.3037656923076915
CNRM-CM5,rcp85,2028,7.785999538461539
CNRM-CM5,rcp85,2029,7.708711384615383
CNRM-CM5,rcp85,2030,7.7107804615384605
CNRM-CM5,rcp85,2031,7.4978359999999995
CNRM-CM5,rcp85,2032,7.148195230769231
CNRM-CM5,rcp85,2033,7.629196153846154
CNRM-CM5,rcp85,2034,7.624492769230769
CNRM-CM5,rcp85,2035,6.912159999999999
CNRM-CM5,rcp85,2036,7.337371384615385
CSIRO-Mk3-6-0,rcp85,2006,7.113503999999999
CSIRO-Mk3-6-0,rcp85,2007,6.6375498461538465
CSIRO-Mk3-6-0,rcp85,2008,7.605552769230769
CSIRO-Mk3-6-0,rcp85,2009,8.044378153846154
CSIRO-Mk3-6-0,rcp85,2010,7.5885250769230765
CSIRO-Mk3-6-0,rcp85,2011,7.330359384615384
CSIRO-Mk3-6-0,rcp85,2012,7.647369999999999
CSIRO-Mk3-6-0,rcp85,2013,7.488305230769231
CSIRO-Mk3-6-0,rcp85,2014,7.790654153846154
CSIRO-Mk3-6-0,rcp85,2015,7.445144615384615
CSIRO-Mk3-6-0,rcp85,2016,6.709357076923077
CSIRO-Mk3-6-0,rcp85,2017,7.253279846153845
CSIRO-Mk3-6-0,rcp85,2018,7.344999076923078
CSIRO-Mk3-6-0,rcp85,2019,8.041961384615385
CSIRO-Mk3-6-0,rcp85,2020,7.50239523076923
CSIRO-Mk3-6-0,rcp85,2021,7.496399076923078
CSIRO-Mk3-6-0,rcp85,2022,7.936424461538462
CSIRO-Mk3-6-0,rcp85,2023,7.552123230769231
CSIRO-Mk3-6-0,rcp85,2024,7.120299846153847
CSIRO-Mk3-6-0,rcp85,2025,7.830579846153845
CSIRO-Mk3-6-0,rcp85,2026,7.500942461538461
CSIRO-Mk3-6-0,rcp85,2027,7.623880461538462
CSIRO-Mk3-6-0,rcp85,2028,8.504316461538462
CSIRO-Mk3-6-0,rcp85,2029,7.566660153846153
CSIRO-Mk3-6-0,rcp85,2030,7.47184246153846
CSIRO-Mk3-6-0,rcp85,2031,7.002661384615385
CSIRO-Mk3-6-0,rcp85,2032,7.763969230769231
CSIRO-Mk3-6-0,rcp85,2033,7.982993692307691
CSIRO-Mk3-6-0,rcp85,2034,8.247120615384615
CSIRO-Mk3-6-0,rcp85,2035,7.011370923076923
CSIRO-Mk3-6-0,rcp85,2036,7.247866769230768
EC-EARTH,rcp85,2006,7.720052923076924
EC-EARTH,rcp85,2007,7.894780307692308
EC-EARTH,rcp85,2008,7.799664461538462
EC-EARTH,rcp85,2009,6.930094769230769
EC-EARTH,rcp85,2010,7.3367073846153845
EC-EARTH,rcp85,2011,7.7369492307692305
EC-EARTH,rcp85,2012,7.184730000000001
EC-EARTH,rcp85,2013,7.8485746153846145
EC-EARTH,rcp85,2014,7.436679692307693
EC-EARTH,rcp85,2015,7.3780487692307695
EC-EARTH,rcp85,2016,7.284254923076923
EC-EARTH,rcp85,2017,7.444732769230769
EC-EARTH,rcp85,2018,7.7315453846153845
EC-EARTH,rcp85,2019,7.857924153846154
EC-EARTH,rcp85,2020,7.351730923076923
EC-EARTH,rcp85,2021,7.71679923076923
EC-EARTH,rcp85,2022,7.658523384615384
EC-EARTH,rcp85,2023,7.381783076923078
EC-EARTH,rcp85,2024,7.536365692307694
EC-EARTH,rcp85,2025,7.2760039999999995
EC-EARTH,rcp85,2026,7.401537692307692
EC-EARTH,rcp85,2027,7.8037783076923075
EC-EARTH,rcp85,2028,7.687661692307693
EC-EARTH,rcp85,2029,8.100653692307692
EC-EARTH,rcp85,2030,7.692974923076924
EC-EARTH,rcp85,2031,8.510148
EC-EARTH,rcp85,2032,7.525538153846154
EC-EARTH,rcp85,2033,7.792553384615385
EC-EARTH,rcp85,2034,7.7203124615384615
EC-EARTH,rcp85,2035,7.768151076923077
EC-EARTH,rcp85,2036,7.465861846153846
FGOALS-g2,rcp85,2006,7.325901076923077
FGOALS-g2,rcp85,2007,6.884915076923077
FGOALS-g2,rcp85,2008,7.319972923076923
FGOALS-g2,rcp85,2009,7.32546523076923
FGOALS-g2,rcp85,2010,7.474570000000001
FGOALS-g2,rcp85,2011,7.422387076923078
FGOALS-g2,rcp85,2012,7.372844923076924
FGOALS-g2,rcp85,2013,7.498162923076922
FGOALS-g2,rcp85,2014,7.18164
FGOALS-g2,rcp85,2015,7.5045790769230765
FGOALS-g2,rcp85,2016,7.423855076923076
FGOALS-g2,rcp85,2017,7.065486615384616
FGOALS-g2,rcp85,2018,7.487777230769231
FGOALS-g2,rcp85,2019,7.422605076923077
FGOALS-g2,rcp85,2020,7.462570307692308
FGOALS-g2,rcp85,2021,7.651281692307692
FGOALS-g2,rcp85,2022,7.421795230769231
FGOALS-g2,rcp85,2023,7.594851846153846
FGOALS-g2,rcp85,2024,7.751775692307692
FGOALS-g2,rcp85,2025,7.562519538461538
FGOALS-g2,rcp85,2026,7.92768323076923
FGOALS-g2,rcp85,2027,7.676599999999999
FGOALS-g2,rcp85,2028,7.449140461538462
FGOALS-g2,rcp85,2029,7.303444000000001
FGOALS-g2,rcp85,2030,7.306251076923077
FGOALS-g2,rcp85,2031,7.43775
FGOALS-g2,rcp85,2032,7.251650153846154
FGOALS-g2,rcp85,2033,7.760661384615385
FGOALS-g2,rcp85,2034,7.431206153846153
FGOALS-g2,rcp85,2035,7.657701384615385
FGOALS-g2,rcp85,2036,7.739590461538461
GFDL-CM3,rcp85,2006,7.7244326153846155
GFDL-CM3,rcp85,2007,7.467067076923076
GFDL-CM3,rcp85,2008,7.1189736923076925
GFDL-CM3,rcp85,2009,7.765650615384614
GFDL-CM3,rcp85,2010,7.053530923076922
GFDL-CM3,rcp85,2011,7.563627846153845
GFDL-CM3,rcp85,2012,7.432693384615384
GFDL-CM3,rcp85,2013,7.200174615384616
GFDL-CM3,rcp85,2014,7.533927230769231
GFDL-CM3,rcp85,2015,7.046759538461539
GFDL-CM3,rcp85,2016,7.612455538461538
GFDL-CM3,rcp85,2017,7.386030923076922
GFDL-CM3,rcp85,2018,7.5006453846153835
GFDL-CM3,rcp85,2019,7.401796
GFDL-CM3,rcp85,2020,7.4447230769230766
GFDL-CM3,rcp85,2021,7.211115999999999
GFDL-CM3,rcp85,2022,7.997173692307691
GFDL-CM3,rcp85,2023,7.523074923076924
GFDL-CM3,rcp85,2024,7.193240923076923
GFDL-CM3,rcp85,2025,7.870996307692308
GFDL-CM3,rcp85,2026,7.854279692307692
GFDL-CM3,rcp85,2027,7.992358923076922
GFDL-CM3,rcp85,2028,7.553077999999999
GFDL-CM3,rcp85,2029,8.102635692307693
GFDL-CM3,rcp85,2030,8.061399538461538
GFDL-CM3,rcp85,2031,7.681365384615384
GFDL-CM3,rcp85,2032,8.149701692307692
GFDL-CM3,rcp85,2033,8.417322307692308
GFDL-CM3,rcp85,2034,7.7696352307692305
GFDL-CM3,rcp85,2035,7.819168307692308
GFDL-CM3,rcp85,2036,7.999103692307693
GFDL-ESM2G,rcp85,2006,7.718540153846154
GFDL-ESM2G,rcp85,2007,7.648095384615385
GFDL-ESM2G,rcp85,2008,7.648755384615384
GFDL-ESM2G,rcp85,2009,7.831408769230769
GFDL-ESM2G,rcp85,2010,7.347192615384615
GFDL-ESM2G,rcp85,2011,7.57510876923077
GFDL-ESM2G,rcp85,2012,7.029600307692308
GFDL-ESM2G,rcp85,2013,6.895343538461538
GFDL-ESM2G,rcp85,2014,7.915736615384615
GFDL-ESM2G,rcp85,2015,7.2434041538461535
GFDL-ESM2G,rcp85,2016,7.823428153846153
GFDL-ESM2G,rcp85,2017,7.267953692307692
GFDL-ESM2G,rcp85,2018,7.363218615384615
GFDL-ESM2G,rcp85,2019,7.518775846153845
GFDL-ESM2G,rcp85,2020,7.274448923076924
GFDL-ESM2G,rcp85,2021,7.399340923076922
GFDL-ESM2G,rcp85,2022,6.836064923076922
GFDL-ESM2G,rcp85,2023,7.316558307692307
GFDL-ESM2G,rcp85,2024,7.70212123076923
GFDL-ESM2G,rcp85,2025,8.04977876923077
GFDL-ESM2G,rcp85,2026,7.130862923076922
GFDL-ESM2G,rcp85,2027,7.600920461538461
GFDL-ESM2G,rcp85,2028,7.850827384615385
GFDL-ESM2G,rcp85,2029,7.510412
GFDL-ESM2G,rcp85,2030,6.836938769230767
GFDL-ESM2G,rcp85,2031,7.497479076923076
GFDL-ESM2G,rcp85,2032,7.212042307692308
GFDL-ESM2G,rcp85,2033,7.0682304615384615
GFDL-ESM2G,rcp85,2034,7.740294769230769
GFDL-ESM2G,rcp85,2035,7.716204153846154
GFDL-ESM2G,rcp85,2036,7.282188923076924
GFDL-ESM2M,rcp85,2006,7.139057846153846
GFDL-ESM2M,rcp85,2007,7.688983692307693
GFDL-ESM2M,rcp85,2008,7.63673
GFDL-ESM2M,rcp85,2009,7.11349276923077
GFDL-ESM2M,rcp85,2010,7.3803304615384615
GFDL-ESM2M,rcp85,2011,7.402624461538461
GFDL-ESM2M,rcp85,2012,7.2604743076923075
GFDL-ESM2M,rcp85,2013,7.224616000000001
GFDL-ESM2M,rcp85,2014,7.610860769230769
GFDL-ESM2M,rcp85,2015,7.836863230769231
GFDL-ESM2M,rcp85,2016,7.336796923076923
GFDL-ESM2M,rcp85,2017,7.858375230769231
GFDL-ESM2M,rcp85,2018,7.987992153846155
GFDL-ESM2M,rcp85,2019,7.256447230769229
GFDL-ESM2M,rcp85,2020,7.408038923076923
GFDL-ESM2M,rcp85,2021,7.3546436923076906
GFDL-ESM2M,rcp85,2022,7.745086153846153
GFDL-ESM2M,rcp85,2023,6.883918615384615
GFDL-ESM2M,rcp85,2024,7.087747692307691
GFDL-ESM2M,rcp85,2025,7.829923692307692
GFDL-ESM2M,rcp85,2026,7.583858461538461
GFDL-ESM2M,rcp85,2027,7.114898769230769
GFDL-ESM2M,rcp85,2028,7.376628769230768
GFDL-ESM2M,rcp85,2029,7.890296769230769
GFDL-ESM2M,rcp85,2030,7.488505692307694
GFDL-ESM2M,rcp85,2031,7.595478153846154
GFDL-ESM2M,rcp85,2032,7.751859692307693
GFDL-ESM2M,rcp85,2033,7.7208753846153835
GFDL-ESM2M,rcp85,2034,7.242372461538462
GFDL-ESM2M,rcp85,2035,7.4931878461538455
GFDL-ESM2M,rcp85,2036,8.217086615384616
HadGEM2-AO,rcp85,2006,7.182646
HadGEM2-AO,rcp85,2007,7.101604461538461
HadGEM2-AO,rcp85,2008,7.316880923076923
HadGEM2-AO,rcp85,2009,6.793053692307692
HadGEM2-AO,rcp85,2010,6.887769846153846
HadGEM2-AO,rcp85,2011,6.6943561538461545
HadGEM2-AO,rcp85,2012,6.668690923076922
HadGEM2-AO,rcp85,2013,7.415963692307691
HadGEM2-AO,rcp85,2014,7.408043230769231
HadGEM2-AO,rcp85,2015,7.510674615384616
HadGEM2-AO,rcp85,2016,7.139711538461539
HadGEM2-AO,rcp85,2017,7.084397384615384
HadGEM2-AO,rcp85,2018,6.725892000000001
HadGEM2-AO,rcp85,2019,7.270584923076924
HadGEM2-AO,rcp85,2020,6.7907003076923065
HadGEM2-AO,rcp85,2021,7.4061647692307675
HadGEM2-AO,rcp85,2022,7.444259384615384
HadGEM2-AO,rcp85,2023,7.185531692307693
HadGEM2-AO,rcp85,2024,7.099617692307692
HadGEM2-AO,rcp85,2025,7.231549846153847
HadGEM2-AO,rcp85,2026,7.078676461538461
HadGEM2-AO,rcp85,2027,6.783525846153846
HadGEM2-AO,rcp85,2028,6.815228923076923
HadGEM2-AO,rcp85,2029,7.163490769230768
HadGEM2-AO,rcp85,2030,7.302246769230769
HadGEM2-AO,rcp85,2031,6.9119449230769225
HadGEM2-AO,rcp85,2032,7.185701846153847
HadGEM2-AO,rcp85,2033,7.475311538461537
HadGEM2-AO,rcp85,2034,7.272871076923077
HadGEM2-AO,rcp85,2035,7.363910461538461
HadGEM2-AO,rcp85,2036,7.163883384615384
HadGEM2-CC,rcp85,2006,6.912728923076923
HadGEM2-CC,rcp85,2007,6.983555999999999
HadGEM2-CC,rcp85,2008,6.805922461538461
HadGEM2-CC,rcp85,2009,6.982184307692307
HadGEM2-CC,rcp85,2010,7.407584769230769
HadGEM2-CC,rcp85,2011,7.512642923076923
HadGEM2-CC,rcp85,2012,7.393755076923077
HadGEM2-CC,rcp85,2013,7.162148153846155
HadGEM2-CC,rcp85,2014,7.724361846153846
HadGEM2-CC,rcp85,2015,7.707736615384616
HadGEM2-CC,rcp85,2016,7.630869692307693
HadGEM2-CC,rcp85,2017,7.4733930769230765
HadGEM2-CC,rcp85,2018,7.257115846153845
HadGEM2-CC,rcp85,2019,7.335007076923077
HadGEM2-CC,rcp85,2020,7.4014043076923075
HadGEM2-CC,rcp85,2021,7.747726461538461
HadGEM2-CC,rcp85,2022,7.758427846153847
HadGEM2-CC,rcp85,2023,7.8001024615384615
HadGEM2-CC,rcp85,2024,8.44916846153846
HadGEM2-CC,rcp85,2025,7.945827076923076
HadGEM2-CC,rcp85,2026,7.8502993846153855
HadGEM2-CC,rcp85,2027,7.722121384615384
HadGEM2-CC,rcp85,2028,7.463789230769231
HadGEM2-CC,rcp85,2029,7.825273384615385
HadGEM2-CC,rcp85,2030,8.084852615384614
HadGEM2-CC,rcp85,2031,7.71276123076923
HadGEM2-CC,rcp85,2032,7.713589538461538
HadGEM2-CC,rcp85,2033,7.865844461538461
HadGEM2-CC,rcp85,2034,8.301371692307692
HadGEM2-CC,rcp85,2035,7.447485384615384
HadGEM2-CC,rcp85,2036,7.980605692307694
HadGEM2-ES,rcp85,2006,6.931179692307691
HadGEM2-ES,rcp85,2007,6.975193076923077
HadGEM2-ES,rcp85,2008,7.281215230769231
HadGEM2-ES,rcp85,2009,7.668633076923077
HadGEM2-ES,rcp85,2010,7.611138769230769
HadGEM2-ES,rcp85,2011,7.778484461538461
HadGEM2-ES,rcp85,2012,7.4137973846153855
HadGEM2-ES,rcp85,2013,7.401861538461539
HadGEM2-ES,rcp85,2014,7.2447310769230775
HadGEM2-ES,rcp85,2015,8.074510615384614
HadGEM2-ES,rcp85,2016,7.709599692307693
HadGEM2-ES,rcp85,2017,7.654072000000001
HadGEM2-ES,rcp85,2018,7.588183230769232
HadGEM2-ES,rcp85,2019,7.921116615384616
HadGEM2-ES,rcp85,2020,7.528875846153846
HadGEM2-ES,rcp85,2021,8.264440923076922
HadGEM2-ES,rcp85,2022,7.3577823076923075
HadGEM2-ES,rcp85,2023,7.833835999999999
HadGEM2-ES,rcp85,2024,7.726873384615385
HadGEM2-ES,rcp85,2025,7.643454307692307
HadGEM2-ES,rcp85,2026,7.519500153846154
HadGEM2-ES,rcp85,2027,7.447826461538462
HadGEM2-ES,rcp85,2028,7.545420923076923
HadGEM2-ES,rcp85,2029,7.480142153846153
HadGEM2-ES,rcp85,2030,7.5708375384615385
HadGEM2-ES,rcp85,2031,8.024826153846154
HadGEM2-ES,rcp85,2032,8.160137538461537
HadGEM2-ES,rcp85,2033,8.176121999999998
HadGEM2-ES,rcp85,2034,7.75061323076923
HadGEM2-ES,rcp85,2035,7.689377846153846
HadGEM2-ES,rcp85,2036,8.11768123076923
inmcm4,rcp85,2006,7.613645999999999
inmcm4,rcp85,2007,7.419841538461537
inmcm4,rcp85,2008,7.386803230769231
inmcm4,rcp85,2009,6.561879538461539
inmcm4,rcp85,2010,7.023020769230769
inmcm4,rcp85,2011,6.944045692307691
inmcm4,rcp85,2012,7.152224307692307
inmcm4,rcp85,2013,6.888663692307692
inmcm4,rcp85,2014,7.165253692307692
inmcm4,rcp85,2015,7.544298923076923
inmcm4,rcp85,2016,7.000534923076923
inmcm4,rcp85,2017,7.098157384615384
inmcm4,rcp85,2018,7.07235
inmcm4,rcp85,2019,7.804828923076924
inmcm4,rcp85,2020,7.087270153846154
inmcm4,rcp85,2021,7.071682769230769
inmcm4,rcp85,2022,7.076942769230769
inmcm4,rcp85,2023,7.412950923076923
inmcm4,rcp85,2024,7.184496
inmcm4,rcp85,2025,7.151873538461538
inmcm4,rcp85,2026,6.904531846153845
inmcm4,rcp85,2027,7.568884307692307
inmcm4,rcp85,2028,7.572542153846154
inmcm4,rcp85,2029,7.486674769230768
inmcm4,rcp85,2030,7.794368461538461
inmcm4,rcp85,2031,6.972850153846154
inmcm4,rcp85,2032,6.7565753846153855
inmcm4,rcp85,2033,7.564769846153845
inmcm4,rcp85,2034,7.348831538461538
inmcm4,rcp85,2035,7.166799846153845
inmcm4,rcp85,2036,7.020029076923077
IPSL-CM5A-LR,rcp85,2006,7.000940923076922
IPSL-CM5A-LR,rcp85,2007,7.061782615384615
IPSL-CM5A-LR,rcp85,2008,7.0065536923076905
IPSL-CM5A-LR,rcp85,2009,7.083366461538461
IPSL-CM5A-LR,rcp85,2010,7.728446000000001
IPSL-CM5A-LR,rcp85,2011,7.721856923076923
IPSL-CM5A-LR,rcp85,2012,7.734151846153846
IPSL-CM5A-LR,rcp85,2013,7.885095230769232
IPSL-CM5A-LR,rcp85,2014,7.647971692307692
IPSL-CM5A-LR,rcp85,2015,7.005599846153847
IPSL-CM5A-LR,rcp85,2016,7.1976316923076915
IPSL-CM5A-LR,rcp85,2017,7.232256153846155
IPSL-CM5A-LR,rcp85,2018,7.0724223076923085
IPSL-CM5A-LR,rcp85,2019,7.219426153846155
IPSL-CM5A-LR,rcp85,2020,7.6194440000000005
IPSL-CM5A-LR,rcp85,2021,7.47524923076923
IPSL-CM5A-LR,rcp85,2022,7.488975692307693
IPSL-CM5A-LR,rcp85,2023,7.80156723076923
IPSL-CM5A-LR,rcp85,2024,7.437805384615384
IPSL-CM5A-LR,rcp85,2025,7.376809692307693
IPSL-CM5A-LR,rcp85,2026,7.510631692307692
IPSL-CM5A-LR,rcp85,2027,7.6074569230769225
IPSL-CM5A-LR,rcp85,2028,7.552918461538462
IPSL-CM5A-LR,rcp85,2029,7.866082615384616
IPSL-CM5A-LR,rcp85,2030,7.339938000000001
IPSL-CM5A-LR,rcp85,2031,7.633926153846153
IPSL-CM5A-LR,rcp85,2032,8.21120676923077
IPSL-CM5A-LR,rcp85,2033,7.559713538461538
IPSL-CM5A-LR,rcp85,2034,7.890727692307692
IPSL-CM5A-LR,rcp85,2035,7.852241846153846
IPSL-CM5A-LR,rcp85,2036,8.03555523076923
IPSL-CM5A-MR,rcp85,2006,7.4115727692307685
IPSL-CM5A-MR,rcp85,2007,6.74570323076923
IPSL-CM5A-MR,rcp85,2008,7.850978153846154
IPSL-CM5A-MR,rcp85,2009,7.989066307692309
IPSL-CM5A-MR,rcp85,2010,7.422431076923077
IPSL-CM5A-MR,rcp85,2011,7.157394615384615
IPSL-CM5A-MR,rcp85,2012,7.094955538461539
IPSL-CM5A-MR,rcp85,2013,7.669369230769231
IPSL-CM5A-MR,rcp85,2014,7.578513692307691
IPSL-CM5A-MR,rcp85,2015,7.131462461538462
IPSL-CM5A-MR,rcp85,2016,7.466933999999999
IPSL-CM5A-MR,rcp85,2017,7.383292307692307
IPSL-CM5A-MR,rcp85,2018,7.717837076923077
IPSL-CM5A-MR,rcp85,2019,7.623692769230768
IPSL-CM5A-MR,rcp85,2020,7.6769406153846145
IPSL-CM5A-MR,rcp85,2021,7.387264000000001
IPSL-CM5A-MR,rcp85,2022,7.7521316923076915
IPSL-CM5A-MR,rcp85,2023,7.654103999999999
IPSL-CM5A-MR,rcp85,2024,7.192109076923077
IPSL-CM5A-MR,rcp85,2025,7.1342452307692295
IPSL-CM5A-MR,rcp85,2026,7.461020615384615
IPSL-CM5A-MR,rcp85,2027,7.313418153846153
IPSL-CM5A-MR,rcp85,2028,7.367360461538462
IPSL-CM5A-MR,rcp85,2029,7.195730153846155
IPSL-CM5A-MR,rcp85,2030,7.908064461538461
IPSL-CM5A-MR,rcp85,2031,7.77065
IPSL-CM5A-MR,rcp85,2032,7.561318307692307
IPSL-CM5A-MR,rcp85,2033,7.7751167692307686
IPSL-CM5A-MR,rcp85,2034,7.07272723076923
IPSL-CM5A-MR,rcp85,2035,7.326354307692307
IPSL-CM5A-MR,rcp85,2036,7.680260769230769
IPSL-CM5B-LR,rcp85,2006,7.5567583076923075
IPSL-CM5B-LR,rcp85,2007,7.409356923076923
IPSL-CM5B-LR,rcp85,2008,7.111858923076923
IPSL-CM5B-LR,rcp85,2009,7.123270461538461
IPSL-CM5B-LR,rcp85,2010,7.209594615384615
IPSL-CM5B-LR,rcp85,2011,7.079584153846153
IPSL-CM5B-LR,rcp85,2012,7.3906181538461535
IPSL-CM5B-LR,rcp85,2013,7.514578769230769
IPSL-CM5B-LR,rcp85,2014,7.0397258461538454
IPSL-CM5B-LR,rcp85,2015,7.167684153846153
IPSL-CM5B-LR,rcp85,2016,7.130583692307692
IPSL-CM5B-LR,rcp85,2017,7.1327373846153845
IPSL-CM5B-LR,rcp85,2018,7.147052
IPSL-CM5B-LR,rcp85,2019,7.106994615384615
IPSL-CM5B-LR,rcp85,2020,7.411616153846153
IPSL-CM5B-LR,rcp85,2021,7.552884461538461
IPSL-CM5B-LR,rcp85,2022,7.547652307692308
IPSL-CM5B-LR,rcp85,2023,7.837657692307691
IPSL-CM5B-LR,rcp85,2024,7.20455676923077
IPSL-CM5B-LR,rcp85,2025,7.460204769230768
IPSL-CM5B-LR,rcp85,2026,7.339758000000001
IPSL-CM5B-LR,rcp85,2027,7.586871846153846
IPSL-CM5B-LR,rcp85,2028,7.3115778461538445
IPSL-CM5B-LR,rcp85,2029,7.548683846153847
IPSL-CM5B-LR,rcp85,2030,7.26473476923077
IPSL-CM5B-LR,rcp85,2031,7.235741846153846
IPSL-CM5B-LR,rcp85,2032,7.0759395384615384
IPSL-CM5B-LR,rcp85,2033,7.474860923076923
IPSL-CM5B-LR,rcp85,2034,7.1599396923076934
IPSL-CM5B-LR,rcp85,2035,7.81928923076923
IPSL-CM5B-LR,rcp85,2036,8.179243384615384
MIROC-ESM-CHEM,rcp85,2006,7.241443692307692
MIROC-ESM-CHEM,rcp85,2007,6.844721076923077
MIROC-ESM-CHEM,rcp85,2008,7.429844153846154
MIROC-ESM-CHEM,rcp85,2009,7.0139281538461535
MIROC-ESM-CHEM,rcp85,2010,7.269779538461537
MIROC-ESM-CHEM,rcp85,2011,7.206798461538462
MIROC-ESM-CHEM,rcp85,2012,7.579983384615384
MIROC-ESM-CHEM,rcp85,2013,7.444422153846153
MIROC-ESM-CHEM,rcp85,2014,7.626226615384615
MIROC-ESM-CHEM,rcp85,2015,7.475738153846154
MIROC-ESM-CHEM,rcp85,2016,7.158836307692307
MIROC-ESM-CHEM,rcp85,2017,7.508095384615386
MIROC-ESM-CHEM,rcp85,2018,7.4989832307692295
MIROC-ESM-CHEM,rcp85,2019,6.956061076923077
MIROC-ESM-CHEM,rcp85,2020,7.739102000000001
MIROC-ESM-CHEM,rcp85,2021,7.50694523076923
MIROC-ESM-CHEM,rcp85,2022,7.39254123076923
MIROC-ESM-CHEM,rcp85,2023,8.347716461538461
MIROC-ESM-CHEM,rcp85,2024,7.610262769230769
MIROC-ESM-CHEM,rcp85,2025,7.72096123076923
MIROC-ESM-CHEM,rcp85,2026,7.7617829230769235
MIROC-ESM-CHEM,rcp85,2027,7.680708769230769
MIROC-ESM-CHEM,rcp85,2028,7.782458153846153
MIROC-ESM-CHEM,rcp85,2029,7.783264923076922
MIROC-ESM-CHEM,rcp85,2030,7.3982804615384605
MIROC-ESM-CHEM,rcp85,2031,7.5131106153846146
MIROC-ESM-CHEM,rcp85,2032,7.8824070769230765
MIROC-ESM-CHEM,rcp85,2033,8.017802153846153
MIROC-ESM-CHEM,rcp85,2034,7.727213384615386
MIROC-ESM-CHEM,rcp85,2035,7.897472307692306
MIROC-ESM-CHEM,rcp85,2036,7.696463230769231
MIROC-ESM,rcp85,2006,7.169562615384615
MIROC-ESM,rcp85,2007,6.730492615384615
MIROC-ESM,rcp85,2008,7.47554446153846
MIROC-ESM,rcp85,2009,7.557555538461539
MIROC-ESM,rcp85,2010,7.609739230769231
MIROC-ESM,rcp85,2011,7.50929323076923
MIROC-ESM,rcp85,2012,7.491212461538461
MIROC-ESM,rcp85,2013,7.276900769230769
MIROC-ESM,rcp85,2014,7.177179230769231
MIROC-ESM,rcp85,2015,7.041607230769231
MIROC-ESM,rcp85,2016,7.561354923076923
MIROC-ESM,rcp85,2017,7.3854753846153836
MIROC-ESM,rcp85,2018,7.295659846153846
MIROC-ESM,rcp85,2019,7.211213384615385
MIROC-ESM,rcp85,2020,7.529648153846153
MIROC-ESM,rcp85,2021,8.000163384615385
MIROC-ESM,rcp85,2022,7.561952307692308
MIROC-ESM,rcp85,2023,7.565420615384616
MIROC-ESM,rcp85,2024,7.659706153846153
MIROC-ESM,rcp85,2025,7.953762923076923
MIROC-ESM,rcp85,2026,7.839564615384615
MIROC-ESM,rcp85,2027,8.163454153846155
MIROC-ESM,rcp85,2028,7.946171538461538
MIROC-ESM,rcp85,2029,7.951508153846154
MIROC-ESM,rcp85,2030,7.813137692307692
MIROC-ESM,rcp85,2031,7.539154
MIROC-ESM,rcp85,2032,7.663622769230769
MIROC-ESM,rcp85,2033,7.4971067692307685
MIROC-ESM,rcp85,2034,7.647591538461538
MIROC-ESM,rcp85,2035,7.877089538461539
MIROC-ESM,rcp85,2036,8.177985384615384
MIROC5,rcp85,2006,6.987392461538462
MIROC5,rcp85,2007,6.881907538461538
MIROC5,rcp85,2008,6.862120000000001
MIROC5,rcp85,2009,7.158555230769231
MIROC5,rcp85,2010,7.576823384615384
MIROC5,rcp85,2011,7.474931692307691
MIROC5,rcp85,2012,7.1782639999999995
MIROC5,rcp85,2013,7.613638923076923
MIROC5,rcp85,2014,7.616712923076923
MIROC5,rcp85,2015,6.815208307692308
MIROC5,rcp85,2016,6.7339421538461535
MIROC5,rcp85,2017,6.759829692307692
MIROC5,rcp85,2018,7.241792153846154
MIROC5,rcp85,2019,7.5609459999999995
MIROC5,rcp85,2020,7.133785538461539
MIROC5,rcp85,2021,6.85226
MIROC5,rcp85,2022,7.449491384615384
MIROC5,rcp85,2023,7.629691846153846
MIROC5,rcp85,2024,7.923924461538462
MIROC5,rcp85,2025,7.191838615384615
MIROC5,rcp85,2026,7.227447538461539
MIROC5,rcp85,2027,7.119762923076922
MIROC5,rcp85,2028,7.449792615384616
MIROC5,rcp85,2029,7.845064461538461
MIROC5,rcp85,2030,7.509175384615385
MIROC5,rcp85,2031,7.347347999999999
MIROC5,rcp85,2032,7.399658461538462
MIROC5,rcp85,2033,8.036044923076922
MIROC5,rcp85,2034,7.766738153846155
MIROC5,rcp85,2035,7.984253999999999
MIROC5,rcp85,2036,6.674047384615385
MPI-ESM-LR,rcp85,2006,7.332365846153846
MPI-ESM-LR,rcp85,2007,7.482257230769231
MPI-ESM-LR,rcp85,2008,7.216765538461537
MPI-ESM-LR,rcp85,2009,7.137143076923077
MPI-ESM-LR,rcp85,2010,7.325318153846154
MPI-ESM-LR,rcp85,2011,7.51275276923077
MPI-ESM-LR,rcp85,2012,7.724838307692306
MPI-ESM-LR,rcp85,2013,7.387111692307692
MPI-ESM-LR,rcp85,2014,7.537549076923077
MPI-ESM-LR,rcp85,2015,7.280467692307693
MPI-ESM-LR,rcp85,2016,8.280309999999998
MPI-ESM-LR,rcp85,2017,7.271675692307693
MPI-ESM-LR,rcp85,2018,7.497615384615385
MPI-ESM-LR,rcp85,2019,6.999789384615383
MPI-ESM-LR,rcp85,2020,7.369570769230768
MPI-ESM-LR,rcp85,2021,8.536195076923077
MPI-ESM-LR,rcp85,2022,7.449575538461538
MPI-ESM-LR,rcp85,2023,6.969048
MPI-ESM-LR,rcp85,2024,7.5374113846153845
MPI-ESM-LR,rcp85,2025,7.862929538461537
MPI-ESM-LR,rcp85,2026,7.419050769230769
MPI-ESM-LR,rcp85,2027,7.713755076923078
MPI-ESM-LR,rcp85,2028,7.655886615384615
MPI-ESM-LR,rcp85,2029,7.960671538461538
MPI-ESM-LR,rcp85,2030,7.910961384615386
MPI-ESM-LR,rcp85,2031,7.326723076923078
MPI-ESM-LR,rcp85,2032,7.4386572307692305
MPI-ESM-LR,rcp85,2033,7.244686461538461
MPI-ESM-LR,rcp85,2034,8.083933846153846
MPI-ESM-LR,rcp85,2035,7.8276970769230765
MPI-ESM-LR,rcp85,2036,7.742124307692308
MPI-ESM-MR,rcp85,2006,7.609941999999998
MPI-ESM-MR,rcp85,2007,7.828427846153846
MPI-ESM-MR,rcp85,2008,7.621677538461537
MPI-ESM-MR,rcp85,2009,7.292755846153846
MPI-ESM-MR,rcp85,2010,7.447039538461538
MPI-ESM-MR,rcp85,2011,7.347546769230768
MPI-ESM-MR,rcp85,2012,7.598156
MPI-ESM-MR,rcp85,2013,7.674337230769231
MPI-ESM-MR,rcp85,2014,8.37841646153846
MPI-ESM-MR,rcp85,2015,7.762570615384614
MPI-ESM-MR,rcp85,2016,7.5040464615384606
MPI-ESM-MR,rcp85,2017,8.668210615384616
MPI-ESM-MR,rcp85,2018,7.754775230769231
MPI-ESM-MR,rcp85,2019,7.6674641538461525
MPI-ESM-MR,rcp85,2020,7.537037692307692
MPI-ESM-MR,rcp85,2021,8.209972769230768
MPI-ESM-MR,rcp85,2022,8.221729999999999
MPI-ESM-MR,rcp85,2023,7.789088461538462
MPI-ESM-MR,rcp85,2024,8.208751538461538
MPI-ESM-MR,rcp85,2025,7.809597692307691
MPI-ESM-MR,rcp85,2026,7.649173230769231
MPI-ESM-MR,rcp85,2027,7.10180723076923
MPI-ESM-MR,rcp85,2028,7.572388307692308
MPI-ESM-MR,rcp85,2029,7.741052769230768
MPI-ESM-MR,rcp85,2030,8.251996615384616
MPI-ESM-MR,rcp85,2031,7.885846923076922
MPI-ESM-MR,rcp85,2032,7.763874
MPI-ESM-MR,rcp85,2033,7.566566615384615
MPI-ESM-MR,rcp85,2034,8.082915692307692
MPI-ESM-MR,rcp85,2035,7.165856153846153
MPI-ESM-MR,rcp85,2036,8.33161076923077
MRI-CGCM3,rcp85,2006,7.083328
MRI-CGCM3,rcp85,2007,6.905774615384615
MRI-CGCM3,rcp85,2008,7.057696615384616
MRI-CGCM3,rcp85,2009,6.966559076923077
MRI-CGCM3,rcp85,2010,7.183293692307691
MRI-CGCM3,rcp85,2011,7.059284615384615
MRI-CGCM3,rcp85,2012,6.919282307692307
MRI-CGCM3,rcp85,2013,6.994277846153845
MRI-CGCM3,rcp85,2014,6.895602769230768
MRI-CGCM3,rcp85,2015,7.403258769230769
MRI-CGCM3,rcp85,2016,6.945324
MRI-CGCM3,rcp85,2017,7.288187846153845
MRI-CGCM3,rcp85,2018,7.372602461538461
MRI-CGCM3,rcp85,2019,7.264852461538461
MRI-CGCM3,rcp85,2020,7.235261846153845
MRI-CGCM3,rcp85,2021,7.012943846153847
MRI-CGCM3,rcp85,2022,7.017674
MRI-CGCM3,rcp85,2023,7.0878647692307695
MRI-CGCM3,rcp85,2024,7.347469384615384
MRI-CGCM3,rcp85,2025,7.325171076923078
MRI-CGCM3,rcp85,2026,7.46095723076923
MRI-CGCM3,rcp85,2027,7.274031692307693
MRI-CGCM3,rcp85,2028,7.142961538461537
MRI-CGCM3,rcp85,2029,7.255003076923077
MRI-CGCM3,rcp85,2030,7.53854
MRI-CGCM3,rcp85,2031,7.163732923076922
MRI-CGCM3,rcp85,2032,7.28085323076923
MRI-CGCM3,rcp85,2033,7.531022307692307
MRI-CGCM3,rcp85,2034,7.385727076923077
MRI-CGCM3,rcp85,2035,7.338851538461539
MRI-CGCM3,rcp85,2036,7.507494769230768
MRI-ESM1,rcp85,2006,6.8840358461538464
MRI-ESM1,rcp85,2007,6.901493846153845
MRI-ESM1,rcp85,2008,7.3400789230769234
MRI-ESM1,rcp85,2009,6.606296769230768
MRI-ESM1,rcp85,2010,6.822749846153845
MRI-ESM1,rcp85,2011,7.482326615384615
MRI-ESM1,rcp85,2012,7.286454153846154
MRI-ESM1,rcp85,2013,6.9879141538461536
MRI-ESM1,rcp85,2014,6.9961976923076925
MRI-ESM1,rcp85,2015,7.202088769230769
MRI-ESM1,rcp85,2016,6.935725999999999
MRI-ESM1,rcp85,2017,7.36985276923077
MRI-ESM1,rcp85,2018,7.7435132307692305
MRI-ESM1,rcp85,2019,6.941892615384615
MRI-ESM1,rcp85,2020,7.187657692307693
MRI-ESM1,rcp85,2021,7.189985538461537
MRI-ESM1,rcp85,2022,7.288196153846153
MRI-ESM1,rcp85,2023,7.402415384615384
MRI-ESM1,rcp85,2024,7.145600461538462
MRI-ESM1,rcp85,2025,7.144329384615386
MRI-ESM1,rcp85,2026,7.149883846153845
MRI-ESM1,rcp85,2027,7.389971999999999
MRI-ESM1,rcp85,2028,7.3780129230769225
MRI-ESM1,rcp85,2029,7.337816
MRI-ESM1,rcp85,2030,7.308570153846154
MRI-ESM1,rcp85,2031,7.565978153846152
MRI-ESM1,rcp85,2032,7.477845076923077
MRI-ESM1,rcp85,2033,7.339163384615386
MRI-ESM1,rcp85,2034,7.570108153846153
MRI-ESM1,rcp85,2035,7.3715036923076935
MRI-ESM1,rcp85,2036,7.505191999999999
NorESM1-M,rcp85,2006,7.405605538461539
NorESM1-M,rcp85,2007,7.27687046153846
NorESM1-M,rcp85,2008,6.999932769230769
NorESM1-M,rcp85,2009,7.1067889230769214
NorESM1-M,rcp85,2010,7.597373538461538
NorESM1-M,rcp85,2011,7.531344461538461
NorESM1-M,rcp85,2012,7.124631538461539
NorESM1-M,rcp85,2013,7.2020170769230765
NorESM1-M,rcp85,2014,7.358123384615387
NorESM1-M,rcp85,2015,6.730591538461539
NorESM1-M,rcp85,2016,7.356930307692308
NorESM1-M,rcp85,2017,7.347635384615384
NorESM1-M,rcp85,2018,6.948304461538461
NorESM1-M,rcp85,2019,7.029650461538461
NorESM1-M,rcp85,2020,7.386722307692307
NorESM1-M,rcp85,2021,7.608208153846153
NorESM1-M,rcp85,2022,7.891962923076923
NorESM1-M,rcp85,2023,7.395421846153846
NorESM1-M,rcp85,2024,7.409351846153847
NorESM1-M,rcp85,2025,7.156494923076923
NorESM1-M,rcp85,2026,7.3977256923076915
NorESM1-M,rcp85,2027,7.922083538461537
NorESM1-M,rcp85,2028,7.586384769230769
NorESM1-M,rcp85,2029,7.006295692307691
NorESM1-M,rcp85,2030,7.098242615384616
NorESM1-M,rcp85,2031,7.690139230769232
NorESM1-M,rcp85,2032,7.385941538461538
NorESM1-M,rcp85,2033,7.5944301538461545
NorESM1-M,rcp85,2034,7.492627076923078
NorESM1-M,rcp85,2035,8.001608307692308
NorESM1-M,rcp85,2036,7.649501230769231
